time_s,segment,body,x_m,y_m,z_m
0.000000,0,FL_foot,0.24780178,0.19358142,0.02014171
0.000000,0,FR_foot,0.22555758,-0.25329512,0.02033277
0.000000,0,RL_foot,-0.15206595,0.21612467,0.02103681
0.000000,0,RR_foot,-0.19706483,-0.22886650,0.02035467
0.020000,0,FL_foot,0.24504133,0.19294317,0.02022942
0.020000,0,FR_foot,0.22384067,-0.24217124,0.02335446
0.020000,0,RL_foot,-0.16050968,0.19326492,0.02530286
0.020000,0,RR_foot,-0.20062959,-0.22756065,0.02022097
0.040000,0,FL_foot,0.24509232,0.19288513,0.02022656
0.040000,0,FR_foot,0.23209092,-0.23711836,0.02517447
0.040000,0,RL_foot,-0.15768953,0.16504446,0.03601979
0.040000,0,RR_foot,-0.20060562,-0.22754718,0.02021226
0.060000,0,FL_foot,0.24509233,0.19287713,0.02022623
0.060000,0,FR_foot,0.24166287,-0.23429312,0.02654244
0.060000,0,RL_foot,-0.15064272,0.13442414,0.05398007
0.060000,0,RR_foot,-0.20060374,-0.22753477,0.02021524
0.080000,0,FL_foot,0.24509160,0.19288528,0.02022519
0.080000,0,FR_foot,0.25106704,-0.23400408,0.02736643
0.080000,0,RL_foot,-0.14180997,0.11018793,0.07366011
0.080000,0,RR_foot,-0.20059647,-0.22753450,0.02021657
0.100000,0,FL_foot,0.24510507,0.19289267,0.02022553
0.100000,0,FR_foot,0.25909498,-0.23586598,0.02747902
0.100000,0,RL_foot,-0.13374196,0.09339004,0.09087736
0.100000,0,RR_foot,-0.20057869,-0.22753984,0.02021835
0.120000,0,FL_foot,0.24513146,0.19289419,0.02022553
0.120000,0,FR_foot,0.26426175,-0.23902787,0.02694763
0.120000,0,RL_foot,-0.12733424,0.08152564,0.10510155
0.120000,0,RR_foot,-0.20055254,-0.22754899,0.02021837
0.140000,0,FL_foot,0.24516794,0.19287573,0.02022522
0.140000,0,FR_foot,0.26651627,-0.24292721,0.02590897
0.140000,0,RL_foot,-0.12246662,0.07286267,0.11657875
0.140000,0,RR_foot,-0.20051682,-0.22755098,0.02021633
0.160000,0,FL_foot,0.24521005,0.19285597,0.02022392
0.160000,0,FR_foot,0.26691505,-0.24701938,0.02463293
0.160000,0,RL_foot,-0.11878163,0.06636547,0.12570252
0.160000,0,RR_foot,-0.20047589,-0.22758305,0.02021389
0.180000,0,FL_foot,0.24526067,0.19281945,0.02022147
0.180000,0,FR_foot,0.26644072,-0.25098303,0.02329726
0.180000,0,RL_foot,-0.11587749,0.06133078,0.13291322
0.180000,0,RR_foot,-0.20042877,-0.22760987,0.02020700
0.200000,0,FL_foot,0.24532592,0.19275090,0.02022066
0.200000,0,FR_foot,0.26569563,-0.25473675,0.02198183
0.200000,0,RL_foot,-0.11343709,0.05727392,0.13861436
0.200000,0,RR_foot,-0.20038237,-0.22767274,0.02020842
0.220000,0,FL_foot,0.24539925,0.19266583,0.02021911
0.220000,0,FR_foot,0.26502928,-0.25829300,0.02067381
0.220000,0,RL_foot,-0.11127045,0.05386282,0.14315672
0.220000,0,RR_foot,-0.20033184,-0.22772896,0.02020592
0.240000,0,FL_foot,0.24548444,0.19256167,0.02021877
0.240000,0,FR_foot,0.26495931,-0.25925958,0.02024816
0.240000,0,RL_foot,-0.10910568,0.05076873,0.14664742
0.240000,0,RR_foot,-0.20029654,-0.22781615,0.02020251
0.260000,0,FL_foot,0.24556375,0.19246542,0.02021870
0.260000,0,FR_foot,0.26521450,-0.25962526,0.02024619
0.260000,0,RL_foot,-0.10706580,0.04802890,0.14928897
0.260000,0,RR_foot,-0.20027116,-0.22788802,0.02020270
0.280000,0,FL_foot,0.24564208,0.19235924,0.02021771
0.280000,0,FR_foot,0.26544514,-0.25994149,0.02024797
0.280000,0,RL_foot,-0.10529270,0.04568011,0.15132153
0.280000,0,RR_foot,-0.20024711,-0.22795972,0.02020339
0.300000,0,FL_foot,0.24571529,0.19225886,0.02021635
0.300000,0,FR_foot,0.26565534,-0.26023245,0.02024581
0.300000,0,RL_foot,-0.10372611,0.04365579,0.15287445
0.300000,0,RR_foot,-0.20022711,-0.22804588,0.02020252
0.320000,0,FL_foot,0.24578273,0.19216456,0.02021519
0.320000,0,FR_foot,0.26585129,-0.26050180,0.02024599
0.320000,0,RL_foot,-0.10232977,0.04189178,0.15407057
0.320000,0,RR_foot,-0.20020826,-0.22810903,0.02020180
0.340000,0,FL_foot,0.24584478,0.19207735,0.02021439
0.340000,0,FR_foot,0.26602751,-0.26074338,0.02024581
0.340000,0,RL_foot,-0.10107926,0.04034945,0.15498857
0.340000,0,RR_foot,-0.20019069,-0.22816491,0.02020009
0.360000,0,FL_foot,0.24589530,0.19200720,0.02021345
0.360000,0,FR_foot,0.26618478,-0.26095787,0.02024519
0.360000,0,RL_foot,-0.09996287,0.03900325,0.15569066
0.360000,0,RR_foot,-0.20017652,-0.22823596,0.02019981
0.380000,0,FL_foot,0.24594477,0.19193709,0.02021272
0.380000,0,FR_foot,0.26632628,-0.26114768,0.02024481
0.380000,0,RL_foot,-0.09897240,0.03782821,0.15622535
0.380000,0,RR_foot,-0.20016278,-0.22828040,0.02019875
0.400000,0,FL_foot,0.24598309,0.19188438,0.02021177
0.400000,0,FR_foot,0.26645643,-0.26131529,0.02024419
0.400000,0,RL_foot,-0.09810009,0.03680674,0.15663283
0.400000,0,RR_foot,-0.20015135,-0.22833781,0.02019641
0.420000,0,FL_foot,0.24601974,0.19183032,0.02021131
0.420000,0,FR_foot,0.26658759,-0.26147822,0.02024400
0.420000,0,RL_foot,-0.09733496,0.03592168,0.15693764
0.420000,0,RR_foot,-0.20013946,-0.22837113,0.02019729
0.440000,0,FL_foot,0.24604641,0.19179337,0.02021105
0.440000,0,FR_foot,0.26671478,-0.26162687,0.02024430
0.440000,0,RL_foot,-0.09666823,0.03515926,0.15716358
0.440000,0,RR_foot,-0.20012985,-0.22841781,0.02019640
0.460000,0,FL_foot,0.24607198,0.19175568,0.02020974
0.460000,0,FR_foot,0.26685202,-0.26177895,0.02024326
0.460000,0,RL_foot,-0.09609085,0.03450200,0.15732665
0.460000,0,RR_foot,-0.20012316,-0.22845796,0.02019309
0.480000,0,FL_foot,0.24608849,0.19173467,0.02021045
0.480000,0,FR_foot,0.26698357,-0.26191527,0.02024348
0.480000,0,RL_foot,-0.09559210,0.03394746,0.15743791
0.480000,0,RR_foot,-0.20011273,-0.22847477,0.02019514
0.500000,0,FL_foot,0.24610060,0.19171940,0.02021030
0.500000,0,FR_foot,0.26712975,-0.26206005,0.02024297
0.500000,0,RL_foot,-0.09516323,0.03347425,0.15751168
0.500000,0,RR_foot,-0.20010535,-0.22850665,0.02019438
0.520000,0,FL_foot,0.24610858,0.19171019,0.02021005
0.520000,0,FR_foot,0.26728719,-0.26220986,0.02024231
0.520000,0,RL_foot,-0.09479681,0.03307160,0.15755436
0.520000,0,RR_foot,-0.20009832,-0.22853468,0.02019381
0.540000,0,FL_foot,0.24609816,0.19169608,0.02019594
0.540000,0,FR_foot,0.27019843,-0.26592040,0.02050512
0.540000,0,RL_foot,-0.09298990,0.03198987,0.15762943
0.540000,0,RR_foot,-0.20010762,-0.22852455,0.02016915
0.560000,0,FL_foot,0.24615517,0.19167568,0.02019774
0.560000,0,FR_foot,0.27794671,-0.27388373,0.02103790
0.560000,0,RL_foot,-0.08959735,0.03047500,0.15784241
0.560000,0,RR_foot,-0.20006396,-0.22855110,0.02017251
0.580000,0,FL_foot,0.24625514,0.19166121,0.02020139
0.580000,0,FR_foot,0.28764835,-0.28100172,0.02220564
0.580000,0,RL_foot,-0.08545508,0.02894621,0.15815963
0.580000,0,RR_foot,-0.19999553,-0.22852929,0.02017209
0.600000,0,FL_foot,0.24637306,0.19163805,0.02019879
0.600000,0,FR_foot,0.29681456,-0.28643408,0.02353896
0.600000,0,RL_foot,-0.08074839,0.02747843,0.15845512
0.600000,0,RR_foot,-0.19988762,-0.22854398,0.02017550
0.620000,0,FL_foot,0.24651821,0.19162264,0.02019781
0.620000,0,FR_foot,0.30439144,-0.29039654,0.02449868
0.620000,0,RL_foot,-0.07560185,0.02612103,0.15878382
0.620000,0,RR_foot,-0.19973806,-0.22852255,0.02017600
0.640000,0,FL_foot,0.24668781,0.19161107,0.02019625
0.640000,0,FR_foot,0.31038088,-0.29316333,0.02477741
0.640000,0,RL_foot,-0.07012187,0.02491281,0.15918140
0.640000,0,RR_foot,-0.19954515,-0.22849844,0.02017430
0.660000,0,FL_foot,0.24688070,0.19159666,0.02019223
0.660000,0,FR_foot,0.31519464,-0.29492456,0.02423751
0.660000,0,RL_foot,-0.06440393,0.02386111,0.15965287
0.660000,0,RR_foot,-0.19930905,-0.22847544,0.02016749
0.680000,0,FL_foot,0.24709952,0.19158001,0.02019286
0.680000,0,FR_foot,0.31929341,-0.29579183,0.02283388
0.680000,0,RL_foot,-0.05850544,0.02295385,0.16017602
0.680000,0,RR_foot,-0.19903031,-0.22842349,0.02016513
0.700000,0,FL_foot,0.24734248,0.19153844,0.02018823
0.700000,0,FR_foot,0.32309160,-0.29586112,0.02055424
0.700000,0,RL_foot,-0.05245522,0.02214436,0.16072315
0.700000,0,RR_foot,-0.19871223,-0.22840905,0.02016215
0.720000,0,FL_foot,0.24763016,0.19146447,0.02019214
0.720000,0,FR_foot,0.32346788,-0.29598635,0.02026264
0.720000,0,RL_foot,-0.04540686,0.02088160,0.16046566
0.720000,0,RR_foot,-0.19842874,-0.22863792,0.02019298
0.740000,0,FL_foot,0.24792594,0.19139133,0.02019286
0.740000,0,FR_foot,0.32365888,-0.29607299,0.02026093
0.740000,0,RL_foot,-0.03848455,0.01995485,0.15996224
0.740000,0,RR_foot,-0.19816202,-0.22857529,0.02018434
0.760000,0,FL_foot,0.24822417,0.19132914,0.02019291
0.760000,0,FR_foot,0.32386056,-0.29612985,0.02025925
0.760000,0,RL_foot,-0.03194696,0.01941107,0.15927009
0.760000,0,RR_foot,-0.19788432,-0.22848220,0.02018382
0.780000,0,FL_foot,0.24849889,0.19127254,0.02018856
0.780000,0,FR_foot,0.32406375,-0.29616666,0.02025616
0.780000,0,RL_foot,-0.02573099,0.01916003,0.15838218
0.780000,0,RR_foot,-0.19760768,-0.22838333,0.02018132
0.800000,0,FL_foot,0.24877059,0.19122857,0.02018476
0.800000,0,FR_foot,0.32428071,-0.29618406,0.02025408
0.800000,0,RL_foot,-0.01978467,0.01913648,0.15735833
0.800000,0,RR_foot,-0.19732858,-0.22827610,0.02017530
0.820000,0,FL_foot,0.24905302,0.19118460,0.02018501
0.820000,0,FR_foot,0.32448590,-0.29618195,0.02025201
0.820000,0,RL_foot,-0.01404737,0.01932821,0.15615857
0.820000,0,RR_foot,-0.19704573,-0.22814737,0.02017659
0.840000,0,FL_foot,0.24931374,0.19114180,0.02017905
0.840000,0,FR_foot,0.32469332,-0.29617608,0.02024915
0.840000,0,RL_foot,-0.00788931,0.02032011,0.15311213
0.840000,0,RR_foot,-0.19677049,-0.22802293,0.02016915
0.860000,0,FL_foot,0.24957235,0.19110280,0.02017313
0.860000,0,FR_foot,0.32489917,-0.29616448,0.02024680
0.860000,0,RL_foot,-0.00096256,0.02264454,0.14705785
0.860000,0,RR_foot,-0.19649573,-0.22790916,0.02015696
0.880000,0,FL_foot,0.24981950,0.19105518,0.02017164
0.880000,0,FR_foot,0.32510364,-0.29615921,0.02024469
0.880000,0,RL_foot,0.00691775,0.02692097,0.13719650
0.880000,0,RR_foot,-0.19624892,-0.22775039,0.02015210
0.900000,0,FL_foot,0.25006577,0.19100718,0.02016775
0.900000,0,FR_foot,0.32537866,-0.29617402,0.02024404
0.900000,0,RL_foot,0.01566467,0.03407249,0.12294518
0.900000,0,RR_foot,-0.19597854,-0.22766356,0.02015357
0.920000,0,FL_foot,0.25031370,0.19094385,0.02016762
0.920000,0,FR_foot,0.32569742,-0.29620013,0.02024698
0.920000,0,RL_foot,0.02478083,0.04523238,0.10432345
0.920000,0,RR_foot,-0.19573121,-0.22755490,0.02015639
0.940000,0,FL_foot,0.25056508,0.19085810,0.02016404
0.940000,0,FR_foot,0.32589599,-0.29622963,0.02024378
0.940000,0,RL_foot,0.03302618,0.06116367,0.08260270
0.940000,0,RR_foot,-0.19552429,-0.22741540,0.02015415
0.960000,0,FL_foot,0.25085071,0.19072746,0.02015579
0.960000,0,FR_foot,0.32607064,-0.29628170,0.02024137
0.960000,0,RL_foot,0.03849387,0.08097904,0.06052399
0.960000,0,RR_foot,-0.19530374,-0.22730973,0.02014909
0.980000,0,FL_foot,0.25117114,0.19054560,0.02014957
0.980000,0,FR_foot,0.32630989,-0.29638612,0.02023962
0.980000,0,RL_foot,0.04008375,0.10218440,0.04065230
0.980000,0,RR_foot,-0.19509611,-0.22720601,0.02015101
1.000000,0,FL_foot,0.25150818,0.19032039,0.02013567
1.000000,0,FR_foot,0.32653478,-0.29640946,0.02023473
1.000000,0,RL_foot,0.03787635,0.12087487,0.02474999
1.000000,0,RR_foot,-0.19489937,-0.22709994,0.02013822
1.020000,0,FL_foot,0.25398770,0.18894763,0.02083422
1.020000,0,FR_foot,0.32673663,-0.29648671,0.02023434
1.020000,0,RL_foot,0.03695695,0.12487879,0.02031730
1.020000,0,RR_foot,-0.19385460,-0.22425817,0.02092726
1.040000,0,FL_foot,0.26732332,0.17787279,0.02100611
1.040000,0,FR_foot,0.32696927,-0.29653707,0.02022777
1.040000,0,RL_foot,0.03717291,0.12486489,0.02031037
1.040000,0,RR_foot,-0.18690461,-0.21205920,0.02311705
1.060000,0,FL_foot,0.29359367,0.16485837,0.02049318
1.060000,0,FR_foot,0.32718232,-0.29658806,0.02022653
1.060000,0,RL_foot,0.03740685,0.12482154,0.02030892
1.060000,0,RR_foot,-0.17489193,-0.19876213,0.02454003
1.080000,0,FL_foot,0.33078876,0.15291685,0.02090681
1.080000,0,FR_foot,0.32739508,-0.29664555,0.02022770
1.080000,0,RL_foot,0.03765953,0.12484114,0.02030687
1.080000,0,RR_foot,-0.15917449,-0.18785290,0.02499031
1.100000,0,FL_foot,0.37262386,0.14255917,0.02362572
1.100000,0,FR_foot,0.32760626,-0.29669768,0.02022880
1.100000,0,RL_foot,0.03790732,0.12486370,0.02030464
1.100000,0,RR_foot,-0.14072493,-0.17903364,0.02527779
1.120000,0,FL_foot,0.41322079,0.13355376,0.02840705
1.120000,0,FR_foot,0.32784033,-0.29673511,0.02022879
1.120000,0,RL_foot,0.03816922,0.12484062,0.02031479
1.120000,0,RR_foot,-0.12032986,-0.17125234,0.02663692
1.140000,0,FL_foot,0.45000461,0.12656356,0.03374415
1.140000,0,FR_foot,0.32808816,-0.29677084,0.02022925
1.140000,0,RL_foot,0.03845209,0.12484583,0.02031606
1.140000,0,RR_foot,-0.09970899,-0.16539498,0.02901844
1.160000,0,FL_foot,0.48249000,0.12260408,0.03808903
1.160000,0,FR_foot,0.32835367,-0.29679894,0.02022191
1.160000,0,RL_foot,0.03875453,0.12481773,0.02030465
1.160000,0,RR_foot,-0.08012261,-0.16198671,0.03178095
1.180000,0,FL_foot,0.51074135,0.12172929,0.04081811
1.180000,0,FR_foot,0.32864133,-0.29681939,0.02022142
1.180000,0,RL_foot,0.03909618,0.12473134,0.02031161
1.180000,0,RR_foot,-0.06228737,-0.16114894,0.03413327
1.200000,0,FL_foot,0.53513706,0.12394729,0.04157683
1.200000,0,FR_foot,0.32895008,-0.29684079,0.02022158
1.200000,0,RL_foot,0.03946618,0.12466502,0.02030959
1.200000,0,RR_foot,-0.04567877,-0.16262701,0.03588794
1.220000,0,FL_foot,0.55505192,0.12849651,0.04012478
1.220000,0,FR_foot,0.32927945,-0.29686284,0.02021892
1.220000,0,RL_foot,0.03988183,0.12453907,0.02030474
1.220000,0,RR_foot,-0.02959520,-0.16626675,0.03707732
1.240000,0,FL_foot,0.56909704,0.13464506,0.03617273
1.240000,0,FR_foot,0.32961208,-0.29688832,0.02021644
1.240000,0,RL_foot,0.04033472,0.12440203,0.02029894
1.240000,0,RR_foot,-0.01427738,-0.17197603,0.03750717
1.260000,0,FL_foot,0.57694405,0.14145845,0.02969725
1.260000,0,FR_foot,0.32995668,-0.29691499,0.02021605
1.260000,0,RL_foot,0.04082562,0.12425808,0.02028942
1.260000,0,RR_foot,-0.00051097,-0.17973450,0.03705419
1.280000,0,FL_foot,0.57891625,0.14749278,0.02099417
1.280000,0,FR_foot,0.33032975,-0.29694125,0.02021135
1.280000,0,RL_foot,0.04135763,0.12411293,0.02027678
1.280000,0,RR_foot,0.01082906,-0.18926522,0.03596329
1.300000,0,FL_foot,0.57933939,0.14756297,0.02027043
1.300000,0,FR_foot,0.33076531,-0.29687765,0.02020222
1.300000,0,RL_foot,0.04133140,0.12656195,0.02044619
1.300000,0,RR_foot,0.02098971,-0.19767113,0.03061491
1.320000,0,FL_foot,0.57958663,0.14768262,0.02028302
1.320000,0,FR_foot,0.33115134,-0.29687977,0.02019750
1.320000,0,RL_foot,0.04145031,0.12635599,0.02022490
1.320000,0,RR_foot,0.02928738,-0.20547959,0.02335336
1.340000,0,FL_foot,0.57996410,0.14768809,0.02025110
1.340000,0,FR_foot,0.33410218,-0.29294965,0.02059471
1.340000,0,RL_foot,0.04168008,0.12495586,0.02101775
1.340000,0,RR_foot,0.03066588,-0.20706511,0.02014120
1.360000,0,FL_foot,0.58023596,0.14766882,0.02027256
1.360000,0,FR_foot,0.35588798,-0.27253091,0.02099295
1.360000,0,RL_foot,0.04569815,0.10622444,0.03303498
1.360000,0,RR_foot,0.03097582,-0.20707403,0.02017680
1.380000,0,FL_foot,0.58050853,0.14765477,0.02027534
1.380000,0,FR_foot,0.39616156,-0.25293466,0.02248569
1.380000,0,RL_foot,0.05680010,0.08315326,0.05195790
1.380000,0,RR_foot,0.03129329,-0.20701487,0.02016748
1.400000,0,FL_foot,0.58075720,0.14767645,0.02027388
1.400000,0,FR_foot,0.44309092,-0.24363355,0.02448438
1.400000,0,RL_foot,0.06989397,0.06773906,0.06884297
1.400000,0,RR_foot,0.03165453,-0.20692785,0.02017718
1.420000,0,FL_foot,0.58102524,0.14770649,0.02026570
1.420000,0,FR_foot,0.48748052,-0.24402449,0.02462279
1.420000,0,RL_foot,0.08300151,0.05745542,0.08285411
1.420000,0,RR_foot,0.03202686,-0.20689875,0.02017998
1.440000,0,FL_foot,0.58129156,0.14775804,0.02025851
1.440000,0,FR_foot,0.52711385,-0.25117895,0.02253182
1.440000,0,RL_foot,0.09645484,0.04999039,0.09434646
1.440000,0,RR_foot,0.03242708,-0.20687555,0.02017354
1.460000,0,FL_foot,0.58155906,0.14780287,0.02026363
1.460000,0,FR_foot,0.55942321,-0.26005930,0.02021948
1.460000,0,RL_foot,0.11027123,0.04400586,0.10405220
1.460000,0,RR_foot,0.03287251,-0.20691440,0.02022406
1.480000,0,FL_foot,0.58184743,0.14779659,0.02025176
1.480000,0,FR_foot,0.57818991,-0.26557314,0.02026368
1.480000,0,RL_foot,0.12487849,0.03871462,0.11141615
1.480000,0,RR_foot,0.03325675,-0.20688556,0.02020013
1.500000,0,FL_foot,0.58211470,0.14779626,0.02024741
1.500000,0,FR_foot,0.59119266,-0.27314806,0.02027179
1.500000,0,RL_foot,0.13927554,0.03379473,0.11739071
1.500000,0,RR_foot,0.03358595,-0.20680749,0.02017333
1.520000,0,FL_foot,0.58237225,0.14779857,0.02024353
1.520000,0,FR_foot,0.60103673,-0.28143224,0.02027885
1.520000,0,RL_foot,0.15272820,0.02923959,0.12230613
1.520000,0,RR_foot,0.03391762,-0.20673162,0.02016395
1.540000,0,FL_foot,0.58261937,0.14782137,0.02024224
1.540000,0,FR_foot,0.60857248,-0.28909689,0.02028308
1.540000,0,RL_foot,0.16493535,0.02523908,0.12635945
1.540000,0,RR_foot,0.03426721,-0.20663030,0.02016492
1.560000,0,FL_foot,0.58286840,0.14784844,0.02023807
1.560000,0,FR_foot,0.61421728,-0.29520956,0.02028649
1.560000,0,RL_foot,0.17597874,0.02185066,0.12964746
1.560000,0,RR_foot,0.03461371,-0.20653887,0.02015775
1.580000,0,FL_foot,0.58311749,0.14787024,0.02023665
1.580000,0,FR_foot,0.61826676,-0.29943314,0.02028890
1.580000,0,RL_foot,0.18602861,0.01905346,0.13226177
1.580000,0,RR_foot,0.03498094,-0.20642912,0.02016474
1.600000,0,FL_foot,0.58336091,0.14790384,0.02023441
1.600000,0,FR_foot,0.62104452,-0.30199501,0.02028644
1.600000,0,RL_foot,0.19521458,0.01682489,0.13425216
1.600000,0,RR_foot,0.03534089,-0.20632155,0.02016498
1.620000,0,FL_foot,0.58359718,0.14795125,0.02023129
1.620000,0,FR_foot,0.62276679,-0.30341750,0.02028080
1.620000,0,RL_foot,0.20361203,0.01515050,0.13566947
1.620000,0,RR_foot,0.03570394,-0.20620345,0.02016079
1.640000,0,FL_foot,0.58382678,0.14800356,0.02023098
1.640000,0,FR_foot,0.62374860,-0.30421486,0.02027936
1.640000,0,RL_foot,0.21129708,0.01401724,0.13657583
1.640000,0,RR_foot,0.03607640,-0.20606466,0.02016488
1.660000,0,FL_foot,0.58404273,0.14807363,0.02022914
1.660000,0,FR_foot,0.62433720,-0.30461931,0.02027561
1.660000,0,RL_foot,0.21836187,0.01337580,0.13704465
1.660000,0,RR_foot,0.03643721,-0.20591812,0.02016139
1.680000,0,FL_foot,0.58424956,0.14816059,0.02022843
1.680000,0,FR_foot,0.62468642,-0.30470723,0.02027172
1.680000,0,RL_foot,0.22488582,0.01317040,0.13715227
1.680000,0,RR_foot,0.03680690,-0.20575546,0.02015967
1.700000,0,FL_foot,0.58445477,0.14824662,0.02022683
1.700000,0,FR_foot,0.62496954,-0.30473325,0.02027138
1.700000,0,RL_foot,0.23094998,0.01333757,0.13693172
1.700000,0,RR_foot,0.03716620,-0.20558996,0.02016190
1.720000,0,FL_foot,0.58464676,0.14834957,0.02022777
1.720000,0,FR_foot,0.62530696,-0.30476296,0.02026896
1.720000,0,RL_foot,0.23658516,0.01382793,0.13644727
1.720000,0,RR_foot,0.03753137,-0.20541191,0.02016006
1.740000,0,FL_foot,0.58483493,0.14845583,0.02022446
1.740000,0,FR_foot,0.62565893,-0.30478275,0.02026384
1.740000,0,RL_foot,0.24186164,0.01457019,0.13571209
1.740000,0,RR_foot,0.03788480,-0.20522988,0.02015484
1.760000,0,FL_foot,0.58502680,0.14855172,0.02022523
1.760000,0,FR_foot,0.62607855,-0.30485836,0.02026419
1.760000,0,RL_foot,0.24682555,0.01549614,0.13479586
1.760000,0,RR_foot,0.03823639,-0.20505065,0.02015839
1.780000,0,FL_foot,0.58520705,0.14865276,0.02022575
1.780000,0,FR_foot,0.62641495,-0.30484313,0.02026253
1.780000,0,RL_foot,0.25152543,0.01655931,0.13374045
1.780000,0,RR_foot,0.03858764,-0.20486456,0.02015693
1.800000,0,FL_foot,0.58538759,0.14874853,0.02021904
1.800000,0,FR_foot,0.62681830,-0.30487281,0.02025544
1.800000,0,RL_foot,0.25614014,0.01804745,0.13175723
1.800000,0,RR_foot,0.03892390,-0.20467864,0.02014720
1.820000,0,FL_foot,0.58556807,0.14883089,0.02021551
1.820000,0,FR_foot,0.62734902,-0.30502903,0.02025345
1.820000,0,RL_foot,0.26084024,0.02046738,0.12765729
1.820000,0,RR_foot,0.03925680,-0.20450719,0.02014128
1.840000,0,FL_foot,0.58575016,0.14889736,0.02021333
1.840000,0,FR_foot,0.62813163,-0.30540225,0.02025217
1.840000,0,RL_foot,0.26574546,0.02429157,0.12052836
1.840000,0,RR_foot,0.03956489,-0.20430385,0.02012898
1.860000,0,FL_foot,0.58593839,0.14894521,0.02020954
1.860000,0,FR_foot,0.62925541,-0.30605882,0.02024993
1.860000,0,RL_foot,0.27086300,0.03007511,0.10973843
1.860000,0,RR_foot,0.03987670,-0.20414318,0.02011809
1.880000,0,FL_foot,0.58613425,0.14896317,0.02020869
1.880000,0,FR_foot,0.63064581,-0.30674526,0.02025132
1.880000,0,RL_foot,0.27591240,0.03875210,0.09476660
1.880000,0,RR_foot,0.04019166,-0.20400511,0.02012780
1.900000,0,FL_foot,0.58634448,0.14894474,0.02020791
1.900000,0,FR_foot,0.63208812,-0.30722675,0.02025201
1.900000,0,RL_foot,0.28014719,0.05140987,0.07575948
1.900000,0,RR_foot,0.04046302,-0.20381893,0.02012620
1.920000,0,FL_foot,0.58657938,0.14887062,0.02020780
1.920000,0,FR_foot,0.63387930,-0.30750772,0.02025414
1.920000,0,RL_foot,0.28251696,0.06719527,0.05574744
1.920000,0,RR_foot,0.04077167,-0.20370141,0.02013189
1.940000,0,FL_foot,0.58683306,0.14876767,0.02020433
1.940000,0,FR_foot,0.63571107,-0.30747682,0.02025280
1.940000,0,RL_foot,0.28285480,0.08352257,0.03801846
1.940000,0,RR_foot,0.04107554,-0.20358907,0.02014583
1.960000,0,FL_foot,0.58709443,0.14864333,0.02020037
1.960000,0,FR_foot,0.63588041,-0.30755049,0.02024909
1.960000,0,RL_foot,0.28097558,0.09869839,0.02276832
1.960000,0,RR_foot,0.04135397,-0.20348027,0.02012954
1.980000,0,FL_foot,0.59179211,0.15132305,0.02251127
1.980000,0,FR_foot,0.63546288,-0.30613297,0.02025665
1.980000,0,RL_foot,0.28055912,0.10406696,0.02006795
1.980000,0,RR_foot,0.04389943,-0.19850805,0.02110953
2.000000,0,FL_foot,0.60809624,0.14615788,0.02480103
2.000000,0,FR_foot,0.63568282,-0.30614492,0.02024306
2.000000,0,RL_foot,0.28076211,0.10406204,0.02027719
2.000000,0,RR_foot,0.05315020,-0.18877108,0.02164719
2.020000,0,FL_foot,0.63688648,0.13727090,0.02760704
2.020000,0,FR_foot,0.63586128,-0.30616707,0.02024145
2.020000,0,RL_foot,0.28099066,0.10399870,0.02030998
2.020000,0,RR_foot,0.07049275,-0.17796327,0.02170952
2.040000,0,FL_foot,0.67309451,0.12536031,0.03259071
2.040000,0,FR_foot,0.63602722,-0.30617362,0.02023986
2.040000,0,RL_foot,0.28122234,0.10397475,0.02030759
2.040000,0,RR_foot,0.09375591,-0.16949409,0.02202423
2.060000,0,FL_foot,0.71025360,0.11391099,0.03950391
2.060000,0,FR_foot,0.63621861,-0.30617568,0.02024215
2.060000,0,RL_foot,0.28146127,0.10395040,0.02030971
2.060000,0,RR_foot,0.11915068,-0.16431731,0.02285239
2.080000,0,FL_foot,0.74460906,0.10619148,0.04627087
2.080000,0,FR_foot,0.63643265,-0.30617985,0.02024218
2.080000,0,RL_foot,0.28173918,0.10387187,0.02032256
2.080000,0,RR_foot,0.14402501,-0.16128044,0.02464027
2.100000,0,FL_foot,0.77506185,0.10343452,0.05117150
2.100000,0,FR_foot,0.63667250,-0.30617842,0.02023662
2.100000,0,RL_foot,0.28204352,0.10382348,0.02031984
2.100000,0,RR_foot,0.16650097,-0.16055989,0.02677912
2.120000,0,FL_foot,0.80135727,0.10547409,0.05352701
2.120000,0,FR_foot,0.63694042,-0.30618519,0.02023227
2.120000,0,RL_foot,0.28238559,0.10373539,0.02031197
2.120000,0,RR_foot,0.18660036,-0.16185345,0.02898156
2.140000,0,FL_foot,0.82265186,0.11108714,0.05320659
2.140000,0,FR_foot,0.63722128,-0.30620590,0.02022929
2.140000,0,RL_foot,0.28277805,0.10358520,0.02031746
2.140000,0,RR_foot,0.20522428,-0.16505092,0.03108786
2.160000,0,FL_foot,0.83830458,0.11872055,0.05023509
2.160000,0,FR_foot,0.63750809,-0.30623627,0.02022666
2.160000,0,RL_foot,0.28319278,0.10345907,0.02030054
2.160000,0,RR_foot,0.22298974,-0.16986324,0.03317753
2.180000,0,FL_foot,0.84802884,0.12675846,0.04473047
2.180000,0,FR_foot,0.63779467,-0.30628723,0.02022396
2.180000,0,RL_foot,0.28365287,0.10329899,0.02029339
2.180000,0,RR_foot,0.23985833,-0.17610455,0.03503142
2.200000,0,FL_foot,0.85179663,0.13408245,0.03687568
2.200000,0,FR_foot,0.63807881,-0.30634153,0.02022239
2.200000,0,RL_foot,0.28414133,0.10313838,0.02028847
2.200000,0,RR_foot,0.25537419,-0.18365102,0.03608018
2.220000,0,FL_foot,0.85074490,0.14008543,0.02719837
2.220000,0,FR_foot,0.63837725,-0.30640024,0.02022025
2.220000,0,RL_foot,0.28467265,0.10300872,0.02027356
2.220000,0,RR_foot,0.26841441,-0.19191782,0.03643487
2.240000,0,FL_foot,0.84771210,0.14345984,0.02028940
2.240000,0,FR_foot,0.63873416,-0.30641121,0.02026200
2.240000,0,RL_foot,0.28531420,0.10461414,0.02034236
2.240000,0,RR_foot,0.27799809,-0.19883429,0.03524811
2.260000,0,FL_foot,0.84793830,0.14357165,0.02026190
2.260000,0,FR_foot,0.63916492,-0.30632696,0.02022021
2.260000,0,RL_foot,0.28413299,0.10645997,0.02028173
2.260000,0,RR_foot,0.28587660,-0.20612168,0.02879137
2.280000,0,FL_foot,0.84821630,0.14368679,0.02026544
2.280000,0,FR_foot,0.63947362,-0.30630183,0.02020816
2.280000,0,RL_foot,0.28451896,0.10637379,0.02026181
2.280000,0,RR_foot,0.28997079,-0.21247959,0.02174829
2.300000,0,FL_foot,0.84852999,0.14376228,0.02027878
2.300000,0,FR_foot,0.64499944,-0.29968128,0.02282449
2.300000,0,RL_foot,0.28577769,0.10190748,0.02183238
2.300000,0,RR_foot,0.29022571,-0.21489733,0.02017172
2.320000,0,FL_foot,0.84881461,0.14377768,0.02027472
2.320000,0,FR_foot,0.66728759,-0.28308827,0.02601519
2.320000,0,RL_foot,0.29400969,0.08393390,0.03380048
2.320000,0,RR_foot,0.29051852,-0.21484701,0.02019258
2.340000,0,FL_foot,0.84902668,0.14382893,0.02027358
2.340000,0,FR_foot,0.70314193,-0.27063879,0.02955084
2.340000,0,RL_foot,0.31041786,0.06559210,0.05050278
2.340000,0,RR_foot,0.29081890,-0.21477409,0.02018678
2.360000,0,FL_foot,0.84925598,0.14387378,0.02026039
2.360000,0,FR_foot,0.74043149,-0.26739484,0.03052255
2.360000,0,RL_foot,0.32894152,0.05442424,0.06591210
2.360000,0,RR_foot,0.29115456,-0.21470830,0.02019586
2.380000,0,FL_foot,0.84945697,0.14391838,0.02024851
2.380000,0,FR_foot,0.76967990,-0.26794615,0.02767572
2.380000,0,RL_foot,0.34621787,0.04768343,0.08088677
2.380000,0,RR_foot,0.29151326,-0.21465780,0.02018536
2.400000,0,FL_foot,0.84958661,0.14398669,0.02024882
2.400000,0,FR_foot,0.78833097,-0.26828602,0.02186070
2.400000,0,RL_foot,0.35966012,0.04256308,0.09557069
2.400000,0,RR_foot,0.29185501,-0.21460336,0.02017496
2.420000,0,FL_foot,0.84974903,0.14399642,0.02025626
2.420000,0,FR_foot,0.79219168,-0.26874053,0.02027824
2.420000,0,RL_foot,0.36982968,0.03632427,0.10715661
2.420000,0,RR_foot,0.29407743,-0.21872897,0.02018384
2.440000,0,FL_foot,0.84980512,0.14396073,0.02025446
2.440000,0,FR_foot,0.79222423,-0.26877463,0.02023806
2.440000,0,RL_foot,0.37819120,0.03126066,0.11475611
2.440000,0,RR_foot,0.29610845,-0.22027744,0.02013137
2.460000,0,FL_foot,0.84984457,0.14387234,0.02024993
2.460000,0,FR_foot,0.79216832,-0.26883015,0.02024484
2.460000,0,RL_foot,0.38414070,0.02754583,0.12069719
2.460000,0,RR_foot,0.29612085,-0.22024775,0.02019327
2.480000,0,FL_foot,0.84981591,0.14379817,0.02025070
2.480000,0,FR_foot,0.79206955,-0.26884329,0.02024607
2.480000,0,RL_foot,0.38760182,0.02485440,0.12580144
2.480000,0,RR_foot,0.29604301,-0.22020139,0.02019192
2.500000,0,FL_foot,0.84976262,0.14372867,0.02025152
2.500000,0,FR_foot,0.79193807,-0.26882607,0.02025023
2.500000,0,RL_foot,0.38878965,0.02296349,0.12995076
2.500000,0,RR_foot,0.29593459,-0.22013289,0.02018772
2.520000,0,FL_foot,0.84966856,0.14368092,0.02025250
2.520000,0,FR_foot,0.79179138,-0.26877579,0.02025396
2.520000,0,RL_foot,0.38806677,0.02204470,0.13256638
2.520000,0,RR_foot,0.29580152,-0.22006480,0.02018585
2.540000,0,FL_foot,0.84953231,0.14365163,0.02025532
2.540000,0,FR_foot,0.79163766,-0.26870143,0.02025942
2.540000,0,RL_foot,0.38576484,0.02246022,0.13286559
2.540000,0,RR_foot,0.29565391,-0.21999948,0.02018292
2.560000,0,FL_foot,0.84939522,0.14363459,0.02025671
2.560000,0,FR_foot,0.79148418,-0.26860642,0.02026385
2.560000,0,RL_foot,0.38203380,0.02442453,0.13047846
2.560000,0,RR_foot,0.29549873,-0.21993868,0.02018218
2.580000,0,FL_foot,0.84924859,0.14362900,0.02025797
2.580000,0,FR_foot,0.79127002,-0.26848662,0.02026541
2.580000,0,RL_foot,0.37687767,0.02811590,0.12525149
2.580000,0,RR_foot,0.29534113,-0.21988092,0.02018193
2.600000,0,FL_foot,0.84909594,0.14363097,0.02025990
2.600000,0,FR_foot,0.79045480,-0.26816386,0.02027309
2.600000,0,RL_foot,0.37006876,0.03381853,0.11704387
2.600000,0,RR_foot,0.29518166,-0.21982977,0.02018665
2.620000,0,FL_foot,0.84893906,0.14363442,0.02026171
2.620000,0,FR_foot,0.78852361,-0.26725841,0.02027441
2.620000,0,RL_foot,0.36104000,0.04201863,0.10579131
2.620000,0,RR_foot,0.29502124,-0.21977758,0.02019173
2.640000,0,FL_foot,0.84877634,0.14363408,0.02026411
2.640000,0,FR_foot,0.78517431,-0.26538953,0.02027562
2.640000,0,RL_foot,0.34887660,0.05359337,0.09138018
2.640000,0,RR_foot,0.29485837,-0.21972099,0.02019680
2.660000,0,FL_foot,0.84860545,0.14363031,0.02026861
2.660000,0,FR_foot,0.78014183,-0.26256603,0.02027509
2.660000,0,RL_foot,0.33319864,0.06979681,0.07391576
2.660000,0,RR_foot,0.29469290,-0.21966302,0.02020573
2.680000,0,FL_foot,0.84842610,0.14362392,0.02027207
2.680000,0,FR_foot,0.77356339,-0.25969341,0.02027302
2.680000,0,RL_foot,0.31424567,0.09107789,0.05507353
2.680000,0,RR_foot,0.29451460,-0.21959096,0.02020944
2.700000,0,FL_foot,0.84822685,0.14362817,0.02027323
2.700000,0,FR_foot,0.76599991,-0.25800189,0.02026840
2.700000,0,RL_foot,0.29430026,0.11379079,0.03901833
2.700000,0,RR_foot,0.29430357,-0.21948619,0.02020762
2.720000,0,FL_foot,0.84799290,0.14366165,0.02027642
2.720000,0,FR_foot,0.75840187,-0.25808460,0.02026463
2.720000,0,RL_foot,0.27741817,0.13235672,0.02782640
2.720000,0,RR_foot,0.29407975,-0.21934077,0.02021065
2.740000,0,FL_foot,0.84771210,0.14374763,0.02029679
2.740000,0,FR_foot,0.75158030,-0.25967684,0.02027472
2.740000,0,RL_foot,0.26626149,0.14410011,0.02024559
2.740000,0,RR_foot,0.29381830,-0.21920058,0.02018499
2.760000,0,FL_foot,0.84382844,0.14253086,0.02028485
2.760000,0,FR_foot,0.75140452,-0.25945437,0.02026090
2.760000,0,RL_foot,0.26603028,0.14429006,0.02026989
2.760000,0,RR_foot,0.29359114,-0.21902438,0.02024049
2.780000,0,FL_foot,0.83292234,0.13073371,0.02074571
2.780000,0,FR_foot,0.75125694,-0.25921118,0.02025909
2.780000,0,RL_foot,0.26574889,0.14439161,0.02026446
2.780000,0,RR_foot,0.29290196,-0.21264508,0.02318498
2.800000,0,FL_foot,0.81294662,0.11130376,0.02252428
2.800000,0,FR_foot,0.75110483,-0.25899386,0.02026201
2.800000,0,RL_foot,0.26550007,0.14445923,0.02026528
2.800000,0,RR_foot,0.28624347,-0.20140719,0.02933186
2.820000,0,FL_foot,0.78399938,0.09398493,0.02496035
2.820000,0,FR_foot,0.75096178,-0.25879413,0.02027365
2.820000,0,RL_foot,0.26530781,0.14450128,0.02029276
2.820000,0,RR_foot,0.26962963,-0.19480154,0.03426727
2.840000,0,FL_foot,0.74931014,0.08462139,0.02595153
2.840000,0,FR_foot,0.75080615,-0.25862247,0.02028237
2.840000,0,RL_foot,0.26512355,0.14451832,0.02029182
2.840000,0,RR_foot,0.24482533,-0.19485213,0.03666996
2.860000,0,FL_foot,0.71202314,0.08282398,0.02479903
2.860000,0,FR_foot,0.75065029,-0.25845385,0.02028624
2.860000,0,RL_foot,0.26492968,0.14450142,0.02028474
2.860000,0,RR_foot,0.21645270,-0.20006642,0.03735106
2.880000,0,FL_foot,0.67460233,0.08539627,0.02310595
2.880000,0,FR_foot,0.75048882,-0.25826696,0.02029020
2.880000,0,RL_foot,0.26471275,0.14447059,0.02027812
2.880000,0,RR_foot,0.18901893,-0.20724532,0.03773789
2.900000,0,FL_foot,0.63933372,0.09025469,0.02208341
2.900000,0,FR_foot,0.75032663,-0.25807106,0.02029052
2.900000,0,RL_foot,0.26446518,0.14442642,0.02027258
2.900000,0,RR_foot,0.16546454,-0.21488981,0.03783000
2.920000,0,FL_foot,0.60778451,0.09703355,0.02167894
2.920000,0,FR_foot,0.75015795,-0.25787488,0.02029453
2.920000,0,RL_foot,0.26418358,0.14436299,0.02027313
2.920000,0,RR_foot,0.14659581,-0.22267187,0.03697086
2.940000,0,FL_foot,0.58073258,0.10586041,0.02150921
2.940000,0,FR_foot,0.74996871,-0.25768539,0.02029469
2.940000,0,RL_foot,0.26387557,0.14433673,0.02027620
2.940000,0,RR_foot,0.13205644,-0.23080792,0.03463341
2.960000,0,FL_foot,0.55870759,0.11619214,0.02145610
2.960000,0,FR_foot,0.74976528,-0.25751892,0.02029413
2.960000,0,RL_foot,0.26353982,0.14429276,0.02027338
2.960000,0,RR_foot,0.12132180,-0.23780449,0.03115053
2.980000,0,FL_foot,0.54197890,0.12776937,0.02099895
2.980000,0,FR_foot,0.74953252,-0.25737628,0.02029968
2.980000,0,RL_foot,0.26318184,0.14420652,0.02028311
2.980000,0,RR_foot,0.11427886,-0.24260958,0.02685094
3.000000,0,FL_foot,0.53324056,0.13858654,0.02016687
3.000000,0,FR_foot,0.74924284,-0.25724226,0.02029645
3.000000,0,RL_foot,0.26275820,0.14413348,0.02026194
3.000000,0,RR_foot,0.11167806,-0.24588841,0.02012541
3.020000,0,FL_foot,0.53300321,0.13911296,0.02021111
3.020000,0,FR_foot,0.74685591,-0.26139870,0.02026576
3.020000,0,RL_foot,0.26100320,0.13509680,0.02620900
3.020000,0,RR_foot,0.11157203,-0.24638410,0.02019826
3.040000,0,FL_foot,0.53267485,0.13929862,0.02021661
3.040000,0,FR_foot,0.74644822,-0.26178449,0.02032110
3.040000,0,RL_foot,0.25798002,0.11179124,0.04238911
3.040000,0,RR_foot,0.11132861,-0.24645384,0.02019276
3.060000,0,FL_foot,0.53230876,0.13948488,0.02021239
3.060000,0,FR_foot,0.74623942,-0.26152417,0.02032903
3.060000,0,RL_foot,0.25545716,0.08723453,0.06460641
3.060000,0,RR_foot,0.11107839,-0.24652006,0.02019629
3.080000,0,FL_foot,0.53194708,0.13965575,0.02021533
3.080000,0,FR_foot,0.74603009,-0.26126733,0.02032710
3.080000,0,RL_foot,0.25124258,0.07070457,0.08432031
3.080000,0,RR_foot,0.11084264,-0.24657986,0.02018939
3.100000,0,FL_foot,0.53160858,0.13980444,0.02021355
3.100000,0,FR_foot,0.74582428,-0.26102468,0.02033067
3.100000,0,RL_foot,0.24520776,0.06043145,0.09998095
3.100000,0,RR_foot,0.11061292,-0.24663699,0.02018743
3.120000,0,FL_foot,0.53127259,0.13994382,0.02021016
3.120000,0,FR_foot,0.74561298,-0.26079577,0.02033728
3.120000,0,RL_foot,0.23848331,0.05391836,0.11230816
3.120000,0,RR_foot,0.11038657,-0.24668589,0.02018185
3.140000,0,FL_foot,0.53096396,0.14005768,0.02021494
3.140000,0,FR_foot,0.74539787,-0.26057771,0.02034566
3.140000,0,RL_foot,0.23166075,0.04965523,0.12208497
3.140000,0,RR_foot,0.11017509,-0.24671797,0.02018363
3.160000,0,FL_foot,0.53066117,0.14016685,0.02021810
3.160000,0,FR_foot,0.74487430,-0.26031250,0.02033451
3.160000,0,RL_foot,0.22500072,0.04677790,0.12985411
3.160000,0,RR_foot,0.10997541,-0.24675357,0.02018456
3.180000,0,FL_foot,0.53038102,0.14025848,0.02021877
3.180000,0,FR_foot,0.74346256,-0.25967363,0.02034181
3.180000,0,RL_foot,0.21858503,0.04477954,0.13594109
3.180000,0,RR_foot,0.10978183,-0.24678668,0.02018612
3.200000,0,FL_foot,0.53013164,0.14031190,0.02022419
3.200000,0,FR_foot,0.74053961,-0.25839284,0.02034396
3.200000,0,RL_foot,0.21238698,0.04335478,0.14061658
3.200000,0,RR_foot,0.10958853,-0.24682385,0.02019416
3.220000,0,FL_foot,0.52988601,0.14035954,0.02022956
3.220000,0,FR_foot,0.73626709,-0.25678968,0.02034436
3.220000,0,RL_foot,0.20628829,0.04233675,0.14413822
3.220000,0,RR_foot,0.10939324,-0.24686055,0.02019690
3.240000,0,FL_foot,0.52965140,0.14038576,0.02023247
3.240000,0,FR_foot,0.73069423,-0.25499216,0.02034303
3.240000,0,RL_foot,0.20017411,0.04160742,0.14670700
3.240000,0,RR_foot,0.10919803,-0.24689350,0.02019638
3.260000,0,FL_foot,0.52943558,0.14038244,0.02023919
3.260000,0,FR_foot,0.72376686,-0.25304082,0.02033948
3.260000,0,RL_foot,0.19394870,0.04108593,0.14848505
3.260000,0,RR_foot,0.10898634,-0.24694255,0.02020455
3.280000,0,FL_foot,0.52920878,0.14037514,0.02024232
3.280000,0,FR_foot,0.71552211,-0.25101712,0.02033561
3.280000,0,RL_foot,0.18752146,0.04072040,0.14961967
3.280000,0,RR_foot,0.10876005,-0.24699038,0.02020716
3.300000,0,FL_foot,0.52897990,0.14035226,0.02024491
3.300000,0,FR_foot,0.70602107,-0.24894945,0.02032929
3.300000,0,RL_foot,0.18088195,0.04047303,0.15024456
3.300000,0,RR_foot,0.10853394,-0.24703290,0.02020686
3.320000,0,FL_foot,0.52875954,0.14031266,0.02024789
3.320000,0,FR_foot,0.69544333,-0.24683687,0.02032476
3.320000,0,RL_foot,0.17407961,0.04031814,0.15049365
3.320000,0,RR_foot,0.10828658,-0.24708217,0.02021205
3.340000,0,FL_foot,0.52852070,0.14027579,0.02024773
3.340000,0,FR_foot,0.68404961,-0.24467693,0.02031482
3.340000,0,RL_foot,0.16715199,0.04024759,0.15051267
3.340000,0,RR_foot,0.10802961,-0.24711978,0.02021169
3.360000,0,FL_foot,0.52827632,0.14023761,0.02025000
3.360000,0,FR_foot,0.67204273,-0.24245656,0.02030942
3.360000,0,RL_foot,0.16013892,0.04025728,0.15038306
3.360000,0,RR_foot,0.10777897,-0.24714015,0.02020998
3.380000,0,FL_foot,0.52803540,0.14019282,0.02025206
3.380000,0,FR_foot,0.65948874,-0.24016389,0.02030390
3.380000,0,RL_foot,0.15306039,0.04033640,0.15013826
3.380000,0,RR_foot,0.10751480,-0.24716300,0.02021574
3.400000,0,FL_foot,0.52777785,0.14015773,0.02025257
3.400000,0,FR_foot,0.64659142,-0.23788895,0.02029686
3.400000,0,RL_foot,0.14589885,0.04049195,0.14981273
3.400000,0,RR_foot,0.10725015,-0.24716832,0.02021505
3.420000,0,FL_foot,0.52751535,0.14012672,0.02025556
3.420000,0,FR_foot,0.63349843,-0.23569475,0.02029174
3.420000,0,RL_foot,0.13858342,0.04085351,0.14916039
3.420000,0,RR_foot,0.10699393,-0.24715345,0.02021466
3.440000,0,FL_foot,0.52725816,0.14008175,0.02025507
3.440000,0,FR_foot,0.62028706,-0.23357546,0.02028785
3.440000,0,RL_foot,0.13089435,0.04182524,0.14731930
3.440000,0,RR_foot,0.10673232,-0.24714327,0.02021820
3.460000,0,FL_foot,0.52699423,0.14004704,0.02025248
3.460000,0,FR_foot,0.60705048,-0.23145977,0.02028598
3.460000,0,RL_foot,0.12253868,0.04366458,0.14388891
3.460000,0,RR_foot,0.10647568,-0.24712363,0.02021740
3.480000,0,FL_foot,0.52673101,0.14001684,0.02025293
3.480000,0,FR_foot,0.59406370,-0.22910838,0.02041547
3.480000,0,RL_foot,0.11321144,0.04669080,0.13841176
3.480000,0,RR_foot,0.10622833,-0.24706747,0.02021418
3.500000,0,FL_foot,0.52647465,0.13994019,0.02025239
3.500000,0,FR_foot,0.58164179,-0.22640267,0.02080670
3.500000,0,RL_foot,0.10240696,0.05145374,0.13014218
3.500000,0,RR_foot,0.10597562,-0.24703443,0.02021830
3.520000,0,FL_foot,0.52621228,0.13990276,0.02025247
3.520000,0,FR_foot,0.56977767,-0.22334588,0.02144902
3.520000,0,RL_foot,0.08928811,0.05889261,0.11824314
3.520000,0,RR_foot,0.10572448,-0.24700445,0.02022121
3.540000,0,FL_foot,0.52593839,0.13987477,0.02026254
3.540000,0,FR_foot,0.55788702,-0.22001940,0.02220335
3.540000,0,RL_foot,0.07306534,0.07051744,0.10206159
3.540000,0,RR_foot,0.10547882,-0.24692164,0.02022603
3.560000,0,FL_foot,0.52565634,0.13980249,0.02026891
3.560000,0,FR_foot,0.54529154,-0.21693228,0.02293344
3.560000,0,RL_foot,0.05309612,0.08804116,0.08221480
3.560000,0,RR_foot,0.10522299,-0.24688372,0.02023831
3.580000,0,FL_foot,0.52535498,0.13978836,0.02027361
3.580000,0,FR_foot,0.53184575,-0.21607068,0.02306660
3.580000,0,RL_foot,0.02989130,0.11137664,0.06196290
3.580000,0,RR_foot,0.10495351,-0.24682629,0.02024435
3.600000,0,FL_foot,0.52502841,0.13979067,0.02027905
3.600000,0,FR_foot,0.51734525,-0.21932551,0.02193981
3.600000,0,RL_foot,0.00730166,0.13611104,0.04560337
3.600000,0,RR_foot,0.10466933,-0.24671383,0.02024539
3.620000,0,FL_foot,0.52467614,0.13979535,0.02027457
3.620000,0,FR_foot,0.50245267,-0.22551598,0.02033832
3.620000,0,RL_foot,-0.00948396,0.15538202,0.03434795
3.620000,0,RR_foot,0.10434395,-0.24659540,0.02024647
3.640000,0,FL_foot,0.52429610,0.13983534,0.02027451
3.640000,0,FR_foot,0.49107000,-0.23138566,0.02025990
3.640000,0,RL_foot,-0.01916645,0.16776577,0.02519641
3.640000,0,RR_foot,0.10398044,-0.24645157,0.02024624
3.660000,0,FL_foot,0.52251446,0.14165699,0.02030015
3.660000,0,FR_foot,0.48486048,-0.23560520,0.02024067
3.660000,0,RL_foot,-0.02225119,0.17257589,0.02025193
3.660000,0,RR_foot,0.10325786,-0.24598509,0.02032688
3.680000,0,FL_foot,0.51299912,0.13897023,0.02202106
3.680000,0,FR_foot,0.48463571,-0.23541622,0.02024097
3.680000,0,RL_foot,-0.02260621,0.17274193,0.02022466
3.680000,0,RR_foot,0.09508993,-0.23334943,0.02211640
3.700000,0,FL_foot,0.49728614,0.13186058,0.02457896
3.700000,0,FR_foot,0.48441130,-0.23523635,0.02024726
3.700000,0,RL_foot,-0.02293305,0.17284323,0.02022359
3.700000,0,RR_foot,0.08151890,-0.21806802,0.02553280
3.720000,0,FL_foot,0.47718233,0.12416960,0.02702305
3.720000,0,FR_foot,0.48420039,-0.23504661,0.02025105
3.720000,0,RL_foot,-0.02323305,0.17293292,0.02023223
3.720000,0,RR_foot,0.06028922,-0.20552270,0.02932387
3.740000,0,FL_foot,0.45240551,0.11872272,0.02852516
3.740000,0,FR_foot,0.48397025,-0.23487370,0.02025512
3.740000,0,RL_foot,-0.02351072,0.17301650,0.02023865
3.740000,0,RR_foot,0.03280947,-0.19893727,0.03194083
3.760000,0,FL_foot,0.42371911,0.11651029,0.02886369
3.760000,0,FR_foot,0.48373663,-0.23470727,0.02026571
3.760000,0,RL_foot,-0.02377446,0.17307229,0.02024355
3.760000,0,RR_foot,0.00246366,-0.19730973,0.03344249
3.780000,0,FL_foot,0.39365393,0.11708625,0.02848450
3.780000,0,FR_foot,0.48350275,-0.23452860,0.02027252
3.780000,0,RL_foot,-0.02405915,0.17311336,0.02024492
3.780000,0,RR_foot,-0.02762023,-0.19928321,0.03416888
3.800000,0,FL_foot,0.36472887,0.11978582,0.02797810
3.800000,0,FR_foot,0.48325959,-0.23435362,0.02027435
3.800000,0,RL_foot,-0.02435778,0.17312470,0.02023937
3.800000,0,RR_foot,-0.05550583,-0.20346127,0.03428763
3.820000,0,FL_foot,0.33858159,0.12439027,0.02756045
3.820000,0,FR_foot,0.48300976,-0.23418929,0.02028080
3.820000,0,RL_foot,-0.02467730,0.17309822,0.02024026
3.820000,0,RR_foot,-0.08032369,-0.20884563,0.03364461
3.840000,0,FL_foot,0.31614429,0.13091213,0.02706076
3.840000,0,FR_foot,0.48274499,-0.23403670,0.02028335
3.840000,0,RL_foot,-0.02501190,0.17307678,0.02024556
3.840000,0,RR_foot,-0.10191694,-0.21549943,0.03187233
3.860000,0,FL_foot,0.29767478,0.13914119,0.02622145
3.860000,0,FR_foot,0.48246378,-0.23391597,0.02028394
3.860000,0,RL_foot,-0.02536107,0.17303121,0.02024318
3.860000,0,RR_foot,-0.11972441,-0.22302119,0.02907871
3.880000,0,FL_foot,0.28327671,0.14858657,0.02511828
3.880000,0,FR_foot,0.48214674,-0.23382688,0.02028989
3.880000,0,RL_foot,-0.02573242,0.17295016,0.02024722
3.880000,0,RR_foot,-0.13311464,-0.22942480,0.02539567
3.900000,0,FL_foot,0.27384970,0.15901054,0.02375990
3.900000,0,FR_foot,0.48176315,-0.23377894,0.02030867
3.900000,0,RL_foot,-0.02613710,0.17285456,0.02022708
3.900000,0,RR_foot,-0.14092343,-0.23285322,0.01993113
3.920000,0,FL_foot,0.27081838,0.16235721,0.02010421
3.920000,0,FR_foot,0.48106959,-0.23505028,0.02029014
3.920000,0,RL_foot,-0.02642030,0.15945025,0.02499191
3.920000,0,RR_foot,-0.14035279,-0.23286079,0.02002870
3.940000,0,FL_foot,0.27041173,0.16258195,0.02019310
3.940000,0,FR_foot,0.48080793,-0.23501170,0.02031908
3.940000,0,RL_foot,-0.02670776,0.13243398,0.04149620
3.940000,0,RR_foot,-0.14064810,-0.23290451,0.02016795
3.960000,0,FL_foot,0.27001160,0.16277871,0.02020282
3.960000,0,FR_foot,0.48054343,-0.23477520,0.02032415
3.960000,0,RL_foot,-0.02655388,0.10462883,0.06402968
3.960000,0,RR_foot,-0.14092006,-0.23293887,0.02017616
3.980000,0,FL_foot,0.26963124,0.16295761,0.02020275
3.980000,0,FR_foot,0.48031285,-0.23448783,0.02032785
3.980000,0,RL_foot,-0.02893815,0.08600737,0.08427726
3.980000,0,RR_foot,-0.14117236,-0.23297620,0.02017908
4.000000,0,FL_foot,0.26929113,0.16311160,0.02020739
4.000000,0,FR_foot,0.48009878,-0.23421843,0.02033223
4.000000,0,RL_foot,-0.03359115,0.07443917,0.10039724
4.000000,0,RR_foot,-0.14139913,-0.23298424,0.02018278
4.020000,0,FL_foot,0.26898158,0.16325128,0.02021258
4.020000,0,FR_foot,0.47987127,-0.23396841,0.02033720
4.020000,0,RL_foot,-0.03901099,0.06705520,0.11302853
4.020000,0,RR_foot,-0.14160934,-0.23299518,0.02018434
4.040000,0,FL_foot,0.26868156,0.16338050,0.02021838
4.040000,0,FR_foot,0.47939172,-0.23370831,0.02033466
4.040000,0,RL_foot,-0.04459859,0.06212087,0.12300079
4.040000,0,RR_foot,-0.14180696,-0.23299803,0.02018561
4.060000,0,FL_foot,0.26840246,0.16349278,0.02021993
4.060000,0,FR_foot,0.47805652,-0.23316965,0.02033611
4.060000,0,RL_foot,-0.05017105,0.05872740,0.13081728
4.060000,0,RR_foot,-0.14199628,-0.23299603,0.02018666
4.080000,0,FL_foot,0.26815197,0.16357207,0.02022522
4.080000,0,FR_foot,0.47527725,-0.23214361,0.02033878
4.080000,0,RL_foot,-0.05572810,0.05635983,0.13685396
4.080000,0,RR_foot,-0.14218272,-0.23299670,0.02019382
4.100000,0,FL_foot,0.26790422,0.16364026,0.02022845
4.100000,0,FR_foot,0.47110039,-0.23082247,0.02034009
4.100000,0,RL_foot,-0.06135868,0.05471810,0.14142504
4.100000,0,RR_foot,-0.14237413,-0.23299846,0.02019610
4.120000,0,FL_foot,0.26766756,0.16369116,0.02023262
4.120000,0,FR_foot,0.46555716,-0.22931370,0.02033876
4.120000,0,RL_foot,-0.06716172,0.05361094,0.14478040
4.120000,0,RR_foot,-0.14256273,-0.23299049,0.02019677
4.140000,0,FL_foot,0.26744917,0.16371475,0.02023870
4.140000,0,FR_foot,0.45855230,-0.22763193,0.02033493
4.140000,0,RL_foot,-0.07322547,0.05289638,0.14712003
4.140000,0,RR_foot,-0.14276849,-0.23300195,0.02020495
4.160000,0,FL_foot,0.26721966,0.16373228,0.02024156
4.160000,0,FR_foot,0.45011732,-0.22584654,0.02032986
4.160000,0,RL_foot,-0.07962269,0.05247618,0.14863160
4.160000,0,RR_foot,-0.14298882,-0.23301134,0.02020738
4.180000,0,FL_foot,0.26698905,0.16374101,0.02024746
4.180000,0,FR_foot,0.44036657,-0.22395325,0.02032458
4.180000,0,RL_foot,-0.08632967,0.05228750,0.14950080
4.180000,0,RR_foot,-0.14320861,-0.23301335,0.02021052
4.200000,0,FL_foot,0.26675269,0.16373833,0.02024604
4.200000,0,FR_foot,0.42950723,-0.22190917,0.02031630
4.200000,0,RL_foot,-0.09326879,0.05227368,0.14990386
4.200000,0,RR_foot,-0.14345272,-0.23301679,0.02020958
4.220000,0,FL_foot,0.26652083,0.16372399,0.02024736
4.220000,0,FR_foot,0.41773525,-0.21971679,0.02031072
4.220000,0,RL_foot,-0.10037540,0.05238944,0.15000573
4.220000,0,RR_foot,-0.14370474,-0.23301186,0.02021385
4.240000,0,FL_foot,0.26627061,0.16372024,0.02025178
4.240000,0,FR_foot,0.40531740,-0.21746574,0.02030455
4.240000,0,RL_foot,-0.10760224,0.05261670,0.14990085
4.240000,0,RR_foot,-0.14395042,-0.23298955,0.02021467
4.260000,0,FL_foot,0.26601481,0.16371417,0.02025186
4.260000,0,FR_foot,0.39244092,-0.21524365,0.02029786
4.260000,0,RL_foot,-0.11492883,0.05292973,0.14963432
4.260000,0,RR_foot,-0.14420934,-0.23296636,0.02021459
4.280000,0,FL_foot,0.26576030,0.16370046,0.02025179
4.280000,0,FR_foot,0.37922680,-0.21311207,0.02029332
4.280000,0,RL_foot,-0.12241610,0.05342710,0.14901260
4.280000,0,RR_foot,-0.14446914,-0.23293167,0.02021850
4.300000,0,FL_foot,0.26549435,0.16369829,0.02025498
4.300000,0,FR_foot,0.36586845,-0.21111298,0.02028611
4.300000,0,RL_foot,-0.13026236,0.05449799,0.14724937
4.300000,0,RR_foot,-0.14472033,-0.23287553,0.02021811
4.320000,0,FL_foot,0.26522845,0.16369392,0.02025259
4.320000,0,FR_foot,0.35245156,-0.20914651,0.02028103
4.320000,0,RL_foot,-0.13875906,0.05643812,0.14379196
4.320000,0,RR_foot,-0.14497699,-0.23282464,0.02021470
4.340000,0,FL_foot,0.26496845,0.16365086,0.02024872
4.340000,0,FR_foot,0.33923545,-0.20698117,0.02040182
4.340000,0,RL_foot,-0.14829104,0.05958712,0.13812369
4.340000,0,RR_foot,-0.14522932,-0.23277363,0.02021909
4.360000,0,FL_foot,0.26470393,0.16364019,0.02025174
4.360000,0,FR_foot,0.32648253,-0.20447527,0.02073412
4.360000,0,RL_foot,-0.15939857,0.06450693,0.12957110
4.360000,0,RR_foot,-0.14547469,-0.23267782,0.02021748
4.380000,0,FL_foot,0.26443613,0.16363116,0.02025434
4.380000,0,FR_foot,0.31423637,-0.20156415,0.02133143
4.380000,0,RL_foot,-0.17297208,0.07218445,0.11719138
4.380000,0,RR_foot,-0.14572774,-0.23261784,0.02021833
4.400000,0,FL_foot,0.26416409,0.16356628,0.02025792
4.400000,0,FR_foot,0.30189446,-0.19831556,0.02209296
4.400000,0,RL_foot,-0.18988793,0.08424298,0.10028038
4.400000,0,RR_foot,-0.14597884,-0.23256670,0.02022958
4.420000,0,FL_foot,0.26387528,0.16357093,0.02026898
4.420000,0,FR_foot,0.28885052,-0.19547926,0.02278832
4.420000,0,RL_foot,-0.21075907,0.10234240,0.07983477
4.420000,0,RR_foot,-0.14622949,-0.23246138,0.02023847
4.440000,0,FL_foot,0.26356584,0.16356948,0.02027595
4.440000,0,FR_foot,0.27506807,-0.19521311,0.02282696
4.440000,0,RL_foot,-0.23491834,0.12615500,0.05935556
4.440000,0,RR_foot,-0.14650154,-0.23239018,0.02024533
4.460000,0,FL_foot,0.26323137,0.16356519,0.02027299
4.460000,0,FR_foot,0.26036361,-0.19924387,0.02161324
4.460000,0,RL_foot,-0.25766754,0.15029879,0.04340068
4.460000,0,RR_foot,-0.14680281,-0.23228322,0.02024817
4.480000,0,FL_foot,0.26286998,0.16360918,0.02027606
4.480000,0,FR_foot,0.24573903,-0.20573537,0.02022575
4.480000,0,RL_foot,-0.27380431,0.16821864,0.03246686
4.480000,0,RR_foot,-0.14712825,-0.23212728,0.02024864
4.500000,0,FL_foot,0.26247436,0.16363876,0.02027145
4.500000,0,FR_foot,0.23510058,-0.21214448,0.02028837
4.500000,0,RL_foot,-0.28283450,0.17987140,0.02303482
4.500000,0,RR_foot,-0.14750190,-0.23196483,0.02024830
4.520000,0,FL_foot,0.25970104,0.16623324,0.02027396
4.520000,0,FR_foot,0.23112686,-0.21471074,0.02024170
4.520000,0,RL_foot,-0.28463683,0.18241593,0.02021481
4.520000,0,RR_foot,-0.14918429,-0.23054683,0.02037226
4.540000,0,FL_foot,0.25032929,0.16294539,0.02191433
4.540000,0,FR_foot,0.23086499,-0.21454172,0.02024587
4.540000,0,RL_foot,-0.28498885,0.18256982,0.02022640
4.540000,0,RR_foot,-0.15798417,-0.21784873,0.02225614
4.560000,0,FL_foot,0.23852204,0.15592383,0.02457520
4.560000,0,FR_foot,0.23062854,-0.21440575,0.02023897
4.560000,0,RL_foot,-0.28532329,0.18265265,0.02019042
4.560000,0,RR_foot,-0.17553766,-0.20924681,0.02260671
4.580000,0,FL_foot,0.22937925,0.14767218,0.02776168
4.580000,0,FR_foot,0.23044202,-0.21430303,0.02024511
4.580000,0,RL_foot,-0.28554097,0.18265980,0.02021270
4.580000,0,RR_foot,-0.20252223,-0.20535530,0.02184397
4.600000,0,FL_foot,0.22116743,0.13958722,0.03057787
4.600000,0,FR_foot,0.23026222,-0.21426325,0.02025426
4.600000,0,RL_foot,-0.28570908,0.18263973,0.02022600
4.600000,0,RR_foot,-0.23284362,-0.20855656,0.02037144
4.620000,0,FL_foot,0.21279383,0.13284546,0.03216041
4.620000,0,FR_foot,0.23010074,-0.21426989,0.02025755
4.620000,0,RL_foot,-0.28583324,0.18254954,0.02022716
4.620000,0,RR_foot,-0.26031134,-0.21435364,0.02020622
4.640000,0,FL_foot,0.20491442,0.12795433,0.03275127
4.640000,0,FR_foot,0.22995639,-0.21432097,0.02026190
4.640000,0,RL_foot,-0.28592521,0.18240157,0.02022650
4.640000,0,RR_foot,-0.28612483,-0.22395517,0.02023432
4.660000,0,FL_foot,0.19880845,0.12504533,0.03244028
4.660000,0,FR_foot,0.22981402,-0.21441893,0.02026468
4.660000,0,RL_foot,-0.28599876,0.18220748,0.02022719
4.660000,0,RR_foot,-0.31070903,-0.23739931,0.02042943
4.680000,0,FL_foot,0.19460408,0.12393408,0.03117247
4.680000,0,FR_foot,0.22966807,-0.21456572,0.02027010
4.680000,0,RL_foot,-0.28605720,0.18198025,0.02022953
4.680000,0,RR_foot,-0.33231479,-0.25354138,0.02125244
4.700000,0,FL_foot,0.19116534,0.12421562,0.02915965
4.700000,0,FR_foot,0.22951029,-0.21475096,0.02026494
4.700000,0,RL_foot,-0.28611073,0.18171072,0.02022306
4.700000,0,RR_foot,-0.34890172,-0.27016720,0.02250125
4.720000,0,FL_foot,0.18707238,0.12572333,0.02657505
4.720000,0,FR_foot,0.22934462,-0.21501844,0.02026907
4.720000,0,RL_foot,-0.28614700,0.18138425,0.02022451
4.720000,0,RR_foot,-0.35961235,-0.28416538,0.02335531
4.740000,0,FL_foot,0.18164080,0.12874776,0.02324283
4.740000,0,FR_foot,0.22916731,-0.21534778,0.02027006
4.740000,0,RL_foot,-0.28616580,0.18102579,0.02022059
4.740000,0,RR_foot,-0.36493632,-0.29397988,0.02291477
4.760000,0,FL_foot,0.17728655,0.13227621,0.02031450
4.760000,0,FR_foot,0.22896510,-0.21572068,0.02027780
4.760000,0,RL_foot,-0.28618267,0.18064582,0.02020871
4.760000,0,RR_foot,-0.36646244,-0.29874197,0.02024870
4.780000,0,FL_foot,0.17732173,0.13184595,0.02026611
4.780000,0,FR_foot,0.22701690,-0.22008115,0.02060162
4.780000,0,RL_foot,-0.28645957,0.17212462,0.02229431
4.780000,0,RR_foot,-0.36671948,-0.29918498,0.02018373
4.800000,0,FL_foot,0.17736764,0.13143137,0.02027472
4.800000,0,FR_foot,0.22602333,-0.22504823,0.02179132
4.800000,0,RL_foot,-0.28592640,0.15162395,0.02716509
4.800000,0,RR_foot,-0.36691052,-0.29953429,0.02020230
4.820000,0,FL_foot,0.17742261,0.13102533,0.02027442
4.820000,0,FR_foot,0.22907524,-0.23240107,0.02350182
4.820000,0,RL_foot,-0.28272259,0.12324005,0.03650279
4.820000,0,RR_foot,-0.36712456,-0.29982415,0.02020366
4.840000,0,FL_foot,0.17747307,0.13062264,0.02026524
4.840000,0,FR_foot,0.23665942,-0.24439737,0.02506162
4.840000,0,RL_foot,-0.27531233,0.09097338,0.05219442
4.840000,0,RR_foot,-0.36736590,-0.30008230,0.02020303
4.860000,0,FL_foot,0.17751528,0.13020338,0.02026926
4.860000,0,FR_foot,0.24705695,-0.26218206,0.02641925
4.860000,0,RL_foot,-0.26637432,0.06439658,0.06961174
4.860000,0,RR_foot,-0.36761963,-0.30034366,0.02020880
4.880000,0,FL_foot,0.17756553,0.12981457,0.02026386
4.880000,0,FR_foot,0.25543797,-0.28450745,0.02771696
4.880000,0,RL_foot,-0.25931022,0.04524415,0.08452907
4.880000,0,RR_foot,-0.36785364,-0.30061132,0.02021402
4.900000,0,FL_foot,0.17761651,0.12944616,0.02025602
4.900000,0,FR_foot,0.25813040,-0.30873767,0.02878058
4.900000,0,RL_foot,-0.25430316,0.03123090,0.09646013
4.900000,0,RR_foot,-0.36806253,-0.30088064,0.02020652
4.920000,0,FL_foot,0.17767742,0.12907106,0.02025451
4.920000,0,FR_foot,0.25421599,-0.33104423,0.02929800
4.920000,0,RL_foot,-0.25061908,0.02055622,0.10596725
4.920000,0,RR_foot,-0.36823511,-0.30114588,0.02019968
4.940000,0,FL_foot,0.17774138,0.12872183,0.02025037
4.940000,0,FR_foot,0.24498561,-0.34885338,0.02874829
4.940000,0,RL_foot,-0.24762806,0.01206447,0.11365423
4.940000,0,RR_foot,-0.36838868,-0.30140576,0.02019039
4.960000,0,FL_foot,0.17781436,0.12837230,0.02024499
4.960000,0,FR_foot,0.23276393,-0.36165497,0.02694560
4.960000,0,RL_foot,-0.24501018,0.00499280,0.12003867
4.960000,0,RR_foot,-0.36851725,-0.30166686,0.02017975
4.980000,0,FL_foot,0.17789881,0.12800150,0.02024233
4.980000,0,FR_foot,0.21990108,-0.37038389,0.02414050
4.980000,0,RL_foot,-0.24277815,-0.00111153,0.12549868
4.980000,0,RR_foot,-0.36862463,-0.30192176,0.02017494
5.000000,0,FL_foot,0.17798379,0.12765184,0.02023936
5.000000,0,FR_foot,0.20808461,-0.37615523,0.02065585
5.000000,0,RL_foot,-0.24099052,-0.00652282,0.13025169
5.000000,0,RR_foot,-0.36870596,-0.30219433,0.02016764
5.020000,0,FL_foot,0.17807522,0.12728354,0.02023854
5.020000,0,FR_foot,0.20782571,-0.37664735,0.02030357
5.020000,0,RL_foot,-0.23885618,-0.01203453,0.13334396
5.020000,0,RR_foot,-0.36882854,-0.30245543,0.02017496
5.040000,0,FL_foot,0.17816025,0.12693633,0.02023694
5.040000,0,FR_foot,0.20775032,-0.37698549,0.02029626
5.040000,0,RL_foot,-0.23694891,-0.01725737,0.13548808
5.040000,0,RR_foot,-0.36894813,-0.30270571,0.02018573
5.060000,0,FL_foot,0.17822556,0.12662892,0.02023524
5.060000,0,FR_foot,0.20768180,-0.37729585,0.02029670
5.060000,0,RL_foot,-0.23555042,-0.02198862,0.13692926
5.060000,0,RR_foot,-0.36906543,-0.30295509,0.02018521
5.080000,0,FL_foot,0.17828766,0.12634294,0.02023229
5.080000,0,FR_foot,0.20762287,-0.37757978,0.02029216
5.080000,0,RL_foot,-0.23461519,-0.02624039,0.13779798
5.080000,0,RR_foot,-0.36917508,-0.30319214,0.02018083
5.100000,0,FL_foot,0.17834815,0.12606733,0.02023079
5.100000,0,FR_foot,0.20756829,-0.37784413,0.02029107
5.100000,0,RL_foot,-0.23404431,-0.03005618,0.13822234
5.100000,0,RR_foot,-0.36926568,-0.30341139,0.02018437
5.120000,0,FL_foot,0.17839870,0.12582034,0.02022902
5.120000,0,FR_foot,0.20752025,-0.37808543,0.02029135
5.120000,0,RL_foot,-0.23375355,-0.03348771,0.13830620
5.120000,0,RR_foot,-0.36935762,-0.30362111,0.02018303
5.140000,0,FL_foot,0.17844599,0.12559208,0.02022625
5.140000,0,FR_foot,0.20748231,-0.37829480,0.02028547
5.140000,0,RL_foot,-0.23369262,-0.03658817,0.13814639
5.140000,0,RR_foot,-0.36944234,-0.30381620,0.02017793
5.160000,0,FL_foot,0.17848925,0.12537287,0.02022535
5.160000,0,FR_foot,0.20746025,-0.37854931,0.02028639
5.160000,0,RL_foot,-0.23381229,-0.03939696,0.13780379
5.160000,0,RR_foot,-0.36951140,-0.30399218,0.02017909
5.180000,0,FL_foot,0.17852435,0.12517923,0.02022426
5.180000,0,FR_foot,0.20756336,-0.37904292,0.02028631
5.180000,0,RL_foot,-0.23406619,-0.04196663,0.13733391
5.180000,0,RR_foot,-0.36958450,-0.30416146,0.02017887
5.200000,0,FL_foot,0.17855562,0.12500012,0.02022290
5.200000,0,FR_foot,0.20773326,-0.37960500,0.02028400
5.200000,0,RL_foot,-0.23440598,-0.04434878,0.13676833
5.200000,0,RR_foot,-0.36965156,-0.30431855,0.02017681
5.220000,0,FL_foot,0.17858286,0.12483328,0.02022135
5.220000,0,FR_foot,0.20788026,-0.38007304,0.02028288
5.220000,0,RL_foot,-0.23482266,-0.04638708,0.13570197
5.220000,0,RR_foot,-0.36971480,-0.30446634,0.02016998
5.240000,0,FL_foot,0.17860746,0.12467631,0.02021992
5.240000,0,FR_foot,0.20811400,-0.38068542,0.02028408
5.240000,0,RL_foot,-0.23539473,-0.04793448,0.13378660
5.240000,0,RR_foot,-0.36977378,-0.30460864,0.02016279
5.260000,0,FL_foot,0.17863110,0.12452560,0.02021854
5.260000,0,FR_foot,0.20841300,-0.38140354,0.02028475
5.260000,0,RL_foot,-0.23617981,-0.04891912,0.13080916
5.260000,0,RR_foot,-0.36982861,-0.30474830,0.02015649
5.280000,0,FL_foot,0.17865443,0.12437759,0.02021724
5.280000,0,FR_foot,0.20877762,-0.38223666,0.02028530
5.280000,0,RL_foot,-0.23725122,-0.04927899,0.12662554
5.280000,0,RR_foot,-0.36987999,-0.30488691,0.02015083
5.300000,0,FL_foot,0.17867897,0.12422873,0.02021602
5.300000,0,FR_foot,0.20919211,-0.38317814,0.02028447
5.300000,0,RL_foot,-0.23867752,-0.04894958,0.12113830
5.300000,0,RR_foot,-0.36993003,-0.30502573,0.02014572
5.320000,0,FL_foot,0.17870395,0.12407616,0.02021502
5.320000,0,FR_foot,0.20963839,-0.38418645,0.02028886
5.320000,0,RL_foot,-0.24048045,-0.04791766,0.11441667
5.320000,0,RR_foot,-0.36998063,-0.30516848,0.02014393
5.340000,0,FL_foot,0.17873071,0.12391727,0.02021359
5.340000,0,FR_foot,0.21012489,-0.38535053,0.02028518
5.340000,0,RL_foot,-0.24267326,-0.04612494,0.10652073
5.340000,0,RR_foot,-0.37003163,-0.30531505,0.02014235
5.360000,0,FL_foot,0.17875990,0.12374950,0.02021231
5.360000,0,FR_foot,0.21056858,-0.38645914,0.02028498
5.360000,0,RL_foot,-0.24529256,-0.04348110,0.09749445
5.360000,0,RR_foot,-0.37008536,-0.30546647,0.02014027
5.380000,0,FL_foot,0.17879125,0.12357119,0.02021110
5.380000,0,FR_foot,0.21092349,-0.38743725,0.02028423
5.380000,0,RL_foot,-0.24842200,-0.03983612,0.08737781
5.380000,0,RR_foot,-0.37014243,-0.30562401,0.02013922
5.400000,0,FL_foot,0.17882480,0.12338023,0.02020953
5.400000,0,FR_foot,0.21126305,-0.38843840,0.02028400
5.400000,0,RL_foot,-0.25216976,-0.03501310,0.07624497
5.400000,0,RR_foot,-0.37020391,-0.30579010,0.02013923
5.420000,0,FL_foot,0.17886014,0.12317347,0.02020764
5.420000,0,FR_foot,0.21154414,-0.38936424,0.02028332
5.420000,0,RL_foot,-0.25654632,-0.02897017,0.06435501
5.420000,0,RR_foot,-0.37027133,-0.30596691,0.02013765
5.440000,0,FL_foot,0.17889768,0.12295037,0.02020617
5.440000,0,FR_foot,0.21167105,-0.39000708,0.02028276
5.440000,0,RL_foot,-0.26136938,-0.02204855,0.05235853
5.440000,0,RR_foot,-0.37035149,-0.30615029,0.02013750
5.460000,0,FL_foot,0.17893621,0.12270252,0.02020405
5.460000,0,FR_foot,0.21161512,-0.39025071,0.02027940
5.460000,0,RL_foot,-0.26643941,-0.01463750,0.04079801
5.460000,0,RR_foot,-0.37043688,-0.30632234,0.02013795
5.480000,0,FL_foot,0.17896636,0.12244324,0.02020100
5.480000,0,FR_foot,0.21154477,-0.39052546,0.02027883
5.480000,0,RL_foot,-0.27166626,-0.00698851,0.02988379
5.480000,0,RR_foot,-0.37054229,-0.30654854,0.02013439
5.500000,0,FL_foot,0.17897469,0.12219051,0.02020000
5.500000,0,FR_foot,0.21147843,-0.39080238,0.02027970
5.500000,0,RL_foot,-0.27752578,0.00032303,0.01963297
5.500000,0,RR_foot,-0.37065983,-0.30680096,0.02014177
5.520000,0,FL_foot,0.17908970,0.11648161,0.02268907
5.520000,0,FR_foot,0.21134028,-0.39102116,0.02027576
5.520000,0,RL_foot,-0.27743733,0.00071701,0.02028330
5.520000,0,RR_foot,-0.37107569,-0.30637327,0.02063997
5.540000,0,FL_foot,0.18373610,0.09928975,0.02449331
5.540000,0,FR_foot,0.21129727,-0.39124686,0.02027552
5.540000,0,RL_foot,-0.27735946,0.00041034,0.02027876
5.540000,0,RR_foot,-0.37219468,-0.30334911,0.02284379
5.560000,0,FL_foot,0.18926986,0.06894101,0.02776332
5.560000,0,FR_foot,0.21126591,-0.39147323,0.02027746
5.560000,0,RL_foot,-0.27727658,0.00011542,0.02027704
5.560000,0,RR_foot,-0.37368372,-0.30298948,0.02470783
5.580000,0,FL_foot,0.19316238,0.03488412,0.03407145
5.580000,0,FR_foot,0.21121831,-0.39173639,0.02028102
5.580000,0,RL_foot,-0.27713495,-0.00022482,0.02029086
5.580000,0,RR_foot,-0.37700930,-0.30762258,0.02584803
5.600000,0,FL_foot,0.19622020,0.00631317,0.04169754
5.600000,0,FR_foot,0.21116568,-0.39202401,0.02027820
5.600000,0,RL_foot,-0.27698416,-0.00055783,0.02029348
5.600000,0,RR_foot,-0.38433200,-0.31775227,0.02630164
5.620000,0,FL_foot,0.19974181,-0.01375642,0.04785270
5.620000,0,FR_foot,0.21112974,-0.39232117,0.02027554
5.620000,0,RL_foot,-0.27680820,-0.00097093,0.02028927
5.620000,0,RR_foot,-0.39582077,-0.33307150,0.02630455
5.640000,0,FL_foot,0.20301138,-0.02666989,0.05130821
5.640000,0,FR_foot,0.21110195,-0.39262813,0.02027331
5.640000,0,RL_foot,-0.27662867,-0.00141610,0.02028587
5.640000,0,RR_foot,-0.40962365,-0.35316440,0.02633942
5.660000,0,FL_foot,0.20451352,-0.03516656,0.05239214
5.660000,0,FR_foot,0.21107136,-0.39295691,0.02027195
5.660000,0,RL_foot,-0.27645612,-0.00187924,0.02028078
5.660000,0,RR_foot,-0.42168719,-0.37638900,0.02692541
5.680000,0,FL_foot,0.20448661,-0.04076830,0.05160180
5.680000,0,FR_foot,0.21102741,-0.39329851,0.02026939
5.680000,0,RL_foot,-0.27629969,-0.00234868,0.02027232
5.680000,0,RR_foot,-0.42899087,-0.40187898,0.02764270
5.700000,0,FL_foot,0.20323539,-0.04501007,0.05005205
5.700000,0,FR_foot,0.21096809,-0.39365175,0.02026851
5.700000,0,RL_foot,-0.27616468,-0.00281068,0.02026931
5.700000,0,RR_foot,-0.43064398,-0.42878744,0.02806259
5.720000,0,FL_foot,0.20072065,-0.04830762,0.04834453
5.720000,0,FR_foot,0.21088383,-0.39402211,0.02026927
5.720000,0,RL_foot,-0.27605560,-0.00326881,0.02026447
5.720000,0,RR_foot,-0.42662522,-0.45448738,0.02785822
5.740000,0,FL_foot,0.19689363,-0.05068910,0.04674833
5.740000,0,FR_foot,0.21079877,-0.39439142,0.02026937
5.740000,0,RL_foot,-0.27597383,-0.00373905,0.02026100
5.740000,0,RR_foot,-0.41773564,-0.47602913,0.02637447
5.760000,0,FL_foot,0.19163886,-0.05181717,0.04514770
5.760000,0,FR_foot,0.21070503,-0.39476997,0.02026804
5.760000,0,RL_foot,-0.27591479,-0.00423609,0.02025464
5.760000,0,RR_foot,-0.40567848,-0.49205005,0.02310240
5.780000,0,FL_foot,0.18481956,-0.05185967,0.04272950
5.780000,0,FR_foot,0.21059780,-0.39519215,0.02029009
5.780000,0,RL_foot,-0.27598587,-0.00455496,0.02023770
5.780000,0,RR_foot,-0.39739865,-0.50061250,0.02022245
5.800000,0,FL_foot,0.17681380,-0.04921965,0.03658170
5.800000,0,FR_foot,0.21048637,-0.39559412,0.02026864
5.800000,0,RL_foot,-0.27586541,-0.00508261,0.02023734
5.800000,0,RR_foot,-0.39503342,-0.50747204,0.02023726
5.820000,0,FL_foot,0.16822430,-0.04554575,0.02928729
5.820000,0,FR_foot,0.21034224,-0.39606440,0.02026105
5.820000,0,RL_foot,-0.27570713,-0.00557852,0.02022507
5.820000,0,RR_foot,-0.39388850,-0.51065731,0.02023491
5.840000,0,FL_foot,0.15989855,-0.03768391,0.02015297
5.840000,0,FR_foot,0.21015705,-0.39656404,0.02024099
5.840000,0,RL_foot,-0.27555111,-0.00595250,0.02020896
5.840000,0,RR_foot,-0.39407048,-0.51106119,0.02022113
5.860000,0,FL_foot,0.16007686,-0.03819020,0.02027132
5.860000,0,FR_foot,0.20989056,-0.39826259,0.02026340
5.860000,0,RL_foot,-0.27407700,-0.02626656,0.02643054
5.860000,0,RR_foot,-0.39424416,-0.51097065,0.02019443
5.880000,0,FL_foot,0.16016778,-0.03854753,0.02026241
5.880000,0,FR_foot,0.21364795,-0.40382379,0.02030580
5.880000,0,RL_foot,-0.26982754,-0.06646152,0.04038718
5.880000,0,RR_foot,-0.39434850,-0.51125908,0.02020182
5.900000,0,FL_foot,0.16024035,-0.03892067,0.02026206
5.900000,0,FR_foot,0.22438754,-0.41578472,0.02027095
5.900000,0,RL_foot,-0.26448345,-0.10385637,0.05994408
5.900000,0,RR_foot,-0.39452627,-0.51153922,0.02021247
5.920000,0,FL_foot,0.16032729,-0.03929659,0.02025824
5.920000,0,FR_foot,0.23925532,-0.43478975,0.02024835
5.920000,0,RL_foot,-0.26146808,-0.12986496,0.07760733
5.920000,0,RR_foot,-0.39474446,-0.51184279,0.02020466
5.940000,0,FL_foot,0.16041720,-0.03967136,0.02024820
5.940000,0,FR_foot,0.25132191,-0.45956159,0.02021916
5.940000,0,RL_foot,-0.25990966,-0.14788803,0.09148424
5.940000,0,RR_foot,-0.39494082,-0.51214296,0.02019471
5.960000,0,FL_foot,0.16050985,-0.04004482,0.02024708
5.960000,0,FR_foot,0.25617874,-0.48611221,0.02022137
5.960000,0,RL_foot,-0.25829661,-0.16115806,0.10235665
5.960000,0,RR_foot,-0.39511093,-0.51245016,0.02019748
5.980000,0,FL_foot,0.16061264,-0.04039776,0.02024367
5.980000,0,FR_foot,0.25394741,-0.50787693,0.02026441
5.980000,0,RL_foot,-0.25604802,-0.17159246,0.11106368
5.980000,0,RR_foot,-0.39526868,-0.51275861,0.02019186
6.000000,0,FL_foot,0.16072291,-0.04075702,0.02023707
6.000000,0,FR_foot,0.24908991,-0.52238429,0.02030137
6.000000,0,RL_foot,-0.25314817,-0.18027949,0.11807226
6.000000,0,RR_foot,-0.39540637,-0.51304299,0.02018659
6.020000,0,FL_foot,0.16083589,-0.04111957,0.02023385
6.020000,0,FR_foot,0.24471836,-0.53151536,0.02031353
6.020000,0,RL_foot,-0.25006619,-0.18777192,0.12374312
6.020000,0,RR_foot,-0.39553905,-0.51331502,0.02019113
6.040000,0,FL_foot,0.16093203,-0.04144240,0.02023130
6.040000,0,FR_foot,0.24176697,-0.53704107,0.02031668
6.040000,0,RL_foot,-0.24724977,-0.19433437,0.12827596
6.040000,0,RR_foot,-0.39566395,-0.51357859,0.02018788
6.060000,0,FL_foot,0.16101807,-0.04173998,0.02022909
6.060000,0,FR_foot,0.24019103,-0.54011452,0.02031977
6.060000,0,RL_foot,-0.24491020,-0.20011424,0.13180791
6.060000,0,RR_foot,-0.39577246,-0.51382852,0.02018504
6.080000,0,FL_foot,0.16110128,-0.04202586,0.02022665
6.080000,0,FR_foot,0.23960677,-0.54158783,0.02031945
6.080000,0,RL_foot,-0.24305628,-0.20521343,0.13445975
6.080000,0,RR_foot,-0.39586851,-0.51406777,0.02018986
6.100000,0,FL_foot,0.16116711,-0.04227085,0.02022532
6.100000,0,FR_foot,0.23952103,-0.54205054,0.02031522
6.100000,0,RL_foot,-0.24161553,-0.20971406,0.13635407
6.100000,0,RR_foot,-0.39594528,-0.51429623,0.02019092
6.120000,0,FL_foot,0.16120775,-0.04243822,0.02022333
6.120000,0,FR_foot,0.23948586,-0.54225415,0.02031573
6.120000,0,RL_foot,-0.23501274,-0.21385506,0.13842924
6.120000,0,RR_foot,-0.39596573,-0.51442301,0.02017784
6.140000,0,FL_foot,0.16127352,-0.04254139,0.02022709
6.140000,0,FR_foot,0.23945473,-0.54236716,0.02031550
6.140000,0,RL_foot,-0.22638844,-0.21816710,0.14215681
6.140000,0,RR_foot,-0.39600012,-0.51447988,0.02017737
6.160000,0,FL_foot,0.16130948,-0.04258456,0.02022690
6.160000,0,FR_foot,0.23945300,-0.54242283,0.02031395
6.160000,0,RL_foot,-0.21896330,-0.22203162,0.14627376
6.160000,0,RR_foot,-0.39599842,-0.51449847,0.02018559
6.180000,0,FL_foot,0.16132453,-0.04258269,0.02022685
6.180000,0,FR_foot,0.23945181,-0.54242951,0.02031350
6.180000,0,RL_foot,-0.21328343,-0.22490169,0.14989257
6.180000,0,RR_foot,-0.39598176,-0.51447457,0.02018799
6.200000,0,FL_foot,0.16132917,-0.04253755,0.02022686
6.200000,0,FR_foot,0.23946272,-0.54239553,0.02031397
6.200000,0,RL_foot,-0.20897575,-0.22673662,0.15280552
6.200000,0,RR_foot,-0.39594716,-0.51441664,0.02018436
6.220000,0,FL_foot,0.16132684,-0.04245398,0.02022709
6.220000,0,FR_foot,0.23949063,-0.54232216,0.02031391
6.220000,0,RL_foot,-0.20558825,-0.22767431,0.15507099
6.220000,0,RR_foot,-0.39589858,-0.51432937,0.02017894
6.240000,0,FL_foot,0.16132621,-0.04233794,0.02022775
6.240000,0,FR_foot,0.23951378,-0.54221934,0.02031418
6.240000,0,RL_foot,-0.20275414,-0.22790751,0.15680790
6.240000,0,RR_foot,-0.39583024,-0.51421660,0.02018011
6.260000,0,FL_foot,0.16132392,-0.04219963,0.02022576
6.260000,0,FR_foot,0.23952709,-0.54208308,0.02031099
6.260000,0,RL_foot,-0.20021896,-0.22761153,0.15813103
6.260000,0,RR_foot,-0.39575273,-0.51408458,0.02017757
6.280000,0,FL_foot,0.16132317,-0.04204378,0.02022680
6.280000,0,FR_foot,0.23940820,-0.54187816,0.02030968
6.280000,0,RL_foot,-0.19784825,-0.22691885,0.15911672
6.280000,0,RR_foot,-0.39566374,-0.51393831,0.02017883
6.300000,0,FL_foot,0.16132519,-0.04187263,0.02022758
6.300000,0,FR_foot,0.23900968,-0.54144239,0.02030734
6.300000,0,RL_foot,-0.19559313,-0.22591966,0.15981989
6.300000,0,RR_foot,-0.39556736,-0.51378000,0.02017971
6.320000,0,FL_foot,0.16132659,-0.04169628,0.02022829
6.320000,0,FR_foot,0.23815393,-0.54062337,0.02031142
6.320000,0,RL_foot,-0.19342789,-0.22468558,0.16027038
6.320000,0,RR_foot,-0.39546704,-0.51361084,0.02017845
6.340000,0,FL_foot,0.16132332,-0.04151106,0.02022979
6.340000,0,FR_foot,0.23692998,-0.53952110,0.02030545
6.340000,0,RL_foot,-0.19139238,-0.22324638,0.16052617
6.340000,0,RR_foot,-0.39536986,-0.51343864,0.02018265
6.360000,0,FL_foot,0.16131799,-0.04132131,0.02023115
6.360000,0,FR_foot,0.23559634,-0.53824383,0.02030267
6.360000,0,RL_foot,-0.18957084,-0.22161664,0.16062847
6.360000,0,RR_foot,-0.39527038,-0.51325893,0.02018438
6.380000,0,FL_foot,0.16130686,-0.04112979,0.02023238
6.380000,0,FR_foot,0.23414052,-0.53675216,0.02029835
6.380000,0,RL_foot,-0.18796040,-0.21983545,0.16058785
6.380000,0,RR_foot,-0.39517966,-0.51307559,0.02018089
6.400000,0,FL_foot,0.16129138,-0.04093684,0.02023422
6.400000,0,FR_foot,0.23254453,-0.53499234,0.02029463
6.400000,0,RL_foot,-0.18657872,-0.21793468,0.16042380
6.400000,0,RR_foot,-0.39509752,-0.51290208,0.02018527
6.420000,0,FL_foot,0.16126864,-0.04074310,0.02023731
6.420000,0,FR_foot,0.23083749,-0.53296876,0.02029149
6.420000,0,RL_foot,-0.18546301,-0.21592060,0.16014561
6.420000,0,RR_foot,-0.39501572,-0.51272202,0.02018797
6.440000,0,FL_foot,0.16124953,-0.04056002,0.02023681
6.440000,0,FR_foot,0.22900690,-0.53059202,0.02028958
6.440000,0,RL_foot,-0.18462752,-0.21380924,0.15974490
6.440000,0,RR_foot,-0.39494440,-0.51254451,0.02018918
6.460000,0,FL_foot,0.16121395,-0.04037114,0.02023843
6.460000,0,FR_foot,0.22702414,-0.52772534,0.02028932
6.460000,0,RL_foot,-0.18404222,-0.21158807,0.15915832
6.460000,0,RR_foot,-0.39488634,-0.51236922,0.02018617
6.480000,0,FL_foot,0.16117311,-0.04018667,0.02023916
6.480000,0,FR_foot,0.22490156,-0.52427250,0.02028849
6.480000,0,RL_foot,-0.18348597,-0.20897652,0.15769319
6.480000,0,RR_foot,-0.39483330,-0.51220095,0.02018588
6.500000,0,FL_foot,0.16112453,-0.04000450,0.02024202
6.500000,0,FR_foot,0.22268414,-0.52014887,0.02028904
6.500000,0,RL_foot,-0.18288310,-0.20571885,0.15485181
6.500000,0,RR_foot,-0.39479065,-0.51203912,0.02018538
6.520000,0,FL_foot,0.16107048,-0.03982977,0.02024292
6.520000,0,FR_foot,0.22037201,-0.51511300,0.02028544
6.520000,0,RL_foot,-0.18222870,-0.20156235,0.15023908
6.520000,0,RR_foot,-0.39475858,-0.51188385,0.02018359
6.540000,0,FL_foot,0.16100891,-0.03965991,0.02024409
6.540000,0,FR_foot,0.21800116,-0.50900453,0.02028204
6.540000,0,RL_foot,-0.18163653,-0.19626364,0.14366734
6.540000,0,RR_foot,-0.39473763,-0.51173466,0.02018343
6.560000,0,FL_foot,0.16093868,-0.03949287,0.02024611
6.560000,0,FR_foot,0.21555679,-0.50169790,0.02027785
6.560000,0,RL_foot,-0.18135947,-0.18964398,0.13524124
6.560000,0,RR_foot,-0.39472499,-0.51159137,0.02018557
6.580000,0,FL_foot,0.16086642,-0.03934748,0.02024317
6.580000,0,FR_foot,0.21296923,-0.49317139,0.02027039
6.580000,0,RL_foot,-0.18172608,-0.18162882,0.12531346
6.580000,0,RR_foot,-0.39471620,-0.51145160,0.02019038
6.600000,0,FL_foot,0.16077286,-0.03916381,0.02024701
6.600000,0,FR_foot,0.21020427,-0.48376992,0.02026478
6.600000,0,RL_foot,-0.18298706,-0.17220995,0.11432836
6.600000,0,RR_foot,-0.39470139,-0.51131207,0.02019376
6.620000,0,FL_foot,0.16067378,-0.03896986,0.02025303
6.620000,0,FR_foot,0.20724173,-0.47377235,0.02025846
6.620000,0,RL_foot,-0.18531296,-0.16132689,0.10253226
6.620000,0,RR_foot,-0.39467672,-0.51117045,0.02020197
6.640000,0,FL_foot,0.16057159,-0.03878416,0.02025028
6.640000,0,FR_foot,0.20415035,-0.46350732,0.02025095
6.640000,0,RL_foot,-0.18881819,-0.14867343,0.08984008
6.640000,0,RR_foot,-0.39463884,-0.51102364,0.02021193
6.660000,0,FL_foot,0.16045825,-0.03855647,0.02025405
6.660000,0,FR_foot,0.20104739,-0.45325026,0.02023339
6.660000,0,RL_foot,-0.19365263,-0.13360283,0.07601600
6.660000,0,RR_foot,-0.39458391,-0.51086962,0.02022271
6.680000,0,FL_foot,0.16034310,-0.03831767,0.02025861
6.680000,0,FR_foot,0.19782215,-0.44242224,0.02022995
6.680000,0,RL_foot,-0.20025134,-0.11482825,0.06065198
6.680000,0,RR_foot,-0.39451796,-0.51071179,0.02021735
6.700000,0,FL_foot,0.16023508,-0.03811009,0.02026237
6.700000,0,FR_foot,0.19533327,-0.43347692,0.02057065
6.700000,0,RL_foot,-0.20937937,-0.09163237,0.04394228
6.700000,0,RR_foot,-0.39448145,-0.51056528,0.02021103
6.720000,0,FL_foot,0.16011938,-0.03785295,0.02025968
6.720000,0,FR_foot,0.19260429,-0.42491809,0.02018769
6.720000,0,RL_foot,-0.22208235,-0.06550431,0.02900858
6.720000,0,RR_foot,-0.39438510,-0.51037335,0.02023828
6.740000,0,FL_foot,0.15980799,-0.03654422,0.02029783
6.740000,0,FR_foot,0.19166890,-0.42314756,0.02023794
6.740000,0,RL_foot,-0.23234764,-0.04746052,0.02021423
6.740000,0,RR_foot,-0.39408329,-0.51004195,0.02041718
6.760000,0,FL_foot,0.15899478,-0.03630524,0.02028324
6.760000,0,FR_foot,0.19149517,-0.42292652,0.02024841
6.760000,0,RL_foot,-0.23237854,-0.04715016,0.02032113
6.760000,0,RR_foot,-0.39225212,-0.50759691,0.02019997
6.780000,0,FL_foot,0.15716478,-0.03699986,0.02025804
6.780000,0,FR_foot,0.19152401,-0.42262092,0.02025570
6.780000,0,RL_foot,-0.23248301,-0.04686236,0.02037056
6.780000,0,RR_foot,-0.38889632,-0.50386834,0.02021782
6.800000,0,FL_foot,0.15300500,-0.03858489,0.02032815
6.800000,0,FR_foot,0.19157450,-0.42230564,0.02026715
6.800000,0,RL_foot,-0.23257031,-0.04674017,0.02032151
6.800000,0,RR_foot,-0.38390201,-0.49893206,0.02018581
6.820000,0,FL_foot,0.14875017,-0.03978690,0.02030560
6.820000,0,FR_foot,0.19167936,-0.42198205,0.02026046
6.820000,0,RL_foot,-0.23260786,-0.04654375,0.02032643
6.820000,0,RR_foot,-0.37766725,-0.49238387,0.02022642
6.840000,0,FL_foot,0.14519113,-0.04057474,0.02033935
6.840000,0,FR_foot,0.19180676,-0.42166939,0.02026963
6.840000,0,RL_foot,-0.23261991,-0.04635043,0.02032287
6.840000,0,RR_foot,-0.36994717,-0.48358640,0.02023277
6.860000,0,FL_foot,0.14246418,-0.04097943,0.02033074
6.860000,0,FR_foot,0.19196136,-0.42136109,0.02026726
6.860000,0,RL_foot,-0.23259965,-0.04616941,0.02032783
6.860000,0,RR_foot,-0.35930955,-0.47079888,0.02020092
6.880000,0,FL_foot,0.13967748,-0.04076073,0.02031475
6.880000,0,FR_foot,0.19212745,-0.42108184,0.02026228
6.880000,0,RL_foot,-0.23256011,-0.04600153,0.02033268
6.880000,0,RR_foot,-0.34335929,-0.45308045,0.02014099
6.900000,0,FL_foot,0.13583957,-0.03801458,0.02031173
6.900000,0,FR_foot,0.19226851,-0.42084494,0.02026188
6.900000,0,RL_foot,-0.23253739,-0.04580849,0.02032889
6.900000,0,RR_foot,-0.31927910,-0.42759544,0.02037217
6.920000,0,FL_foot,0.13084458,-0.03133145,0.02031183
6.920000,0,FR_foot,0.19239184,-0.42060930,0.02026256
6.920000,0,RL_foot,-0.23256999,-0.04556324,0.02032460
6.920000,0,RR_foot,-0.29209185,-0.39606184,0.02409068
6.940000,0,FL_foot,0.12766452,-0.02150755,0.02075879
6.940000,0,FR_foot,0.19252957,-0.42035276,0.02026377
6.940000,0,RL_foot,-0.23265928,-0.04530310,0.02032787
6.940000,0,RR_foot,-0.26874441,-0.36529109,0.03188899
6.960000,0,FL_foot,0.12833139,-0.00878667,0.02139809
6.960000,0,FR_foot,0.19269292,-0.42005908,0.02026251
6.960000,0,RL_foot,-0.23277263,-0.04501182,0.02032409
6.960000,0,RR_foot,-0.25166219,-0.34053618,0.04032552
6.980000,0,FL_foot,0.13182521,0.00766286,0.02154713
6.980000,0,FR_foot,0.19288091,-0.41973543,0.02025821
6.980000,0,RL_foot,-0.23289983,-0.04468723,0.02032010
6.980000,0,RR_foot,-0.24015267,-0.32321942,0.04587127
7.000000,0,FL_foot,0.13573882,0.02919572,0.02092045
7.000000,0,FR_foot,0.19306299,-0.41941074,0.02025942
7.000000,0,RL_foot,-0.23300786,-0.04437872,0.02032945
7.000000,0,RR_foot,-0.23294941,-0.31248066,0.04692553
7.020000,0,FL_foot,0.13774125,0.05618349,0.02031131
7.020000,0,FR_foot,0.19325414,-0.41908589,0.02026015
7.020000,0,RL_foot,-0.23310161,-0.04402706,0.02032911
7.020000,0,RR_foot,-0.22919874,-0.30765492,0.04286689
7.040000,0,FL_foot,0.13653687,0.08632643,0.02115423
7.040000,0,FR_foot,0.19344686,-0.41875169,0.02026177
7.040000,0,RL_foot,-0.23316632,-0.04369832,0.02033998
7.040000,0,RR_foot,-0.22811165,-0.30674091,0.03578137
7.060000,0,FL_foot,0.13575466,0.10590132,0.02199739
7.060000,0,FR_foot,0.19362073,-0.41842428,0.02025937
7.060000,0,RL_foot,-0.23320863,-0.04340818,0.02033378
7.060000,0,RR_foot,-0.22830236,-0.30931598,0.02835529
7.080000,0,FL_foot,0.13834710,0.11620208,0.02062014
7.080000,0,FR_foot,0.19381931,-0.41797709,0.02026117
7.080000,0,RL_foot,-0.23322816,-0.04327583,0.02035128
7.080000,0,RR_foot,-0.23146173,-0.31324843,0.02392538
7.100000,0,FL_foot,0.13850835,0.11829127,0.02018527
7.100000,0,FR_foot,0.19404854,-0.41752258,0.02026293
7.100000,0,RL_foot,-0.23234420,-0.04164537,0.02040257
7.100000,0,RR_foot,-0.23328733,-0.31766173,0.02024408
7.120000,0,FL_foot,0.13830921,0.11858533,0.02019503
7.120000,0,FR_foot,0.19416040,-0.41710341,0.02026226
7.120000,0,RL_foot,-0.23246582,-0.04162112,0.02045472
7.120000,0,RR_foot,-0.23206811,-0.31862083,0.02023167
7.140000,0,FL_foot,0.13807385,0.11878064,0.02020107
7.140000,0,FR_foot,0.19432266,-0.41686359,0.02026553
7.140000,0,RL_foot,-0.23252997,-0.04181818,0.02037606
7.140000,0,RR_foot,-0.23020001,-0.32111904,0.02020956
7.160000,0,FL_foot,0.13786896,0.11892698,0.02020606
7.160000,0,FR_foot,0.19444457,-0.41667825,0.02026714
7.160000,0,RL_foot,-0.23257893,-0.04206676,0.02037094
7.160000,0,RR_foot,-0.22884127,-0.32468948,0.02019626
7.180000,0,FL_foot,0.13769078,0.11902581,0.02021002
7.180000,0,FR_foot,0.19454512,-0.41653535,0.02026616
7.180000,0,RL_foot,-0.23261589,-0.04236681,0.02034528
7.180000,0,RR_foot,-0.22815759,-0.32855630,0.02018883
7.200000,0,FL_foot,0.13751329,0.11911607,0.02021324
7.200000,0,FR_foot,0.19462426,-0.41641286,0.02026631
7.200000,0,RL_foot,-0.23265885,-0.04266027,0.02033305
7.200000,0,RR_foot,-0.22814636,-0.33209619,0.02019185
7.220000,0,FL_foot,0.13733609,0.11920940,0.02021543
7.220000,0,FR_foot,0.19468129,-0.41628909,0.02026766
7.220000,0,RL_foot,-0.23270731,-0.04295361,0.02033035
7.220000,0,RR_foot,-0.22846229,-0.33485362,0.02022899
7.240000,0,FL_foot,0.13715400,0.11931683,0.02021776
7.240000,0,FR_foot,0.19472362,-0.41614619,0.02026825
7.240000,0,RL_foot,-0.23277648,-0.04316611,0.02032129
7.240000,0,RR_foot,-0.22881199,-0.33656019,0.02026656
7.260000,0,FL_foot,0.13694620,0.11946157,0.02022109
7.260000,0,FR_foot,0.19475314,-0.41597229,0.02027024
7.260000,0,RL_foot,-0.23290934,-0.04330393,0.02033384
7.260000,0,RR_foot,-0.22903621,-0.33719763,0.02024510
7.280000,0,FL_foot,0.13672768,0.11963495,0.02022341
7.280000,0,FR_foot,0.19472861,-0.41571620,0.02027408
7.280000,0,RL_foot,-0.23301366,-0.04340273,0.02033614
7.280000,0,RR_foot,-0.22907184,-0.33721650,0.02022329
7.300000,0,FL_foot,0.13650949,0.11982588,0.02022817
7.300000,0,FR_foot,0.19388208,-0.41478071,0.02027322
7.300000,0,RL_foot,-0.23313220,-0.04349817,0.02032570
7.300000,0,RR_foot,-0.22908609,-0.33723968,0.02022232
7.320000,0,FL_foot,0.13629758,0.12001970,0.02022720
7.320000,0,FR_foot,0.18924551,-0.40944132,0.02026200
7.320000,0,RL_foot,-0.23118378,-0.04558545,0.02047342
7.320000,0,RR_foot,-0.22909451,-0.33730358,0.02020745
7.340000,0,FL_foot,0.13606776,0.12020010,0.02023242
7.340000,0,FR_foot,0.18377678,-0.39945936,0.02024315
7.340000,0,RL_foot,-0.23011297,-0.05259745,0.02290091
7.340000,0,RR_foot,-0.22912021,-0.33737862,0.02021568
7.360000,0,FL_foot,0.13586284,0.12037175,0.02023745
7.360000,0,FR_foot,0.18066020,-0.38143435,0.02018643
7.360000,0,RL_foot,-0.23357664,-0.06125074,0.02588119
7.360000,0,RR_foot,-0.22915508,-0.33743322,0.02019785
7.380000,0,FL_foot,0.13567045,0.12051576,0.02024298
7.380000,0,FR_foot,0.18355426,-0.35513788,0.02124945
7.380000,0,RL_foot,-0.24397606,-0.06733646,0.02639236
7.380000,0,RR_foot,-0.22915602,-0.33754998,0.02018241
7.400000,0,FL_foot,0.13547133,0.12066856,0.02024769
7.400000,0,FR_foot,0.19331609,-0.32654309,0.02468497
7.400000,0,RL_foot,-0.26000521,-0.06811675,0.02235340
7.400000,0,RR_foot,-0.22909944,-0.33762079,0.02018067
7.420000,0,FL_foot,0.13523993,0.12086661,0.02025311
7.420000,0,FR_foot,0.20614833,-0.30104381,0.02891439
7.420000,0,RL_foot,-0.27448460,-0.06856262,0.02037213
7.420000,0,RR_foot,-0.22898507,-0.33767638,0.02020037
7.440000,0,FL_foot,0.13505387,0.12108276,0.02025594
7.440000,0,FR_foot,0.21921442,-0.28400910,0.03048527
7.440000,0,RL_foot,-0.28775170,-0.06885354,0.02034932
7.440000,0,RR_foot,-0.22879995,-0.33766091,0.02019086
7.460000,0,FL_foot,0.13446364,0.12103760,0.02025690
7.460000,0,FR_foot,0.22999568,-0.27566269,0.02777177
7.460000,0,RL_foot,-0.29992089,-0.06731080,0.02033298
7.460000,0,RR_foot,-0.22854877,-0.33762956,0.02018406
7.480000,0,FL_foot,0.13433950,0.12134711,0.02025444
7.480000,0,FR_foot,0.23620176,-0.27339819,0.02115273
7.480000,0,RL_foot,-0.30898300,-0.06373700,0.02031112
7.480000,0,RR_foot,-0.22822843,-0.33755806,0.02018828
7.500000,0,FL_foot,0.13404804,0.12147247,0.02025643
7.500000,0,FR_foot,0.23647062,-0.27284181,0.02026385
7.500000,0,RL_foot,-0.31067297,-0.06264797,0.02022618
7.500000,0,RR_foot,-0.22705650,-0.34126633,0.02015893
7.520000,0,FL_foot,0.13402712,0.12181655,0.02025807
7.520000,0,FR_foot,0.23668408,-0.27255943,0.02025423
7.520000,0,RL_foot,-0.31018531,-0.06303728,0.02033131
7.520000,0,RR_foot,-0.22793587,-0.34565833,0.02068048
7.540000,0,FL_foot,0.13385473,0.12205783,0.02026144
7.540000,0,FR_foot,0.23689686,-0.27224749,0.02025800
7.540000,0,RL_foot,-0.30998951,-0.06320170,0.02031986
7.540000,0,RR_foot,-0.22780338,-0.34763455,0.02409457
7.560000,0,FL_foot,0.13295294,0.12236062,0.02026697
7.560000,0,FR_foot,0.23709643,-0.27192193,0.02024897
7.560000,0,RL_foot,-0.30982900,-0.06336848,0.02031224
7.560000,0,RR_foot,-0.22348407,-0.34844843,0.02772330
7.580000,0,FL_foot,0.13075037,0.12332457,0.02026611
7.580000,0,FR_foot,0.23727992,-0.27158412,0.02024720
7.580000,0,RL_foot,-0.30968308,-0.06353660,0.02030789
7.580000,0,RR_foot,-0.21600230,-0.34835958,0.03092475
7.600000,0,FL_foot,0.12728661,0.12507723,0.02026971
7.600000,0,FR_foot,0.23745626,-0.27123511,0.02025183
7.600000,0,RL_foot,-0.30957812,-0.06368803,0.02031310
7.600000,0,RR_foot,-0.20692976,-0.34796304,0.03343629
7.620000,0,FL_foot,0.12265632,0.12752436,0.02027244
7.620000,0,FR_foot,0.23760957,-0.27087912,0.02024177
7.620000,0,RL_foot,-0.30949664,-0.06384324,0.02031518
7.620000,0,RR_foot,-0.19747593,-0.34768328,0.03517440
7.640000,0,FL_foot,0.11700196,0.13073161,0.02025189
7.640000,0,FR_foot,0.23774725,-0.27051437,0.02024396
7.640000,0,RL_foot,-0.30943573,-0.06401443,0.02029918
7.640000,0,RR_foot,-0.18837102,-0.34777799,0.03615946
7.660000,0,FL_foot,0.11060034,0.13466626,0.02026531
7.660000,0,FR_foot,0.23788069,-0.27014604,0.02023801
7.660000,0,RL_foot,-0.30939955,-0.06416322,0.02030918
7.660000,0,RR_foot,-0.17995493,-0.34832248,0.03642325
7.680000,0,FL_foot,0.10353711,0.13930114,0.02025809
7.680000,0,FR_foot,0.23798649,-0.26978695,0.02023257
7.680000,0,RL_foot,-0.30937472,-0.06432568,0.02029910
7.680000,0,RR_foot,-0.17226611,-0.34944475,0.03603076
7.700000,0,FL_foot,0.09555835,0.14490479,0.02024334
7.700000,0,FR_foot,0.23808914,-0.26943144,0.02023978
7.700000,0,RL_foot,-0.30937150,-0.06448612,0.02030058
7.700000,0,RR_foot,-0.16520682,-0.35111335,0.03505648
7.720000,0,FL_foot,0.08650148,0.15151232,0.02023440
7.720000,0,FR_foot,0.23816749,-0.26909095,0.02023925
7.720000,0,RL_foot,-0.30937749,-0.06464686,0.02029904
7.720000,0,RR_foot,-0.15857723,-0.35321343,0.03366023
7.740000,0,FL_foot,0.07588609,0.15909760,0.02022048
7.740000,0,FR_foot,0.23823908,-0.26875710,0.02023847
7.740000,0,RL_foot,-0.30938473,-0.06481783,0.02029122
7.740000,0,RR_foot,-0.15215851,-0.35572919,0.03198825
7.760000,0,FL_foot,0.06297675,0.16744611,0.02020932
7.760000,0,FR_foot,0.23831391,-0.26841748,0.02024115
7.760000,0,RL_foot,-0.30938959,-0.06498881,0.02028633
7.760000,0,RR_foot,-0.14581081,-0.35881382,0.03017949
7.780000,0,FL_foot,0.04746730,0.17572033,0.02020811
7.780000,0,FR_foot,0.23837698,-0.26808137,0.02023807
7.780000,0,RL_foot,-0.30938852,-0.06516537,0.02028368
7.780000,0,RR_foot,-0.13947904,-0.36275387,0.02839024
7.800000,0,FL_foot,0.03024190,0.18305627,0.02033055
7.800000,0,FR_foot,0.23844017,-0.26773193,0.02023704
7.800000,0,RL_foot,-0.30937859,-0.06534797,0.02027845
7.800000,0,RR_foot,-0.13319096,-0.36766711,0.02672937
7.820000,0,FL_foot,0.01301293,0.18875021,0.02069508
7.820000,0,FR_foot,0.23850861,-0.26735175,0.02023786
7.820000,0,RL_foot,-0.30936411,-0.06552990,0.02027749
7.820000,0,RR_foot,-0.12701982,-0.37334442,0.02521613
7.840000,0,FL_foot,-0.00273022,0.19298899,0.02106598
7.840000,0,FR_foot,0.23857442,-0.26696137,0.02023738
7.840000,0,RL_foot,-0.30934131,-0.06572071,0.02027170
7.840000,0,RR_foot,-0.12110142,-0.37956917,0.02398494
7.860000,0,FL_foot,-0.01632903,0.19592491,0.02123296
7.860000,0,FR_foot,0.23864120,-0.26654047,0.02023650
7.860000,0,RL_foot,-0.30931500,-0.06591281,0.02026285
7.860000,0,RR_foot,-0.11557899,-0.38613197,0.02296657
7.880000,0,FL_foot,-0.02743042,0.19796348,0.02112971
7.880000,0,FR_foot,0.23869865,-0.26610130,0.02023473
7.880000,0,RL_foot,-0.30929738,-0.06609473,0.02025207
7.880000,0,RR_foot,-0.11088427,-0.39258143,0.02204416
7.900000,0,FL_foot,-0.03630084,0.19942974,0.02138293
7.900000,0,FR_foot,0.23874392,-0.26573598,0.02023525
7.900000,0,RL_foot,-0.30935645,-0.06620976,0.02023099
7.900000,0,RR_foot,-0.10741799,-0.39511076,0.02136763
7.920000,0,FL_foot,-0.04054502,0.20105758,0.02166713
7.920000,0,FR_foot,0.23873344,-0.26542825,0.02023569
7.920000,0,RL_foot,-0.30946353,-0.06614960,0.02024001
7.920000,0,RR_foot,-0.10544669,-0.39499125,0.02032474
7.940000,0,FL_foot,-0.03931389,0.20290208,0.02012275
7.940000,0,FR_foot,0.23870105,-0.26504731,0.02023445
7.940000,0,RL_foot,-0.30958620,-0.06604154,0.02037992
7.940000,0,RR_foot,-0.10574408,-0.39505371,0.02019726
7.960000,0,FL_foot,-0.03969711,0.20310381,0.02015040
7.960000,0,FR_foot,0.23726806,-0.26403436,0.02105348
7.960000,0,RL_foot,-0.29867798,-0.07073408,0.02571606
7.960000,0,RR_foot,-0.10572128,-0.39495125,0.02021342
7.980000,0,FL_foot,-0.04007785,0.20328675,0.02016425
7.980000,0,FR_foot,0.23515743,-0.25757831,0.02181571
7.980000,0,RL_foot,-0.27860460,-0.08654723,0.03988412
7.980000,0,RR_foot,-0.10570189,-0.39491117,0.02022880
8.000000,0,FL_foot,-0.04047729,0.20345771,0.02017035
8.000000,0,FR_foot,0.23516031,-0.24446724,0.02258818
8.000000,0,RL_foot,-0.25869828,-0.10670381,0.06161026
8.000000,0,RR_foot,-0.10568032,-0.39488664,0.02023671
8.020000,0,FL_foot,-0.04086665,0.20359951,0.02017310
8.020000,0,FR_foot,0.23923628,-0.22825797,0.02319581
8.020000,0,RL_foot,-0.24744870,-0.12172544,0.08121337
8.020000,0,RR_foot,-0.10564233,-0.39485347,0.02023379
8.040000,0,FL_foot,-0.04123915,0.20375329,0.02017437
8.040000,0,FR_foot,0.24623980,-0.21105668,0.02374943
8.040000,0,RL_foot,-0.24325973,-0.13261952,0.09626075
8.040000,0,RR_foot,-0.10556392,-0.39484006,0.02022976
8.060000,0,FL_foot,-0.04158584,0.20388909,0.02017874
8.060000,0,FR_foot,0.25474218,-0.19441600,0.02427899
8.060000,0,RL_foot,-0.24238579,-0.14065775,0.10758317
8.060000,0,RR_foot,-0.10547485,-0.39481294,0.02022598
8.080000,0,FL_foot,-0.04191674,0.20402651,0.02018297
8.080000,0,FR_foot,0.26348674,-0.17927010,0.02472452
8.080000,0,RL_foot,-0.24273230,-0.14680064,0.11624303
8.080000,0,RR_foot,-0.10536711,-0.39479050,0.02022232
8.100000,0,FL_foot,-0.04223799,0.20416746,0.02018639
8.100000,0,FR_foot,0.27132040,-0.16613171,0.02494738
8.100000,0,RL_foot,-0.24338892,-0.15163679,0.12294762
8.100000,0,RR_foot,-0.10523911,-0.39477485,0.02021927
8.120000,0,FL_foot,-0.04254038,0.20429835,0.02019060
8.120000,0,FR_foot,0.27735642,-0.15512952,0.02482868
8.120000,0,RL_foot,-0.24396759,-0.15553880,0.12818080
8.120000,0,RR_foot,-0.10509261,-0.39476755,0.02021643
8.140000,0,FL_foot,-0.04282631,0.20443150,0.02019488
8.140000,0,FR_foot,0.28133699,-0.14620765,0.02427249
8.140000,0,RL_foot,-0.24429969,-0.15873499,0.13228178
8.140000,0,RR_foot,-0.10493091,-0.39476717,0.02021384
8.160000,0,FL_foot,-0.04309885,0.20456131,0.02019762
8.160000,0,FR_foot,0.28349072,-0.13914943,0.02323778
8.160000,0,RL_foot,-0.24432796,-0.16139285,0.13552597
8.160000,0,RR_foot,-0.10475599,-0.39477101,0.02021000
8.180000,0,FL_foot,-0.04335527,0.20468450,0.02019970
8.180000,0,FR_foot,0.28436762,-0.13349752,0.02176812
8.180000,0,RL_foot,-0.24408241,-0.16365349,0.13814516
8.180000,0,RR_foot,-0.10457078,-0.39477742,0.02020292
8.200000,0,FL_foot,-0.04358620,0.20480180,0.02020831
8.200000,0,FR_foot,0.28457353,-0.12968944,0.02023741
8.200000,0,RL_foot,-0.24347271,-0.16572757,0.14031693
8.200000,0,RR_foot,-0.10433199,-0.39484435,0.02032456
8.220000,0,FL_foot,-0.04378509,0.20489593,0.02021292
8.220000,0,FR_foot,0.28455937,-0.12947518,0.02026719
8.220000,0,RL_foot,-0.24140500,-0.16698715,0.14060499
8.220000,0,RR_foot,-0.10388863,-0.39518511,0.02022010
8.240000,0,FL_foot,-0.04391985,0.20492619,0.02020983
8.240000,0,FR_foot,0.28476742,-0.12834066,0.02038292
8.240000,0,RL_foot,-0.23901784,-0.16683207,0.14128931
8.240000,0,RR_foot,-0.10378988,-0.39518061,0.02021820
8.260000,0,FL_foot,-0.04395854,0.20499392,0.02020922
8.260000,0,FR_foot,0.28490353,-0.12824124,0.02027382
8.260000,0,RL_foot,-0.23500681,-0.16527903,0.14276570
8.260000,0,RR_foot,-0.10376688,-0.39514467,0.02019181
8.280000,0,FL_foot,-0.04404439,0.20509179,0.02021589
8.280000,0,FR_foot,0.28491434,-0.12808137,0.02026729
8.280000,0,RL_foot,-0.23146980,-0.16457020,0.14420253
8.280000,0,RR_foot,-0.10372598,-0.39513770,0.02019824
8.300000,0,FL_foot,-0.04423850,0.20518094,0.02021784
8.300000,0,FR_foot,0.28491169,-0.12783520,0.02026412
8.300000,0,RL_foot,-0.22967933,-0.16488966,0.14461879
8.300000,0,RR_foot,-0.10360886,-0.39517352,0.02020820
8.320000,0,FL_foot,-0.04446323,0.20527372,0.02022153
8.320000,0,FR_foot,0.28489131,-0.12757607,0.02026274
8.320000,0,RL_foot,-0.22915560,-0.16570169,0.14421397
8.320000,0,RR_foot,-0.10350596,-0.39520684,0.02021485
8.340000,0,FL_foot,-0.04471775,0.20535815,0.02022152
8.340000,0,FR_foot,0.28486127,-0.12730633,0.02026247
8.340000,0,RL_foot,-0.22911648,-0.16672356,0.14341083
8.340000,0,RR_foot,-0.10341148,-0.39524359,0.02020961
8.360000,0,FL_foot,-0.04489654,0.20539410,0.02022057
8.360000,0,FR_foot,0.28422692,-0.12332221,0.02079692
8.360000,0,RL_foot,-0.22815569,-0.16650251,0.14316107
8.360000,0,RR_foot,-0.10334589,-0.39521617,0.02020937
8.380000,0,FL_foot,-0.04505178,0.20549753,0.02022349
8.380000,0,FR_foot,0.28449592,-0.12148329,0.02034922
8.380000,0,RL_foot,-0.22709773,-0.16647696,0.14350355
8.380000,0,RR_foot,-0.10329651,-0.39522070,0.02017779
8.400000,0,FL_foot,-0.04526554,0.20558621,0.02022722
8.400000,0,FR_foot,0.28447762,-0.12122570,0.02026051
8.400000,0,RL_foot,-0.22649333,-0.16715568,0.14304744
8.400000,0,RR_foot,-0.10317256,-0.39526340,0.02019374
8.420000,0,FL_foot,-0.04550571,0.20565790,0.02022989
8.420000,0,FR_foot,0.28444681,-0.12097634,0.02025949
8.420000,0,RL_foot,-0.22658470,-0.16821273,0.14205372
8.420000,0,RR_foot,-0.10307589,-0.39531261,0.02020388
8.440000,0,FL_foot,-0.04575547,0.20572460,0.02023161
8.440000,0,FR_foot,0.28411514,-0.11991668,0.02025361
8.440000,0,RL_foot,-0.22702606,-0.16951087,0.14086142
8.440000,0,RR_foot,-0.10297104,-0.39537978,0.02020990
8.460000,0,FL_foot,-0.04601327,0.20578764,0.02023609
8.460000,0,FR_foot,0.28306594,-0.11726819,0.02024498
8.460000,0,RL_foot,-0.22766075,-0.17099443,0.13964845
8.460000,0,RR_foot,-0.10287327,-0.39543307,0.02021990
8.480000,0,FL_foot,-0.04626771,0.20584092,0.02023575
8.480000,0,FR_foot,0.28172624,-0.11343058,0.02025889
8.480000,0,RL_foot,-0.22845703,-0.17248486,0.13804595
8.480000,0,RR_foot,-0.10278782,-0.39547637,0.02018942
8.500000,0,FL_foot,-0.04653710,0.20589110,0.02023780
8.500000,0,FR_foot,0.28010145,-0.10679585,0.02025765
8.500000,0,RL_foot,-0.22979356,-0.17390396,0.13561009
8.500000,0,RR_foot,-0.10269254,-0.39552018,0.02017520
8.520000,0,FL_foot,-0.04680452,0.20594257,0.02024146
8.520000,0,FR_foot,0.27835369,-0.09751759,0.02032847
8.520000,0,RL_foot,-0.23188551,-0.17514323,0.13183722
8.520000,0,RR_foot,-0.10258030,-0.39556202,0.02016446
8.540000,0,FL_foot,-0.04706019,0.20598033,0.02024122
8.540000,0,FR_foot,0.27646467,-0.08528416,0.02052948
8.540000,0,RL_foot,-0.23508756,-0.17624430,0.12648247
8.540000,0,RR_foot,-0.10244101,-0.39560273,0.02016114
8.560000,0,FL_foot,-0.04733298,0.20604128,0.02024711
8.560000,0,FR_foot,0.27483571,-0.07184345,0.02075089
8.560000,0,RL_foot,-0.23941767,-0.17737600,0.11988256
8.560000,0,RR_foot,-0.10231034,-0.39559188,0.02015987
8.580000,0,FL_foot,-0.04759897,0.20611320,0.02025129
8.580000,0,FR_foot,0.27321768,-0.05865822,0.02078053
8.580000,0,RL_foot,-0.24484538,-0.17860347,0.11229317
8.580000,0,RR_foot,-0.10211561,-0.39562193,0.02016080
8.600000,0,FL_foot,-0.04784718,0.20617236,0.02025348
8.600000,0,FR_foot,0.27132696,-0.04672833,0.02032812
8.600000,0,RL_foot,-0.25135669,-0.17988202,0.10391676
8.600000,0,RR_foot,-0.10189314,-0.39564437,0.02016524
8.620000,0,FL_foot,-0.04801041,0.20622702,0.02025421
8.620000,0,FR_foot,0.27100885,-0.04452650,0.02027666
8.620000,0,RL_foot,-0.25771070,-0.18046397,0.09354119
8.620000,0,RR_foot,-0.10171269,-0.39582837,0.02006659
8.640000,0,FL_foot,-0.04814189,0.20626265,0.02026266
8.640000,0,FR_foot,0.27246723,-0.04123302,0.02063733
8.640000,0,RL_foot,-0.26060224,-0.17923096,0.08750827
8.640000,0,RR_foot,-0.10152836,-0.39576840,0.02018875
8.660000,0,FL_foot,-0.04821178,0.20631734,0.02026526
8.660000,0,FR_foot,0.27418861,-0.03764170,0.02080790
8.660000,0,RL_foot,-0.25741619,-0.17678694,0.08820774
8.660000,0,RR_foot,-0.10149456,-0.39574724,0.02018389
8.680000,0,FL_foot,-0.04825044,0.20635475,0.02026683
8.680000,0,FR_foot,0.27616596,-0.03548727,0.02067290
8.680000,0,RL_foot,-0.24896818,-0.17424653,0.09457830
8.680000,0,RR_foot,-0.10147021,-0.39570951,0.02018422
8.700000,0,FL_foot,-0.04827432,0.20639953,0.02026841
8.700000,0,FR_foot,0.27774772,-0.03489389,0.02026953
8.700000,0,RL_foot,-0.23861662,-0.17210637,0.10384633
8.700000,0,RR_foot,-0.10144947,-0.39565697,0.02020295
8.720000,0,FL_foot,-0.04824961,0.20642510,0.02027045
8.720000,0,FR_foot,0.27799159,-0.03491410,0.02027299
8.720000,0,RL_foot,-0.22964773,-0.17003208,0.11188458
8.720000,0,RR_foot,-0.10145161,-0.39560759,0.02018346
8.740000,0,FL_foot,-0.04821606,0.20645234,0.02027071
8.740000,0,FR_foot,0.27811462,-0.03490903,0.02027865
8.740000,0,RL_foot,-0.22273429,-0.16857465,0.11855561
8.740000,0,RR_foot,-0.10145284,-0.39555237,0.02018554
8.760000,0,FL_foot,-0.04817401,0.20647435,0.02026683
8.760000,0,FR_foot,0.27817684,-0.03491710,0.02027569
8.760000,0,RL_foot,-0.21747273,-0.16753450,0.12387060
8.760000,0,RR_foot,-0.10144478,-0.39551294,0.02018258
8.780000,0,FL_foot,-0.04812324,0.20648921,0.02026746
8.780000,0,FR_foot,0.27829471,-0.03492360,0.02027381
8.780000,0,RL_foot,-0.21339409,-0.16672112,0.12805274
8.780000,0,RR_foot,-0.10143182,-0.39547578,0.02018333
8.800000,0,FL_foot,-0.04807812,0.20650823,0.02026633
8.800000,0,FR_foot,0.27855343,-0.03491698,0.02027196
8.800000,0,RL_foot,-0.21016315,-0.16601168,0.13134709
8.800000,0,RR_foot,-0.10143103,-0.39542279,0.02018160
8.820000,0,FL_foot,-0.04802533,0.20652179,0.02026526
8.820000,0,FR_foot,0.27905628,-0.03489357,0.02027464
8.820000,0,RL_foot,-0.20754419,-0.16535045,0.13395377
8.820000,0,RR_foot,-0.10141812,-0.39538634,0.02018261
8.840000,0,FL_foot,-0.04797863,0.20654176,0.02026408
8.840000,0,FR_foot,0.27996057,-0.03482550,0.02027462
8.840000,0,RL_foot,-0.20539691,-0.16469884,0.13601625
8.840000,0,RR_foot,-0.10140812,-0.39534870,0.02018172
8.860000,0,FL_foot,-0.04792433,0.20655662,0.02026257
8.860000,0,FR_foot,0.28106332,-0.03473335,0.02027468
8.860000,0,RL_foot,-0.20360963,-0.16403511,0.13765582
8.860000,0,RR_foot,-0.10140684,-0.39529258,0.02018140
8.880000,0,FL_foot,-0.04787891,0.20657983,0.02026255
8.880000,0,FR_foot,0.28226492,-0.03463657,0.02027475
8.880000,0,RL_foot,-0.20209733,-0.16335583,0.13896468
8.880000,0,RR_foot,-0.10139772,-0.39525142,0.02018113
8.900000,0,FL_foot,-0.04783259,0.20660236,0.02026014
8.900000,0,FR_foot,0.28342968,-0.03453792,0.02027516
8.900000,0,RL_foot,-0.20080727,-0.16266330,0.14001222
8.900000,0,RR_foot,-0.10138888,-0.39520907,0.02017972
8.920000,0,FL_foot,-0.04778262,0.20662235,0.02026127
8.920000,0,FR_foot,0.28448668,-0.03444283,0.02027513
8.920000,0,RL_foot,-0.19971584,-0.16194965,0.14085452
8.920000,0,RR_foot,-0.10138772,-0.39514703,0.02018182
8.940000,0,FL_foot,-0.04774188,0.20664912,0.02026073
8.940000,0,FR_foot,0.28545931,-0.03435251,0.02027541
8.940000,0,RL_foot,-0.19877793,-0.16123040,0.14153601
8.940000,0,RR_foot,-0.10138046,-0.39509991,0.02018140
8.960000,0,FL_foot,-0.04769560,0.20667014,0.02026006
8.960000,0,FR_foot,0.28631622,-0.03426970,0.02027540
8.960000,0,RL_foot,-0.19797230,-0.16051133,0.14209016
8.960000,0,RR_foot,-0.10138172,-0.39503315,0.02018172
8.980000,0,FL_foot,-0.04766030,0.20669855,0.02025963
8.980000,0,FR_foot,0.28711239,-0.03419970,0.02027508
8.980000,0,RL_foot,-0.19728322,-0.15979281,0.14253962
8.980000,0,RR_foot,-0.10137729,-0.39498484,0.02018099
9.000000,0,FL_foot,-0.04762856,0.20672691,0.02025910
9.000000,0,FR_foot,0.28784919,-0.03413302,0.02027507
9.000000,0,RL_foot,-0.19668646,-0.15908262,0.14290613
9.000000,0,RR_foot,-0.10137272,-0.39493519,0.02018074
9.020000,0,FL_foot,-0.04759011,0.20674917,0.02025874
9.020000,0,FR_foot,0.28850120,-0.03407679,0.02027557
9.020000,0,RL_foot,-0.19617009,-0.15837890,0.14321382
9.020000,0,RR_foot,-0.10137717,-0.39486831,0.02018004
9.040000,0,FL_foot,-0.04756392,0.20677769,0.02025814
9.040000,0,FR_foot,0.28915790,-0.03402095,0.02027542
9.040000,0,RL_foot,-0.19571556,-0.15768504,0.14346862
9.040000,0,RR_foot,-0.10137445,-0.39481837,0.02018039
9.060000,0,FL_foot,-0.04761599,0.20684712,0.02026190
9.060000,0,FR_foot,0.28925842,-0.03396904,0.02027023
9.060000,0,RL_foot,-0.19691962,-0.15830560,0.14253141
9.060000,0,RR_foot,-0.10133731,-0.39482111,0.02018087
9.080000,0,FL_foot,-0.04775815,0.20688605,0.02025763
9.080000,0,FR_foot,0.28923777,-0.03378831,0.02026399
9.080000,0,RL_foot,-0.20048063,-0.15899202,0.13712074
9.080000,0,RR_foot,-0.10125709,-0.39481953,0.02017781
9.100000,0,FL_foot,-0.04794087,0.20691912,0.02025155
9.100000,0,FR_foot,0.28920001,-0.03358668,0.02026024
9.100000,0,RL_foot,-0.20670952,-0.15895268,0.12615727
9.100000,0,RR_foot,-0.10119116,-0.39482483,0.02015660
9.120000,0,FL_foot,-0.04812166,0.20695169,0.02024484
9.120000,0,FR_foot,0.28848422,-0.03097633,0.02051485
9.120000,0,RL_foot,-0.21600904,-0.15878470,0.11110612
9.120000,0,RR_foot,-0.10109594,-0.39486408,0.02012084
9.140000,0,FL_foot,-0.04833848,0.20699386,0.02025370
9.140000,0,FR_foot,0.28571957,-0.02314936,0.02078568
9.140000,0,RL_foot,-0.22893891,-0.15897535,0.09360420
9.140000,0,RR_foot,-0.10096923,-0.39487782,0.02012855
9.160000,0,FL_foot,-0.04855125,0.20702164,0.02026033
9.160000,0,FR_foot,0.28197506,-0.01279934,0.02077213
9.160000,0,RL_foot,-0.24523364,-0.15995212,0.07556470
9.160000,0,RR_foot,-0.10082959,-0.39484578,0.02014573
9.180000,0,FL_foot,-0.04877918,0.20708588,0.02025539
9.180000,0,FR_foot,0.27913529,-0.00458137,0.02009023
9.180000,0,RL_foot,-0.26351282,-0.16218692,0.05895209
9.180000,0,RR_foot,-0.10053049,-0.39491045,0.02030060
9.200000,0,FL_foot,-0.04895369,0.20712931,0.02026849
9.200000,0,FR_foot,0.27783722,-0.00230268,0.02073316
9.200000,0,RL_foot,-0.28105220,-0.16300009,0.04210205
9.200000,0,RR_foot,-0.09976836,-0.39513290,0.02015018
9.220000,0,FL_foot,-0.04918772,0.20715274,0.02026142
9.220000,0,FR_foot,0.27697995,0.00269394,0.02019729
9.220000,0,RL_foot,-0.29701623,-0.16504510,0.03005005
9.220000,0,RR_foot,-0.09961335,-0.39519203,0.02017571
9.240000,0,FL_foot,-0.04973254,0.20737098,0.02028973
9.240000,0,FR_foot,0.27686188,0.00297212,0.02021045
9.240000,0,RL_foot,-0.30854151,-0.16599652,0.01995271
9.240000,0,RR_foot,-0.09912552,-0.39544350,0.02018677
9.260000,0,FL_foot,-0.05268394,0.20813009,0.02125723
9.260000,0,FR_foot,0.27679780,0.00312162,0.02027190
9.260000,0,RL_foot,-0.30873358,-0.16574965,0.02035517
9.260000,0,RR_foot,-0.09941188,-0.40022093,0.02018290
9.280000,0,FL_foot,-0.05518751,0.20635018,0.02224638
9.280000,0,FR_foot,0.27669635,0.00339402,0.02026954
9.280000,0,RL_foot,-0.30860752,-0.16584994,0.02030993
9.280000,0,RR_foot,-0.10114764,-0.40350476,0.02315062
9.300000,0,FL_foot,-0.05873299,0.20390947,0.02249501
9.300000,0,FR_foot,0.27658683,0.00368350,0.02026397
9.300000,0,RL_foot,-0.30844906,-0.16598712,0.02029406
9.300000,0,RR_foot,-0.09921330,-0.40496248,0.02589663
9.320000,0,FL_foot,-0.06266958,0.20185402,0.02242121
9.320000,0,FR_foot,0.27648783,0.00396422,0.02026454
9.320000,0,RL_foot,-0.30825540,-0.16613196,0.02029116
9.320000,0,RR_foot,-0.09509511,-0.40398490,0.02844872
9.340000,0,FL_foot,-0.06629201,0.20018573,0.02247856
9.340000,0,FR_foot,0.27638546,0.00424757,0.02026267
9.340000,0,RL_foot,-0.30808204,-0.16627151,0.02028762
9.340000,0,RR_foot,-0.08954771,-0.40174103,0.03046225
9.360000,0,FL_foot,-0.06941000,0.19871667,0.02281029
9.360000,0,FR_foot,0.27627671,0.00453638,0.02025906
9.360000,0,RL_foot,-0.30789953,-0.16641180,0.02028088
9.360000,0,RR_foot,-0.08330076,-0.39919999,0.03194105
9.380000,0,FL_foot,-0.07206311,0.19729042,0.02337123
9.380000,0,FR_foot,0.27618384,0.00481430,0.02026019
9.380000,0,RL_foot,-0.30769068,-0.16655569,0.02028313
9.380000,0,RR_foot,-0.07675019,-0.39708519,0.03295569
9.400000,0,FL_foot,-0.07434611,0.19581394,0.02406931
9.400000,0,FR_foot,0.27609074,0.00509301,0.02025971
9.400000,0,RL_foot,-0.30749655,-0.16669089,0.02028031
9.400000,0,RR_foot,-0.07010964,-0.39580455,0.03359095
9.420000,0,FL_foot,-0.07640112,0.19423634,0.02480911
9.420000,0,FR_foot,0.27600026,0.00537062,0.02025759
9.420000,0,RL_foot,-0.30729961,-0.16682120,0.02028085
9.420000,0,RR_foot,-0.06345746,-0.39550406,0.03393111
9.440000,0,FL_foot,-0.07836198,0.19248553,0.02551382
9.440000,0,FR_foot,0.27591920,0.00563374,0.02025543
9.440000,0,RL_foot,-0.30708712,-0.16695209,0.02027082
9.440000,0,RR_foot,-0.05673873,-0.39614609,0.03402981
9.460000,0,FL_foot,-0.08032545,0.19043860,0.02618372
9.460000,0,FR_foot,0.27584732,0.00588836,0.02025728
9.460000,0,RL_foot,-0.30684838,-0.16708508,0.02027537
9.460000,0,RR_foot,-0.04982795,-0.39762017,0.03390779
9.480000,0,FL_foot,-0.08233986,0.18796206,0.02683933
9.480000,0,FR_foot,0.27577853,0.00614326,0.02025574
9.480000,0,RL_foot,-0.30662897,-0.16720706,0.02027572
9.480000,0,RR_foot,-0.04256433,-0.39981914,0.03355615
9.500000,0,FL_foot,-0.08446448,0.18496908,0.02747362
9.500000,0,FR_foot,0.27571586,0.00638434,0.02025353
9.500000,0,RL_foot,-0.30639571,-0.16732989,0.02026506
9.500000,0,RR_foot,-0.03477211,-0.40270847,0.03296545
9.520000,0,FL_foot,-0.08677050,0.18134899,0.02812003
9.520000,0,FR_foot,0.27566028,0.00661948,0.02025502
9.520000,0,RL_foot,-0.30614009,-0.16745637,0.02027030
9.520000,0,RR_foot,-0.02625644,-0.40633589,0.03212749
9.540000,0,FL_foot,-0.08937548,0.17699462,0.02877075
9.540000,0,FR_foot,0.27560571,0.00685809,0.02025390
9.540000,0,RL_foot,-0.30590528,-0.16757408,0.02027057
9.540000,0,RR_foot,-0.01679804,-0.41075048,0.03104740
9.560000,0,FL_foot,-0.09255783,0.17176507,0.02934649
9.560000,0,FR_foot,0.27555445,0.00708266,0.02025150
9.560000,0,RL_foot,-0.30565882,-0.16769335,0.02025926
9.560000,0,RR_foot,-0.00613330,-0.41602477,0.02975638
9.580000,0,FL_foot,-0.09690146,0.16528121,0.02974545
9.580000,0,FR_foot,0.27551061,0.00730082,0.02025322
9.580000,0,RL_foot,-0.30539373,-0.16781615,0.02026594
9.580000,0,RR_foot,0.00603198,-0.42220253,0.02833737
9.600000,0,FL_foot,-0.10299921,0.15697229,0.02987975
9.600000,0,FR_foot,0.27546877,0.00752192,0.02025300
9.600000,0,RL_foot,-0.30514967,-0.16793062,0.02026665
9.600000,0,RR_foot,0.01996619,-0.42905307,0.02699473
9.620000,0,FL_foot,-0.11122397,0.14664946,0.02966013
9.620000,0,FR_foot,0.27543125,0.00772707,0.02025078
9.620000,0,RL_foot,-0.30488965,-0.16804965,0.02025447
9.620000,0,RR_foot,0.03570353,-0.43594041,0.02608264
9.640000,0,FL_foot,-0.12156688,0.13534066,0.02895663
9.640000,0,FR_foot,0.27540141,0.00792939,0.02025198
9.640000,0,RL_foot,-0.30460021,-0.16818568,0.02026100
9.640000,0,RR_foot,0.05256290,-0.44184306,0.02594041
9.660000,0,FL_foot,-0.13321334,0.12406865,0.02800166
9.660000,0,FR_foot,0.27536938,0.00813379,0.02025215
9.660000,0,RL_foot,-0.30431449,-0.16833434,0.02025898
9.660000,0,RR_foot,0.06972191,-0.44600803,0.02654604
9.680000,0,FL_foot,-0.14548959,0.11352087,0.02704711
9.680000,0,FR_foot,0.27532947,0.00834142,0.02024874
9.680000,0,RL_foot,-0.30400965,-0.16850035,0.02024610
9.680000,0,RR_foot,0.08653429,-0.44822314,0.02761386
9.700000,0,FL_foot,-0.15783346,0.10415355,0.02634297
9.700000,0,FR_foot,0.27528420,0.00854717,0.02024899
9.700000,0,RL_foot,-0.30368266,-0.16869295,0.02024826
9.700000,0,RR_foot,0.10235935,-0.44841915,0.02873187
9.720000,0,FL_foot,-0.16975118,0.09653861,0.02595887
9.720000,0,FR_foot,0.27522886,0.00876513,0.02024914
9.720000,0,RL_foot,-0.30337539,-0.16889226,0.02024602
9.720000,0,RR_foot,0.11660327,-0.44661301,0.02942390
9.740000,0,FL_foot,-0.18077092,0.09085281,0.02594226
9.740000,0,FR_foot,0.27516800,0.00896312,0.02024595
9.740000,0,RL_foot,-0.30307135,-0.16910392,0.02023664
9.740000,0,RR_foot,0.12870687,-0.44295943,0.02931520
9.760000,0,FL_foot,-0.19082531,0.08684202,0.02634166
9.760000,0,FR_foot,0.27510259,0.00915284,0.02024631
9.760000,0,RL_foot,-0.30276123,-0.16933694,0.02023824
9.760000,0,RR_foot,0.13844708,-0.43784195,0.02821587
9.780000,0,FL_foot,-0.20022446,0.08430082,0.02713182
9.780000,0,FR_foot,0.27503023,0.00933390,0.02024475
9.780000,0,RL_foot,-0.30248451,-0.16957055,0.02023488
9.780000,0,RR_foot,0.14584644,-0.43181992,0.02608617
9.800000,0,FL_foot,-0.20925073,0.08321216,0.02831568
9.800000,0,FR_foot,0.27495837,0.00950470,0.02024245
9.800000,0,RL_foot,-0.30222720,-0.16981442,0.02022992
9.800000,0,RR_foot,0.15105978,-0.42550513,0.02298860
9.820000,0,FL_foot,-0.21795182,0.08333198,0.02925559
9.820000,0,FR_foot,0.27486658,0.00963363,0.02028457
9.820000,0,RL_foot,-0.30199802,-0.17007096,0.02025908
9.820000,0,RR_foot,0.15295607,-0.42261264,0.02020139
9.840000,0,FL_foot,-0.22473936,0.08561151,0.02757495
9.840000,0,FR_foot,0.27479088,0.00979342,0.02023458
9.840000,0,RL_foot,-0.30113187,-0.17071427,0.02022090
9.840000,0,RR_foot,0.15350445,-0.42256525,0.02026184
9.860000,0,FL_foot,-0.22828093,0.09074987,0.02413906
9.860000,0,FR_foot,0.27466741,0.00995649,0.02022470
9.860000,0,RL_foot,-0.29259002,-0.17294131,0.02016625
9.860000,0,RR_foot,0.15371777,-0.42263764,0.02029421
9.880000,0,FL_foot,-0.22945695,0.09629011,0.02005004
9.880000,0,FR_foot,0.27422744,0.00996474,0.02020209
9.880000,0,RL_foot,-0.27397260,-0.17654476,0.02197884
9.880000,0,RR_foot,0.15387227,-0.42268619,0.02003937
9.900000,0,FL_foot,-0.22968513,0.09620677,0.02018486
9.900000,0,FR_foot,0.26530948,0.01358742,0.02065437
9.900000,0,RL_foot,-0.23970163,-0.18293895,0.03568783
9.900000,0,RR_foot,0.15352952,-0.42278206,0.02022561
9.920000,0,FL_foot,-0.22995666,0.09603791,0.02018017
9.920000,0,FR_foot,0.25415659,0.02276856,0.02090898
9.920000,0,RL_foot,-0.20424621,-0.19363436,0.05841094
9.920000,0,RR_foot,0.15364996,-0.42279968,0.02022135
9.940000,0,FL_foot,-0.23020671,0.09587631,0.02017618
9.940000,0,FR_foot,0.24669498,0.03549242,0.02092836
9.940000,0,RL_foot,-0.18200441,-0.20530902,0.07979111
9.940000,0,RR_foot,0.15383783,-0.42280155,0.02021632
9.960000,0,FL_foot,-0.23042740,0.09572882,0.02016777
9.960000,0,FR_foot,0.24357712,0.04868695,0.02021224
9.960000,0,RL_foot,-0.16994572,-0.21655324,0.09601168
9.960000,0,RR_foot,0.15406820,-0.42276758,0.02024403
9.980000,0,FL_foot,-0.23061673,0.09559189,0.02018095
9.980000,0,FR_foot,0.24364544,0.04959803,0.02023726
9.980000,0,RL_foot,-0.16169901,-0.22510478,0.10723787
9.980000,0,RR_foot,0.15421921,-0.42280000,0.02021921
10.000000,0,FL_foot,-0.23079327,0.09545575,0.02018638
10.000000,0,FR_foot,0.24351142,0.04982258,0.02024505
10.000000,0,RL_foot,-0.15568411,-0.23137684,0.11588936
10.000000,0,RR_foot,0.15445462,-0.42285836,0.02021062
10.020000,0,FL_foot,-0.23098268,0.09530430,0.02018864
10.020000,0,FR_foot,0.24335575,0.05001665,0.02024400
10.020000,0,RL_foot,-0.15085754,-0.23611222,0.12278670
10.020000,0,RR_foot,0.15468182,-0.42290768,0.02020922
10.040000,0,FL_foot,-0.23118067,0.09514211,0.02019100
10.040000,0,FR_foot,0.24320845,0.05021644,0.02024256
10.040000,0,RL_foot,-0.14689438,-0.23995721,0.12826860
10.040000,0,RR_foot,0.15490210,-0.42296341,0.02020888
10.060000,0,FL_foot,-0.23137560,0.09497714,0.02019430
10.060000,0,FR_foot,0.24305049,0.05040915,0.02024519
10.060000,0,RL_foot,-0.14361098,-0.24331565,0.13256589
10.060000,0,RR_foot,0.15511668,-0.42303064,0.02020339
10.080000,0,FL_foot,-0.23158297,0.09479695,0.02019559
10.080000,0,FR_foot,0.24288486,0.05059019,0.02024249
10.080000,0,RL_foot,-0.14086114,-0.24642400,0.13589400
10.080000,0,RR_foot,0.15532663,-0.42309263,0.02020220
10.100000,0,FL_foot,-0.23179334,0.09461122,0.02019721
10.100000,0,FR_foot,0.24272677,0.05077463,0.02024083
10.100000,0,RL_foot,-0.13851501,-0.24939753,0.13842732
10.100000,0,RR_foot,0.15553217,-0.42315888,0.02019807
10.120000,0,FL_foot,-0.23199186,0.09442629,0.02020088
10.120000,0,FR_foot,0.24256897,0.05095399,0.02024222
10.120000,0,RL_foot,-0.13646986,-0.25231627,0.14033048
10.120000,0,RR_foot,0.15573618,-0.42322811,0.02020010
10.140000,0,FL_foot,-0.23220035,0.09423026,0.02020383
10.140000,0,FR_foot,0.24241558,0.05113271,0.02024464
10.140000,0,RL_foot,-0.13464256,-0.25521484,0.14171769
10.140000,0,RR_foot,0.15593280,-0.42330956,0.02019365
10.160000,0,FL_foot,-0.23240486,0.09403191,0.02020571
10.160000,0,FR_foot,0.24231029,0.05148275,0.02024030
10.160000,0,RL_foot,-0.13296635,-0.25811625,0.14268754
10.160000,0,RR_foot,0.15613246,-0.42338708,0.02018897
10.180000,0,FL_foot,-0.23258935,0.09383620,0.02020817
10.180000,0,FR_foot,0.24223568,0.05238922,0.02023938
10.180000,0,RL_foot,-0.13136728,-0.26102728,0.14332902
10.180000,0,RR_foot,0.15633354,-0.42346862,0.02019048
10.200000,0,FL_foot,-0.23278114,0.09363333,0.02021205
10.200000,0,FR_foot,0.24188223,0.05447099,0.02024106
10.200000,0,RL_foot,-0.12978527,-0.26392299,0.14369126
10.200000,0,RR_foot,0.15652804,-0.42356172,0.02018403
10.220000,0,FL_foot,-0.23296383,0.09343203,0.02021433
10.220000,0,FR_foot,0.24073955,0.05818883,0.02024113
10.220000,0,RL_foot,-0.12816989,-0.26678750,0.14381325
10.220000,0,RR_foot,0.15673465,-0.42364982,0.02017969
10.240000,0,FL_foot,-0.23312330,0.09323470,0.02021636
10.240000,0,FR_foot,0.23847987,0.06356642,0.02024237
10.240000,0,RL_foot,-0.12649445,-0.26962128,0.14373416
10.240000,0,RR_foot,0.15694946,-0.42373520,0.02018034
10.260000,0,FL_foot,-0.23329325,0.09303289,0.02021998
10.260000,0,FR_foot,0.23508902,0.07041661,0.02024314
10.260000,0,RL_foot,-0.12476368,-0.27240655,0.14347383
10.260000,0,RR_foot,0.15716897,-0.42381921,0.02018014
10.280000,0,FL_foot,-0.23346040,0.09283440,0.02022439
10.280000,0,FR_foot,0.23061694,0.07846856,0.02024289
10.280000,0,RL_foot,-0.12298759,-0.27513281,0.14306934
10.280000,0,RR_foot,0.15738414,-0.42389986,0.02017671
10.300000,0,FL_foot,-0.23360842,0.09264155,0.02022487
10.300000,0,FR_foot,0.22533788,0.08724064,0.02024549
10.300000,0,RL_foot,-0.12116204,-0.27776268,0.14253440
10.300000,0,RR_foot,0.15762071,-0.42396268,0.02017858
10.320000,0,FL_foot,-0.23377307,0.09244971,0.02022897
10.320000,0,FR_foot,0.21968637,0.09605030,0.02024830
10.320000,0,RL_foot,-0.11927275,-0.28024012,0.14189993
10.320000,0,RR_foot,0.15786040,-0.42401433,0.02018172
10.340000,0,FL_foot,-0.23393515,0.09226686,0.02023354
10.340000,0,FR_foot,0.21422735,0.10414509,0.02024695
10.340000,0,RL_foot,-0.11730523,-0.28249684,0.14113432
10.340000,0,RR_foot,0.15809661,-0.42405298,0.02018017
10.360000,0,FL_foot,-0.23407030,0.09209482,0.02023490
10.360000,0,FR_foot,0.20954254,0.11082829,0.02025169
10.360000,0,RL_foot,-0.11524148,-0.28449321,0.14017692
10.360000,0,RR_foot,0.15834451,-0.42408469,0.02018348
10.380000,0,FL_foot,-0.23421490,0.09192820,0.02023848
10.380000,0,FR_foot,0.20577542,0.11601701,0.02025338
10.380000,0,RL_foot,-0.11310123,-0.28628388,0.13905230
10.380000,0,RR_foot,0.15858400,-0.42411709,0.02018331
10.400000,0,FL_foot,-0.23434646,0.09177057,0.02024257
10.400000,0,FR_foot,0.20290516,0.11987896,0.02025162
10.400000,0,RL_foot,-0.11124630,-0.28797615,0.13699126
10.400000,0,RR_foot,0.15880656,-0.42415059,0.02017512
10.420000,0,FL_foot,-0.23443821,0.09162353,0.02024222
10.420000,0,FR_foot,0.20026313,0.12323491,0.02025656
10.420000,0,RL_foot,-0.11003732,-0.28987980,0.13332537
10.420000,0,RR_foot,0.15903835,-0.42418873,0.02016747
10.440000,0,FL_foot,-0.23453806,0.09147720,0.02024086
10.440000,0,FR_foot,0.19655725,0.12719645,0.02028072
10.440000,0,RL_foot,-0.10986882,-0.29235092,0.12746185
10.440000,0,RR_foot,0.15927051,-0.42422312,0.02014629
10.460000,0,FL_foot,-0.23463263,0.09133539,0.02024344
10.460000,0,FR_foot,0.19110894,0.13270766,0.02036518
10.460000,0,RL_foot,-0.11113042,-0.29581580,0.11891519
10.460000,0,RR_foot,0.15946576,-0.42425987,0.02013535
10.480000,0,FL_foot,-0.23472899,0.09119566,0.02024604
10.480000,0,FR_foot,0.18264757,0.14068380,0.02030162
10.480000,0,RL_foot,-0.11413105,-0.30084285,0.10793573
10.480000,0,RR_foot,0.15973338,-0.42425224,0.02013391
10.500000,0,FL_foot,-0.23481247,0.09107421,0.02025126
10.500000,0,FR_foot,0.17612459,0.14722228,0.02028636
10.500000,0,RL_foot,-0.11841930,-0.30706644,0.09507350
10.500000,0,RR_foot,0.16001904,-0.42422664,0.02014042
10.520000,0,FL_foot,-0.23487516,0.09097111,0.02025752
10.520000,0,FR_foot,0.17220667,0.15135998,0.02026501
10.520000,0,RL_foot,-0.12429926,-0.31421828,0.08048201
10.520000,0,RR_foot,0.16024938,-0.42422229,0.02014726
10.540000,0,FL_foot,-0.23490208,0.09088515,0.02025428
10.540000,0,FR_foot,0.17084999,0.15310842,0.02026289
10.540000,0,RL_foot,-0.13184159,-0.32221881,0.06472375
10.540000,0,RR_foot,0.16050830,-0.42422757,0.02014069
10.560000,0,FL_foot,-0.23495406,0.09078056,0.02025792
10.560000,0,FR_foot,0.16935173,0.15491319,0.02025499
10.560000,0,RL_foot,-0.14014463,-0.33114132,0.04988763
10.560000,0,RR_foot,0.16075420,-0.42424899,0.02014469
10.580000,0,FL_foot,-0.23498282,0.09066430,0.02026356
10.580000,0,FR_foot,0.16794004,0.15651371,0.02024727
10.580000,0,RL_foot,-0.14753787,-0.34027132,0.03735668
10.580000,0,RR_foot,0.16099387,-0.42427322,0.02015511
10.600000,0,FL_foot,-0.23502274,0.09052791,0.02026617
10.600000,0,FR_foot,0.16786833,0.15657955,0.02025550
10.600000,0,RL_foot,-0.15292831,-0.34806818,0.02710398
10.600000,0,RR_foot,0.16124661,-0.42431989,0.02015517
10.620000,0,FL_foot,-0.23554721,0.09005567,0.02051440
10.620000,0,FR_foot,0.16766231,0.15671264,0.02019881
10.620000,0,RL_foot,-0.15624622,-0.35117364,0.02000172
10.620000,0,RR_foot,0.16148420,-0.42436126,0.02020994
10.640000,0,FL_foot,-0.23607150,0.08913102,0.02294855
10.640000,0,FR_foot,0.16752683,0.15675390,0.02026012
10.640000,0,RL_foot,-0.15613514,-0.35118350,0.02028363
10.640000,0,RR_foot,0.16435535,-0.42763758,0.02091454
10.660000,0,FL_foot,-0.23530534,0.08642670,0.02513235
10.660000,0,FR_foot,0.16732714,0.15686645,0.02026225
10.660000,0,RL_foot,-0.15585609,-0.35120708,0.02030324
10.660000,0,RR_foot,0.16489169,-0.42792282,0.02370505
10.680000,0,FL_foot,-0.23548615,0.08255212,0.02628235
10.680000,0,FR_foot,0.16712530,0.15697648,0.02026297
10.680000,0,RL_foot,-0.15553372,-0.35120666,0.02029938
10.680000,0,RR_foot,0.16562386,-0.42275259,0.02614307
10.700000,0,FL_foot,-0.23630238,0.07914528,0.02703444
10.700000,0,FR_foot,0.16692798,0.15709117,0.02026154
10.700000,0,RL_foot,-0.15523201,-0.35120997,0.02029438
10.700000,0,RR_foot,0.16673751,-0.41412860,0.02801605
10.720000,0,FL_foot,-0.23734917,0.07639042,0.02776105
10.720000,0,FR_foot,0.16672821,0.15720686,0.02025954
10.720000,0,RL_foot,-0.15492265,-0.35120457,0.02028562
10.720000,0,RR_foot,0.16845571,-0.40421835,0.02937291
10.740000,0,FL_foot,-0.23831780,0.07379936,0.02857515
10.740000,0,FR_foot,0.16652568,0.15732367,0.02025983
10.740000,0,RL_foot,-0.15459159,-0.35118106,0.02028987
10.740000,0,RR_foot,0.17089368,-0.39446467,0.03029584
10.760000,0,FL_foot,-0.23904148,0.07103986,0.02944393
10.760000,0,FR_foot,0.16633466,0.15744498,0.02025877
10.760000,0,RL_foot,-0.15428573,-0.35116017,0.02028771
10.760000,0,RR_foot,0.17428787,-0.38570461,0.03078524
10.780000,0,FL_foot,-0.23938294,0.06800485,0.03031728
10.780000,0,FR_foot,0.16615021,0.15756765,0.02025724
10.780000,0,RL_foot,-0.15396833,-0.35112631,0.02027874
10.780000,0,RR_foot,0.17872128,-0.37826750,0.03090192
10.800000,0,FL_foot,-0.23926792,0.06469094,0.03118103
10.800000,0,FR_foot,0.16597429,0.15769285,0.02025758
10.800000,0,RL_foot,-0.15362664,-0.35107166,0.02028373
10.800000,0,RR_foot,0.18420301,-0.37209985,0.03069814
10.820000,0,FL_foot,-0.23866671,0.06111218,0.03203191
10.820000,0,FR_foot,0.16581458,0.15781552,0.02025698
10.820000,0,RL_foot,-0.15330623,-0.35101801,0.02028217
10.820000,0,RR_foot,0.19076522,-0.36694461,0.03017102
10.840000,0,FL_foot,-0.23756406,0.05723430,0.03287410
10.840000,0,FR_foot,0.16566406,0.15793607,0.02025476
10.840000,0,RL_foot,-0.15297456,-0.35095257,0.02027192
10.840000,0,RR_foot,0.19848706,-0.36254570,0.02929765
10.860000,0,FL_foot,-0.23595157,0.05291998,0.03374314
10.860000,0,FR_foot,0.16553169,0.15805675,0.02025589
10.860000,0,RL_foot,-0.15262143,-0.35087025,0.02027760
10.860000,0,RR_foot,0.20752342,-0.35868692,0.02804958
10.880000,0,FL_foot,-0.23383230,0.04798505,0.03464852
10.880000,0,FR_foot,0.16540621,0.15817548,0.02025512
10.880000,0,RL_foot,-0.15229009,-0.35079324,0.02027698
10.880000,0,RR_foot,0.21809359,-0.35516861,0.02640501
10.900000,0,FL_foot,-0.23129363,0.04216382,0.03555216
10.900000,0,FR_foot,0.16528876,0.15829034,0.02025264
10.900000,0,RL_foot,-0.15194830,-0.35070798,0.02026589
10.900000,0,RR_foot,0.23054466,-0.35179085,0.02434937
10.920000,0,FL_foot,-0.22857109,0.03489783,0.03635905
10.920000,0,FR_foot,0.16518827,0.15840414,0.02025427
10.920000,0,RL_foot,-0.15158947,-0.35061231,0.02027298
10.920000,0,RR_foot,0.24534035,-0.34827062,0.02191797
10.940000,0,FL_foot,-0.22575268,0.02502545,0.03674174
10.940000,0,FR_foot,0.16509913,0.15851222,0.02025542
10.940000,0,RL_foot,-0.15125628,-0.35052803,0.02028456
10.940000,0,RR_foot,0.26013994,-0.34440815,0.02018417
10.960000,0,FL_foot,-0.22230740,0.01242817,0.03592687
10.960000,0,FR_foot,0.16502686,0.15862381,0.02025219
10.960000,0,RL_foot,-0.15091896,-0.35039660,0.02026113
10.960000,0,RR_foot,0.27385759,-0.33986536,0.02018584
10.980000,0,FL_foot,-0.21978717,-0.00150426,0.03446186
10.980000,0,FR_foot,0.16496366,0.15872736,0.02025240
10.980000,0,RL_foot,-0.15057355,-0.35025209,0.02026426
10.980000,0,RR_foot,0.29226151,-0.33412591,0.02022421
11.000000,0,FL_foot,-0.21852140,-0.01638686,0.03312157
11.000000,0,FR_foot,0.16488221,0.15884063,0.02025248
11.000000,0,RL_foot,-0.15023124,-0.35013488,0.02026352
11.000000,0,RR_foot,0.31296614,-0.32657364,0.02057290
11.020000,0,FL_foot,-0.21828255,-0.03216256,0.03201056
11.020000,0,FR_foot,0.16478841,0.15896106,0.02024871
11.020000,0,RL_foot,-0.14985760,-0.35002282,0.02025162
11.020000,0,RR_foot,0.33208296,-0.31695098,0.02152458
11.040000,0,FL_foot,-0.21930274,-0.04815418,0.03129584
11.040000,0,FR_foot,0.16469093,0.15907751,0.02024801
11.040000,0,RL_foot,-0.14945397,-0.34992471,0.02025118
11.040000,0,RR_foot,0.34809816,-0.30556852,0.02241705
11.060000,0,FL_foot,-0.22179267,-0.06329112,0.03106995
11.060000,0,FR_foot,0.16458443,0.15918271,0.02024561
11.060000,0,RL_foot,-0.14906298,-0.34985548,0.02024370
11.060000,0,RR_foot,0.35990390,-0.29330879,0.02251395
11.080000,0,FL_foot,-0.22579566,-0.07672967,0.03132837
11.080000,0,FR_foot,0.16447353,0.15927388,0.02024481
11.080000,0,RL_foot,-0.14865331,-0.34981078,0.02024231
11.080000,0,RR_foot,0.36726087,-0.28108925,0.02134812
11.100000,0,FL_foot,-0.23030920,-0.08845752,0.03116548
11.100000,0,FR_foot,0.16443253,0.15948486,0.02023977
11.100000,0,RL_foot,-0.14828277,-0.34977981,0.02023470
11.100000,0,RR_foot,0.37052679,-0.27454659,0.02033710
11.120000,0,FL_foot,-0.23485653,-0.09705554,0.03046505
11.120000,0,FR_foot,0.16434574,0.15951085,0.02024630
11.120000,0,RL_foot,-0.14794536,-0.34973493,0.02025513
11.120000,0,RR_foot,0.37367231,-0.27065319,0.02025603
11.140000,0,FL_foot,-0.24060169,-0.10233331,0.02897032
11.140000,0,FR_foot,0.16423422,0.15955788,0.02024061
11.140000,0,RL_foot,-0.14768770,-0.34967852,0.02023655
11.140000,0,RR_foot,0.37425661,-0.27017188,0.02026316
11.160000,0,FL_foot,-0.24707180,-0.10460470,0.02730417
11.160000,0,FR_foot,0.16408302,0.15957150,0.02023661
11.160000,0,RL_foot,-0.14752780,-0.34968361,0.02022622
11.160000,0,RR_foot,0.37443137,-0.27010861,0.02025924
11.180000,0,FL_foot,-0.25355592,-0.10428854,0.02491200
11.180000,0,FR_foot,0.16386515,0.15957446,0.02024359
11.180000,0,RL_foot,-0.14349490,-0.34764466,0.02024207
11.180000,0,RR_foot,0.37453496,-0.27007219,0.02026322
11.200000,0,FL_foot,-0.25944707,-0.10146578,0.02010398
11.200000,0,FR_foot,0.16350290,0.15910754,0.02024890
11.200000,0,RL_foot,-0.12735444,-0.33807260,0.02108266
11.200000,0,RR_foot,0.37464395,-0.27006891,0.02024843
11.220000,0,FL_foot,-0.25962830,-0.10171851,0.02019660
11.220000,0,FR_foot,0.15810207,0.15710250,0.02066931
11.220000,0,RL_foot,-0.09825774,-0.32104909,0.03300205
11.220000,0,RR_foot,0.37428299,-0.27049732,0.02020476
11.240000,0,FL_foot,-0.25975084,-0.10204166,0.02019133
11.240000,0,FR_foot,0.14645363,0.15620664,0.02089179
11.240000,0,RL_foot,-0.06497617,-0.30671531,0.05342594
11.240000,0,RR_foot,0.37433168,-0.27040127,0.02021534
11.260000,0,FL_foot,-0.25985315,-0.10233286,0.02018844
11.260000,0,FR_foot,0.13329789,0.15946759,0.02095805
11.260000,0,RL_foot,-0.03811186,-0.30159488,0.07479482
11.260000,0,RR_foot,0.37445709,-0.27029186,0.02021180
11.280000,0,FL_foot,-0.25994048,-0.10260363,0.02018284
11.280000,0,FR_foot,0.12138972,0.16626941,0.02027709
11.280000,0,RL_foot,-0.02014024,-0.30296442,0.09139034
11.280000,0,RR_foot,0.37460867,-0.27013254,0.02020648
11.300000,0,FL_foot,-0.26000574,-0.10283450,0.02018841
11.300000,0,FR_foot,0.12027782,0.16741820,0.02023778
11.300000,0,RL_foot,-0.00745191,-0.30522040,0.10287042
11.300000,0,RR_foot,0.37479267,-0.26999485,0.02021186
11.320000,0,FL_foot,-0.26005718,-0.10304667,0.02019539
11.320000,0,FR_foot,0.12000348,0.16752629,0.02024286
11.320000,0,RL_foot,0.00165082,-0.30689833,0.11158259
11.320000,0,RR_foot,0.37500826,-0.26990080,0.02020842
11.340000,0,FL_foot,-0.26010841,-0.10328421,0.02019868
11.340000,0,FR_foot,0.11975642,0.16757604,0.02024398
11.340000,0,RL_foot,0.00868206,-0.30795589,0.11855706
11.340000,0,RR_foot,0.37520337,-0.26980859,0.02020524
11.360000,0,FL_foot,-0.26015756,-0.10353631,0.02019938
11.360000,0,FR_foot,0.11951789,0.16760463,0.02024251
11.360000,0,RL_foot,0.01437642,-0.30875945,0.12411132
11.360000,0,RR_foot,0.37540171,-0.26972538,0.02020090
11.380000,0,FL_foot,-0.26019871,-0.10378551,0.02020371
11.380000,0,FR_foot,0.11926938,0.16764012,0.02024344
11.380000,0,RL_foot,0.01918021,-0.30957237,0.12846792
11.380000,0,RR_foot,0.37560368,-0.26964456,0.02020481
11.400000,0,FL_foot,-0.26024136,-0.10405765,0.02020636
11.400000,0,FR_foot,0.11902466,0.16767441,0.02024592
11.400000,0,RL_foot,0.02337754,-0.31049562,0.13181286
11.400000,0,RR_foot,0.37581268,-0.26958144,0.02019705
11.420000,0,FL_foot,-0.26028129,-0.10433517,0.02020668
11.420000,0,FR_foot,0.11878825,0.16768438,0.02024368
11.420000,0,RL_foot,0.02716996,-0.31156871,0.13433239
11.420000,0,RR_foot,0.37602058,-0.26950887,0.02019248
11.440000,0,FL_foot,-0.26030877,-0.10460149,0.02021030
11.440000,0,FR_foot,0.11855376,0.16769858,0.02024489
11.440000,0,RL_foot,0.03070225,-0.31278828,0.13619824
11.440000,0,RR_foot,0.37622893,-0.26944244,0.02019690
11.460000,0,FL_foot,-0.26033732,-0.10488419,0.02021386
11.460000,0,FR_foot,0.11831247,0.16776270,0.02024726
11.460000,0,RL_foot,0.03406570,-0.31411973,0.13752575
11.460000,0,RR_foot,0.37644777,-0.26939091,0.02018884
11.480000,0,FL_foot,-0.26035938,-0.10516426,0.02021455
11.480000,0,FR_foot,0.11787397,0.16811022,0.02024236
11.480000,0,RL_foot,0.03734707,-0.31554252,0.13842481
11.480000,0,RR_foot,0.37666667,-0.26932877,0.02018328
11.500000,0,FL_foot,-0.26036239,-0.10542480,0.02021661
11.500000,0,FR_foot,0.11619340,0.16929461,0.02024348
11.500000,0,RL_foot,0.04061724,-0.31702951,0.13899170
11.500000,0,RR_foot,0.37689081,-0.26927140,0.02018658
11.520000,0,FL_foot,-0.26036793,-0.10569645,0.02022162
11.520000,0,FR_foot,0.11238455,0.17129995,0.02024443
11.520000,0,RL_foot,0.04390959,-0.31851706,0.13926169
11.520000,0,RR_foot,0.37712708,-0.26922405,0.02017974
11.540000,0,FL_foot,-0.26036689,-0.10596035,0.02022280
11.540000,0,FR_foot,0.10614509,0.17391442,0.02024351
11.540000,0,RL_foot,0.04725401,-0.31998464,0.13927539
11.540000,0,RR_foot,0.37736726,-0.26915669,0.02017505
11.560000,0,FL_foot,-0.26034856,-0.10620510,0.02022453
11.560000,0,FR_foot,0.09742270,0.17694719,0.02024339
11.560000,0,RL_foot,0.05065409,-0.32143366,0.13908795
11.560000,0,RR_foot,0.37760985,-0.26907969,0.02018139
11.580000,0,FL_foot,-0.26034275,-0.10646393,0.02023012
11.580000,0,FR_foot,0.08690520,0.18035422,0.02024417
11.580000,0,RL_foot,0.05406173,-0.32281011,0.13874030
11.580000,0,RR_foot,0.37785420,-0.26899320,0.02017839
11.600000,0,FL_foot,-0.26033941,-0.10671498,0.02023125
11.600000,0,FR_foot,0.07584852,0.18377055,0.02024403
11.600000,0,RL_foot,0.05742445,-0.32396331,0.13825555
11.600000,0,RR_foot,0.37809408,-0.26887706,0.02017649
11.620000,0,FL_foot,-0.26032090,-0.10693965,0.02023405
11.620000,0,FR_foot,0.06580448,0.18679085,0.02025354
11.620000,0,RL_foot,0.06054786,-0.32484287,0.13717793
11.620000,0,RR_foot,0.37832916,-0.26874810,0.02018430
11.640000,0,FL_foot,-0.26031882,-0.10716429,0.02023900
11.640000,0,FR_foot,0.05795661,0.18908393,0.02025556
11.640000,0,RL_foot,0.06330964,-0.32554463,0.13512781
11.640000,0,RR_foot,0.37855804,-0.26862246,0.02017832
11.660000,0,FL_foot,-0.26031128,-0.10736347,0.02023982
11.660000,0,FR_foot,0.05225634,0.19065402,0.02025506
11.660000,0,RL_foot,0.06565645,-0.32638147,0.13172016
11.660000,0,RR_foot,0.37878406,-0.26849425,0.02017046
11.680000,0,FL_foot,-0.26027337,-0.10751805,0.02023879
11.680000,0,FR_foot,0.04740133,0.19165733,0.02026194
11.680000,0,RL_foot,0.06753256,-0.32791957,0.12642615
11.680000,0,RR_foot,0.37900621,-0.26837045,0.02016335
11.700000,0,FL_foot,-0.26025090,-0.10767807,0.02024139
11.700000,0,FR_foot,0.04220227,0.19239336,0.02031971
11.700000,0,RL_foot,0.06891622,-0.33079925,0.11873327
11.700000,0,RR_foot,0.37921500,-0.26828524,0.02014688
11.720000,0,FL_foot,-0.26022896,-0.10783248,0.02024729
11.720000,0,FR_foot,0.03447814,0.19317459,0.02026277
11.720000,0,RL_foot,0.06988942,-0.33592141,0.10837019
11.720000,0,RR_foot,0.37943703,-0.26813421,0.02015157
11.740000,0,FL_foot,-0.26019403,-0.10795689,0.02024680
11.740000,0,FR_foot,0.02738615,0.19382559,0.02042604
11.740000,0,RL_foot,0.07034707,-0.34324130,0.09524910
11.740000,0,RR_foot,0.37966096,-0.26797777,0.02014644
11.760000,0,FL_foot,-0.26017055,-0.10809705,0.02025551
11.760000,0,FR_foot,0.01728100,0.19426304,0.02025208
11.760000,0,RL_foot,0.07047061,-0.35339603,0.08086680
11.760000,0,RR_foot,0.37986857,-0.26782164,0.02014913
11.780000,0,FL_foot,-0.26013014,-0.10817616,0.02025258
11.780000,0,FR_foot,0.01411730,0.19471982,0.02037046
11.780000,0,RL_foot,0.07039331,-0.36509609,0.06530959
11.780000,0,RR_foot,0.38009435,-0.26762387,0.02014207
11.800000,0,FL_foot,-0.26008469,-0.10827012,0.02026562
11.800000,0,FR_foot,0.01054031,0.19499971,0.02024644
11.800000,0,RL_foot,0.07017814,-0.37777069,0.05099513
11.800000,0,RR_foot,0.38031331,-0.26745957,0.02020126
11.820000,0,FL_foot,-0.26003182,-0.10837139,0.02026169
11.820000,0,FR_foot,0.01016190,0.19510756,0.02024334
11.820000,0,RL_foot,0.07004163,-0.38928986,0.03826218
11.820000,0,RR_foot,0.38053983,-0.26736170,0.02016800
11.840000,0,FL_foot,-0.25996318,-0.10849304,0.02026188
11.840000,0,FR_foot,0.01010754,0.19511753,0.02025382
11.840000,0,RL_foot,0.07084178,-0.39837456,0.02834447
11.840000,0,RR_foot,0.38078189,-0.26725554,0.02015971
11.860000,0,FL_foot,-0.25998092,-0.10882977,0.02034068
11.860000,0,FR_foot,0.00990282,0.19509216,0.02022266
11.860000,0,RL_foot,0.07057282,-0.40458047,0.01993776
11.860000,0,RR_foot,0.38101777,-0.26713741,0.02018441
11.880000,0,FL_foot,-0.25965261,-0.11079485,0.02273411
11.880000,0,FR_foot,0.00976150,0.19505493,0.02025689
11.880000,0,RL_foot,0.07037989,-0.40469894,0.02027120
11.880000,0,RR_foot,0.38272601,-0.26737472,0.02113704
11.900000,0,FL_foot,-0.25759891,-0.11179261,0.02518219
11.900000,0,FR_foot,0.00956132,0.19501705,0.02026191
11.900000,0,RL_foot,0.07060287,-0.40455940,0.02030692
11.900000,0,RR_foot,0.38162795,-0.26646328,0.02359232
11.920000,0,FL_foot,-0.25557914,-0.11343900,0.02700588
11.920000,0,FR_foot,0.00933158,0.19498408,0.02025946
11.920000,0,RL_foot,0.07085933,-0.40438223,0.02029143
11.920000,0,RR_foot,0.37780726,-0.26140231,0.02562260
11.940000,0,FL_foot,-0.25439933,-0.11531284,0.02839915
11.940000,0,FR_foot,0.00910071,0.19494262,0.02026004
11.940000,0,RL_foot,0.07112104,-0.40417486,0.02029188
11.940000,0,RR_foot,0.37195399,-0.25327188,0.02706181
11.960000,0,FL_foot,-0.25391120,-0.11708849,0.02965993
11.960000,0,FR_foot,0.00886951,0.19490851,0.02025877
11.960000,0,RL_foot,0.07136645,-0.40398899,0.02028925
11.960000,0,RR_foot,0.36568645,-0.24359767,0.02800701
11.980000,0,FL_foot,-0.25360331,-0.11890168,0.03087586
11.980000,0,FR_foot,0.00863959,0.19487448,0.02025665
11.980000,0,RL_foot,0.07161345,-0.40379113,0.02027968
11.980000,0,RR_foot,0.36022282,-0.23360729,0.02858975
12.000000,0,FL_foot,-0.25305888,-0.12092707,0.03203676
12.000000,0,FR_foot,0.00841037,0.19484399,0.02025707
12.000000,0,RL_foot,0.07186580,-0.40356350,0.02028470
12.000000,0,RR_foot,0.35638505,-0.22401839,0.02886674
12.020000,0,FL_foot,-0.25202531,-0.12318780,0.03309905
12.020000,0,FR_foot,0.00819548,0.19482417,0.02025650
12.020000,0,RL_foot,0.07210068,-0.40334937,0.02028322
12.020000,0,RR_foot,0.35457984,-0.21500121,0.02881810
12.040000,0,FL_foot,-0.25035903,-0.12559035,0.03404887
12.040000,0,FR_foot,0.00798923,0.19480933,0.02025462
12.040000,0,RL_foot,0.07233658,-0.40311566,0.02027327
12.040000,0,RR_foot,0.35476530,-0.20646314,0.02847348
12.060000,0,FL_foot,-0.24799228,-0.12808648,0.03491532
12.060000,0,FR_foot,0.00779670,0.19480488,0.02025579
12.060000,0,RL_foot,0.07257877,-0.40285081,0.02027877
12.060000,0,RR_foot,0.35672852,-0.19812815,0.02783225
12.080000,0,FL_foot,-0.24484472,-0.13066848,0.03574022
12.080000,0,FR_foot,0.00761438,0.19480708,0.02025527
12.080000,0,RL_foot,0.07280498,-0.40260062,0.02027827
12.080000,0,RR_foot,0.36027279,-0.18964995,0.02685032
12.100000,0,FL_foot,-0.24084607,-0.13340037,0.03654409
12.100000,0,FR_foot,0.00744161,0.19481349,0.02025269
12.100000,0,RL_foot,0.07303376,-0.40233371,0.02026729
12.100000,0,RR_foot,0.36530948,-0.18069212,0.02548699
12.120000,0,FL_foot,-0.23591940,-0.13645077,0.03736386
12.120000,0,FR_foot,0.00728220,0.19482778,0.02025440
12.120000,0,RL_foot,0.07326871,-0.40204403,0.02027407
12.120000,0,RR_foot,0.37189516,-0.17089783,0.02370824
12.140000,0,FL_foot,-0.22997390,-0.14018919,0.03813889
12.140000,0,FR_foot,0.00713214,0.19484575,0.02025369
12.140000,0,RL_foot,0.07349212,-0.40177310,0.02027330
12.140000,0,RR_foot,0.38017407,-0.15981673,0.02150010
12.160000,0,FL_foot,-0.22253859,-0.14533380,0.03847789
12.160000,0,FR_foot,0.00699417,0.19486830,0.02025287
12.160000,0,RL_foot,0.07371365,-0.40149239,0.02026947
12.160000,0,RR_foot,0.38796723,-0.14913392,0.02018439
12.180000,0,FL_foot,-0.21319601,-0.15184456,0.03773450
12.180000,0,FR_foot,0.00687319,0.19490476,0.02025356
12.180000,0,RL_foot,0.07390777,-0.40118256,0.02027311
12.180000,0,RR_foot,0.39546338,-0.13822281,0.02018378
12.200000,0,FL_foot,-0.20323738,-0.15983015,0.03627791
12.200000,0,FR_foot,0.00674868,0.19493674,0.02025336
12.200000,0,RL_foot,0.07407638,-0.40088227,0.02026747
12.200000,0,RR_foot,0.40595400,-0.12417351,0.02017313
12.220000,0,FL_foot,-0.19332413,-0.16961615,0.03467097
12.220000,0,FR_foot,0.00662187,0.19497055,0.02025063
12.220000,0,RL_foot,0.07425807,-0.40057969,0.02025324
12.220000,0,RR_foot,0.41810751,-0.10700474,0.02028048
12.240000,0,FL_foot,-0.18339530,-0.18113583,0.03333021
12.240000,0,FR_foot,0.00647767,0.19500054,0.02025227
12.240000,0,RL_foot,0.07447179,-0.40026426,0.02026041
12.240000,0,RR_foot,0.42910570,-0.08784309,0.02085366
12.260000,0,FL_foot,-0.17372185,-0.19399837,0.03229185
12.260000,0,FR_foot,0.00632595,0.19502957,0.02025018
12.260000,0,RL_foot,0.07470314,-0.39996204,0.02025382
12.260000,0,RR_foot,0.43679929,-0.06854136,0.02178186
12.280000,0,FL_foot,-0.16502371,-0.20761766,0.03171741
12.280000,0,FR_foot,0.00617263,0.19504867,0.02024607
12.280000,0,RL_foot,0.07495370,-0.39966699,0.02024236
12.280000,0,RR_foot,0.44061825,-0.05037070,0.02233456
12.300000,0,FL_foot,-0.15822954,-0.22137785,0.03161140
12.300000,0,FR_foot,0.00602240,0.19505316,0.02024487
12.300000,0,RL_foot,0.07523586,-0.39937347,0.02024212
12.300000,0,RR_foot,0.44065276,-0.03450823,0.02189283
12.320000,0,FL_foot,-0.15364487,-0.23451203,0.03199712
12.320000,0,FR_foot,0.00588040,0.19504300,0.02025052
12.320000,0,RL_foot,0.07552589,-0.39912081,0.02024874
12.320000,0,RR_foot,0.43783820,-0.02218457,0.02023261
12.340000,0,FL_foot,-0.15003254,-0.24588898,0.03114895
12.340000,0,FR_foot,0.00576415,0.19507366,0.02024232
12.340000,0,RL_foot,0.07575139,-0.39886957,0.02023766
12.340000,0,RR_foot,0.43859667,-0.01651529,0.02049686
12.360000,0,FL_foot,-0.14836217,-0.25470990,0.03040820
12.360000,0,FR_foot,0.00564522,0.19504096,0.02023931
12.360000,0,RL_foot,0.07596753,-0.39863998,0.02022618
12.360000,0,RR_foot,0.43836546,-0.01294494,0.02029377
12.380000,0,FL_foot,-0.14879437,-0.26207563,0.02924750
12.380000,0,FR_foot,0.00554133,0.19498172,0.02023889
12.380000,0,RL_foot,0.07613532,-0.39848578,0.02023426
12.380000,0,RR_foot,0.43846348,-0.01191058,0.02026794
12.400000,0,FL_foot,-0.15174948,-0.26831919,0.02770082
12.400000,0,FR_foot,0.00541813,0.19489650,0.02023824
12.400000,0,RL_foot,0.07627779,-0.39838895,0.02022946
12.400000,0,RR_foot,0.43854707,-0.01175702,0.02026067
12.420000,0,FL_foot,-0.15679081,-0.27273318,0.02543714
12.420000,0,FR_foot,0.00526022,0.19475274,0.02024183
12.420000,0,RL_foot,0.07800370,-0.39483234,0.02023977
12.420000,0,RR_foot,0.43861526,-0.01167223,0.02024499
12.440000,0,FL_foot,-0.16309881,-0.27427584,0.01963422
12.440000,0,FR_foot,0.00514335,0.19450615,0.02024866
12.440000,0,RL_foot,0.08468380,-0.37616226,0.02040677
12.440000,0,RR_foot,0.43870604,-0.01161064,0.02024874
12.460000,0,FL_foot,-0.16311939,-0.27457255,0.02021084
12.460000,0,FR_foot,0.00277934,0.19028378,0.02095690
12.460000,0,RL_foot,0.09647118,-0.34592062,0.03246840
12.460000,0,RR_foot,0.43692738,-0.01460292,0.02023681
12.480000,0,FL_foot,-0.16301686,-0.27490687,0.02019366
12.480000,0,FR_foot,-0.00449674,0.18306698,0.02070313
12.480000,0,RL_foot,0.11293580,-0.31490844,0.05231320
12.480000,0,RR_foot,0.43692461,-0.01450548,0.02021427
12.500000,0,FL_foot,-0.16291435,-0.27521062,0.02018717
12.500000,0,FR_foot,-0.01564956,0.17721739,0.02041208
12.500000,0,RL_foot,0.13091956,-0.29378346,0.07391490
12.500000,0,RR_foot,0.43693379,-0.01435706,0.02020968
12.520000,0,FL_foot,-0.16282313,-0.27545881,0.02018471
12.520000,0,FR_foot,-0.02189200,0.17630823,0.02023932
12.520000,0,RL_foot,0.14592750,-0.28271389,0.09042642
12.520000,0,RR_foot,0.43697140,-0.01416224,0.02020266
12.540000,0,FL_foot,-0.16273737,-0.27567455,0.02019158
12.540000,0,FR_foot,-0.02378694,0.17663945,0.02024137
12.540000,0,RL_foot,0.15747100,-0.27661204,0.10222385
12.540000,0,RR_foot,0.43704987,-0.01396156,0.02021448
12.560000,0,FL_foot,-0.16263784,-0.27587938,0.02019440
12.560000,0,FR_foot,-0.02403354,0.17655854,0.02024269
12.560000,0,RL_foot,0.16621508,-0.27246833,0.11117547
12.560000,0,RR_foot,0.43716407,-0.01375578,0.02020491
12.580000,0,FL_foot,-0.16253376,-0.27607334,0.02019771
12.580000,0,FR_foot,-0.02424610,0.17646991,0.02024799
12.580000,0,RL_foot,0.17294985,-0.26921144,0.11824027
12.580000,0,RR_foot,0.43726680,-0.01355049,0.02020302
12.600000,0,FL_foot,-0.16241474,-0.27628505,0.02020037
12.600000,0,FR_foot,-0.02444656,0.17636806,0.02024800
12.600000,0,RL_foot,0.17839696,-0.26651686,0.12387148
12.600000,0,RR_foot,0.43737954,-0.01335592,0.02020566
12.620000,0,FL_foot,-0.16228646,-0.27650312,0.02020098
12.620000,0,FR_foot,-0.02464752,0.17627028,0.02024571
12.620000,0,RL_foot,0.18304414,-0.26427755,0.12830107
12.620000,0,RR_foot,0.43751046,-0.01316586,0.02019683
12.640000,0,FL_foot,-0.16215549,-0.27671075,0.02020355
12.640000,0,FR_foot,-0.02484276,0.17616877,0.02024838
12.640000,0,RL_foot,0.18720753,-0.26242593,0.13173945
12.640000,0,RR_foot,0.43763375,-0.01297522,0.02019440
12.660000,0,FL_foot,-0.16201262,-0.27693471,0.02020645
12.660000,0,FR_foot,-0.02502813,0.17606255,0.02024880
12.660000,0,RL_foot,0.19108985,-0.26088113,0.13438562
12.660000,0,RR_foot,0.43776214,-0.01278603,0.02019683
12.680000,0,FL_foot,-0.16186482,-0.27715802,0.02020833
12.680000,0,FR_foot,-0.02520675,0.17595555,0.02024862
12.680000,0,RL_foot,0.19479716,-0.25956637,0.13636722
12.680000,0,RR_foot,0.43790761,-0.01260426,0.02018793
12.700000,0,FL_foot,-0.16171455,-0.27736083,0.02020979
12.700000,0,FR_foot,-0.02547499,0.17589363,0.02024454
12.700000,0,RL_foot,0.19841045,-0.25841942,0.13780941
12.700000,0,RR_foot,0.43804619,-0.01241633,0.02018661
12.720000,0,FL_foot,-0.16155601,-0.27757493,0.02021293
12.720000,0,FR_foot,-0.02617893,0.17592706,0.02024214
12.720000,0,RL_foot,0.20198935,-0.25737152,0.13883479
12.720000,0,RR_foot,0.43819067,-0.01222830,0.02018657
12.740000,0,FL_foot,-0.16139454,-0.27778053,0.02021573
12.740000,0,FR_foot,-0.02822673,0.17580917,0.02024225
12.740000,0,RL_foot,0.20555595,-0.25635889,0.13949518
12.740000,0,RR_foot,0.43835333,-0.01204752,0.02017779
12.760000,0,FL_foot,-0.16123231,-0.27795836,0.02021661
12.760000,0,FR_foot,-0.03229083,0.17504016,0.02024334
12.760000,0,RL_foot,0.20912513,-0.25532696,0.13983130
12.760000,0,RR_foot,0.43850937,-0.01185152,0.02017682
12.780000,0,FL_foot,-0.16106571,-0.27814791,0.02022028
12.780000,0,FR_foot,-0.03842692,0.17339113,0.02024415
12.780000,0,RL_foot,0.21270853,-0.25425312,0.13990648
12.780000,0,RR_foot,0.43866774,-0.01165034,0.02017859
12.800000,0,FL_foot,-0.16089882,-0.27833149,0.02022411
12.800000,0,FR_foot,-0.04647917,0.17087243,0.02024169
12.800000,0,RL_foot,0.21628347,-0.25313503,0.13975355
12.800000,0,RR_foot,0.43883109,-0.01145090,0.02017307
12.820000,0,FL_foot,-0.16073249,-0.27849412,0.02022425
12.820000,0,FR_foot,-0.05602648,0.16768882,0.02024344
12.820000,0,RL_foot,0.21979883,-0.25195393,0.13941984
12.820000,0,RR_foot,0.43897665,-0.01122671,0.02017459
12.840000,0,FL_foot,-0.16056855,-0.27867594,0.02022817
12.840000,0,FR_foot,-0.06627429,0.16413409,0.02024624
12.840000,0,RL_foot,0.22316749,-0.25066981,0.13896580
12.840000,0,RR_foot,0.43911138,-0.01099548,0.02017807
12.860000,0,FL_foot,-0.16041289,-0.27885535,0.02023226
12.860000,0,FR_foot,-0.07602512,0.16066787,0.02024581
12.860000,0,RL_foot,0.22626679,-0.24922089,0.13837758
12.860000,0,RR_foot,0.43923289,-0.01076249,0.02017660
12.880000,0,FL_foot,-0.16026355,-0.27900609,0.02023356
12.880000,0,FR_foot,-0.08393973,0.15782791,0.02025353
12.880000,0,RL_foot,0.22899313,-0.24754408,0.13758701
12.880000,0,RR_foot,0.43934149,-0.01051571,0.02018084
12.900000,0,FL_foot,-0.16012397,-0.27916551,0.02023706
12.900000,0,FR_foot,-0.08939027,0.15585978,0.02025529
12.900000,0,RL_foot,0.23134920,-0.24589241,0.13607480
12.900000,0,RR_foot,0.43944836,-0.01027918,0.02017901
12.920000,0,FL_foot,-0.15999253,-0.27930769,0.02024044
12.920000,0,FR_foot,-0.09280308,0.15461788,0.02025338
12.920000,0,RL_foot,0.23353826,-0.24466403,0.13327980
12.920000,0,RR_foot,0.43955827,-0.01006999,0.02016860
12.940000,0,FL_foot,-0.15986359,-0.27940306,0.02023935
12.940000,0,FR_foot,-0.09548668,0.15346701,0.02025728
12.940000,0,RL_foot,0.23588046,-0.24433480,0.12856579
12.940000,0,RR_foot,0.43966901,-0.00985212,0.02016030
12.960000,0,FL_foot,-0.15973756,-0.27951309,0.02023950
12.960000,0,FR_foot,-0.09921832,0.15127204,0.02026302
12.960000,0,RL_foot,0.23875621,-0.24545719,0.12132290
12.960000,0,RR_foot,0.43977770,-0.00963474,0.02014225
12.980000,0,FL_foot,-0.15961480,-0.27961129,0.02024163
12.980000,0,FR_foot,-0.10496683,0.14765452,0.02042211
12.980000,0,RL_foot,0.24255514,-0.24854350,0.11101962
12.980000,0,RR_foot,0.43989256,-0.00945792,0.02013158
13.000000,0,FL_foot,-0.15949191,-0.27971271,0.02024492
13.000000,0,FR_foot,-0.11489609,0.14082609,0.02047422
13.000000,0,RL_foot,0.24772701,-0.25404790,0.09824894
13.000000,0,RR_foot,0.43997103,-0.00919339,0.02013213
13.020000,0,FL_foot,-0.15937404,-0.27982602,0.02025176
13.020000,0,FR_foot,-0.12598929,0.13308108,0.02023645
13.020000,0,RL_foot,0.25440541,-0.26154152,0.08441320
13.020000,0,RR_foot,0.44001314,-0.00887954,0.02016922
13.040000,0,FL_foot,-0.15928885,-0.27987963,0.02024945
13.040000,0,FR_foot,-0.12942392,0.13111356,0.02036403
13.040000,0,RL_foot,0.26135218,-0.27026376,0.06893396
13.040000,0,RR_foot,0.44006932,-0.00860208,0.02013392
13.060000,0,FL_foot,-0.15919392,-0.27993184,0.02026752
13.060000,0,FR_foot,-0.13197958,0.12944362,0.02026336
13.060000,0,RL_foot,0.26858640,-0.28006271,0.05416241
13.060000,0,RR_foot,0.44013900,-0.00835843,0.02017575
13.080000,0,FL_foot,-0.15909269,-0.27997974,0.02026130
13.080000,0,FR_foot,-0.13229381,0.12931298,0.02024831
13.080000,0,RL_foot,0.27543524,-0.28951633,0.04067665
13.080000,0,RR_foot,0.44024599,-0.00813402,0.02016255
13.100000,0,FL_foot,-0.15896454,-0.28003100,0.02026145
13.100000,0,FR_foot,-0.13235256,0.12928236,0.02025368
13.100000,0,RL_foot,0.28186366,-0.29671043,0.03010285
13.100000,0,RR_foot,0.44036615,-0.00790322,0.02015882
13.120000,0,FL_foot,-0.15880917,-0.28011093,0.02026284
13.120000,0,FR_foot,-0.13244250,0.12919322,0.02025568
13.120000,0,RL_foot,0.28695714,-0.30349100,0.02002247
13.120000,0,RR_foot,0.44048420,-0.00768543,0.02015679
13.140000,0,FL_foot,-0.15716207,-0.28149533,0.02292107
13.140000,0,FR_foot,-0.13255827,0.12904546,0.02026407
13.140000,0,RL_foot,0.28671503,-0.30388576,0.02032597
13.140000,0,RR_foot,0.44145757,-0.00704715,0.02021921
13.160000,0,FL_foot,-0.15596987,-0.28129706,0.02549020
13.160000,0,FR_foot,-0.13266514,0.12890244,0.02026407
13.160000,0,RL_foot,0.28675449,-0.30363649,0.02031675
13.160000,0,RR_foot,0.44194427,-0.00719537,0.02188772
13.180000,0,FL_foot,-0.15365358,-0.28120315,0.02751774
13.180000,0,FR_foot,-0.13281408,0.12873827,0.02026258
13.180000,0,RL_foot,0.28685898,-0.30335993,0.02030620
13.180000,0,RR_foot,0.43842766,-0.00636634,0.02418886
13.200000,0,FL_foot,-0.15119219,-0.28214499,0.02877239
13.200000,0,FR_foot,-0.13296394,0.12857415,0.02026029
13.200000,0,RL_foot,0.28694934,-0.30306122,0.02029056
13.200000,0,RR_foot,0.43069729,-0.00424302,0.02612280
13.220000,0,FL_foot,-0.14935042,-0.28361434,0.02971757
13.220000,0,FR_foot,-0.13311057,0.12840460,0.02026068
13.220000,0,RL_foot,0.28702414,-0.30273414,0.02029209
13.220000,0,RR_foot,0.42074069,-0.00102105,0.02758009
13.240000,0,FL_foot,-0.14777792,-0.28524101,0.03061696
13.240000,0,FR_foot,-0.13326363,0.12824248,0.02025956
13.240000,0,RL_foot,0.28709802,-0.30243373,0.02029005
13.240000,0,RR_foot,0.41038811,0.00304588,0.02860865
13.260000,0,FL_foot,-0.14597242,-0.28681663,0.03151733
13.260000,0,FR_foot,-0.13341664,0.12808293,0.02025775
13.260000,0,RL_foot,0.28716272,-0.30212086,0.02028144
13.260000,0,RR_foot,0.40097001,0.00783161,0.02925488
13.280000,0,FL_foot,-0.14362791,-0.28823188,0.03238322
13.280000,0,FR_foot,-0.13357215,0.12792885,0.02025836
13.280000,0,RL_foot,0.28721133,-0.30177924,0.02028617
13.280000,0,RR_foot,0.39321834,0.01337157,0.02952848
13.300000,0,FL_foot,-0.14066744,-0.28933081,0.03319779
13.300000,0,FR_foot,-0.13372417,0.12779078,0.02025768
13.300000,0,RL_foot,0.28725514,-0.30145782,0.02028438
13.300000,0,RR_foot,0.38724697,0.01969911,0.02944921
13.320000,0,FL_foot,-0.13717158,-0.28999889,0.03395673
13.320000,0,FR_foot,-0.13387269,0.12766224,0.02025557
13.320000,0,RL_foot,0.28728741,-0.30112055,0.02027396
13.320000,0,RR_foot,0.38284707,0.02685328,0.02904409
13.340000,0,FL_foot,-0.13316874,-0.29020190,0.03469476
13.340000,0,FR_foot,-0.13401709,0.12755233,0.02025655
13.340000,0,RL_foot,0.28730485,-0.30075562,0.02027971
13.340000,0,RR_foot,0.37971094,0.03493322,0.02830123
13.360000,0,FL_foot,-0.12859185,-0.28991476,0.03544888
13.360000,0,FR_foot,-0.13415878,0.12745053,0.02025604
13.360000,0,RL_foot,0.28732020,-0.30041206,0.02027902
13.360000,0,RR_foot,0.37755650,0.04410129,0.02717671
13.380000,0,FL_foot,-0.12332844,-0.28917474,0.03622736
13.380000,0,FR_foot,-0.13429590,0.12735786,0.02025374
13.380000,0,RL_foot,0.28732723,-0.30005449,0.02026839
13.380000,0,RR_foot,0.37620020,0.05459118,0.02563407
13.400000,0,FL_foot,-0.11719254,-0.28809741,0.03704572
13.400000,0,FR_foot,-0.13442849,0.12728234,0.02025509
13.400000,0,RL_foot,0.28732586,-0.29967403,0.02027482
13.400000,0,RR_foot,0.37554568,0.06677075,0.02364130
13.420000,0,FL_foot,-0.10982789,-0.28691581,0.03784145
13.420000,0,FR_foot,-0.13455527,0.12721269,0.02025454
13.420000,0,RL_foot,0.28732663,-0.29931548,0.02027417
13.420000,0,RR_foot,0.37545201,0.08112960,0.02119303
13.440000,0,FL_foot,-0.10027611,-0.28582713,0.03808115
13.440000,0,FR_foot,-0.13467476,0.12715767,0.02025273
13.440000,0,RL_foot,0.28731582,-0.29895100,0.02026500
13.440000,0,RR_foot,0.37489331,0.09376061,0.02017887
13.460000,0,FL_foot,-0.08847973,-0.28473815,0.03720886
13.460000,0,FR_foot,-0.13478364,0.12712462,0.02025435
13.460000,0,RL_foot,0.28726575,-0.29858124,0.02027322
13.460000,0,RR_foot,0.37418401,0.10742953,0.02018220
13.480000,0,FL_foot,-0.07541050,-0.28448221,0.03563043
13.480000,0,FR_foot,-0.13490066,0.12708524,0.02025391
13.480000,0,RL_foot,0.28720078,-0.29823083,0.02026733
13.480000,0,RR_foot,0.37388167,0.12561792,0.02016988
13.500000,0,FL_foot,-0.06134875,-0.28573626,0.03394025
13.500000,0,FR_foot,-0.13502716,0.12703584,0.02025098
13.500000,0,RL_foot,0.28714514,-0.29786968,0.02025619
13.500000,0,RR_foot,0.37291256,0.14756729,0.02030088
13.520000,0,FL_foot,-0.04622333,-0.28834203,0.03259589
13.520000,0,FR_foot,-0.13516384,0.12698331,0.02025242
13.520000,0,RL_foot,0.28710827,-0.29747871,0.02026252
13.520000,0,RR_foot,0.36966705,0.17029378,0.02098076
13.540000,0,FL_foot,-0.03056611,-0.29225287,0.03164568
13.540000,0,FR_foot,-0.13530418,0.12691663,0.02024985
13.540000,0,RL_foot,0.28709596,-0.29708779,0.02025374
13.540000,0,RR_foot,0.36359468,0.19086175,0.02196996
13.560000,0,FL_foot,-0.01543587,-0.29746771,0.03123868
13.560000,0,FR_foot,-0.13543582,0.12683992,0.02024634
13.560000,0,RL_foot,0.28710601,-0.29670021,0.02024484
13.560000,0,RR_foot,0.35510591,0.20765787,0.02245563
13.580000,0,FL_foot,-0.00195941,-0.30407211,0.03131393
13.580000,0,FR_foot,-0.13555571,0.12675795,0.02024524
13.580000,0,RL_foot,0.28714478,-0.29629755,0.02024285
13.580000,0,RR_foot,0.34508696,0.21985684,0.02179657
13.600000,0,FL_foot,0.00731085,-0.31174961,0.03055667
13.600000,0,FR_foot,-0.13559513,0.12660126,0.02024108
13.600000,0,RL_foot,0.28718904,-0.29592147,0.02023987
13.600000,0,RR_foot,0.33986014,0.22060996,0.02025138
13.620000,0,FL_foot,0.01343111,-0.31374678,0.03045417
13.620000,0,FR_foot,-0.13563041,0.12668720,0.02023931
13.620000,0,RL_foot,0.28712663,-0.29565969,0.02024161
13.620000,0,RR_foot,0.33982310,0.22087778,0.02025940
13.640000,0,FL_foot,0.01663458,-0.31347337,0.03091042
13.640000,0,FR_foot,-0.13566065,0.12682416,0.02023637
13.640000,0,RL_foot,0.28704140,-0.29548520,0.02024066
13.640000,0,RR_foot,0.33980948,0.22107178,0.02025258
13.660000,0,FL_foot,0.01801804,-0.31213024,0.03176892
13.660000,0,FR_foot,-0.13571586,0.12697059,0.02023275
13.660000,0,RL_foot,0.28690755,-0.29536796,0.02023580
13.660000,0,RR_foot,0.33975682,0.22120194,0.02025035
13.680000,0,FL_foot,0.01782998,-0.31070486,0.03276987
13.680000,0,FR_foot,-0.13580504,0.12710837,0.02022927
13.680000,0,RL_foot,0.28673896,-0.29528448,0.02023106
13.680000,0,RR_foot,0.33966315,0.22129717,0.02025094
13.700000,0,FL_foot,0.01604962,-0.30906227,0.03376520
13.700000,0,FR_foot,-0.13592780,0.12723522,0.02022776
13.700000,0,RL_foot,0.28654945,-0.29521930,0.02022784
13.700000,0,RR_foot,0.33979619,0.22020651,0.02024104
13.720000,0,FL_foot,0.01233067,-0.30701807,0.03464969
13.720000,0,FR_foot,-0.13607091,0.12735122,0.02022485
13.720000,0,RL_foot,0.28634143,-0.29518256,0.02022690
13.720000,0,RR_foot,0.33996397,0.21782111,0.02023318
13.740000,0,FL_foot,0.00621015,-0.30439433,0.03535841
13.740000,0,FR_foot,-0.13623470,0.12745591,0.02022229
13.740000,0,RL_foot,0.28611591,-0.29516265,0.02022340
13.740000,0,RR_foot,0.33995241,0.21420729,0.02022679
13.760000,0,FL_foot,-0.00249791,-0.30121753,0.03585120
13.760000,0,FR_foot,-0.13641651,0.12752888,0.02021681
13.760000,0,RL_foot,0.28588521,-0.29515412,0.02021923
13.760000,0,RR_foot,0.33949456,0.20872359,0.02021965
13.780000,0,FL_foot,-0.01378112,-0.29787120,0.03615214
13.780000,0,FR_foot,-0.13661899,0.12759919,0.02021470
13.780000,0,RL_foot,0.28563443,-0.29516357,0.02021730
13.780000,0,RR_foot,0.33808735,0.20157106,0.02021070
13.800000,0,FL_foot,-0.02759793,-0.29471719,0.03627725
13.800000,0,FR_foot,-0.13683940,0.12765256,0.02021090
13.800000,0,RL_foot,0.28536901,-0.29518005,0.02021239
13.800000,0,RR_foot,0.33512655,0.19264136,0.02020192
13.820000,0,FL_foot,-0.04393716,-0.29211378,0.03631015
13.820000,0,FR_foot,-0.13707621,0.12766592,0.02020820
13.820000,0,RL_foot,0.28510574,-0.29519391,0.02021158
13.820000,0,RR_foot,0.32981816,0.18187653,0.02018682
13.840000,0,FL_foot,-0.06257126,-0.29059678,0.03631396
13.840000,0,FR_foot,-0.13733120,0.12766880,0.02020658
13.840000,0,RL_foot,0.28484067,-0.29521781,0.02020967
13.840000,0,RR_foot,0.32159191,0.16978958,0.02017577
13.860000,0,FL_foot,-0.08311166,-0.29092434,0.03633021
13.860000,0,FR_foot,-0.13760461,0.12764846,0.02020218
13.860000,0,RL_foot,0.28458363,-0.29524609,0.02020371
13.860000,0,RR_foot,0.30995604,0.15652700,0.02016808
13.880000,0,FL_foot,-0.10532741,-0.29393771,0.03641612
13.880000,0,FR_foot,-0.13790067,0.12758371,0.02020512
13.880000,0,RL_foot,0.28434029,-0.29526034,0.02020410
13.880000,0,RR_foot,0.29409009,0.14153807,0.02037176
13.900000,0,FL_foot,-0.12889017,-0.29961967,0.03653307
13.900000,0,FR_foot,-0.13820879,0.12750892,0.02020553
13.900000,0,RL_foot,0.28411436,-0.29528177,0.02020285
13.900000,0,RR_foot,0.27549723,0.12640232,0.02129183
13.920000,0,FL_foot,-0.15277374,-0.30703706,0.03679962
13.920000,0,FR_foot,-0.13853157,0.12741248,0.02020095
13.920000,0,RL_foot,0.28389055,-0.29529840,0.02019576
13.920000,0,RR_foot,0.25639859,0.11292560,0.02288534
13.940000,0,FL_foot,-0.17588830,-0.31564310,0.03710241
13.940000,0,FR_foot,-0.13887914,0.12728699,0.02020409
13.940000,0,RL_foot,0.28364545,-0.29528877,0.02019665
13.940000,0,RR_foot,0.23804590,0.10228161,0.02459658
13.960000,0,FL_foot,-0.19732989,-0.32513124,0.03713169
13.960000,0,FR_foot,-0.13923283,0.12715989,0.02020071
13.960000,0,RL_foot,0.28337488,-0.29527858,0.02019246
13.960000,0,RR_foot,0.22080004,0.09528508,0.02565247
13.980000,0,FL_foot,-0.21621998,-0.33509064,0.03658456
13.980000,0,FR_foot,-0.13960870,0.12702861,0.02019412
13.980000,0,RL_foot,0.28306380,-0.29526263,0.02018395
13.980000,0,RR_foot,0.20470825,0.09236391,0.02541842
14.000000,0,FL_foot,-0.23154654,-0.34468791,0.03517397
14.000000,0,FR_foot,-0.14001405,0.12688409,0.02019398
14.000000,0,RL_foot,0.28270242,-0.29522866,0.02018034
14.000000,0,RR_foot,0.18977740,0.09328751,0.02383283
14.020000,0,FL_foot,-0.24274498,-0.35290965,0.03259457
14.020000,0,FR_foot,-0.14043361,0.12672682,0.02018914
14.020000,0,RL_foot,0.28230545,-0.29521784,0.02017323
14.020000,0,RR_foot,0.17624904,0.09757799,0.02119835
14.040000,0,FL_foot,-0.24953310,-0.35826179,0.02797205
14.040000,0,FR_foot,-0.14085233,0.12656392,0.02018084
14.040000,0,RL_foot,0.28186676,-0.29522720,0.02016098
14.040000,0,RR_foot,0.16731444,0.10118966,0.02021791
14.060000,0,FL_foot,-0.25208810,-0.35981098,0.02065550
14.060000,0,FR_foot,-0.14120904,0.12640995,0.02016676
14.060000,0,RL_foot,0.28124967,-0.29486358,0.02012027
14.060000,0,RR_foot,0.16276380,0.10541306,0.02019165
14.080000,0,FL_foot,-0.25252599,-0.35996908,0.02022032
14.080000,0,FR_foot,-0.14418454,0.12000547,0.02049787
14.080000,0,RL_foot,0.27018312,-0.28596869,0.02399176
14.080000,0,RR_foot,0.16221949,0.10511174,0.02018424
14.100000,0,FL_foot,-0.25281844,-0.36010122,0.02023078
14.100000,0,FR_foot,-0.15973097,0.09784074,0.02018228
14.100000,0,RL_foot,0.24529961,-0.25420737,0.03535021
14.100000,0,RR_foot,0.16184390,0.10481904,0.02017350
14.120000,0,FL_foot,-0.25303635,-0.36021385,0.02023248
14.120000,0,FR_foot,-0.19368483,0.07335965,0.02080166
14.120000,0,RL_foot,0.21595590,-0.22238310,0.05421095
14.120000,0,RR_foot,0.16149288,0.10459374,0.02016220
14.140000,0,FL_foot,-0.25329274,-0.36031011,0.02022864
14.140000,0,FR_foot,-0.23741999,0.05639893,0.02202099
14.140000,0,RL_foot,0.19234081,-0.20225985,0.07280795
14.140000,0,RR_foot,0.16113873,0.10437917,0.02017434
14.160000,0,FL_foot,-0.25355840,-0.36039931,0.02022214
14.160000,0,FR_foot,-0.28082874,0.04846545,0.02171168
14.160000,0,RL_foot,0.17265713,-0.19031814,0.08826127
14.160000,0,RR_foot,0.16076833,0.10422796,0.02017376
14.180000,0,FL_foot,-0.25384232,-0.36046109,0.02021970
14.180000,0,FR_foot,-0.31676438,0.04721396,0.02017601
14.180000,0,RL_foot,0.15405656,-0.18268391,0.10054374
14.180000,0,RR_foot,0.16036925,0.10411216,0.02020746
14.200000,0,FL_foot,-0.25414443,-0.36048368,0.02021405
14.200000,0,FR_foot,-0.33830145,0.04914139,0.02023202
14.200000,0,RL_foot,0.13547261,-0.17731434,0.10966012
14.200000,0,RR_foot,0.16005373,0.10402700,0.02020055
14.220000,0,FL_foot,-0.25442123,-0.36049566,0.02021126
14.220000,0,FR_foot,-0.35550928,0.05514738,0.02023545
14.220000,0,RL_foot,0.11741421,-0.17333244,0.11683498
14.220000,0,RR_foot,0.15980503,0.10384290,0.02017991
14.240000,0,FL_foot,-0.25468025,-0.36052546,0.02020946
14.240000,0,FR_foot,-0.37160018,0.06365941,0.02023629
14.240000,0,RL_foot,0.10087201,-0.17005754,0.12289321
14.240000,0,RR_foot,0.15956917,0.10365514,0.02017218
14.260000,0,FL_foot,-0.25490710,-0.36057982,0.02020575
14.260000,0,FR_foot,-0.38565353,0.07310761,0.02023990
14.260000,0,RL_foot,0.08631697,-0.16737618,0.12810615
14.260000,0,RR_foot,0.15932390,0.10346652,0.02016325
14.280000,0,FL_foot,-0.25512543,-0.36065140,0.02020510
14.280000,0,FR_foot,-0.39661822,0.08150247,0.02025624
14.280000,0,RL_foot,0.07358769,-0.16529067,0.13256639
14.280000,0,RR_foot,0.15905263,0.10325792,0.02016772
14.300000,0,FL_foot,-0.25535491,-0.36071870,0.02020364
14.300000,0,FR_foot,-0.40374628,0.08699584,0.02027152
14.300000,0,RL_foot,0.06223541,-0.16369651,0.13627806
14.300000,0,RR_foot,0.15876691,0.10307766,0.02017027
14.320000,0,FL_foot,-0.25557154,-0.36078808,0.02019952
14.320000,0,FR_foot,-0.40729129,0.08930401,0.02027620
14.320000,0,RL_foot,0.05197541,-0.16251789,0.13923939
14.320000,0,RR_foot,0.15847082,0.10290491,0.02016920
14.340000,0,FL_foot,-0.25578040,-0.36087069,0.02019881
14.340000,0,FR_foot,-0.40837711,0.08977609,0.02027138
14.340000,0,RL_foot,0.04274724,-0.16180617,0.14146575
14.340000,0,RR_foot,0.15817034,0.10271146,0.02017254
14.360000,0,FL_foot,-0.25598654,-0.36095998,0.02019896
14.360000,0,FR_foot,-0.40863904,0.08972830,0.02026872
14.360000,0,RL_foot,0.03453370,-0.16160245,0.14303017
14.360000,0,RR_foot,0.15788205,0.10251572,0.02016960
14.380000,0,FL_foot,-0.25616875,-0.36105800,0.02019567
14.380000,0,FR_foot,-0.40884769,0.08962779,0.02026688
14.380000,0,RL_foot,0.02713810,-0.16183677,0.14403327
14.380000,0,RR_foot,0.15759388,0.10231484,0.02016461
14.400000,0,FL_foot,-0.25634378,-0.36116719,0.02019409
14.400000,0,FR_foot,-0.40907773,0.08952262,0.02026315
14.400000,0,RL_foot,0.02032605,-0.16242176,0.14456785
14.400000,0,RR_foot,0.15730406,0.10209286,0.02016598
14.420000,0,FL_foot,-0.25652617,-0.36127201,0.02019476
14.420000,0,FR_foot,-0.40931278,0.08939364,0.02026191
14.420000,0,RL_foot,0.01393030,-0.16327929,0.14472021
14.420000,0,RR_foot,0.15701927,0.10187584,0.02016296
14.440000,0,FL_foot,-0.25669938,-0.36137819,0.02019296
14.440000,0,FR_foot,-0.40954143,0.08926416,0.02025985
14.440000,0,RL_foot,0.00787986,-0.16434774,0.14457197
14.440000,0,RR_foot,0.15673254,0.10165814,0.02016125
14.460000,0,FL_foot,-0.25687575,-0.36148229,0.02019264
14.460000,0,FR_foot,-0.40977246,0.08913038,0.02025744
14.460000,0,RL_foot,0.00210953,-0.16559659,0.14416248
14.460000,0,RR_foot,0.15644492,0.10142390,0.02016430
14.480000,0,FL_foot,-0.25705466,-0.36157873,0.02019131
14.480000,0,FR_foot,-0.41000432,0.08898497,0.02025598
14.480000,0,RL_foot,-0.00351661,-0.16720383,0.14302121
14.480000,0,RR_foot,0.15616272,0.10119731,0.02015943
14.500000,0,FL_foot,-0.25723511,-0.36166295,0.02018807
14.500000,0,FR_foot,-0.41022471,0.08884997,0.02025362
14.500000,0,RL_foot,-0.00926361,-0.16985871,0.13955994
14.500000,0,RR_foot,0.15587941,0.10098185,0.02015341
14.520000,0,FL_foot,-0.25741744,-0.36173216,0.02018554
14.520000,0,FR_foot,-0.41052631,0.08876602,0.02025115
14.520000,0,RL_foot,-0.01527255,-0.17421608,0.13254249
14.520000,0,RR_foot,0.15562473,0.10073521,0.02014524
14.540000,0,FL_foot,-0.25760281,-0.36178306,0.02018182
14.540000,0,FR_foot,-0.41098586,0.08879146,0.02024879
14.540000,0,RL_foot,-0.02148903,-0.18097809,0.12122037
14.540000,0,RR_foot,0.15535975,0.10053100,0.02014048
14.560000,0,FL_foot,-0.25779632,-0.36181670,0.02018049
14.560000,0,FR_foot,-0.41147843,0.08880756,0.02024794
14.560000,0,RL_foot,-0.02751064,-0.19104846,0.10531010
14.560000,0,RR_foot,0.15509340,0.10034627,0.02014653
14.580000,0,FL_foot,-0.25800642,-0.36182576,0.02018033
14.580000,0,FR_foot,-0.41189912,0.08877368,0.02024826
14.580000,0,RL_foot,-0.03244901,-0.20532808,0.08533217
14.580000,0,RR_foot,0.15487896,0.10012559,0.02014563
14.600000,0,FL_foot,-0.25825205,-0.36180708,0.02017631
14.600000,0,FR_foot,-0.41217276,0.08873359,0.02024627
14.600000,0,RL_foot,-0.03491414,-0.22377411,0.06328531
14.600000,0,RR_foot,0.15463744,0.09995236,0.02014540
14.620000,0,FL_foot,-0.25853544,-0.36174169,0.02016932
14.620000,0,FR_foot,-0.41234487,0.08877434,0.02024465
14.620000,0,RL_foot,-0.03379791,-0.24404226,0.04256833
14.620000,0,RR_foot,0.15440553,0.09978446,0.02014872
14.640000,0,FL_foot,-0.25885305,-0.36162317,0.02015779
14.640000,0,FR_foot,-0.41255400,0.08859886,0.02024116
14.640000,0,RL_foot,-0.02929964,-0.26235911,0.02556933
14.640000,0,RR_foot,0.15418872,0.09961791,0.02013604
14.660000,0,FL_foot,-0.26174694,-0.36307245,0.02311343
14.660000,0,FR_foot,-0.41261202,0.08803723,0.02033625
14.660000,0,RL_foot,-0.02600006,-0.27153060,0.02045052
14.660000,0,RR_foot,0.15380511,0.09634172,0.02087013
14.680000,0,FL_foot,-0.27594012,-0.35970053,0.02635834
14.680000,0,FR_foot,-0.41193348,0.08684215,0.02023586
14.680000,0,RL_foot,-0.02270569,-0.27537662,0.02046314
14.680000,0,RR_foot,0.14928667,0.08460490,0.02195797
14.700000,0,FL_foot,-0.30193797,-0.35500893,0.02700295
14.700000,0,FR_foot,-0.41218567,0.08680229,0.02023428
14.700000,0,RL_foot,-0.02238421,-0.27546984,0.02031396
14.700000,0,RR_foot,0.13783292,0.06973635,0.02205447
14.720000,0,FL_foot,-0.33896795,-0.35124409,0.02834258
14.720000,0,FR_foot,-0.41240129,0.08677644,0.02023295
14.720000,0,RL_foot,-0.02260482,-0.27552232,0.02030079
14.720000,0,RR_foot,0.12045472,0.05495292,0.02202650
14.740000,0,FL_foot,-0.38135177,-0.34762493,0.03207068
14.740000,0,FR_foot,-0.41261208,0.08675762,0.02023315
14.740000,0,RL_foot,-0.02282198,-0.27556771,0.02030059
14.740000,0,RR_foot,0.09930607,0.04204487,0.02263919
14.760000,0,FL_foot,-0.42262846,-0.34469137,0.03785016
14.760000,0,FR_foot,-0.41282728,0.08673498,0.02023513
14.760000,0,RL_foot,-0.02306709,-0.27556849,0.02031224
14.760000,0,RR_foot,0.07652102,0.03100258,0.02452898
14.780000,0,FL_foot,-0.45969817,-0.34418717,0.04369521
14.780000,0,FR_foot,-0.41306680,0.08670090,0.02023266
14.780000,0,RL_foot,-0.02333293,-0.27560627,0.02031392
14.780000,0,RR_foot,0.05439021,0.02266851,0.02725368
14.800000,0,FL_foot,-0.49184188,-0.34705371,0.04797303
14.800000,0,FR_foot,-0.41332492,0.08667058,0.02022920
14.800000,0,RL_foot,-0.02363369,-0.27561361,0.02030501
14.800000,0,RR_foot,0.03405573,0.01727694,0.03015227
14.820000,0,FL_foot,-0.51914734,-0.35310993,0.05014248
14.820000,0,FR_foot,-0.41360381,0.08663770,0.02022732
14.820000,0,RL_foot,-0.02399120,-0.27556816,0.02031234
14.820000,0,RR_foot,0.01563512,0.01481619,0.03256550
14.840000,0,FL_foot,-0.54123425,-0.36124009,0.05011628
14.840000,0,FR_foot,-0.41389647,0.08661351,0.02022504
14.840000,0,RL_foot,-0.02437320,-0.27554828,0.02030971
14.840000,0,RR_foot,-0.00179701,0.01467586,0.03452923
14.860000,0,FL_foot,-0.55752218,-0.37021515,0.04767819
14.860000,0,FR_foot,-0.41419309,0.08659852,0.02022422
14.860000,0,RL_foot,-0.02481463,-0.27548191,0.02030425
14.860000,0,RR_foot,-0.01883733,0.01643528,0.03619096
14.880000,0,FL_foot,-0.56737071,-0.37880054,0.04265785
14.880000,0,FR_foot,-0.41450530,0.08658789,0.02021885
14.880000,0,RL_foot,-0.02527820,-0.27543506,0.02028440
14.880000,0,RR_foot,-0.03516250,0.02019077,0.03713361
14.900000,0,FL_foot,-0.57119375,-0.38616425,0.03518776
14.900000,0,FR_foot,-0.41481912,0.08658569,0.02021495
14.900000,0,RL_foot,-0.02578888,-0.27538010,0.02027408
14.900000,0,RR_foot,-0.04998367,0.02594904,0.03717272
14.920000,0,FL_foot,-0.56993955,-0.39139253,0.02571646
14.920000,0,FR_foot,-0.41514835,0.08657585,0.02021141
14.920000,0,RL_foot,-0.02633637,-0.27533910,0.02025729
14.920000,0,RR_foot,-0.06240273,0.03331076,0.03656922
14.940000,0,FL_foot,-0.56791866,-0.39304739,0.02027119
14.940000,0,FR_foot,-0.41551939,0.08649982,0.02022120
14.940000,0,RL_foot,-0.02636698,-0.27753687,0.02021826
14.940000,0,RR_foot,-0.07182446,0.04003704,0.03384161
14.960000,0,FL_foot,-0.56817287,-0.39324331,0.02026670
14.960000,0,FR_foot,-0.41589987,0.08638187,0.02020271
14.960000,0,RL_foot,-0.02509307,-0.27801177,0.02022136
14.960000,0,RR_foot,-0.08000884,0.04682701,0.02651103
14.980000,0,FL_foot,-0.56847441,-0.39337343,0.02025119
14.980000,0,FR_foot,-0.41620535,0.08630218,0.02021230
14.980000,0,RL_foot,-0.02545658,-0.27804825,0.02026676
14.980000,0,RR_foot,-0.08295348,0.05129863,0.02011109
15.000000,0,FL_foot,-0.56876004,-0.39346570,0.02026554
15.000000,0,FR_foot,-0.42546028,0.07074726,0.02208122
15.000000,0,RL_foot,-0.03355092,-0.26364407,0.02985660
15.000000,0,RR_foot,-0.08326165,0.05122771,0.02017968
15.020000,0,FL_foot,-0.56900740,-0.39356041,0.02027302
15.020000,0,FR_foot,-0.45324895,0.04560374,0.02439489
15.020000,0,RL_foot,-0.05078279,-0.24279211,0.04818124
15.020000,0,RR_foot,-0.08356758,0.05108717,0.02018130
15.040000,0,FL_foot,-0.56923348,-0.39365053,0.02027025
15.040000,0,FR_foot,-0.49307969,0.02699397,0.02717759
15.040000,0,RL_foot,-0.06890828,-0.22981790,0.06502781
15.040000,0,RR_foot,-0.08389782,0.05095555,0.02018142
15.060000,0,FL_foot,-0.56946880,-0.39376521,0.02026244
15.060000,0,FR_foot,-0.53482485,0.01774777,0.02875867
15.060000,0,RL_foot,-0.08542027,-0.22212997,0.07916205
15.060000,0,RR_foot,-0.08424320,0.05081443,0.02018010
15.080000,0,FL_foot,-0.56970316,-0.39388511,0.02025819
15.080000,0,FR_foot,-0.57431537,0.01639854,0.02822713
15.080000,0,RL_foot,-0.10107158,-0.21742822,0.09078635
15.080000,0,RR_foot,-0.08462458,0.05064882,0.02018078
15.100000,0,FL_foot,-0.56994271,-0.39401233,0.02025253
15.100000,0,FR_foot,-0.60942078,0.01991363,0.02644474
15.100000,0,RL_foot,-0.11645475,-0.21436428,0.10057861
15.100000,0,RR_foot,-0.08502822,0.05055021,0.02017651
15.120000,0,FL_foot,-0.57018369,-0.39413926,0.02024798
15.120000,0,FR_foot,-0.63800198,0.02532176,0.02414617
15.120000,0,RL_foot,-0.13147315,-0.21213973,0.10923828
15.120000,0,RR_foot,-0.08546644,0.05044521,0.02017038
15.140000,0,FL_foot,-0.57044083,-0.39422590,0.02024401
15.140000,0,FR_foot,-0.65868390,0.03047197,0.02134522
15.140000,0,RL_foot,-0.14616394,-0.21018636,0.11696652
15.140000,0,RR_foot,-0.08591908,0.05036322,0.02016873
15.160000,0,FL_foot,-0.57071567,-0.39427423,0.02025153
15.160000,0,FR_foot,-0.66418946,0.03215910,0.02029191
15.160000,0,RL_foot,-0.16134223,-0.20770238,0.12302092
15.160000,0,RR_foot,-0.08671029,0.05107829,0.02023638
15.180000,0,FL_foot,-0.57098407,-0.39429256,0.02024081
15.180000,0,FR_foot,-0.66774094,0.03527182,0.02028970
15.180000,0,RL_foot,-0.17549470,-0.20540614,0.12750955
15.180000,0,RR_foot,-0.08699627,0.05092175,0.02016099
15.200000,0,FL_foot,-0.57123649,-0.39432317,0.02023838
15.200000,0,FR_foot,-0.67193711,0.03871398,0.02028957
15.200000,0,RL_foot,-0.18771467,-0.20343384,0.13110858
15.200000,0,RR_foot,-0.08731227,0.05080349,0.02016565
15.220000,0,FL_foot,-0.57147062,-0.39436835,0.02023490
15.220000,0,FR_foot,-0.67547709,0.04140858,0.02028699
15.220000,0,RL_foot,-0.19846427,-0.20191626,0.13389197
15.220000,0,RR_foot,-0.08762403,0.05067501,0.02016169
15.240000,0,FL_foot,-0.57169724,-0.39442900,0.02023354
15.240000,0,FR_foot,-0.67842335,0.04347248,0.02028409
15.240000,0,RL_foot,-0.20807417,-0.20086364,0.13596053
15.240000,0,RR_foot,-0.08794744,0.05052100,0.02016322
15.260000,0,FL_foot,-0.57192010,-0.39449123,0.02023127
15.260000,0,FR_foot,-0.68075776,0.04498258,0.02028199
15.260000,0,RL_foot,-0.21678017,-0.20026165,0.13741450
15.260000,0,RR_foot,-0.08826498,0.05036765,0.02016406
15.280000,0,FL_foot,-0.57213098,-0.39456934,0.02022871
15.280000,0,FR_foot,-0.68242967,0.04599883,0.02027866
15.280000,0,RL_foot,-0.22473657,-0.20007738,0.13835911
15.280000,0,RR_foot,-0.08858575,0.05020190,0.02016202
15.300000,0,FL_foot,-0.57233220,-0.39466330,0.02022784
15.300000,0,FR_foot,-0.68351287,0.04662139,0.02027392
15.300000,0,RL_foot,-0.23205875,-0.20028934,0.13886867
15.300000,0,RR_foot,-0.08891410,0.05001083,0.02016093
15.320000,0,FL_foot,-0.57253045,-0.39476001,0.02022743
15.320000,0,FR_foot,-0.68418175,0.04693778,0.02027216
15.320000,0,RL_foot,-0.23883228,-0.20085816,0.13900900
15.320000,0,RR_foot,-0.08923460,0.04981652,0.02016147
15.340000,0,FL_foot,-0.57271588,-0.39487278,0.02022561
15.340000,0,FR_foot,-0.68458933,0.04700227,0.02026946
15.340000,0,RL_foot,-0.24509533,-0.20174251,0.13884577
15.340000,0,RR_foot,-0.08955516,0.04961009,0.02015953
15.360000,0,FL_foot,-0.57289147,-0.39499447,0.02022579
15.360000,0,FR_foot,-0.68493068,0.04700663,0.02026691
15.360000,0,RL_foot,-0.25088570,-0.20291056,0.13841192
15.360000,0,RR_foot,-0.08988038,0.04938670,0.02015950
15.380000,0,FL_foot,-0.57306224,-0.39512184,0.02022312
15.380000,0,FR_foot,-0.68522042,0.04694842,0.02026272
15.380000,0,RL_foot,-0.25626799,-0.20431149,0.13772285
15.380000,0,RR_foot,-0.09019432,0.04915933,0.02015386
15.400000,0,FL_foot,-0.57323700,-0.39524171,0.02022366
15.400000,0,FR_foot,-0.68555796,0.04691711,0.02026313
15.400000,0,RL_foot,-0.26127550,-0.20588367,0.13684028
15.400000,0,RR_foot,-0.09050856,0.04893245,0.02015933
15.420000,0,FL_foot,-0.57340097,-0.39536807,0.02022403
15.420000,0,FR_foot,-0.68592972,0.04687729,0.02026184
15.420000,0,RL_foot,-0.26595765,-0.20759656,0.13578993
15.420000,0,RR_foot,-0.09082235,0.04869599,0.02015733
15.440000,0,FL_foot,-0.57356411,-0.39548868,0.02022288
15.440000,0,FR_foot,-0.68629140,0.04681810,0.02025985
15.440000,0,RL_foot,-0.27039459,-0.20946094,0.13444626
15.440000,0,RR_foot,-0.09112687,0.04846565,0.02015509
15.460000,0,FL_foot,-0.57372379,-0.39559957,0.02021773
15.460000,0,FR_foot,-0.68670565,0.04681162,0.02025462
15.460000,0,RL_foot,-0.27474317,-0.21208695,0.13139825
15.460000,0,RR_foot,-0.09142747,0.04824290,0.02015128
15.480000,0,FL_foot,-0.57388633,-0.39570099,0.02021572
15.480000,0,FR_foot,-0.68740284,0.04696961,0.02025317
15.480000,0,RL_foot,-0.27907622,-0.21596418,0.12560584
15.480000,0,RR_foot,-0.09170155,0.04799752,0.02013856
15.500000,0,FL_foot,-0.57405627,-0.39578354,0.02021158
15.500000,0,FR_foot,-0.68840241,0.04732971,0.02025134
15.500000,0,RL_foot,-0.28339204,-0.22154158,0.11642163
15.500000,0,RR_foot,-0.09197994,0.04778372,0.02012689
15.520000,0,FL_foot,-0.57423413,-0.39584911,0.02021034
15.520000,0,FR_foot,-0.68974048,0.04780055,0.02025161
15.520000,0,RL_foot,-0.28743336,-0.22955404,0.10326160
15.520000,0,RR_foot,-0.09226697,0.04759581,0.02013209
15.540000,0,FL_foot,-0.57442904,-0.39588693,0.02020963
15.540000,0,FR_foot,-0.69118977,0.04813085,0.02025199
15.540000,0,RL_foot,-0.29053915,-0.24107526,0.08574063
15.540000,0,RR_foot,-0.09249660,0.04736423,0.02012766
15.560000,0,FL_foot,-0.57465041,-0.39588630,0.02020635
15.560000,0,FR_foot,-0.69268179,0.04826184,0.02025059
15.560000,0,RL_foot,-0.29150271,-0.25639480,0.06529843
15.560000,0,RR_foot,-0.09277010,0.04719126,0.02012848
15.580000,0,FL_foot,-0.57490122,-0.39584547,0.02020414
15.580000,0,FR_foot,-0.69472742,0.04803694,0.02025154
15.580000,0,RL_foot,-0.28988144,-0.27312744,0.04598500
15.580000,0,RR_foot,-0.09304258,0.04702597,0.02014449
15.600000,0,FL_foot,-0.57517380,-0.39577058,0.02019838
15.600000,0,FR_foot,-0.69555622,0.04782664,0.02024784
15.600000,0,RL_foot,-0.28649768,-0.28879404,0.02968711
15.600000,0,RR_foot,-0.09330069,0.04686243,0.02013738
15.620000,0,FL_foot,-0.57592350,-0.39710212,0.02146408
15.620000,0,FR_foot,-0.69587773,0.04777658,0.02020356
15.620000,0,RL_foot,-0.28218672,-0.30003658,0.01968146
15.620000,0,RR_foot,-0.09356496,0.04648365,0.02023216
15.640000,0,FL_foot,-0.58945310,-0.39848125,0.02549442
15.640000,0,FR_foot,-0.69396359,0.04582200,0.02023342
15.640000,0,RL_foot,-0.28053671,-0.30350432,0.02053560
15.640000,0,RR_foot,-0.09878854,0.03528669,0.02196624
15.660000,0,FL_foot,-0.61484760,-0.39413798,0.02808332
15.660000,0,FR_foot,-0.69378185,0.04541715,0.02023889
15.660000,0,RL_foot,-0.28082961,-0.30360225,0.02029743
15.660000,0,RR_foot,-0.11143032,0.02234439,0.02191958
15.680000,0,FL_foot,-0.64911211,-0.38900879,0.03239429
15.680000,0,FR_foot,-0.69396973,0.04539580,0.02023964
15.680000,0,RL_foot,-0.28106847,-0.30357018,0.02030893
15.680000,0,RR_foot,-0.13139310,0.00907563,0.02146555
15.700000,0,FL_foot,-0.68692452,-0.38371027,0.03866990
15.700000,0,FR_foot,-0.69415087,0.04537540,0.02024083
15.700000,0,RL_foot,-0.28130305,-0.30358553,0.02030962
15.700000,0,RR_foot,-0.15600894,-0.00212944,0.02182193
15.720000,0,FL_foot,-0.72296232,-0.38036174,0.04564649
15.720000,0,FR_foot,-0.69435447,0.04534238,0.02023762
15.720000,0,RL_foot,-0.28155142,-0.30358848,0.02030876
15.720000,0,RR_foot,-0.18161500,-0.01080334,0.02332355
15.740000,0,FL_foot,-0.75498426,-0.38089922,0.05136605
15.740000,0,FR_foot,-0.69458312,0.04530970,0.02023760
15.740000,0,RL_foot,-0.28185138,-0.30354199,0.02031982
15.740000,0,RR_foot,-0.20574373,-0.01694078,0.02567447
15.760000,0,FL_foot,-0.78251755,-0.38568741,0.05478622
15.760000,0,FR_foot,-0.69483608,0.04527159,0.02023255
15.760000,0,RL_foot,-0.28217030,-0.30352411,0.02031778
15.760000,0,RR_foot,-0.22749607,-0.02031159,0.02812354
15.780000,0,FL_foot,-0.80511868,-0.39375106,0.05570821
15.780000,0,FR_foot,-0.69510645,0.04524428,0.02022808
15.780000,0,RL_foot,-0.28253412,-0.30347550,0.02030695
15.780000,0,RR_foot,-0.24748115,-0.02139293,0.03045829
15.800000,0,FL_foot,-0.82211238,-0.40349081,0.05412635
15.800000,0,FR_foot,-0.69538611,0.04523250,0.02022861
15.800000,0,RL_foot,-0.28294784,-0.30340135,0.02031151
15.800000,0,RR_foot,-0.26646411,-0.02054276,0.03262132
15.820000,0,FL_foot,-0.83317685,-0.41327000,0.05003011
15.820000,0,FR_foot,-0.69567680,0.04522716,0.02022590
15.820000,0,RL_foot,-0.28340304,-0.30331296,0.02030500
15.820000,0,RR_foot,-0.28468838,-0.01807460,0.03459570
15.840000,0,FL_foot,-0.83818865,-0.42178702,0.04345692
15.840000,0,FR_foot,-0.69596207,0.04523736,0.02022303
15.840000,0,RL_foot,-0.28388551,-0.30323401,0.02029376
15.840000,0,RR_foot,-0.30181211,-0.01389081,0.03576487
15.860000,0,FL_foot,-0.83806926,-0.42846411,0.03478301
15.860000,0,FR_foot,-0.69625127,0.04524687,0.02022000
15.860000,0,RL_foot,-0.28440288,-0.30317906,0.02028100
15.860000,0,RR_foot,-0.31698501,-0.00818887,0.03605430
15.880000,0,FL_foot,-0.83429581,-0.43299699,0.02466623
15.880000,0,FR_foot,-0.69655955,0.04525383,0.02021509
15.880000,0,RL_foot,-0.28495383,-0.30314240,0.02025778
15.880000,0,RR_foot,-0.32902485,-0.00150693,0.03574408
15.900000,0,FL_foot,-0.83155179,-0.43445489,0.02026844
15.900000,0,FR_foot,-0.69694465,0.04516197,0.02021241
15.900000,0,RL_foot,-0.28500271,-0.30586436,0.02024599
15.900000,0,RR_foot,-0.33746251,0.00387540,0.03291271
15.920000,0,FL_foot,-0.83180201,-0.43465096,0.02026651
15.920000,0,FR_foot,-0.69728929,0.04504914,0.02020790
15.920000,0,RL_foot,-0.28444296,-0.30627808,0.02022872
15.920000,0,RR_foot,-0.34432092,0.01023169,0.02573194
15.940000,0,FL_foot,-0.83219379,-0.43476710,0.02020027
15.940000,0,FR_foot,-0.69802856,0.04411206,0.02056126
15.940000,0,RL_foot,-0.28482074,-0.30633646,0.02035432
15.940000,0,RR_foot,-0.34637994,0.01497005,0.01993263
15.960000,0,FL_foot,-0.83243924,-0.43484655,0.02025680
15.960000,0,FR_foot,-0.70961446,0.02741523,0.02336023
15.960000,0,RL_foot,-0.29153612,-0.29436588,0.02860125
15.960000,0,RR_foot,-0.34667322,0.01491502,0.02015502
15.980000,0,FL_foot,-0.83267838,-0.43493178,0.02027027
15.980000,0,FR_foot,-0.73687279,0.00583246,0.02673859
15.980000,0,RL_foot,-0.30869928,-0.27560300,0.04570063
15.980000,0,RR_foot,-0.34696203,0.01476795,0.02018600
16.000000,0,FL_foot,-0.83289474,-0.43502209,0.02026776
16.000000,0,FR_foot,-0.77394050,-0.00936075,0.02977530
16.000000,0,RL_foot,-0.32853219,-0.26375619,0.06206868
16.000000,0,RR_foot,-0.34728095,0.01463540,0.02018600
16.020000,0,FL_foot,-0.83312196,-0.43513742,0.02026035
16.020000,0,FR_foot,-0.81316417,-0.01593793,0.03115336
16.020000,0,RL_foot,-0.34664804,-0.25683790,0.07611091
16.020000,0,RR_foot,-0.34761825,0.01448603,0.02018186
16.040000,0,FL_foot,-0.83335179,-0.43525931,0.02025611
16.040000,0,FR_foot,-0.85035783,-0.01611938,0.03089743
16.040000,0,RL_foot,-0.36343226,-0.25275749,0.08782980
16.040000,0,RR_foot,-0.34799621,0.01431056,0.02018217
16.060000,0,FL_foot,-0.83358467,-0.43538958,0.02025039
16.060000,0,FR_foot,-0.88289040,-0.01244355,0.02961520
16.060000,0,RL_foot,-0.37948266,-0.25022936,0.09787169
16.060000,0,RR_foot,-0.34839952,0.01419719,0.02017683
16.080000,0,FL_foot,-0.83381772,-0.43552002,0.02024746
16.080000,0,FR_foot,-0.90849209,-0.00766728,0.02769142
16.080000,0,RL_foot,-0.39490277,-0.24844904,0.10681431
16.080000,0,RR_foot,-0.34883687,0.01406631,0.02017639
16.100000,0,FL_foot,-0.83406448,-0.43561807,0.02024342
16.100000,0,FR_foot,-0.92614168,-0.00349973,0.02491164
16.100000,0,RL_foot,-0.40991619,-0.24684805,0.11480518
16.100000,0,RR_foot,-0.34928718,0.01396114,0.02017062
16.120000,0,FL_foot,-0.83431506,-0.43570369,0.02024064
16.120000,0,FR_foot,-0.93682557,-0.00015775,0.02093645
16.120000,0,RL_foot,-0.42442822,-0.24507926,0.12200836
16.120000,0,RR_foot,-0.34974578,0.01388071,0.02016144
16.140000,0,FL_foot,-0.83460712,-0.43570179,0.02023930
16.140000,0,FR_foot,-0.93787050,0.00044707,0.02028556
16.140000,0,RL_foot,-0.43919054,-0.24261379,0.12702692
16.140000,0,RR_foot,-0.35040155,0.01460549,0.02018209
16.160000,0,FL_foot,-0.83488548,-0.43569300,0.02023581
16.160000,0,FR_foot,-0.93939513,0.00183557,0.02028964
16.160000,0,RL_foot,-0.45222208,-0.24033432,0.13103865
16.160000,0,RR_foot,-0.35069510,0.01448804,0.02016480
16.180000,0,FL_foot,-0.83512741,-0.43571979,0.02023455
16.180000,0,FR_foot,-0.94110733,0.00310572,0.02028599
16.180000,0,RL_foot,-0.46325406,-0.23856334,0.13406195
16.180000,0,RR_foot,-0.35101327,0.01436215,0.02017140
16.200000,0,FL_foot,-0.83535177,-0.43576938,0.02023194
16.200000,0,FR_foot,-0.94280988,0.00434542,0.02028252
16.200000,0,RL_foot,-0.47277555,-0.23740502,0.13619538
16.200000,0,RR_foot,-0.35131791,0.01422244,0.02016432
16.220000,0,FL_foot,-0.83556610,-0.43583009,0.02022868
16.220000,0,FR_foot,-0.94454682,0.00552862,0.02028063
16.220000,0,RL_foot,-0.48121759,-0.23679782,0.13763098
16.220000,0,RR_foot,-0.35162801,0.01407159,0.02016181
16.240000,0,FL_foot,-0.83576494,-0.43591401,0.02022803
16.240000,0,FR_foot,-0.94603670,0.00647376,0.02027780
16.240000,0,RL_foot,-0.48889256,-0.23667869,0.13852203
16.240000,0,RR_foot,-0.35194904,0.01389341,0.02016300
16.260000,0,FL_foot,-0.83595675,-0.43601453,0.02022516
16.260000,0,FR_foot,-0.94709241,0.00708452,0.02027298
16.260000,0,RL_foot,-0.49599212,-0.23697399,0.13897222
16.260000,0,RR_foot,-0.35226491,0.01370735,0.02015651
16.280000,0,FL_foot,-0.83614373,-0.43612054,0.02022567
16.280000,0,FR_foot,-0.94776291,0.00739495,0.02027159
16.280000,0,RL_foot,-0.50258476,-0.23763800,0.13907689
16.280000,0,RR_foot,-0.35259184,0.01350015,0.02016044
16.300000,0,FL_foot,-0.83631903,-0.43624246,0.02022514
16.300000,0,FR_foot,-0.94815648,0.00743528,0.02026908
16.300000,0,RL_foot,-0.50872368,-0.23862906,0.13887545
16.300000,0,RR_foot,-0.35290954,0.01328638,0.02015856
16.320000,0,FL_foot,-0.83648747,-0.43637073,0.02022305
16.320000,0,FR_foot,-0.94849515,0.00742366,0.02026606
16.320000,0,RL_foot,-0.51442236,-0.23989731,0.13841216
16.320000,0,RR_foot,-0.35323015,0.01306660,0.02015681
16.340000,0,FL_foot,-0.83664870,-0.43650782,0.02022188
16.340000,0,FR_foot,-0.94879287,0.00735250,0.02026191
16.340000,0,RL_foot,-0.51971918,-0.24140368,0.13771006
16.340000,0,RR_foot,-0.35355321,0.01282999,0.02015469
16.360000,0,FL_foot,-0.83681601,-0.43663704,0.02022246
16.360000,0,FR_foot,-0.94914210,0.00731034,0.02026269
16.360000,0,RL_foot,-0.52467591,-0.24308750,0.13679785
16.360000,0,RR_foot,-0.35387078,0.01259799,0.02015643
16.380000,0,FL_foot,-0.83697158,-0.43676916,0.02022125
16.380000,0,FR_foot,-0.94952536,0.00726783,0.02025982
16.380000,0,RL_foot,-0.52931046,-0.24489647,0.13573399
16.380000,0,RR_foot,-0.35418373,0.01236344,0.02015700
16.400000,0,FL_foot,-0.83712399,-0.43690106,0.02021873
16.400000,0,FR_foot,-0.94986498,0.00719080,0.02025503
16.400000,0,RL_foot,-0.53370339,-0.24686629,0.13437204
16.400000,0,RR_foot,-0.35449243,0.01211979,0.02015088
16.420000,0,FL_foot,-0.83727980,-0.43702406,0.02021514
16.420000,0,FR_foot,-0.95026976,0.00717054,0.02025113
16.420000,0,RL_foot,-0.53804302,-0.24959481,0.13130248
16.420000,0,RR_foot,-0.35479122,0.01188561,0.02014156
16.440000,0,FL_foot,-0.83743811,-0.43713412,0.02021160
16.440000,0,FR_foot,-0.95094305,0.00730382,0.02024912
16.440000,0,RL_foot,-0.54235011,-0.25355953,0.12552637
16.440000,0,RR_foot,-0.35508841,0.01166543,0.02013467
16.460000,0,FL_foot,-0.83760214,-0.43722618,0.02020955
16.460000,0,FR_foot,-0.95190394,0.00758836,0.02024814
16.460000,0,RL_foot,-0.54661918,-0.25923696,0.11635075
16.460000,0,RR_foot,-0.35534412,0.01141234,0.02012382
16.480000,0,FL_foot,-0.83777660,-0.43729773,0.02020713
16.480000,0,FR_foot,-0.95317322,0.00800742,0.02024724
16.480000,0,RL_foot,-0.55062658,-0.26734340,0.10319130
16.480000,0,RR_foot,-0.35562223,0.01120844,0.02011778
16.500000,0,FL_foot,-0.83796620,-0.43733802,0.02020572
16.500000,0,FR_foot,-0.95464939,0.00832959,0.02024820
16.500000,0,RL_foot,-0.55364269,-0.27893227,0.08571840
16.500000,0,RR_foot,-0.35590410,0.01102228,0.02012980
16.520000,0,FL_foot,-0.83818507,-0.43732569,0.02020752
16.520000,0,FR_foot,-0.95622748,0.00842135,0.02025131
16.520000,0,RL_foot,-0.55450732,-0.29427451,0.06533320
16.520000,0,RR_foot,-0.35613737,0.01080524,0.02013096
16.540000,0,FL_foot,-0.83843142,-0.43728942,0.02020346
16.540000,0,FR_foot,-0.95847321,0.00813479,0.02025036
16.540000,0,RL_foot,-0.55284208,-0.31102473,0.04604200
16.540000,0,RR_foot,-0.35641295,0.01063505,0.02013427
16.560000,0,FL_foot,-0.83870107,-0.43722093,0.02019694
16.560000,0,FR_foot,-0.95949703,0.00782865,0.02024703
16.560000,0,RL_foot,-0.54946584,-0.32665554,0.02979726
16.560000,0,RR_foot,-0.35669100,0.01047801,0.02014205
16.580000,0,FL_foot,-0.83940488,-0.43850526,0.02143879
16.580000,0,FR_foot,-0.95980746,0.00780283,0.02020870
16.580000,0,RL_foot,-0.54519820,-0.33787525,0.01974941
16.580000,0,RR_foot,-0.35696200,0.01001496,0.02024237
16.600000,0,FL_foot,-0.85251355,-0.43966627,0.02525043
16.600000,0,FR_foot,-0.95800740,0.00597917,0.02024370
16.600000,0,RL_foot,-0.54371762,-0.34091908,0.02048095
16.600000,0,RR_foot,-0.36261123,-0.00119554,0.02171697
16.620000,0,FL_foot,-0.87756473,-0.43543074,0.02772949
16.620000,0,FR_foot,-0.95789623,0.00567500,0.02024105
16.620000,0,RL_foot,-0.54399192,-0.34082875,0.02031742
16.620000,0,RR_foot,-0.37578613,-0.01451155,0.02161951
16.640000,0,FL_foot,-0.91153693,-0.43016303,0.03197808
16.640000,0,FR_foot,-0.95808911,0.00565021,0.02023923
16.640000,0,RL_foot,-0.54422760,-0.34083742,0.02030556
16.640000,0,RR_foot,-0.39593500,-0.02792912,0.02121756
16.660000,0,FL_foot,-0.94924027,-0.42484143,0.03821987
16.660000,0,FR_foot,-0.95827657,0.00562305,0.02024201
16.660000,0,RL_foot,-0.54446030,-0.34085178,0.02030535
16.660000,0,RR_foot,-0.42040423,-0.03924919,0.02164227
16.680000,0,FL_foot,-0.98521328,-0.42150646,0.04517871
16.680000,0,FR_foot,-0.95847362,0.00558878,0.02023851
16.680000,0,RL_foot,-0.54472679,-0.34081972,0.02031829
16.680000,0,RR_foot,-0.44579071,-0.04805753,0.02319644
16.700000,0,FL_foot,-1.01715112,-0.42213407,0.05086966
16.700000,0,FR_foot,-0.95870775,0.00554835,0.02023579
16.700000,0,RL_foot,-0.54501343,-0.34082618,0.02031727
16.700000,0,RR_foot,-0.46973735,-0.05431534,0.02554852
16.720000,0,FL_foot,-1.04460812,-0.42703226,0.05423848
16.720000,0,FR_foot,-0.95896417,0.00550966,0.02023248
16.720000,0,RL_foot,-0.54533887,-0.34080324,0.02031016
16.720000,0,RR_foot,-0.49130318,-0.05782296,0.02800553
16.740000,0,FL_foot,-1.06709325,-0.43527058,0.05504636
16.740000,0,FR_foot,-0.95923895,0.00547297,0.02023000
16.740000,0,RL_foot,-0.54572350,-0.34072879,0.02031646
16.740000,0,RR_foot,-0.51114893,-0.05900680,0.03034865
16.760000,0,FL_foot,-1.08391201,-0.44514686,0.05328422
16.760000,0,FR_foot,-0.95952106,0.00545544,0.02022599
16.760000,0,RL_foot,-0.54613227,-0.34067261,0.02030281
16.760000,0,RR_foot,-0.53004915,-0.05820553,0.03251467
16.780000,0,FL_foot,-1.09475672,-0.45507658,0.04895239
16.780000,0,FR_foot,-0.95980662,0.00545033,0.02022344
16.780000,0,RL_foot,-0.54659134,-0.34059393,0.02029465
16.780000,0,RR_foot,-0.54819787,-0.05575066,0.03450716
16.800000,0,FL_foot,-1.09954417,-0.46368021,0.04212385
16.800000,0,FR_foot,-0.96010196,0.00544749,0.02022130
16.800000,0,RL_foot,-0.54707873,-0.34052649,0.02028375
16.800000,0,RR_foot,-0.56525630,-0.05153546,0.03571631
16.820000,0,FL_foot,-1.09915280,-0.47030231,0.03318576
16.820000,0,FR_foot,-0.96039712,0.00545568,0.02021750
16.820000,0,RL_foot,-0.54759967,-0.34048274,0.02027250
16.820000,0,RR_foot,-0.58038098,-0.04580132,0.03606621
16.840000,0,FL_foot,-1.09513390,-0.47468859,0.02282702
16.840000,0,FR_foot,-0.96069646,0.00545359,0.02021029
16.840000,0,RL_foot,-0.54815543,-0.34045601,0.02024613
16.840000,0,RR_foot,-0.59230852,-0.03917318,0.03583009
16.860000,0,FL_foot,-1.09393799,-0.47548902,0.02025934
16.860000,0,FR_foot,-0.96106476,0.00534803,0.02021758
16.860000,0,RL_foot,-0.54816663,-0.34279466,0.02032235
16.860000,0,RR_foot,-0.60104591,-0.03422086,0.03214098
16.880000,0,FL_foot,-1.09417033,-0.47567487,0.02026585
16.880000,0,FR_foot,-0.96138245,0.00523668,0.02020464
16.880000,0,RL_foot,-0.54851216,-0.34283540,0.02024109
16.880000,0,RR_foot,-0.60771656,-0.02834594,0.02501153
16.900000,0,FL_foot,-1.09453452,-0.47577703,0.02020441
16.900000,0,FR_foot,-0.96211565,0.00406081,0.02058262
16.900000,0,RL_foot,-0.54893810,-0.34306923,0.02033099
16.900000,0,RR_foot,-0.60920554,-0.02512610,0.02000747
16.920000,0,FL_foot,-1.09479058,-0.47585157,0.02026408
16.920000,0,FR_foot,-0.97437608,-0.01434022,0.02327148
16.920000,0,RL_foot,-0.55721968,-0.32956016,0.03043127
16.920000,0,RR_foot,-0.60949379,-0.02524529,0.02017726
16.940000,0,FL_foot,-1.09503174,-0.47591707,0.02027017
16.940000,0,FR_foot,-1.00271404,-0.03662033,0.02654540
16.940000,0,RL_foot,-0.57574981,-0.31167522,0.04830550
16.940000,0,RR_foot,-0.60978609,-0.02541038,0.02017828
16.960000,0,FL_foot,-1.09525251,-0.47601506,0.02026514
16.960000,0,FR_foot,-1.04028249,-0.05166027,0.02952123
16.960000,0,RL_foot,-0.59492695,-0.30096123,0.06444219
16.960000,0,RR_foot,-0.61010534,-0.02555828,0.02017879
16.980000,0,FL_foot,-1.09547806,-0.47613129,0.02026214
16.980000,0,FR_foot,-1.07967758,-0.05775446,0.03064119
16.980000,0,RL_foot,-0.61227202,-0.29478574,0.07809167
16.980000,0,RR_foot,-0.61045986,-0.02574825,0.02018270
17.000000,0,FL_foot,-1.09570885,-0.47625783,0.02025603
17.000000,0,FR_foot,-1.11682844,-0.05760769,0.03015462
17.000000,0,RL_foot,-0.62855142,-0.29116586,0.08944489
17.000000,0,RR_foot,-0.61083329,-0.02588212,0.02017954
17.020000,0,FL_foot,-1.09593761,-0.47639650,0.02025246
17.020000,0,FR_foot,-1.14907670,-0.05384858,0.02869124
17.020000,0,RL_foot,-0.64427125,-0.28893238,0.09924386
17.020000,0,RR_foot,-0.61125600,-0.02603169,0.02017996
17.040000,0,FL_foot,-1.09617817,-0.47651419,0.02024776
17.040000,0,FR_foot,-1.17409992,-0.04932680,0.02664607
17.040000,0,RL_foot,-0.65943438,-0.28732538,0.10798497
17.040000,0,RR_foot,-0.61169916,-0.02615931,0.02017702
17.060000,0,FL_foot,-1.09641933,-0.47662446,0.02024435
17.060000,0,FR_foot,-1.19110167,-0.04543951,0.02369336
17.060000,0,RL_foot,-0.67424411,-0.28582564,0.11580615
17.060000,0,RR_foot,-0.61215484,-0.02626262,0.02016841
17.080000,0,FL_foot,-1.09668076,-0.47670043,0.02023662
17.080000,0,FR_foot,-1.19945633,-0.04318010,0.02018593
17.080000,0,RL_foot,-0.68858963,-0.28386873,0.12287147
17.080000,0,RR_foot,-0.61264670,-0.02624233,0.02032704
17.100000,0,FL_foot,-1.09695673,-0.47671062,0.02023822
17.100000,0,FR_foot,-1.20109963,-0.04131972,0.02029262
17.100000,0,RL_foot,-0.70289761,-0.28142369,0.12706642
17.100000,0,RR_foot,-0.61333501,-0.02541080,0.02015974
17.120000,0,FL_foot,-1.09721732,-0.47674674,0.02023809
17.120000,0,FR_foot,-1.20358527,-0.03965852,0.02028936
17.120000,0,RL_foot,-0.71528184,-0.27956992,0.13044043
17.120000,0,RR_foot,-0.61367232,-0.02553442,0.02017199
17.140000,0,FL_foot,-1.09746325,-0.47679311,0.02023517
17.140000,0,FR_foot,-1.20555019,-0.03836666,0.02028510
17.140000,0,RL_foot,-0.72615272,-0.27821481,0.13309623
17.140000,0,RR_foot,-0.61399090,-0.02567130,0.02016445
17.160000,0,FL_foot,-1.09769678,-0.47684613,0.02023209
17.160000,0,FR_foot,-1.20735157,-0.03718518,0.02028273
17.160000,0,RL_foot,-0.73574454,-0.27733994,0.13508198
17.160000,0,RR_foot,-0.61431122,-0.02581850,0.02016242
17.180000,0,FL_foot,-1.09790969,-0.47692218,0.02023098
17.180000,0,FR_foot,-1.20888054,-0.03621911,0.02028006
17.180000,0,RL_foot,-0.74430895,-0.27694696,0.13646893
17.180000,0,RR_foot,-0.61463875,-0.02599396,0.02016355
17.200000,0,FL_foot,-1.09811199,-0.47701514,0.02022893
17.200000,0,FR_foot,-1.21003938,-0.03553186,0.02027527
17.200000,0,RL_foot,-0.75207663,-0.27699023,0.13733523
17.200000,0,RR_foot,-0.61495638,-0.02617726,0.02015945
17.220000,0,FL_foot,-1.09830797,-0.47711283,0.02022707
17.220000,0,FR_foot,-1.21080089,-0.03513718,0.02027331
17.220000,0,RL_foot,-0.75918704,-0.27741867,0.13777931
17.220000,0,RR_foot,-0.61527818,-0.02636961,0.02015869
17.240000,0,FL_foot,-1.09848881,-0.47723043,0.02022749
17.240000,0,FR_foot,-1.21128595,-0.03500088,0.02026953
17.240000,0,RL_foot,-0.76572633,-0.27820587,0.13787071
17.240000,0,RR_foot,-0.61560577,-0.02658522,0.02015982
17.260000,0,FL_foot,-1.09866226,-0.47735882,0.02022519
17.260000,0,FR_foot,-1.21158504,-0.03503064,0.02026548
17.260000,0,RL_foot,-0.77177155,-0.27930430,0.13764401
17.260000,0,RR_foot,-0.61592215,-0.02680702,0.02015533
17.280000,0,FL_foot,-1.09882903,-0.47749031,0.02022417
17.280000,0,FR_foot,-1.21186936,-0.03509023,0.02026368
17.280000,0,RL_foot,-0.77735025,-0.28065869,0.13716245
17.280000,0,RR_foot,-0.61624461,-0.02704104,0.02015401
17.300000,0,FL_foot,-1.09899759,-0.47761884,0.02022465
17.300000,0,FR_foot,-1.21222317,-0.03511619,0.02026377
17.300000,0,RL_foot,-0.78252423,-0.28222734,0.13643096
17.300000,0,RR_foot,-0.61656135,-0.02727081,0.02015648
17.320000,0,FL_foot,-1.09915614,-0.47775403,0.02022329
17.320000,0,FR_foot,-1.21263134,-0.03513185,0.02026100
17.320000,0,RL_foot,-0.78733039,-0.28395405,0.13550480
17.320000,0,RR_foot,-0.61687374,-0.02750587,0.02015665
17.340000,0,FL_foot,-1.09930992,-0.47788718,0.02022360
17.340000,0,FR_foot,-1.21300483,-0.03519176,0.02025989
17.340000,0,RL_foot,-0.79183841,-0.28578824,0.13442980
17.340000,0,RR_foot,-0.61718452,-0.02774913,0.02015539
17.360000,0,FL_foot,-1.09946609,-0.47801322,0.02022189
17.360000,0,FR_foot,-1.21340716,-0.03523795,0.02025671
17.360000,0,RL_foot,-0.79617977,-0.28802150,0.13247156
17.360000,0,RR_foot,-0.61748427,-0.02798698,0.02014978
17.380000,0,FL_foot,-1.09962237,-0.47812730,0.02021873
17.380000,0,FR_foot,-1.21401954,-0.03514826,0.02025377
17.380000,0,RL_foot,-0.80043215,-0.29119825,0.12839295
17.380000,0,RR_foot,-0.61778200,-0.02821286,0.02014530
17.400000,0,FL_foot,-1.09978199,-0.47822493,0.02021475
17.400000,0,FR_foot,-1.21492851,-0.03488989,0.02025218
17.400000,0,RL_foot,-0.80464637,-0.29578403,0.12130830
17.400000,0,RR_foot,-0.61804974,-0.02846258,0.02013250
17.420000,0,FL_foot,-1.09995115,-0.47830120,0.02021118
17.420000,0,FR_foot,-1.21621072,-0.03442379,0.02025021
17.420000,0,RL_foot,-0.80874807,-0.30230409,0.11061899
17.420000,0,RR_foot,-0.61832738,-0.02867592,0.02012137
17.440000,0,FL_foot,-1.10013235,-0.47835338,0.02021041
17.440000,0,FR_foot,-1.21777999,-0.03396278,0.02025144
17.440000,0,RL_foot,-0.81231713,-0.31161571,0.09580184
17.440000,0,RR_foot,-0.61861312,-0.02886630,0.02013059
17.460000,0,FL_foot,-1.10033405,-0.47837943,0.02020719
17.460000,0,FR_foot,-1.21937239,-0.03371352,0.02024960
17.460000,0,RL_foot,-0.81443655,-0.32469770,0.07691314
17.460000,0,RR_foot,-0.61884457,-0.02909555,0.02012423
17.480000,0,FL_foot,-1.10056984,-0.47835067,0.02020695
17.480000,0,FR_foot,-1.22138321,-0.03374513,0.02025165
17.480000,0,RL_foot,-0.81414318,-0.34066251,0.05682339
17.480000,0,RR_foot,-0.61912656,-0.02926611,0.02013109
17.500000,0,FL_foot,-1.10083079,-0.47829759,0.02020334
17.500000,0,FR_foot,-1.22358978,-0.03416535,0.02025080
17.500000,0,RL_foot,-0.81169516,-0.35692772,0.03891467
17.500000,0,RR_foot,-0.61940479,-0.02943185,0.02014489
17.520000,0,FL_foot,-1.10110569,-0.47822300,0.02019873
17.520000,0,FR_foot,-1.22378337,-0.03412354,0.02024549
17.520000,0,RL_foot,-0.80746013,-0.37152910,0.02369706
17.520000,0,RR_foot,-0.61966157,-0.02959266,0.02012904
17.540000,0,FL_foot,-1.10468662,-0.48114687,0.02166438
17.540000,0,FR_foot,-1.22388554,-0.03426062,0.02025664
17.540000,0,RL_foot,-0.80602092,-0.37541330,0.02046265
17.540000,0,RR_foot,-0.62153417,-0.03478015,0.02082544
17.560000,0,FL_foot,-1.12082970,-0.47862017,0.02318589
17.560000,0,FR_foot,-1.22408843,-0.03427393,0.02024189
17.560000,0,RL_foot,-0.80623215,-0.37541041,0.02032423
17.560000,0,RR_foot,-0.63058305,-0.04800155,0.02216033
17.580000,0,FL_foot,-1.15007937,-0.47345516,0.02577933
17.580000,0,FR_foot,-1.22426522,-0.03428196,0.02024020
17.580000,0,RL_foot,-0.80647546,-0.37536326,0.02031020
17.580000,0,RR_foot,-0.64595044,-0.06147080,0.02267468
17.600000,0,FL_foot,-1.18746960,-0.46723256,0.03073126
17.600000,0,FR_foot,-1.22443378,-0.03430284,0.02024355
17.600000,0,RL_foot,-0.80671662,-0.37537780,0.02030570
17.600000,0,RR_foot,-0.66688699,-0.07350897,0.02310265
17.620000,0,FL_foot,-1.22583663,-0.46196175,0.03764934
17.620000,0,FR_foot,-1.22462285,-0.03433035,0.02024118
17.620000,0,RL_foot,-0.80696559,-0.37540281,0.02030932
17.620000,0,RR_foot,-0.69058621,-0.08293661,0.02386964
17.640000,0,FL_foot,-1.26080668,-0.45998168,0.04441635
17.640000,0,FR_foot,-1.22483599,-0.03436617,0.02023968
17.640000,0,RL_foot,-0.80726022,-0.37538072,0.02032356
17.640000,0,RR_foot,-0.71435040,-0.09030285,0.02554058
17.660000,0,FL_foot,-1.29110360,-0.46232983,0.04927764
17.660000,0,FR_foot,-1.22508121,-0.03440708,0.02023828
17.660000,0,RL_foot,-0.80757523,-0.37539437,0.02032084
17.660000,0,RR_foot,-0.73623604,-0.09501160,0.02756322
17.680000,0,FL_foot,-1.31648159,-0.46868667,0.05156570
17.680000,0,FR_foot,-1.22534788,-0.03445566,0.02023163
17.680000,0,RL_foot,-0.80793267,-0.37537479,0.02031338
17.680000,0,RR_foot,-0.75621909,-0.09737708,0.02970954
17.700000,0,FL_foot,-1.33635616,-0.47784019,0.05108677
17.700000,0,FR_foot,-1.22563517,-0.03448834,0.02022735
17.700000,0,RL_foot,-0.80835080,-0.37530175,0.02031938
17.700000,0,RR_foot,-0.77513051,-0.09756807,0.03176553
17.720000,0,FL_foot,-1.35035264,-0.48817641,0.04788478
17.720000,0,FR_foot,-1.22592735,-0.03450863,0.02022689
17.720000,0,RL_foot,-0.80878896,-0.37525651,0.02030148
17.720000,0,RR_foot,-0.79347461,-0.09596897,0.03380482
17.740000,0,FL_foot,-1.35849738,-0.49796382,0.04213621
17.740000,0,FR_foot,-1.22622716,-0.03452593,0.02022408
17.740000,0,RL_foot,-0.80927634,-0.37518391,0.02029447
17.740000,0,RR_foot,-0.81120276,-0.09274729,0.03562858
17.760000,0,FL_foot,-1.36090910,-0.50603509,0.03403455
17.760000,0,FR_foot,-1.22652733,-0.03452748,0.02022072
17.760000,0,RL_foot,-0.80979067,-0.37513119,0.02028200
17.760000,0,RR_foot,-0.82788801,-0.08797524,0.03668492
17.780000,0,FL_foot,-1.35870469,-0.51190650,0.02410436
17.780000,0,FR_foot,-1.22682762,-0.03452964,0.02021683
17.780000,0,RL_foot,-0.81034088,-0.37510675,0.02026282
17.780000,0,RR_foot,-0.84226239,-0.08213061,0.03705709
17.800000,0,FL_foot,-1.35783243,-0.51293176,0.02026644
17.800000,0,FR_foot,-1.22716367,-0.03461755,0.02021826
17.800000,0,RL_foot,-0.81052488,-0.37660816,0.02035887
17.800000,0,RR_foot,-0.85382283,-0.07730259,0.03433371
17.820000,0,FL_foot,-1.35804820,-0.51312965,0.02027491
17.820000,0,FR_foot,-1.22748816,-0.03472206,0.02021432
17.820000,0,RL_foot,-0.81088054,-0.37665492,0.02024322
17.820000,0,RR_foot,-0.86393070,-0.07225749,0.02792269
17.840000,0,FL_foot,-1.35832596,-0.51325810,0.02026984
17.840000,0,FR_foot,-1.22777009,-0.03478100,0.02021050
17.840000,0,RL_foot,-0.81128222,-0.37664148,0.02026542
17.840000,0,RR_foot,-0.86905235,-0.06694922,0.02118567
17.860000,0,FL_foot,-1.35863400,-0.51335531,0.02028365
17.860000,0,FR_foot,-1.23333228,-0.04426065,0.02200642
17.860000,0,RL_foot,-0.81371474,-0.37272233,0.02213076
17.860000,0,RR_foot,-0.86945623,-0.06705409,0.02025510
17.880000,0,FL_foot,-1.35890281,-0.51340377,0.02027946
17.880000,0,FR_foot,-1.25393462,-0.06484076,0.02485255
17.880000,0,RL_foot,-0.82561195,-0.35585982,0.03549277
17.880000,0,RR_foot,-0.86972040,-0.06714755,0.02019012
17.900000,0,FL_foot,-1.35910344,-0.51347822,0.02027864
17.900000,0,FR_foot,-1.28824985,-0.08327451,0.02821389
17.900000,0,RL_foot,-0.84453964,-0.34171265,0.05207713
17.900000,0,RR_foot,-0.87000990,-0.06726555,0.02018590
17.920000,0,FL_foot,-1.35931313,-0.51357007,0.02027434
17.920000,0,FR_foot,-1.32772613,-0.09292660,0.03038917
17.920000,0,RL_foot,-0.86312896,-0.33368203,0.06677105
17.920000,0,RR_foot,-0.87032896,-0.06737792,0.02018724
17.940000,0,FL_foot,-1.35954404,-0.51366872,0.02026638
17.940000,0,FR_foot,-1.36655390,-0.09526093,0.03090644
17.940000,0,RL_foot,-0.88007027,-0.32911164,0.07938249
17.940000,0,RR_foot,-0.87067366,-0.06751408,0.02018139
17.960000,0,FL_foot,-1.35977268,-0.51378924,0.02026212
17.960000,0,FR_foot,-1.40124536,-0.09321791,0.03033685
17.960000,0,RL_foot,-0.89596486,-0.32650551,0.09015884
17.960000,0,RR_foot,-0.87107480,-0.06767239,0.02018273
17.980000,0,FL_foot,-1.36000991,-0.51390177,0.02025678
17.980000,0,FR_foot,-1.42916417,-0.08946219,0.02898958
17.980000,0,RL_foot,-0.91122961,-0.32491761,0.09966352
17.980000,0,RR_foot,-0.87150788,-0.06780709,0.02018077
18.000000,0,FL_foot,-1.36024845,-0.51401436,0.02025300
18.000000,0,FR_foot,-1.44884729,-0.08606349,0.02670211
18.000000,0,RL_foot,-0.92603654,-0.32366168,0.10818756
18.000000,0,RR_foot,-0.87195903,-0.06792203,0.02017359
18.020000,0,FL_foot,-1.36049247,-0.51411265,0.02024876
18.020000,0,FR_foot,-1.46091878,-0.08333935,0.02304281
18.020000,0,RL_foot,-0.94044691,-0.32233566,0.11584175
18.020000,0,RR_foot,-0.87242204,-0.06801613,0.02016130
18.040000,0,FL_foot,-1.36076725,-0.51414537,0.02025233
18.040000,0,FR_foot,-1.46494675,-0.08217803,0.02029960
18.040000,0,RL_foot,-0.95464873,-0.32048711,0.12196127
18.040000,0,RR_foot,-0.87333876,-0.06710392,0.02009505
18.060000,0,FL_foot,-1.36105144,-0.51414734,0.02024548
18.060000,0,FR_foot,-1.46607816,-0.08098689,0.02029266
18.060000,0,RL_foot,-0.96808940,-0.31815714,0.12617792
18.060000,0,RR_foot,-0.87366951,-0.06720792,0.02016835
18.080000,0,FL_foot,-1.36131275,-0.51416600,0.02024310
18.080000,0,FR_foot,-1.46725237,-0.08015959,0.02028613
18.080000,0,RL_foot,-0.97962326,-0.31642601,0.12939495
18.080000,0,RR_foot,-0.87399185,-0.06731632,0.02017312
18.100000,0,FL_foot,-1.36155748,-0.51419622,0.02023911
18.100000,0,FR_foot,-1.46860898,-0.07916100,0.02028620
18.100000,0,RL_foot,-0.98958683,-0.31525192,0.13182850
18.100000,0,RR_foot,-0.87430435,-0.06744937,0.02016476
18.120000,0,FL_foot,-1.36177599,-0.51425403,0.02023791
18.120000,0,FR_foot,-1.47014534,-0.07812605,0.02028341
18.120000,0,RL_foot,-0.99832898,-0.31460094,0.13356608
18.120000,0,RR_foot,-0.87462783,-0.06760736,0.02016535
18.140000,0,FL_foot,-1.36198401,-0.51433235,0.02023563
18.140000,0,FR_foot,-1.47154212,-0.07723956,0.02027921
18.140000,0,RL_foot,-1.00617719,-0.31442878,0.13470927
18.140000,0,RR_foot,-0.87494129,-0.06777658,0.02016031
18.160000,0,FL_foot,-1.36218333,-0.51441818,0.02023278
18.160000,0,FR_foot,-1.47264838,-0.07657879,0.02027710
18.160000,0,RL_foot,-1.01332963,-0.31467304,0.13538021
18.160000,0,RR_foot,-0.87526023,-0.06795632,0.02015908
18.180000,0,FL_foot,-1.36236918,-0.51452661,0.02023304
18.180000,0,FR_foot,-1.47343647,-0.07617048,0.02027425
18.180000,0,RL_foot,-1.01989841,-0.31530342,0.13566430
18.180000,0,RR_foot,-0.87558907,-0.06815964,0.02016069
18.200000,0,FL_foot,-1.36254764,-0.51464856,0.02023124
18.200000,0,FR_foot,-1.47402275,-0.07594781,0.02026922
18.200000,0,RL_foot,-1.02596772,-0.31627354,0.13560909
18.200000,0,RR_foot,-0.87590700,-0.06837302,0.02015582
18.220000,0,FL_foot,-1.36271870,-0.51477671,0.02022897
18.220000,0,FR_foot,-1.47448182,-0.07586690,0.02026599
18.220000,0,RL_foot,-1.03157294,-0.31752285,0.13527901
18.220000,0,RR_foot,-0.87622803,-0.06859227,0.02015251
18.240000,0,FL_foot,-1.36288834,-0.51490515,0.02023043
18.240000,0,FR_foot,-1.47489381,-0.07585569,0.02026656
18.240000,0,RL_foot,-1.03675365,-0.31900981,0.13470273
18.240000,0,RR_foot,-0.87655383,-0.06882560,0.02015728
18.260000,0,FL_foot,-1.36304796,-0.51504016,0.02022951
18.260000,0,FR_foot,-1.47532868,-0.07583743,0.02026338
18.260000,0,RL_foot,-1.04156113,-0.32068211,0.13390398
18.260000,0,RR_foot,-0.87686801,-0.06906022,0.02015521
18.280000,0,FL_foot,-1.36320341,-0.51517606,0.02022645
18.280000,0,FR_foot,-1.47590125,-0.07575436,0.02025867
18.280000,0,RL_foot,-1.04604173,-0.32247263,0.13294592
18.280000,0,RR_foot,-0.87718260,-0.06930280,0.02015110
18.300000,0,FL_foot,-1.36336708,-0.51530045,0.02022784
18.300000,0,FR_foot,-1.47657657,-0.07562005,0.02025981
18.300000,0,RL_foot,-1.05029213,-0.32434157,0.13184234
18.300000,0,RR_foot,-0.87749171,-0.06953619,0.02015279
18.320000,0,FL_foot,-1.36352348,-0.51542187,0.02022551
18.320000,0,FR_foot,-1.47726607,-0.07549254,0.02025800
18.320000,0,RL_foot,-1.05441344,-0.32675251,0.12950203
18.320000,0,RR_foot,-0.87779450,-0.06976683,0.02015086
18.340000,0,FL_foot,-1.36368310,-0.51552826,0.02022369
18.340000,0,FR_foot,-1.47799516,-0.07532036,0.02025651
18.340000,0,RL_foot,-1.05845678,-0.33022425,0.12478642
18.340000,0,RR_foot,-0.87807924,-0.07001586,0.02013793
18.360000,0,FL_foot,-1.36384833,-0.51561338,0.02022003
18.360000,0,FR_foot,-1.47906160,-0.07493833,0.02025444
18.360000,0,RL_foot,-1.06240296,-0.33517644,0.11697284
18.360000,0,RR_foot,-0.87836498,-0.07023659,0.02012556
18.380000,0,FL_foot,-1.36402166,-0.51567805,0.02021731
18.380000,0,FR_foot,-1.48055565,-0.07436238,0.02025418
18.380000,0,RL_foot,-1.06607747,-0.34219724,0.10547042
18.380000,0,RR_foot,-0.87865591,-0.07043717,0.02012728
18.400000,0,FL_foot,-1.36420977,-0.51571566,0.02021533
18.400000,0,FR_foot,-1.48231494,-0.07385892,0.02025425
18.400000,0,RL_foot,-1.06899059,-0.35217935,0.08980161
18.400000,0,RR_foot,-0.87895048,-0.07062574,0.02012958
18.420000,0,FL_foot,-1.36442256,-0.51573533,0.02021438
18.420000,0,FR_foot,-1.48431110,-0.07357100,0.02025511
18.420000,0,RL_foot,-1.07019043,-0.36577117,0.07062817
18.420000,0,RR_foot,-0.87919128,-0.07085459,0.02012628
18.440000,0,FL_foot,-1.36466360,-0.51571548,0.02020741
18.440000,0,FR_foot,-1.48682439,-0.07369088,0.02025153
18.440000,0,RL_foot,-1.06920493,-0.38141042,0.05139687
18.440000,0,RR_foot,-0.87947935,-0.07102835,0.02012828
18.460000,0,FL_foot,-1.36494374,-0.51564300,0.02020733
18.460000,0,FR_foot,-1.48852861,-0.07401397,0.02025341
18.460000,0,RL_foot,-1.06659222,-0.39674810,0.03466012
18.460000,0,RR_foot,-0.87977076,-0.07119280,0.02014516
18.480000,0,FL_foot,-1.36522019,-0.51557469,0.02020783
18.480000,0,FR_foot,-1.48871720,-0.07397673,0.02025042
18.480000,0,RL_foot,-1.06169856,-0.41094640,0.01963973
18.480000,0,RR_foot,-0.88003165,-0.07134175,0.02012675
18.500000,0,FL_foot,-1.37215436,-0.51868480,0.02220113
18.500000,0,FR_foot,-1.48854661,-0.07435104,0.02024846
18.500000,0,RL_foot,-1.06196821,-0.41115269,0.02036810
18.500000,0,RR_foot,-0.88423920,-0.07879685,0.02099337
18.520000,0,FL_foot,-1.39122427,-0.51591831,0.02409503
18.520000,0,FR_foot,-1.48877048,-0.07437744,0.02024336
18.520000,0,RL_foot,-1.06218052,-0.41104281,0.02031464
18.520000,0,RR_foot,-0.89553529,-0.09205753,0.02211404
18.540000,0,FL_foot,-1.42250919,-0.51064783,0.02750836
18.540000,0,FR_foot,-1.48894954,-0.07438783,0.02024150
18.540000,0,RL_foot,-1.06242633,-0.41103983,0.02030231
18.540000,0,RR_foot,-0.91247380,-0.10460227,0.02266143
18.560000,0,FL_foot,-1.46039307,-0.50463676,0.03329487
18.560000,0,FR_foot,-1.48912227,-0.07440998,0.02024010
18.560000,0,RL_foot,-1.06269026,-0.41099554,0.02031522
18.560000,0,RR_foot,-0.93415529,-0.11513157,0.02328314
18.580000,0,FL_foot,-1.49773300,-0.50016749,0.04051668
18.580000,0,FR_foot,-1.48932636,-0.07444143,0.02023761
18.580000,0,RL_foot,-1.06295693,-0.41101271,0.02031408
18.580000,0,RR_foot,-0.95793974,-0.12328927,0.02434048
18.600000,0,FL_foot,-1.53126168,-0.49967572,0.04688403
18.600000,0,FR_foot,-1.48955226,-0.07447721,0.02023615
18.600000,0,RL_foot,-1.06325424,-0.41101554,0.02031543
18.600000,0,RR_foot,-0.98133057,-0.12945110,0.02616491
18.620000,0,FL_foot,-1.56002653,-0.50351518,0.05103956
18.620000,0,FR_foot,-1.48980105,-0.07452437,0.02023200
18.620000,0,RL_foot,-1.06361103,-0.41096333,0.02032388
18.620000,0,RR_foot,-1.00281692,-0.13311170,0.02822546
18.640000,0,FL_foot,-1.58369398,-0.51121634,0.05246877
18.640000,0,FR_foot,-1.49008214,-0.07456376,0.02022990
18.640000,0,RL_foot,-1.06398618,-0.41093823,0.02031936
18.640000,0,RR_foot,-1.02280283,-0.13456440,0.03034186
18.660000,0,FL_foot,-1.60163057,-0.52112246,0.05112230
18.660000,0,FR_foot,-1.49037170,-0.07458989,0.02022970
18.660000,0,RL_foot,-1.06440878,-0.41088682,0.02030744
18.660000,0,RR_foot,-1.04200280,-0.13403696,0.03241750
18.680000,0,FL_foot,-1.61353135,-0.53152001,0.04708933
18.680000,0,FR_foot,-1.49066794,-0.07461077,0.02022613
18.680000,0,RL_foot,-1.06488252,-0.41080901,0.02030009
18.680000,0,RR_foot,-1.06064725,-0.13195401,0.03451954
18.700000,0,FL_foot,-1.61944652,-0.54076368,0.04053771
18.700000,0,FR_foot,-1.49096632,-0.07461093,0.02022317
18.700000,0,RL_foot,-1.06538343,-0.41074231,0.02029004
18.700000,0,RR_foot,-1.07854688,-0.12833928,0.03615095
18.720000,0,FL_foot,-1.61994481,-0.54804230,0.03176561
18.720000,0,FR_foot,-1.49126256,-0.07460837,0.02022000
18.720000,0,RL_foot,-1.06591487,-0.41070360,0.02027567
18.720000,0,RR_foot,-1.09490335,-0.12330027,0.03693995
18.740000,0,FL_foot,-1.61649835,-0.55302268,0.02144564
18.740000,0,FR_foot,-1.49156725,-0.07460961,0.02021482
18.740000,0,RL_foot,-1.06648231,-0.41068527,0.02025033
18.740000,0,RR_foot,-1.10825050,-0.11742251,0.03707200
18.760000,0,FL_foot,-1.61688805,-0.55319625,0.02026599
18.760000,0,FR_foot,-1.49189734,-0.07473158,0.02021597
18.760000,0,RL_foot,-1.06668890,-0.41209707,0.02042062
18.760000,0,RR_foot,-1.11900866,-0.11314654,0.03286329
18.780000,0,FL_foot,-1.61710560,-0.55337793,0.02027118
18.780000,0,FR_foot,-1.49221158,-0.07482174,0.02021546
18.780000,0,RL_foot,-1.06705916,-0.41202495,0.02026966
18.780000,0,RR_foot,-1.12746322,-0.10805309,0.02638814
18.800000,0,FL_foot,-1.61743641,-0.55347741,0.02023817
18.800000,0,FR_foot,-1.49258089,-0.07500947,0.02022246
18.800000,0,RL_foot,-1.06746137,-0.41204062,0.02029978
18.800000,0,RR_foot,-1.13021266,-0.10340250,0.01996245
18.820000,0,FL_foot,-1.61771405,-0.55354357,0.02026924
18.820000,0,FR_foot,-1.50253618,-0.09044402,0.02238347
18.820000,0,RL_foot,-1.07592237,-0.40005293,0.03016662
18.820000,0,RR_foot,-1.13046741,-0.10340250,0.02017492
18.840000,0,FL_foot,-1.61794555,-0.55361253,0.02027425
18.840000,0,FR_foot,-1.52816081,-0.11264475,0.02542692
18.840000,0,RL_foot,-1.09415734,-0.38348067,0.04771551
18.840000,0,RR_foot,-1.13076782,-0.10351235,0.02017298
18.860000,0,FL_foot,-1.61816096,-0.55369765,0.02027501
18.860000,0,FR_foot,-1.56438279,-0.12832212,0.02829420
18.860000,0,RL_foot,-1.11336565,-0.37370595,0.06353361
18.860000,0,RR_foot,-1.13110244,-0.10366182,0.02018273
18.880000,0,FL_foot,-1.61840713,-0.55378985,0.02026732
18.880000,0,FR_foot,-1.60346162,-0.13494605,0.02937789
18.880000,0,RL_foot,-1.13091397,-0.36826068,0.07696435
18.880000,0,RR_foot,-1.13145423,-0.10379008,0.02018274
18.900000,0,FL_foot,-1.61864913,-0.55390257,0.02026021
18.900000,0,FR_foot,-1.64065874,-0.13536997,0.02891468
18.900000,0,RL_foot,-1.14734745,-0.36516130,0.08828674
18.900000,0,RR_foot,-1.13183725,-0.10392447,0.02017534
18.920000,0,FL_foot,-1.61889577,-0.55401158,0.02025516
18.920000,0,FR_foot,-1.67286015,-0.13228385,0.02745578
18.920000,0,RL_foot,-1.16317093,-0.36335233,0.09810073
18.920000,0,RR_foot,-1.13226843,-0.10405535,0.02017537
18.940000,0,FL_foot,-1.61914313,-0.55412596,0.02025044
18.940000,0,FR_foot,-1.69759810,-0.12852100,0.02530666
18.940000,0,RL_foot,-1.17844498,-0.36206472,0.10690811
18.940000,0,RR_foot,-1.13272238,-0.10416689,0.02016991
18.960000,0,FL_foot,-1.61939156,-0.55423111,0.02024611
18.960000,0,FR_foot,-1.71417856,-0.12533110,0.02208870
18.960000,0,RL_foot,-1.19335020,-0.36081687,0.11481466
18.960000,0,RR_foot,-1.13319039,-0.10425540,0.02015928
18.980000,0,FL_foot,-1.61966848,-0.55425924,0.02025172
18.980000,0,FR_foot,-1.71891499,-0.12415366,0.02029664
18.980000,0,RL_foot,-1.20844889,-0.35884392,0.12114716
18.980000,0,RR_foot,-1.13394308,-0.10343868,0.02037320
19.000000,0,FL_foot,-1.61996555,-0.55426341,0.02023757
19.000000,0,FR_foot,-1.71995878,-0.12292828,0.02028922
19.000000,0,RL_foot,-1.22274280,-0.35723579,0.12550592
19.000000,0,RR_foot,-1.13415408,-0.10353274,0.02012685
19.020000,0,FL_foot,-1.62020409,-0.55430478,0.02024130
19.020000,0,FR_foot,-1.72289395,-0.12034170,0.02028839
19.020000,0,RL_foot,-1.23473060,-0.35567564,0.12929025
19.020000,0,RR_foot,-1.13447201,-0.10368922,0.02016070
19.040000,0,FL_foot,-1.62043655,-0.55435580,0.02023877
19.040000,0,FR_foot,-1.72531664,-0.11867778,0.02028641
19.040000,0,RL_foot,-1.24518168,-0.35453004,0.13209528
19.040000,0,RR_foot,-1.13478446,-0.10383283,0.02016426
19.060000,0,FL_foot,-1.62064886,-0.55442524,0.02023610
19.060000,0,FR_foot,-1.72737217,-0.11735129,0.02028305
19.060000,0,RL_foot,-1.25442207,-0.35381573,0.13412870
19.060000,0,RR_foot,-1.13509905,-0.10398632,0.02016092
19.080000,0,FL_foot,-1.62085223,-0.55451280,0.02023489
19.080000,0,FR_foot,-1.72919261,-0.11622642,0.02027969
19.080000,0,RL_foot,-1.26271260,-0.35354984,0.13552107
19.080000,0,RR_foot,-1.13542271,-0.10416465,0.02016085
19.100000,0,FL_foot,-1.62105131,-0.55460376,0.02023324
19.100000,0,FR_foot,-1.73064077,-0.11538639,0.02027794
19.100000,0,RL_foot,-1.27028453,-0.35369018,0.13638566
19.100000,0,RR_foot,-1.13573968,-0.10434479,0.02016110
19.120000,0,FL_foot,-1.62124109,-0.55471057,0.02023094
19.120000,0,FR_foot,-1.73167551,-0.11482983,0.02027443
19.120000,0,RL_foot,-1.27725875,-0.35419163,0.13683718
19.120000,0,RR_foot,-1.13606131,-0.10453630,0.02015850
19.140000,0,FL_foot,-1.62142181,-0.55483145,0.02023046
19.140000,0,FR_foot,-1.73237908,-0.11452165,0.02026985
19.140000,0,RL_foot,-1.28370929,-0.35503262,0.13693942
19.140000,0,RR_foot,-1.13639045,-0.10475101,0.02015734
19.160000,0,FL_foot,-1.62160218,-0.55495226,0.02023023
19.160000,0,FR_foot,-1.73288667,-0.11439567,0.02026833
19.160000,0,RL_foot,-1.28969824,-0.35616577,0.13673794
19.160000,0,RR_foot,-1.13671064,-0.10496734,0.02015814
19.180000,0,FL_foot,-1.62177014,-0.55508280,0.02022861
19.180000,0,FR_foot,-1.73325300,-0.11439850,0.02026596
19.180000,0,RL_foot,-1.29523587,-0.35753947,0.13628457
19.180000,0,RR_foot,-1.13703060,-0.10519101,0.02015656
19.200000,0,FL_foot,-1.62193298,-0.55522060,0.02022693
19.200000,0,FR_foot,-1.73362720,-0.11443470,0.02026162
19.200000,0,RL_foot,-1.30036426,-0.35912272,0.13559504
19.200000,0,RR_foot,-1.13734949,-0.10543390,0.02015257
19.220000,0,FL_foot,-1.62210047,-0.55534858,0.02022708
19.220000,0,FR_foot,-1.73412609,-0.11438052,0.02026095
19.220000,0,RL_foot,-1.30514169,-0.36084864,0.13471739
19.220000,0,RR_foot,-1.13766170,-0.10566837,0.02015683
19.240000,0,FL_foot,-1.62225711,-0.55548120,0.02022770
19.240000,0,FR_foot,-1.73467970,-0.11433397,0.02025971
19.240000,0,RL_foot,-1.30962312,-0.36267230,0.13369289
19.240000,0,RR_foot,-1.13797379,-0.10590985,0.02015585
19.260000,0,FL_foot,-1.62241340,-0.55560893,0.02022310
19.260000,0,FR_foot,-1.73528385,-0.11426377,0.02025472
19.260000,0,RL_foot,-1.31390309,-0.36466464,0.13227358
19.260000,0,RR_foot,-1.13827217,-0.10614943,0.02014847
19.280000,0,FL_foot,-1.62257290,-0.55572504,0.02021987
19.280000,0,FR_foot,-1.73586452,-0.11420640,0.02025271
19.280000,0,RL_foot,-1.31809974,-0.36740443,0.12914228
19.280000,0,RR_foot,-1.13857090,-0.10637623,0.02014357
19.300000,0,FL_foot,-1.62273490,-0.55582738,0.02021704
19.300000,0,FR_foot,-1.73668027,-0.11398931,0.02025100
19.300000,0,RL_foot,-1.32223380,-0.37137440,0.12331261
19.300000,0,RR_foot,-1.13884234,-0.10662631,0.02013078
19.320000,0,FL_foot,-1.62290502,-0.55591524,0.02021316
19.320000,0,FR_foot,-1.73786294,-0.11355576,0.02024896
19.320000,0,RL_foot,-1.32627940,-0.37702546,0.11413878
19.320000,0,RR_foot,-1.13912165,-0.10684150,0.02011779
19.340000,0,FL_foot,-1.62308443,-0.55597812,0.02021190
19.340000,0,FR_foot,-1.73936832,-0.11304545,0.02024990
19.340000,0,RL_foot,-1.32995331,-0.38507265,0.10105089
19.340000,0,RR_foot,-1.13940656,-0.10703565,0.02012386
19.360000,0,FL_foot,-1.62328172,-0.55601054,0.02021047
19.360000,0,FR_foot,-1.74100399,-0.11267807,0.02025030
19.360000,0,RL_foot,-1.33255756,-0.39653760,0.08370285
19.360000,0,RR_foot,-1.13963771,-0.10727196,0.02012113
19.380000,0,FL_foot,-1.62351036,-0.55599022,0.02021011
19.380000,0,FR_foot,-1.74305153,-0.11255027,0.02025280
19.380000,0,RL_foot,-1.33302569,-0.41149533,0.06373817
19.380000,0,RR_foot,-1.13992059,-0.10744540,0.02012568
19.400000,0,FL_foot,-1.62376213,-0.55595160,0.02020822
19.400000,0,FR_foot,-1.74571884,-0.11291181,0.02025314
19.400000,0,RL_foot,-1.33117390,-0.42758942,0.04503741
19.400000,0,RR_foot,-1.14020050,-0.10761373,0.02014308
19.420000,0,FL_foot,-1.62403607,-0.55588216,0.02020281
19.420000,0,FR_foot,-1.74660790,-0.11314528,0.02024865
19.420000,0,RL_foot,-1.32780039,-0.44248152,0.02923307
19.420000,0,RR_foot,-1.14046621,-0.10778155,0.02013557
19.440000,0,FL_foot,-1.62459874,-0.55640227,0.02021337
19.440000,0,FR_foot,-1.74682724,-0.11313645,0.02023516
19.440000,0,RL_foot,-1.32530880,-0.44972721,0.02012391
19.440000,0,RR_foot,-1.14112949,-0.10838991,0.02023407
19.460000,0,FL_foot,-1.63565743,-0.55728519,0.02170629
19.460000,0,FR_foot,-1.74703062,-0.11314154,0.02024155
19.460000,0,RL_foot,-1.32555127,-0.44971734,0.02030473
19.460000,0,RR_foot,-1.14839649,-0.11833695,0.02167912
19.480000,0,FL_foot,-1.66039622,-0.55318677,0.02408192
19.480000,0,FR_foot,-1.74723387,-0.11313694,0.02024303
19.480000,0,RL_foot,-1.32582223,-0.44963959,0.02031014
19.480000,0,RR_foot,-1.16185081,-0.13154678,0.02250363
19.500000,0,FL_foot,-1.69538009,-0.54743689,0.02842752
19.500000,0,FR_foot,-1.74742711,-0.11313754,0.02024152
19.500000,0,RL_foot,-1.32609403,-0.44962999,0.02030592
19.500000,0,RR_foot,-1.18092322,-0.14383049,0.02289031
19.520000,0,FL_foot,-1.73392189,-0.54185247,0.03495677
19.520000,0,FR_foot,-1.74762225,-0.11314932,0.02023925
19.520000,0,RL_foot,-1.32636654,-0.44962907,0.02031001
19.520000,0,RR_foot,-1.20408332,-0.15391320,0.02353727
19.540000,0,FL_foot,-1.77025533,-0.53862101,0.04206589
19.540000,0,FR_foot,-1.74782813,-0.11317353,0.02023505
19.540000,0,RL_foot,-1.32667530,-0.44958723,0.02032357
19.540000,0,RR_foot,-1.22852361,-0.16191015,0.02501355
19.560000,0,FL_foot,-1.80224776,-0.53965169,0.04766129
19.560000,0,FR_foot,-1.74807465,-0.11320809,0.02023194
19.560000,0,RL_foot,-1.32700121,-0.44958651,0.02032047
19.560000,0,RR_foot,-1.25184035,-0.16756587,0.02712297
19.580000,0,FL_foot,-1.82949114,-0.54498369,0.05079897
19.580000,0,FR_foot,-1.74834836,-0.11324537,0.02022942
19.580000,0,RL_foot,-1.32736778,-0.44955698,0.02031407
19.580000,0,RR_foot,-1.27312732,-0.17070062,0.02936758
19.600000,0,FL_foot,-1.85151470,-0.55370474,0.05117969
19.600000,0,FR_foot,-1.74864054,-0.11328302,0.02023038
19.600000,0,RL_foot,-1.32779396,-0.44947895,0.02032023
19.600000,0,RR_foot,-1.29309714,-0.17160250,0.03157357
19.620000,0,FL_foot,-1.86766541,-0.56402397,0.04882057
19.620000,0,FR_foot,-1.74894166,-0.11330193,0.02022598
19.620000,0,RL_foot,-1.32825768,-0.44939694,0.02031510
19.620000,0,RR_foot,-1.31236768,-0.17059392,0.03370412
19.640000,0,FL_foot,-1.87773407,-0.57421964,0.04381552
19.640000,0,FR_foot,-1.74924350,-0.11331235,0.02022452
19.640000,0,RL_foot,-1.32875586,-0.44931403,0.02030645
19.640000,0,RR_foot,-1.33101487,-0.16795629,0.03567512
19.660000,0,FL_foot,-1.88171339,-0.58286065,0.03630737
19.660000,0,FR_foot,-1.74955654,-0.11331813,0.02022393
19.660000,0,RL_foot,-1.32927871,-0.44924816,0.02029350
19.660000,0,RR_foot,-1.34866250,-0.16370143,0.03689618
19.680000,0,FL_foot,-1.88059092,-0.58929020,0.02674870
19.680000,0,FR_foot,-1.74986279,-0.11331405,0.02022019
19.680000,0,RL_foot,-1.32983601,-0.44921443,0.02028015
19.680000,0,RR_foot,-1.36414802,-0.15812622,0.03732942
19.700000,0,FL_foot,-1.87869835,-0.59137136,0.02027276
19.700000,0,FR_foot,-1.75018263,-0.11337648,0.02023333
19.700000,0,RL_foot,-1.33018351,-0.45053995,0.02022850
19.700000,0,RR_foot,-1.37637079,-0.15285559,0.03578011
19.720000,0,FL_foot,-1.87892985,-0.59158075,0.02026916
19.720000,0,FR_foot,-1.75054002,-0.11348870,0.02021419
19.720000,0,RL_foot,-1.32961726,-0.45098582,0.02025443
19.720000,0,RR_foot,-1.38732445,-0.14743076,0.02921903
19.740000,0,FL_foot,-1.87918818,-0.59173107,0.02026718
19.740000,0,FR_foot,-1.75083339,-0.11356715,0.02020874
19.740000,0,RL_foot,-1.33001244,-0.45099261,0.02026721
19.740000,0,RR_foot,-1.39397717,-0.14236204,0.02255538
19.760000,0,FL_foot,-1.87951219,-0.59181869,0.02027808
19.760000,0,FR_foot,-1.75382304,-0.11953109,0.02140958
19.760000,0,RL_foot,-1.33059812,-0.45003566,0.02132247
19.760000,0,RR_foot,-1.39506161,-0.14079194,0.02023022
19.780000,0,FL_foot,-1.87981009,-0.59185934,0.02027604
19.780000,0,FR_foot,-1.77098954,-0.14077990,0.02385689
19.780000,0,RL_foot,-1.34182882,-0.43414277,0.03455922
19.780000,0,RR_foot,-1.39535630,-0.14094836,0.02019414
19.800000,0,FL_foot,-1.88003838,-0.59192467,0.02027498
19.800000,0,FR_foot,-1.80305958,-0.16162589,0.02703104
19.800000,0,RL_foot,-1.36171472,-0.41931075,0.05198731
19.800000,0,RR_foot,-1.39566624,-0.14106546,0.02017541
19.820000,0,FL_foot,-1.88026607,-0.59200996,0.02027249
19.820000,0,FR_foot,-1.84179997,-0.17374243,0.02924345
19.820000,0,RL_foot,-1.38120759,-0.41076872,0.06738937
19.820000,0,RR_foot,-1.39601004,-0.14122786,0.02018356
19.840000,0,FL_foot,-1.88051403,-0.59210426,0.02026568
19.840000,0,FR_foot,-1.88097417,-0.17751147,0.02944248
19.840000,0,RL_foot,-1.39886332,-0.40591326,0.08041612
19.840000,0,RR_foot,-1.39636779,-0.14135595,0.02018166
19.860000,0,FL_foot,-1.88075733,-0.59221792,0.02026000
19.860000,0,FR_foot,-1.91692972,-0.17604220,0.02827839
19.860000,0,RL_foot,-1.41538608,-0.40308678,0.09141879
19.860000,0,RR_foot,-1.39677286,-0.14151101,0.02017974
19.880000,0,FL_foot,-1.88100660,-0.59232485,0.02025505
19.880000,0,FR_foot,-1.94691420,-0.17202431,0.02630740
19.880000,0,RL_foot,-1.43122029,-0.40135884,0.10103725
19.880000,0,RR_foot,-1.39721406,-0.14164202,0.02018001
19.900000,0,FL_foot,-1.88125777,-0.59243035,0.02025081
19.900000,0,FR_foot,-1.96892536,-0.16803929,0.02366254
19.900000,0,RL_foot,-1.44648278,-0.40000620,0.10965742
19.900000,0,RR_foot,-1.39767241,-0.14175199,0.02017325
19.920000,0,FL_foot,-1.88151908,-0.59251392,0.02023690
19.920000,0,FR_foot,-1.98139501,-0.16561161,0.02015043
19.920000,0,RL_foot,-1.46138549,-0.39849049,0.11736468
19.920000,0,RR_foot,-1.39816427,-0.14178918,0.02023954
19.940000,0,FL_foot,-1.88180006,-0.59252673,0.02024301
19.940000,0,FR_foot,-1.98347497,-0.16348928,0.02029401
19.940000,0,RL_foot,-1.47671890,-0.39620012,0.12220492
19.940000,0,RR_foot,-1.39862347,-0.14103287,0.02014156
19.960000,0,FL_foot,-1.88207185,-0.59255296,0.02024158
19.960000,0,FR_foot,-1.98707390,-0.16083573,0.02029098
19.960000,0,RL_foot,-1.49025977,-0.39433998,0.12629037
19.960000,0,RR_foot,-1.39894891,-0.14114285,0.02016341
19.980000,0,FL_foot,-1.88232565,-0.59259170,0.02024030
19.980000,0,FR_foot,-1.98968935,-0.15917724,0.02028743
19.980000,0,RL_foot,-1.50212896,-0.39283806,0.12962443
19.980000,0,RR_foot,-1.39927733,-0.14128681,0.02016602
20.000000,0,FL_foot,-1.88256443,-0.59263885,0.02023781
20.000000,0,FR_foot,-1.99180257,-0.15783767,0.02028509
20.000000,0,RL_foot,-1.51248944,-0.39176667,0.13217527
20.000000,0,RR_foot,-1.39959526,-0.14142974,0.02016556
20.020000,0,FL_foot,-1.88278317,-0.59270668,0.02023451
20.020000,0,FR_foot,-1.99369335,-0.15664490,0.02028238
20.020000,0,RL_foot,-1.52160358,-0.39116678,0.13401996
20.020000,0,RR_foot,-1.39991391,-0.14158764,0.02016124
20.040000,0,FL_foot,-1.88298714,-0.59279251,0.02023410
20.040000,0,FR_foot,-1.99531925,-0.15566237,0.02027963
20.040000,0,RL_foot,-1.52974725,-0.39102656,0.13526253
20.040000,0,RR_foot,-1.40024090,-0.14177041,0.02016288
20.060000,0,FL_foot,-1.88318217,-0.59289396,0.02023158
20.060000,0,FR_foot,-1.99655914,-0.15495463,0.02027518
20.060000,0,RL_foot,-1.53714931,-0.39130157,0.13599643
20.060000,0,RR_foot,-1.40055764,-0.14196134,0.02015869
20.080000,0,FL_foot,-1.88337255,-0.59299868,0.02022983
20.080000,0,FR_foot,-1.99741840,-0.15451181,0.02027314
20.080000,0,RL_foot,-1.54393613,-0.39194256,0.13632697
20.080000,0,RR_foot,-1.40087974,-0.14216073,0.02015854
20.100000,0,FL_foot,-1.88355005,-0.59312230,0.02023035
20.100000,0,FR_foot,-1.99803317,-0.15428215,0.02027007
20.100000,0,RL_foot,-1.55017757,-0.39292029,0.13632090
20.100000,0,RR_foot,-1.40120757,-0.14238152,0.02015940
20.120000,0,FL_foot,-1.88372028,-0.59325558,0.02022821
20.120000,0,FR_foot,-1.99847353,-0.15422824,0.02026521
20.120000,0,RL_foot,-1.55594146,-0.39418352,0.13601038
20.120000,0,RR_foot,-1.40152466,-0.14260940,0.02015458
20.140000,0,FL_foot,-1.88389170,-0.59338433,0.02022760
20.140000,0,FR_foot,-1.99887955,-0.15420946,0.02026513
20.140000,0,RL_foot,-1.56125605,-0.39567342,0.13544840
20.140000,0,RR_foot,-1.40184188,-0.14283930,0.02015691
20.160000,0,FL_foot,-1.88405025,-0.59352207,0.02022824
20.160000,0,FR_foot,-1.99930406,-0.15422232,0.02026338
20.160000,0,RL_foot,-1.56616831,-0.39734963,0.13467298
20.160000,0,RR_foot,-1.40216160,-0.14308034,0.02015675
20.180000,0,FL_foot,-1.88420725,-0.59365886,0.02022380
20.180000,0,FR_foot,-1.99981141,-0.15419096,0.02025761
20.180000,0,RL_foot,-1.57075381,-0.39915285,0.13371022
20.180000,0,RR_foot,-1.40247118,-0.14331932,0.02015157
20.200000,0,FL_foot,-1.88437080,-0.59378409,0.02022670
20.200000,0,FR_foot,-2.00040936,-0.15412362,0.02025887
20.200000,0,RL_foot,-1.57507706,-0.40103236,0.13261640
20.200000,0,RR_foot,-1.40278149,-0.14356224,0.02015497
20.220000,0,FL_foot,-1.88452816,-0.59390438,0.02022453
20.220000,0,FR_foot,-2.00100398,-0.15406249,0.02025669
20.220000,0,RL_foot,-1.57927966,-0.40349028,0.13019869
20.220000,0,RR_foot,-1.40307999,-0.14379795,0.02014743
20.240000,0,FL_foot,-1.88468528,-0.59401393,0.02021910
20.240000,0,FR_foot,-2.00173569,-0.15388955,0.02025417
20.240000,0,RL_foot,-1.58337843,-0.40702209,0.12537348
20.240000,0,RR_foot,-1.40337694,-0.14401999,0.02014130
20.260000,0,FL_foot,-1.88484776,-0.59411067,0.02021715
20.260000,0,FR_foot,-2.00283337,-0.15352616,0.02025330
20.260000,0,RL_foot,-1.58738053,-0.41208640,0.11737281
20.260000,0,RR_foot,-1.40363705,-0.14427441,0.02012791
20.280000,0,FL_foot,-1.88502169,-0.59418678,0.02021430
20.280000,0,FR_foot,-2.00426078,-0.15299284,0.02025215
20.280000,0,RL_foot,-1.59114230,-0.41926470,0.10562143
20.280000,0,RR_foot,-1.40391409,-0.14448527,0.02011954
20.300000,0,FL_foot,-1.88520956,-0.59423947,0.02021333
20.300000,0,FR_foot,-2.00595117,-0.15254411,0.02025289
20.300000,0,RL_foot,-1.59408951,-0.42947882,0.08969034
20.300000,0,RR_foot,-1.40420067,-0.14467348,0.02012962
20.320000,0,FL_foot,-1.88542116,-0.59425902,0.02021232
20.320000,0,FR_foot,-2.00783038,-0.15230125,0.02025383
20.320000,0,RL_foot,-1.59522152,-0.44340369,0.07021972
20.320000,0,RR_foot,-1.40443432,-0.14490153,0.02012701
20.340000,0,FL_foot,-1.88566053,-0.59423858,0.02020572
20.340000,0,FR_foot,-2.01031160,-0.15246706,0.02025056
20.340000,0,RL_foot,-1.59403193,-0.45933333,0.05082696
20.340000,0,RR_foot,-1.40471673,-0.14507598,0.02012897
20.360000,0,FL_foot,-1.88593960,-0.59416580,0.02020521
20.360000,0,FR_foot,-2.01207757,-0.15285489,0.02025202
20.360000,0,RL_foot,-1.59115338,-0.47484675,0.03405427
20.360000,0,RR_foot,-1.40500224,-0.14524072,0.02014538
20.380000,0,FL_foot,-1.88621449,-0.59409785,0.02020619
20.380000,0,FR_foot,-2.01226687,-0.15282205,0.02024920
20.380000,0,RL_foot,-1.58592868,-0.48915872,0.01900847
20.380000,0,RR_foot,-1.40526116,-0.14538534,0.02013053
20.400000,0,FL_foot,-1.89333749,-0.59748900,0.02316242
20.400000,0,FR_foot,-2.01145124,-0.15423532,0.02023529
20.400000,0,RL_foot,-1.58609176,-0.49039114,0.02031099
20.400000,0,RR_foot,-1.40948880,-0.15353401,0.02099346
20.420000,0,FL_foot,-1.91307175,-0.59516358,0.02531168
20.420000,0,FR_foot,-2.01168275,-0.15426202,0.02024084
20.420000,0,RL_foot,-1.58631873,-0.49036679,0.02030420
20.420000,0,RR_foot,-1.42045498,-0.16703179,0.02172504
20.440000,0,FL_foot,-1.94468844,-0.59036428,0.02882444
20.440000,0,FR_foot,-2.01187110,-0.15427589,0.02023973
20.440000,0,RL_foot,-1.58655429,-0.49037272,0.02030167
20.440000,0,RR_foot,-1.43751407,-0.17991164,0.02193015
20.460000,0,FL_foot,-1.98254216,-0.58469808,0.03463937
20.460000,0,FR_foot,-2.01204872,-0.15429831,0.02023729
20.460000,0,RL_foot,-1.58679640,-0.49037781,0.02030531
20.460000,0,RR_foot,-1.45968938,-0.19103397,0.02241252
20.480000,0,FL_foot,-2.01987648,-0.58044082,0.04185925
20.480000,0,FR_foot,-2.01224661,-0.15432526,0.02024347
20.480000,0,RL_foot,-1.58706927,-0.49034336,0.02031915
20.480000,0,RR_foot,-1.48392761,-0.19971526,0.02351620
20.500000,0,FL_foot,-2.05339050,-0.58001029,0.04828315
20.500000,0,FR_foot,-2.01246381,-0.15436377,0.02023823
20.500000,0,RL_foot,-1.58735776,-0.49035406,0.02031908
20.500000,0,RR_foot,-1.50770688,-0.20627649,0.02545982
20.520000,0,FL_foot,-2.08221650,-0.58386201,0.05254877
20.520000,0,FR_foot,-2.01271415,-0.15440623,0.02023377
20.520000,0,RL_foot,-1.58768642,-0.49033827,0.02031402
20.520000,0,RR_foot,-1.52947676,-0.21025245,0.02765525
20.540000,0,FL_foot,-2.10606694,-0.59157103,0.05414645
20.540000,0,FR_foot,-2.01298571,-0.15444332,0.02023018
20.540000,0,RL_foot,-1.58807373,-0.49026802,0.02032053
20.540000,0,RR_foot,-1.54957736,-0.21196793,0.02988435
20.560000,0,FL_foot,-2.12421894,-0.60144538,0.05305558
20.560000,0,FR_foot,-2.01327085,-0.15447339,0.02022952
20.560000,0,RL_foot,-1.58847749,-0.49022999,0.02031545
20.560000,0,RR_foot,-1.56880128,-0.21164149,0.03198690
20.580000,0,FL_foot,-2.13640714,-0.61174232,0.04933622
20.580000,0,FR_foot,-2.01355934,-0.15448187,0.02022721
20.580000,0,RL_foot,-1.58894277,-0.49014941,0.02030983
20.580000,0,RR_foot,-1.58745229,-0.20976375,0.03409944
20.600000,0,FL_foot,-2.14259481,-0.62091178,0.04309185
20.600000,0,FR_foot,-2.01384735,-0.15448381,0.02022445
20.600000,0,RL_foot,-1.58943462,-0.49007577,0.02029895
20.600000,0,RR_foot,-1.60531700,-0.20633151,0.03571091
20.620000,0,FL_foot,-2.14332342,-0.62816304,0.03459763
20.620000,0,FR_foot,-2.01414895,-0.15448341,0.02022296
20.620000,0,RL_foot,-1.58995700,-0.49002764,0.02028545
20.620000,0,RR_foot,-1.62162936,-0.20138723,0.03642455
20.640000,0,FL_foot,-2.14005280,-0.63319051,0.02450690
20.640000,0,FR_foot,-2.01444054,-0.15448016,0.02021682
20.640000,0,RL_foot,-1.59051323,-0.49000436,0.02026488
20.640000,0,RR_foot,-1.63502824,-0.19545603,0.03647703
20.660000,0,FL_foot,-2.13741183,-0.63479257,0.02026882
20.660000,0,FR_foot,-2.01490307,-0.15460233,0.02021421
20.660000,0,RL_foot,-1.59055221,-0.49274042,0.02024712
20.660000,0,RR_foot,-1.64477789,-0.19083020,0.03388599
20.680000,0,FL_foot,-2.13765550,-0.63499743,0.02026869
20.680000,0,FR_foot,-2.01524282,-0.15471633,0.02021202
20.680000,0,RL_foot,-1.59006798,-0.49316537,0.02024142
20.680000,0,RR_foot,-1.65296042,-0.18509023,0.02701238
20.700000,0,FL_foot,-2.13793731,-0.63513780,0.02025890
20.700000,0,FR_foot,-2.01552153,-0.15479213,0.02021235
20.700000,0,RL_foot,-1.59044921,-0.49319902,0.02023640
20.700000,0,RR_foot,-1.65620303,-0.18046381,0.02043181
20.720000,0,FL_foot,-2.13822412,-0.63523650,0.02027192
20.720000,0,FR_foot,-2.02366686,-0.16748789,0.02229975
20.720000,0,RL_foot,-1.59974527,-0.48102978,0.02947392
20.720000,0,RR_foot,-1.65647209,-0.18059295,0.02020271
20.740000,0,FL_foot,-2.13843536,-0.63534069,0.02027417
20.740000,0,FR_foot,-2.04804277,-0.19025689,0.02549355
20.740000,0,RL_foot,-1.61831141,-0.46338046,0.04701525
20.740000,0,RR_foot,-1.65676188,-0.18077263,0.02018188
20.760000,0,FL_foot,-2.13862991,-0.63545394,0.02027203
20.760000,0,FR_foot,-2.08416176,-0.20731287,0.02878400
20.760000,0,RL_foot,-1.63730812,-0.45306188,0.06279381
20.760000,0,RR_foot,-1.65707016,-0.18091486,0.02017792
20.780000,0,FL_foot,-2.13884902,-0.63557690,0.02026778
20.780000,0,FR_foot,-2.12346482,-0.21532831,0.03052252
20.780000,0,RL_foot,-1.65451443,-0.44739497,0.07619739
20.780000,0,RR_foot,-1.65741122,-0.18111134,0.02018587
20.800000,0,FL_foot,-2.13906956,-0.63571811,0.02026231
20.800000,0,FR_foot,-2.16099119,-0.21684733,0.03076248
20.800000,0,RL_foot,-1.67064822,-0.44426495,0.08741652
20.800000,0,RR_foot,-1.65777159,-0.18126117,0.02017958
20.820000,0,FL_foot,-2.13929200,-0.63585800,0.02025692
20.820000,0,FR_foot,-2.19374728,-0.21457829,0.03005735
20.820000,0,RL_foot,-1.68626618,-0.44249144,0.09708422
20.820000,0,RR_foot,-1.65818143,-0.18142596,0.02018230
20.840000,0,FL_foot,-2.13951755,-0.63599920,0.02025308
20.840000,0,FR_foot,-2.21937633,-0.21118516,0.02870292
20.840000,0,RL_foot,-1.70136690,-0.44131961,0.10572234
20.840000,0,RR_foot,-1.65861297,-0.18157086,0.02017859
20.860000,0,FL_foot,-2.13974524,-0.63612878,0.02024903
20.860000,0,FR_foot,-2.23703027,-0.20809075,0.02639459
20.860000,0,RL_foot,-1.71607721,-0.44026217,0.11346515
20.860000,0,RR_foot,-1.65905786,-0.18169558,0.02016812
20.880000,0,FL_foot,-2.13999319,-0.63621861,0.02024614
20.880000,0,FR_foot,-2.24783349,-0.20543629,0.02283102
20.880000,0,RL_foot,-1.73024857,-0.43903083,0.12044837
20.880000,0,RR_foot,-1.65951240,-0.18179485,0.02016224
20.900000,0,FL_foot,-2.14026237,-0.63626808,0.02024952
20.900000,0,FR_foot,-2.25149560,-0.20421816,0.02029783
20.900000,0,RL_foot,-1.74406528,-0.43732515,0.12594932
20.900000,0,RR_foot,-1.66039574,-0.18102315,0.02011404
20.920000,0,FL_foot,-2.14055014,-0.63627088,0.02024215
20.920000,0,FR_foot,-2.25285935,-0.20283030,0.02029068
20.920000,0,RL_foot,-1.75700295,-0.43524963,0.12970226
20.920000,0,RR_foot,-1.66071951,-0.18113384,0.02016751
20.940000,0,FL_foot,-2.14081717,-0.63628501,0.02024002
20.940000,0,FR_foot,-2.25421095,-0.20190224,0.02028669
20.940000,0,RL_foot,-1.76812029,-0.43374568,0.13250278
20.940000,0,RR_foot,-1.66104245,-0.18124427,0.02017483
20.960000,0,FL_foot,-2.14106011,-0.63631833,0.02023624
20.960000,0,FR_foot,-2.25561666,-0.20090258,0.02028452
20.960000,0,RL_foot,-1.77778912,-0.43278793,0.13455491
20.960000,0,RR_foot,-1.66135514,-0.18138063,0.02016558
20.980000,0,FL_foot,-2.14128470,-0.63637668,0.02023492
20.980000,0,FR_foot,-2.25709033,-0.19993238,0.02028105
20.980000,0,RL_foot,-1.78633940,-0.43233505,0.13596387
20.980000,0,RR_foot,-1.66167736,-0.18154269,0.02016436
21.000000,0,FL_foot,-2.14149880,-0.63644552,0.02023275
21.000000,0,FR_foot,-2.25835085,-0.19915026,0.02027897
21.000000,0,RL_foot,-1.79406691,-0.43233427,0.13683738
21.000000,0,RR_foot,-1.66199100,-0.18171306,0.02016320
21.020000,0,FL_foot,-2.14169621,-0.63653409,0.02023048
21.020000,0,FR_foot,-2.25926280,-0.19863409,0.02027517
21.020000,0,RL_foot,-1.80113137,-0.43272969,0.13728821
21.020000,0,RR_foot,-1.66230857,-0.18189637,0.02015968
21.040000,0,FL_foot,-2.14188409,-0.63664252,0.02022990
21.040000,0,FR_foot,-2.25988865,-0.19835757,0.02027078
21.040000,0,RL_foot,-1.80763018,-0.43349490,0.13738203
21.040000,0,RR_foot,-1.66263306,-0.18210518,0.02015851
21.060000,0,FL_foot,-2.14206815,-0.63675547,0.02022906
21.060000,0,FR_foot,-2.26030207,-0.19829062,0.02026952
21.060000,0,RL_foot,-1.81363916,-0.43458152,0.13716507
21.060000,0,RR_foot,-1.66294825,-0.18231809,0.02015893
21.080000,0,FL_foot,-2.14223766,-0.63688087,0.02022749
21.080000,0,FR_foot,-2.26063752,-0.19829364,0.02026660
21.080000,0,RL_foot,-1.81917560,-0.43593809,0.13668819
21.080000,0,RR_foot,-1.66326463,-0.18254028,0.02015699
21.100000,0,FL_foot,-2.14240026,-0.63701528,0.02022628
21.100000,0,FR_foot,-2.26092720,-0.19835947,0.02026289
21.100000,0,RL_foot,-1.82428980,-0.43752360,0.13597277
21.100000,0,RR_foot,-1.66358376,-0.18277828,0.02015458
21.120000,0,FL_foot,-2.14256620,-0.63714331,0.02022685
21.120000,0,FR_foot,-2.26140499,-0.19831787,0.02026237
21.120000,0,RL_foot,-1.82904971,-0.43927896,0.13505048
21.120000,0,RR_foot,-1.66389441,-0.18301240,0.02015533
21.140000,0,FL_foot,-2.14272189,-0.63727456,0.02022533
21.140000,0,FR_foot,-2.26188803,-0.19831094,0.02025975
21.140000,0,RL_foot,-1.83349752,-0.44114044,0.13398483
21.140000,0,RR_foot,-1.66420233,-0.18324889,0.02015650
21.160000,0,FL_foot,-2.14287639,-0.63740456,0.02022551
21.160000,0,FR_foot,-2.26239586,-0.19830702,0.02025866
21.160000,0,RL_foot,-1.83772016,-0.44319972,0.13251570
21.160000,0,RR_foot,-1.66450751,-0.18349199,0.02015400
21.180000,0,FL_foot,-2.14303303,-0.63752407,0.02022083
21.180000,0,FR_foot,-2.26297855,-0.19823292,0.02025530
21.180000,0,RL_foot,-1.84185624,-0.44603798,0.12928018
21.180000,0,RR_foot,-1.66479909,-0.18372977,0.02014485
21.200000,0,FL_foot,-2.14319110,-0.63763547,0.02021478
21.200000,0,FR_foot,-2.26381373,-0.19800533,0.02025053
21.200000,0,RL_foot,-1.84590197,-0.45011783,0.12332848
21.200000,0,RR_foot,-1.66509104,-0.18395275,0.02013265
21.220000,0,FL_foot,-2.14335680,-0.63772601,0.02021272
21.220000,0,FR_foot,-2.26498342,-0.19761305,0.02024981
21.220000,0,RL_foot,-1.84984028,-0.45592135,0.11398604
21.220000,0,RR_foot,-1.66534388,-0.18420903,0.02012080
21.240000,0,FL_foot,-2.14353514,-0.63779604,0.02021067
21.240000,0,FR_foot,-2.26639867,-0.19712652,0.02024898
21.240000,0,RL_foot,-1.85340822,-0.46415317,0.10069712
21.240000,0,RR_foot,-1.66562104,-0.18441501,0.02011551
21.260000,0,FL_foot,-2.14372969,-0.63783509,0.02020908
21.260000,0,FR_foot,-2.26801395,-0.19677159,0.02025063
21.260000,0,RL_foot,-1.85581195,-0.47581312,0.08319715
21.260000,0,RR_foot,-1.66590226,-0.18460469,0.02012793
21.280000,0,FL_foot,-2.14395475,-0.63782233,0.02021097
21.280000,0,FR_foot,-2.26991153,-0.19667074,0.02025316
21.280000,0,RL_foot,-1.85602236,-0.49090508,0.06317747
21.280000,0,RR_foot,-1.66613960,-0.18482570,0.02013016
21.300000,0,FL_foot,-2.14420748,-0.63778812,0.02020692
21.300000,0,FR_foot,-2.27224874,-0.19696458,0.02025245
21.300000,0,RL_foot,-1.85394514,-0.50712550,0.04442186
21.300000,0,RR_foot,-1.66642106,-0.18500015,0.02013450
21.320000,0,FL_foot,-2.14448071,-0.63772631,0.02020024
21.320000,0,FR_foot,-2.27280807,-0.19707604,0.02024673
21.320000,0,RL_foot,-1.85030448,-0.52201676,0.02862936
21.320000,0,RR_foot,-1.66670191,-0.18516423,0.02013455
21.340000,0,FL_foot,-2.14505982,-0.63865530,0.02032379
21.340000,0,FR_foot,-2.27305102,-0.19709103,0.02022832
21.340000,0,RL_foot,-1.84756696,-0.52929133,0.02011870
21.340000,0,RR_foot,-1.66752493,-0.18626349,0.02049269
21.360000,0,FL_foot,-2.15720940,-0.63825548,0.02158798
21.360000,0,FR_foot,-2.27317595,-0.19718932,0.02023974
21.360000,0,RL_foot,-1.84779990,-0.52930450,0.02028200
21.360000,0,RR_foot,-1.67450559,-0.19716966,0.02283401
21.380000,0,FL_foot,-2.18355942,-0.63387483,0.02380925
21.380000,0,FR_foot,-2.27337909,-0.19720101,0.02024216
21.380000,0,RL_foot,-1.84807301,-0.52923995,0.02030514
21.380000,0,RR_foot,-1.68782747,-0.21045490,0.02412215
21.400000,0,FL_foot,-2.21978569,-0.62839055,0.02814682
21.400000,0,FR_foot,-2.27356744,-0.19721638,0.02023739
21.400000,0,RL_foot,-1.84834921,-0.52925020,0.02030414
21.400000,0,RR_foot,-1.70736742,-0.22291516,0.02470911
21.420000,0,FL_foot,-2.25884271,-0.62350553,0.03463989
21.420000,0,FR_foot,-2.27377987,-0.19724901,0.02024144
21.420000,0,RL_foot,-1.84862852,-0.52927232,0.02030873
21.420000,0,RR_foot,-1.73090768,-0.23308322,0.02537802
21.440000,0,FL_foot,-2.29522896,-0.62132686,0.04147685
21.440000,0,FR_foot,-2.27400923,-0.19728945,0.02024164
21.440000,0,RL_foot,-1.84894800,-0.52925432,0.02032260
21.440000,0,RR_foot,-1.75549316,-0.24125035,0.02686827
21.460000,0,FL_foot,-2.32704282,-0.62346923,0.04660438
21.460000,0,FR_foot,-2.27426243,-0.19734505,0.02023568
21.460000,0,RL_foot,-1.84928381,-0.52927566,0.02032022
21.460000,0,RR_foot,-1.77878559,-0.24696423,0.02891335
21.480000,0,FL_foot,-2.35395527,-0.62988794,0.04914721
21.480000,0,FR_foot,-2.27454734,-0.19740345,0.02022896
21.480000,0,RL_foot,-1.84967637,-0.52923781,0.02032218
21.480000,0,RR_foot,-1.80009341,-0.25014764,0.03107700
21.500000,0,FL_foot,-2.37538147,-0.63950396,0.04886738
21.500000,0,FR_foot,-2.27485275,-0.19745494,0.02022631
21.500000,0,RL_foot,-1.85009527,-0.52921897,0.02030711
21.500000,0,RR_foot,-1.82018924,-0.25103548,0.03315053
21.520000,0,FL_foot,-2.39071655,-0.65047467,0.04580615
21.520000,0,FR_foot,-2.27516651,-0.19750096,0.02022601
21.520000,0,RL_foot,-1.85057139,-0.52916139,0.02030287
21.520000,0,RR_foot,-1.83960533,-0.25005260,0.03520158
21.540000,0,FL_foot,-2.39985371,-0.66095918,0.04009585
21.540000,0,FR_foot,-2.27548504,-0.19752680,0.02022316
21.540000,0,RL_foot,-1.85108173,-0.52910513,0.02029460
21.540000,0,RR_foot,-1.85834873,-0.24737421,0.03702914
21.560000,0,FL_foot,-2.40282202,-0.66964734,0.03188043
21.560000,0,FR_foot,-2.27580214,-0.19754717,0.02021996
21.560000,0,RL_foot,-1.85161841,-0.52907211,0.02028081
21.560000,0,RR_foot,-1.87596011,-0.24303263,0.03804202
21.580000,0,FL_foot,-2.40079570,-0.67585230,0.02170948
21.580000,0,FR_foot,-2.27613068,-0.19756927,0.02021701
21.580000,0,RL_foot,-1.85219193,-0.52906448,0.02025876
21.580000,0,RR_foot,-1.89105654,-0.23753491,0.03832380
21.600000,0,FL_foot,-2.39978385,-0.67712015,0.02026269
21.600000,0,FR_foot,-2.27671933,-0.19783469,0.02021872
21.600000,0,RL_foot,-1.85203958,-0.53202647,0.02036270
21.600000,0,RR_foot,-1.90312016,-0.23392847,0.03469479
21.620000,0,FL_foot,-2.39999032,-0.67733347,0.02027659
21.620000,0,FR_foot,-2.27704310,-0.19795345,0.02020956
21.620000,0,RL_foot,-1.85239840,-0.53208828,0.02023385
21.620000,0,RR_foot,-1.91330504,-0.22895621,0.02801749
21.640000,0,FL_foot,-2.40026879,-0.67747134,0.02027234
21.640000,0,FR_foot,-2.27732182,-0.19802220,0.02020919
21.640000,0,RL_foot,-1.85280120,-0.53208035,0.02025995
21.640000,0,RR_foot,-1.91824877,-0.22345118,0.02094126
21.660000,0,FL_foot,-2.40056062,-0.67756402,0.02028553
21.660000,0,FR_foot,-2.28339601,-0.20920606,0.02225465
21.660000,0,RL_foot,-1.85688722,-0.52659434,0.02329026
21.660000,0,RR_foot,-1.91861188,-0.22362351,0.02023828
21.680000,0,FL_foot,-2.40082622,-0.67762399,0.02028219
21.680000,0,FR_foot,-2.30487728,-0.23104788,0.02524993
21.680000,0,RL_foot,-1.87113690,-0.50936747,0.03773228
21.680000,0,RR_foot,-1.91887712,-0.22373387,0.02018790
21.700000,0,FL_foot,-2.40102625,-0.67771119,0.02028051
21.700000,0,FR_foot,-2.33989763,-0.24988818,0.02863135
21.700000,0,RL_foot,-1.89086854,-0.49657947,0.05406466
21.700000,0,RR_foot,-1.91916990,-0.22386897,0.02018624
21.720000,0,FL_foot,-2.40123844,-0.67781365,0.02027550
21.720000,0,FR_foot,-2.37972212,-0.25970945,0.03069958
21.720000,0,RL_foot,-1.90958393,-0.48956451,0.06838781
21.720000,0,RR_foot,-1.91949034,-0.22399890,0.02018662
21.740000,0,FL_foot,-2.40146542,-0.67792463,0.02026813
21.740000,0,FR_foot,-2.41862369,-0.26239207,0.03114062
21.740000,0,RL_foot,-1.92659354,-0.48572659,0.08064512
21.740000,0,RR_foot,-1.91983473,-0.22414856,0.02018097
21.760000,0,FL_foot,-2.40169048,-0.67805725,0.02026216
21.760000,0,FR_foot,-2.45320320,-0.26079127,0.03053501
21.760000,0,RL_foot,-1.94257474,-0.48368326,0.09113970
21.760000,0,RR_foot,-1.92023313,-0.22430487,0.02017645
21.780000,0,FL_foot,-2.40192366,-0.67817801,0.02025880
21.780000,0,FR_foot,-2.48084807,-0.25753504,0.02920358
21.780000,0,RL_foot,-1.95788836,-0.48253095,0.10043117
21.780000,0,RR_foot,-1.92066467,-0.22445388,0.02018075
21.800000,0,FL_foot,-2.40215802,-0.67829829,0.02025505
21.800000,0,FR_foot,-2.50016999,-0.25455767,0.02693594
21.800000,0,RL_foot,-1.97273457,-0.48163530,0.10875648
21.800000,0,RR_foot,-1.92111170,-0.22457831,0.02017332
21.820000,0,FL_foot,-2.40239716,-0.67840338,0.02025061
21.820000,0,FR_foot,-2.51194215,-0.25209671,0.02330557
21.820000,0,RL_foot,-1.98714805,-0.48062229,0.11623586
21.820000,0,RR_foot,-1.92157006,-0.22468212,0.02016097
21.840000,0,FL_foot,-2.40266681,-0.67844546,0.02025590
21.840000,0,FR_foot,-2.51591206,-0.25104746,0.02030237
21.840000,0,RL_foot,-2.00119686,-0.47909197,0.12235841
21.840000,0,RR_foot,-1.92228615,-0.22402176,0.02014880
21.860000,0,FL_foot,-2.40295553,-0.67845172,0.02024753
21.860000,0,FR_foot,-2.51712775,-0.24984476,0.02029384
21.860000,0,RL_foot,-2.01450849,-0.47718665,0.12639961
21.860000,0,RR_foot,-1.92262018,-0.22414967,0.02016650
21.880000,0,FL_foot,-2.40321422,-0.67847753,0.02024509
21.880000,0,FR_foot,-2.51842308,-0.24897943,0.02028722
21.880000,0,RL_foot,-2.02589107,-0.47576073,0.12950175
21.880000,0,RR_foot,-1.92294025,-0.22426821,0.02017169
21.900000,0,FL_foot,-2.40345931,-0.67851168,0.02024129
21.900000,0,FR_foot,-2.51977301,-0.24802484,0.02028657
21.900000,0,RL_foot,-2.03573680,-0.47482941,0.13182005
21.900000,0,RR_foot,-1.92324960,-0.22440821,0.02016485
21.920000,0,FL_foot,-2.40367627,-0.67857242,0.02024025
21.920000,0,FR_foot,-2.52127862,-0.24704447,0.02028371
21.920000,0,RL_foot,-2.04437613,-0.47437397,0.13345361
21.920000,0,RR_foot,-1.92356753,-0.22457209,0.02016539
21.940000,0,FL_foot,-2.40388417,-0.67865157,0.02023767
21.940000,0,FR_foot,-2.52264452,-0.24620564,0.02027972
21.940000,0,RL_foot,-2.05212784,-0.47436202,0.13450179
21.940000,0,RR_foot,-1.92387640,-0.22474593,0.02016038
21.960000,0,FL_foot,-2.40408468,-0.67873663,0.02023527
21.960000,0,FR_foot,-2.52373719,-0.24556956,0.02027781
21.960000,0,RL_foot,-2.05918264,-0.47473991,0.13508527
21.960000,0,RR_foot,-1.92419064,-0.22492959,0.02015988
21.980000,0,FL_foot,-2.40427017,-0.67884332,0.02023524
21.980000,0,FR_foot,-2.52454138,-0.24515949,0.02027480
21.980000,0,RL_foot,-2.06565022,-0.47548196,0.13528888
21.980000,0,RR_foot,-1.92451322,-0.22513559,0.02016089
22.000000,0,FL_foot,-2.40444946,-0.67896265,0.02023294
22.000000,0,FR_foot,-2.52516866,-0.24490952,0.02027006
22.000000,0,RL_foot,-2.07161498,-0.47654292,0.13515821
22.000000,0,RR_foot,-1.92482364,-0.22535162,0.02015637
22.020000,0,FL_foot,-2.40462589,-0.67908180,0.02023228
22.020000,0,FR_foot,-2.52569318,-0.24477190,0.02026867
22.020000,0,RL_foot,-2.07711601,-0.47786367,0.13475507
22.020000,0,RR_foot,-1.92513728,-0.22557329,0.02015798
22.040000,0,FL_foot,-2.40479064,-0.67921311,0.02023283
22.040000,0,FR_foot,-2.52618265,-0.24470207,0.02026663
22.040000,0,RL_foot,-2.08218861,-0.47940508,0.13411500
22.040000,0,RR_foot,-1.92545545,-0.22580813,0.02015802
22.060000,0,FL_foot,-2.40495062,-0.67934704,0.02022900
22.060000,0,FR_foot,-2.52670979,-0.24462789,0.02026162
22.060000,0,RL_foot,-2.08690834,-0.48111343,0.13325591
22.060000,0,RR_foot,-1.92576003,-0.22604698,0.02015193
22.080000,0,FL_foot,-2.40511703,-0.67947108,0.02022970
22.080000,0,FR_foot,-2.52734065,-0.24449888,0.02026241
22.080000,0,RL_foot,-2.09132957,-0.48292398,0.13224895
22.080000,0,RR_foot,-1.92606652,-0.22628261,0.02015695
22.100000,0,FL_foot,-2.40527248,-0.67959857,0.02023005
22.100000,0,FR_foot,-2.52806067,-0.24434379,0.02026043
22.100000,0,RL_foot,-2.09551215,-0.48486575,0.13098599
22.100000,0,RR_foot,-1.92637122,-0.22652446,0.02015509
22.120000,0,FL_foot,-2.40543032,-0.67971498,0.02022726
22.120000,0,FR_foot,-2.52875376,-0.24420705,0.02025847
22.120000,0,RL_foot,-2.09959435,-0.48752859,0.12806803
22.120000,0,RR_foot,-1.92666233,-0.22676095,0.02014609
22.140000,0,FL_foot,-2.40559125,-0.67981923,0.02022162
22.140000,0,FR_foot,-2.52960682,-0.24394788,0.02025663
22.140000,0,RL_foot,-2.10354280,-0.49138615,0.12251053
22.140000,0,RR_foot,-1.92695785,-0.22697982,0.02013915
22.160000,0,FL_foot,-2.40575790,-0.67991042,0.02021980
22.160000,0,FR_foot,-2.53088260,-0.24348126,0.02025581
22.160000,0,RL_foot,-2.10731578,-0.49692416,0.11358780
22.160000,0,RR_foot,-1.92721295,-0.22723630,0.02012499
22.180000,0,FL_foot,-2.40593839,-0.67997974,0.02021688
22.180000,0,FR_foot,-2.53243351,-0.24288492,0.02025453
22.180000,0,RL_foot,-2.11068416,-0.50478667,0.10075405
22.180000,0,RR_foot,-1.92748904,-0.22744565,0.02011806
22.200000,0,FL_foot,-2.40613437,-0.68002409,0.02021653
22.200000,0,FR_foot,-2.53416395,-0.24244332,0.02025590
22.200000,0,RL_foot,-2.11290646,-0.51590890,0.08374712
22.200000,0,RR_foot,-1.92777622,-0.22763371,0.02013051
22.220000,0,FL_foot,-2.40636039,-0.68003482,0.02021543
22.220000,0,FR_foot,-2.53611279,-0.24227740,0.02025596
22.220000,0,RL_foot,-2.11307144,-0.53039974,0.06407323
22.220000,0,RR_foot,-1.92801845,-0.22785869,0.02012952
22.240000,0,FL_foot,-2.40661263,-0.68000644,0.02020790
22.240000,0,FR_foot,-2.53826666,-0.24247308,0.02025223
22.240000,0,RL_foot,-2.11109424,-0.54618716,0.04536952
22.240000,0,RR_foot,-1.92830324,-0.22803581,0.02013125
22.260000,0,FL_foot,-2.40690041,-0.67993355,0.02020700
22.260000,0,FR_foot,-2.53869462,-0.24250898,0.02025174
22.260000,0,RL_foot,-2.10762095,-0.56085038,0.02951410
22.260000,0,RR_foot,-1.92859149,-0.22820312,0.02013743
22.280000,0,FL_foot,-2.40745592,-0.68068218,0.02025823
22.280000,0,FR_foot,-2.53893447,-0.24251959,0.02023563
22.280000,0,RL_foot,-2.10436583,-0.56854963,0.02004048
22.280000,0,RR_foot,-1.92926693,-0.22885102,0.02028169
22.300000,0,FL_foot,-2.41889882,-0.68132406,0.02191721
22.300000,0,FR_foot,-2.53914070,-0.24253386,0.02024495
22.300000,0,RL_foot,-2.10457420,-0.56855410,0.02028327
22.300000,0,RR_foot,-1.93617749,-0.23888731,0.02213258
22.320000,0,FL_foot,-2.44437551,-0.67776734,0.02448799
22.320000,0,FR_foot,-2.53933811,-0.24252811,0.02024232
22.320000,0,RL_foot,-2.10484982,-0.56848109,0.02030824
22.320000,0,RR_foot,-1.94951081,-0.25181124,0.02314120
22.340000,0,FL_foot,-2.47990632,-0.67285812,0.02910931
22.340000,0,FR_foot,-2.53953981,-0.24254701,0.02024176
22.340000,0,RL_foot,-2.10512400,-0.56847668,0.02030582
22.340000,0,RR_foot,-1.96886587,-0.26396182,0.02361280
22.360000,0,FL_foot,-2.51850700,-0.66829622,0.03586398
22.360000,0,FR_foot,-2.53973508,-0.24256952,0.02023838
22.360000,0,RL_foot,-2.10540032,-0.56848085,0.02030965
22.360000,0,RR_foot,-1.99218309,-0.27380884,0.02421542
22.380000,0,FL_foot,-2.55455947,-0.66633463,0.04296352
22.380000,0,FR_foot,-2.53995585,-0.24259938,0.02024315
22.380000,0,RL_foot,-2.10571766,-0.56844610,0.02032334
22.380000,0,RR_foot,-2.01661706,-0.28171095,0.02564652
22.400000,0,FL_foot,-2.58608222,-0.66863573,0.04837394
22.400000,0,FR_foot,-2.54019976,-0.24264349,0.02023775
22.400000,0,RL_foot,-2.10605049,-0.56845039,0.02032094
22.400000,0,RR_foot,-2.03984404,-0.28726327,0.02764797
22.420000,0,FL_foot,-2.61270165,-0.67512125,0.05125420
22.420000,0,FR_foot,-2.54047704,-0.24269028,0.02023296
22.420000,0,RL_foot,-2.10642433,-0.56842715,0.02031457
22.420000,0,RR_foot,-2.06115174,-0.29039446,0.02980920
22.440000,0,FL_foot,-2.63388586,-0.68470901,0.05135794
22.440000,0,FR_foot,-2.54077172,-0.24272934,0.02022971
22.440000,0,RL_foot,-2.10685992,-0.56835347,0.02032004
22.440000,0,RR_foot,-2.08127546,-0.29134789,0.03194348
22.460000,0,FL_foot,-2.64906526,-0.69557315,0.04872070
22.460000,0,FR_foot,-2.54107594,-0.24276029,0.02022712
22.460000,0,RL_foot,-2.10733342,-0.56827825,0.02031433
22.460000,0,RR_foot,-2.10079765,-0.29049325,0.03405463
22.480000,0,FL_foot,-2.65811133,-0.70592594,0.04345849
22.480000,0,FR_foot,-2.54138017,-0.24277095,0.02022644
22.480000,0,RL_foot,-2.10783696,-0.56820750,0.02030547
22.480000,0,RR_foot,-2.11971259,-0.28808653,0.03596966
22.500000,0,FL_foot,-2.66118860,-0.71442717,0.03575027
22.500000,0,FR_foot,-2.54168296,-0.24277806,0.02022303
22.500000,0,RL_foot,-2.10836649,-0.56815642,0.02029180
22.500000,0,RR_foot,-2.13753986,-0.28417143,0.03711796
22.520000,0,FL_foot,-2.65946198,-0.72061270,0.02607962
22.520000,0,FR_foot,-2.54199886,-0.24278311,0.02022137
22.520000,0,RL_foot,-2.10893178,-0.56813699,0.02027502
22.520000,0,RR_foot,-2.15297604,-0.27897713,0.03751607
22.540000,0,FL_foot,-2.65735126,-0.72260588,0.02027866
22.540000,0,FR_foot,-2.54232216,-0.24286251,0.02022684
22.540000,0,RL_foot,-2.10898042,-0.56961840,0.02028730
22.540000,0,RR_foot,-2.16499209,-0.27434072,0.03566765
22.560000,0,FL_foot,-2.65759134,-0.72281849,0.02026824
22.560000,0,FR_foot,-2.54267693,-0.24297933,0.02021433
22.560000,0,RL_foot,-2.10858154,-0.57009530,0.02025177
22.560000,0,RR_foot,-2.17561674,-0.26941648,0.02923503
22.580000,0,FL_foot,-2.65784931,-0.72297519,0.02026629
22.580000,0,FR_foot,-2.54296899,-0.24306205,0.02020881
22.580000,0,RL_foot,-2.10898018,-0.57010871,0.02026314
22.580000,0,RR_foot,-2.18201447,-0.26436344,0.02247797
22.600000,0,FL_foot,-2.65815830,-0.72308242,0.02028165
22.600000,0,FR_foot,-2.54617500,-0.24986449,0.02158809
22.600000,0,RL_foot,-2.10978556,-0.56851995,0.02139787
22.600000,0,RR_foot,-2.18304396,-0.26273352,0.02024883
22.620000,0,FL_foot,-2.65844655,-0.72313672,0.02027847
22.620000,0,FR_foot,-2.56326032,-0.27105373,0.02417252
22.620000,0,RL_foot,-2.12211132,-0.55247223,0.03493147
22.620000,0,RR_foot,-2.18333030,-0.26290631,0.02019786
22.640000,0,FL_foot,-2.65866303,-0.72320992,0.02027531
22.640000,0,FR_foot,-2.59503388,-0.29148450,0.02731011
22.640000,0,RL_foot,-2.14289474,-0.53856730,0.05208191
22.640000,0,RR_foot,-2.18363786,-0.26301956,0.02017879
22.660000,0,FL_foot,-2.65888476,-0.72329891,0.02027286
22.660000,0,FR_foot,-2.63338256,-0.30338839,0.02936427
22.660000,0,RL_foot,-2.16293788,-0.53084087,0.06725606
22.660000,0,RR_foot,-2.18397498,-0.26318380,0.02018577
22.680000,0,FL_foot,-2.65912986,-0.72339326,0.02026464
22.680000,0,FR_foot,-2.67210937,-0.30744278,0.02956769
22.680000,0,RL_foot,-2.18098140,-0.52662855,0.08015788
22.680000,0,RR_foot,-2.18432689,-0.26332334,0.02017781
22.700000,0,FL_foot,-2.65936804,-0.72350979,0.02026033
22.700000,0,FR_foot,-2.70747685,-0.30648273,0.02850823
22.700000,0,RL_foot,-2.19774461,-0.52434516,0.09112501
22.700000,0,RR_foot,-2.18472981,-0.26348975,0.02018056
22.720000,0,FL_foot,-2.65961528,-0.72361875,0.02025472
22.720000,0,FR_foot,-2.73663163,-0.30315614,0.02665155
22.720000,0,RL_foot,-2.21372938,-0.52307612,0.10075333
22.720000,0,RR_foot,-2.18516707,-0.26362982,0.02018008
22.740000,0,FL_foot,-2.65986323,-0.72372723,0.02025071
22.740000,0,FR_foot,-2.75769234,-0.29983571,0.02401769
22.740000,0,RL_foot,-2.22911835,-0.52212018,0.10938931
22.740000,0,RR_foot,-2.18562317,-0.26374939,0.02017281
22.760000,0,FL_foot,-2.66011739,-0.72381860,0.02024103
22.760000,0,FR_foot,-2.77035546,-0.29737908,0.02022870
22.760000,0,RL_foot,-2.24408102,-0.52103561,0.11712918
22.760000,0,RR_foot,-2.18610263,-0.26383251,0.02018167
22.780000,0,FL_foot,-2.66042256,-0.72381610,0.02023838
22.780000,0,FR_foot,-2.77164912,-0.29628724,0.02029027
22.780000,0,RL_foot,-2.25963449,-0.51907182,0.12215953
22.780000,0,RR_foot,-2.18692017,-0.26272509,0.02008901
22.800000,0,FL_foot,-2.66067934,-0.72384399,0.02024225
22.800000,0,FR_foot,-2.77462769,-0.29407975,0.02029199
22.800000,0,RL_foot,-2.27328777,-0.51728588,0.12646985
22.800000,0,RR_foot,-2.18729353,-0.26281273,0.02016405
22.820000,0,FL_foot,-2.66093779,-0.72387499,0.02023890
22.820000,0,FR_foot,-2.77697778,-0.29261526,0.02028648
22.820000,0,RL_foot,-2.28517985,-0.51590604,0.12984934
22.820000,0,RR_foot,-2.18760824,-0.26294002,0.02016322
22.840000,0,FL_foot,-2.66117740,-0.72391921,0.02023745
22.840000,0,FR_foot,-2.77902746,-0.29131716,0.02028521
22.840000,0,RL_foot,-2.29548407,-0.51496500,0.13241276
22.840000,0,RR_foot,-2.18792892,-0.26309460,0.02016668
22.860000,0,FL_foot,-2.66139317,-0.72398639,0.02023533
22.860000,0,FR_foot,-2.78099275,-0.29010767,0.02028260
22.860000,0,RL_foot,-2.30452061,-0.51450467,0.13424030
22.860000,0,RR_foot,-2.18823934,-0.26325679,0.02016383
22.880000,0,FL_foot,-2.66159940,-0.72406918,0.02023211
22.880000,0,FR_foot,-2.78271675,-0.28909752,0.02027940
22.880000,0,RL_foot,-2.31259823,-0.51449454,0.13545944
22.880000,0,RR_foot,-2.18855357,-0.26343116,0.02015943
22.900000,0,FL_foot,-2.66179204,-0.72417158,0.02023125
22.900000,0,FR_foot,-2.78406262,-0.28835273,0.02027600
22.900000,0,RL_foot,-2.31993484,-0.51490110,0.13618571
22.900000,0,RR_foot,-2.18887711,-0.26363114,0.02015970
22.920000,0,FL_foot,-2.66198111,-0.72427905,0.02023013
22.920000,0,FR_foot,-2.78498006,-0.28789523,0.02027354
22.920000,0,RL_foot,-2.32667947,-0.51567757,0.13650192
22.920000,0,RR_foot,-2.18919325,-0.26383519,0.02016009
22.940000,0,FL_foot,-2.66215611,-0.72440290,0.02022861
22.940000,0,FR_foot,-2.78563833,-0.28764138,0.02026999
22.940000,0,RL_foot,-2.33288503,-0.51677859,0.13649122
22.940000,0,RR_foot,-2.18951178,-0.26405221,0.02015705
22.960000,0,FL_foot,-2.66232324,-0.72453940,0.02022778
22.960000,0,FR_foot,-2.78610325,-0.28757775,0.02026513
22.960000,0,RL_foot,-2.33860612,-0.51816559,0.13618942
22.960000,0,RR_foot,-2.18983412,-0.26428986,0.02015545
22.980000,0,FL_foot,-2.66249156,-0.72467321,0.02022776
22.980000,0,FR_foot,-2.78648376,-0.28758746,0.02026569
22.980000,0,RL_foot,-2.34389257,-0.51978469,0.13562310
22.980000,0,RR_foot,-2.19014931,-0.26452568,0.02015647
23.000000,0,FL_foot,-2.66264772,-0.72481292,0.02022657
23.000000,0,FR_foot,-2.78689790,-0.28760082,0.02026263
23.000000,0,RL_foot,-2.34876823,-0.52157855,0.13484888
23.000000,0,RR_foot,-2.19046187,-0.26476669,0.02015631
23.020000,0,FL_foot,-2.66279936,-0.72495520,0.02022463
23.020000,0,FR_foot,-2.78737926,-0.28760591,0.02025801
23.020000,0,RL_foot,-2.35330606,-0.52350330,0.13389215
23.020000,0,RR_foot,-2.19077325,-0.26501805,0.02015256
23.040000,0,FL_foot,-2.66295958,-0.72508609,0.02022586
23.040000,0,FR_foot,-2.78794789,-0.28756776,0.02025873
23.040000,0,RL_foot,-2.35759020,-0.52550387,0.13278939
23.040000,0,RR_foot,-2.19107652,-0.26526213,0.02015313
23.060000,0,FL_foot,-2.66311169,-0.72521448,0.02022376
23.060000,0,FR_foot,-2.78853631,-0.28752804,0.02025665
23.060000,0,RL_foot,-2.36171079,-0.52800304,0.13054726
23.060000,0,RR_foot,-2.19137406,-0.26550356,0.02015152
23.080000,0,FL_foot,-2.66326427,-0.72533363,0.02022176
23.080000,0,FR_foot,-2.78923821,-0.28740048,0.02025493
23.080000,0,RL_foot,-2.36571860,-0.53152901,0.12600125
23.080000,0,RR_foot,-2.19165277,-0.26576144,0.02014020
23.100000,0,FL_foot,-2.66342402,-0.72543520,0.02021635
23.100000,0,FR_foot,-2.79028058,-0.28706861,0.02025276
23.100000,0,RL_foot,-2.36962175,-0.53650653,0.11838130
23.100000,0,RR_foot,-2.19193125,-0.26599395,0.02012635
23.120000,0,FL_foot,-2.66359115,-0.72552073,0.02021419
23.120000,0,FR_foot,-2.79173994,-0.28655314,0.02025228
23.120000,0,RL_foot,-2.37324572,-0.54350293,0.10710606
23.120000,0,RR_foot,-2.19221759,-0.26620090,0.02012726
23.140000,0,FL_foot,-2.66377378,-0.72558206,0.02021362
23.140000,0,FR_foot,-2.79339552,-0.28614670,0.02025290
23.140000,0,RL_foot,-2.37611938,-0.55341649,0.09164266
23.140000,0,RR_foot,-2.19244719,-0.26645327,0.02012227
23.160000,0,FL_foot,-2.66398263,-0.72561038,0.02020781
23.160000,0,FR_foot,-2.79523873,-0.28588676,0.02025031
23.160000,0,RL_foot,-2.37723422,-0.56699717,0.07245135
23.160000,0,RR_foot,-2.19272351,-0.26664585,0.02011961
23.180000,0,FL_foot,-2.66422582,-0.72558433,0.02020909
23.180000,0,FR_foot,-2.79769421,-0.28606471,0.02025365
23.180000,0,RL_foot,-2.37597322,-0.58275223,0.05297077
23.180000,0,RR_foot,-2.19299936,-0.26682970,0.02014028
23.200000,0,FL_foot,-2.66449451,-0.72553539,0.02020680
23.200000,0,FR_foot,-2.79970145,-0.28652039,0.02025307
23.200000,0,RL_foot,-2.37296319,-0.59831965,0.03591288
23.200000,0,RR_foot,-2.19326305,-0.26701805,0.02014174
23.220000,0,FL_foot,-2.66477299,-0.72547233,0.02020082
23.220000,0,FR_foot,-2.79988551,-0.28648964,0.02024681
23.220000,0,RL_foot,-2.36792183,-0.61257505,0.02081216
23.220000,0,RR_foot,-2.19353485,-0.26717004,0.02012362
23.240000,0,FL_foot,-2.67048550,-0.72838861,0.02122419
23.240000,0,FR_foot,-2.80010247,-0.28650469,0.02025260
23.240000,0,RL_foot,-2.36820364,-0.61251283,0.02039717
23.240000,0,RR_foot,-2.19716620,-0.27381048,0.02094983
23.260000,0,FL_foot,-2.68893790,-0.72608995,0.02286012
23.260000,0,FR_foot,-2.80030823,-0.28651020,0.02024314
23.260000,0,RL_foot,-2.36845088,-0.61243790,0.02032136
23.260000,0,RR_foot,-2.20741940,-0.28743777,0.02231527
23.280000,0,FL_foot,-2.71994185,-0.72152328,0.02592393
23.280000,0,FR_foot,-2.80049229,-0.28652605,0.02024069
23.280000,0,RL_foot,-2.36870337,-0.61243600,0.02030329
23.280000,0,RR_foot,-2.22332025,-0.30067331,0.02300225
23.300000,0,FL_foot,-2.75810051,-0.71639091,0.03139400
23.300000,0,FR_foot,-2.80066442,-0.28655457,0.02023792
23.300000,0,RL_foot,-2.36895633,-0.61245513,0.02030640
23.300000,0,RR_foot,-2.24424100,-0.31219071,0.02366437
23.320000,0,FL_foot,-2.79611421,-0.71260822,0.03847488
23.320000,0,FR_foot,-2.80086279,-0.28659207,0.02023722
23.320000,0,RL_foot,-2.36923981,-0.61243576,0.02032073
23.320000,0,RR_foot,-2.26754904,-0.32132870,0.02468662
23.340000,0,FL_foot,-2.83024335,-0.71260887,0.04487775
23.340000,0,FR_foot,-2.80109262,-0.28664187,0.02023463
23.340000,0,RL_foot,-2.36953974,-0.61246669,0.02031980
23.340000,0,RR_foot,-2.29072046,-0.32843658,0.02644746
23.360000,0,FL_foot,-2.85951066,-0.71683544,0.04914428
23.360000,0,FR_foot,-2.80134916,-0.28669637,0.02023225
23.360000,0,RL_foot,-2.36987925,-0.61247122,0.02031592
23.360000,0,RR_foot,-2.31207895,-0.33295333,0.02845904
23.380000,0,FL_foot,-2.88357449,-0.72486615,0.05067244
23.380000,0,FR_foot,-2.80162644,-0.28675681,0.02022899
23.380000,0,RL_foot,-2.37028098,-0.61242038,0.02032284
23.380000,0,RR_foot,-2.33192897,-0.33519793,0.03057346
23.400000,0,FL_foot,-2.90180993,-0.73519689,0.04934826
23.400000,0,FR_foot,-2.80192327,-0.28679904,0.02022842
23.400000,0,RL_foot,-2.37070417,-0.61239940,0.02030649
23.400000,0,RR_foot,-2.35104442,-0.33532098,0.03261025
23.420000,0,FL_foot,-2.91394281,-0.74607289,0.04526785
23.420000,0,FR_foot,-2.80222344,-0.28682891,0.02022424
23.420000,0,RL_foot,-2.37118411,-0.61234009,0.02030113
23.420000,0,RR_foot,-2.36966610,-0.33379924,0.03469284
23.440000,0,FL_foot,-2.92010307,-0.75576586,0.03863283
23.440000,0,FR_foot,-2.80253077,-0.28685588,0.02022364
23.440000,0,RL_foot,-2.37169385,-0.61228967,0.02029085
23.440000,0,RR_foot,-2.38764405,-0.33062789,0.03636470
23.460000,0,FL_foot,-2.92070937,-0.76332128,0.02972258
23.460000,0,FR_foot,-2.80283761,-0.28686687,0.02022015
23.460000,0,RL_foot,-2.37223196,-0.61226773,0.02027768
23.460000,0,RR_foot,-2.40425515,-0.32598826,0.03722111
23.480000,0,FL_foot,-2.91723490,-0.76838475,0.01921288
23.480000,0,FR_foot,-2.80313921,-0.28688389,0.02021360
23.480000,0,RL_foot,-2.37280536,-0.61226970,0.02025025
23.480000,0,RR_foot,-2.41791630,-0.32052508,0.03743275
23.500000,0,FL_foot,-2.91745615,-0.76861870,0.02026145
23.500000,0,FR_foot,-2.80370235,-0.28723532,0.02022088
23.500000,0,RL_foot,-2.37265372,-0.61535680,0.02022147
23.500000,0,RR_foot,-2.42889166,-0.31747860,0.03258034
23.520000,0,FL_foot,-2.91767168,-0.76880789,0.02026950
23.520000,0,FR_foot,-2.80401731,-0.28732803,0.02021397
23.520000,0,RL_foot,-2.37286472,-0.61504763,0.02027382
23.520000,0,RR_foot,-2.43683219,-0.31204495,0.02557048
23.540000,0,FL_foot,-2.91802096,-0.76892060,0.02019908
23.540000,0,FR_foot,-2.80464482,-0.28827038,0.02077067
23.540000,0,RL_foot,-2.37326956,-0.61507422,0.02033831
23.540000,0,RR_foot,-2.43908238,-0.30712372,0.01991684
23.560000,0,FL_foot,-2.91827798,-0.76897079,0.02026425
23.560000,0,FR_foot,-2.81588244,-0.30614364,0.02332062
23.560000,0,RL_foot,-2.38091397,-0.60405523,0.02945818
23.560000,0,RR_foot,-2.43937778,-0.30719519,0.02014742
23.580000,0,FL_foot,-2.91851115,-0.76903617,0.02027952
23.580000,0,FR_foot,-2.84257340,-0.32857504,0.02663371
23.580000,0,RL_foot,-2.39917278,-0.58815730,0.04666874
23.580000,0,RR_foot,-2.43966460,-0.30734605,0.02017680
23.600000,0,FL_foot,-2.91874290,-0.76911259,0.02027445
23.600000,0,FR_foot,-2.87868094,-0.34405035,0.02952850
23.600000,0,RL_foot,-2.41895032,-0.57873100,0.06252515
23.600000,0,RR_foot,-2.43998241,-0.30747861,0.02018177
23.620000,0,FL_foot,-2.91897893,-0.76921576,0.02026657
23.620000,0,FR_foot,-2.91746426,-0.35058597,0.03051841
23.620000,0,RL_foot,-2.43691278,-0.57356858,0.07603905
23.620000,0,RR_foot,-2.44032383,-0.30763191,0.02017724
23.640000,0,FL_foot,-2.91921639,-0.76932895,0.02026154
23.640000,0,FR_foot,-2.95432401,-0.35122889,0.03003916
23.640000,0,RL_foot,-2.45351887,-0.57079446,0.08744708
23.640000,0,RR_foot,-2.44070983,-0.30781314,0.02017994
23.660000,0,FL_foot,-2.91945076,-0.76945478,0.02025697
23.660000,0,FR_foot,-2.98598671,-0.34867519,0.02864640
23.660000,0,RL_foot,-2.46940660,-0.56932837,0.09734336
23.660000,0,RR_foot,-2.44113350,-0.30796647,0.02018015
23.680000,0,FL_foot,-2.91968799,-0.76957911,0.02025211
23.680000,0,FR_foot,-3.01002073,-0.34554043,0.02652647
23.680000,0,RL_foot,-2.48471236,-0.56837851,0.10620995
23.680000,0,RR_foot,-2.44158173,-0.30810016,0.02017237
23.700000,0,FL_foot,-2.91993642,-0.76967424,0.02024858
23.700000,0,FR_foot,-3.02585959,-0.34286144,0.02325433
23.700000,0,RL_foot,-2.49963427,-0.56745869,0.11416092
23.700000,0,RR_foot,-2.44204283,-0.30820566,0.02016701
23.720000,0,FL_foot,-2.92019677,-0.76974791,0.02025313
23.720000,0,FR_foot,-3.03155518,-0.34174147,0.02029603
23.720000,0,RL_foot,-2.51439118,-0.56595731,0.12086417
23.720000,0,RR_foot,-2.44283819,-0.30736771,0.02015195
23.740000,0,FL_foot,-2.92047167,-0.76976746,0.02024309
23.740000,0,FR_foot,-3.03293681,-0.34044293,0.02029103
23.740000,0,RL_foot,-2.52852106,-0.56403977,0.12520501
23.740000,0,RR_foot,-2.44318676,-0.30746457,0.02015556
23.760000,0,FL_foot,-2.92072868,-0.76979476,0.02024274
23.760000,0,FR_foot,-3.03498745,-0.33914083,0.02028784
23.760000,0,RL_foot,-2.54063916,-0.56255722,0.12867101
23.760000,0,RR_foot,-2.44351268,-0.30759314,0.02017236
23.780000,0,FL_foot,-2.92096233,-0.76984078,0.02023987
23.780000,0,FR_foot,-3.03677416,-0.33798766,0.02028522
23.780000,0,RL_foot,-2.55119920,-0.56152838,0.13134691
23.780000,0,RR_foot,-2.44381762,-0.30773741,0.02016551
23.800000,0,FL_foot,-2.92117858,-0.76990724,0.02023657
23.800000,0,FR_foot,-3.03859997,-0.33684921,0.02028119
23.800000,0,RL_foot,-2.56046700,-0.56094134,0.13331158
23.800000,0,RR_foot,-2.44412541,-0.30789226,0.02015879
23.820000,0,FL_foot,-2.92138600,-0.76998216,0.02023567
23.820000,0,FR_foot,-3.04027700,-0.33584619,0.02027970
23.820000,0,RL_foot,-2.56873012,-0.56080151,0.13465381
23.820000,0,RR_foot,-2.44444180,-0.30807197,0.02016248
23.840000,0,FL_foot,-2.92158031,-0.77007627,0.02023405
23.840000,0,FR_foot,-3.04163694,-0.33507833,0.02027678
23.840000,0,RL_foot,-2.57622147,-0.56107336,0.13547213
23.840000,0,RR_foot,-2.44475222,-0.30825865,0.02016042
23.860000,0,FL_foot,-2.92176628,-0.77018619,0.02023090
23.860000,0,FR_foot,-3.04261422,-0.33457074,0.02027194
23.860000,0,RL_foot,-2.58307910,-0.56171459,0.13586704
23.860000,0,RR_foot,-2.44506717,-0.30845755,0.02015494
23.880000,0,FL_foot,-2.92194700,-0.77030045,0.02023155
23.880000,0,FR_foot,-3.04332924,-0.33426297,0.02027096
23.880000,0,RL_foot,-2.58938313,-0.56269616,0.13591023
23.880000,0,RR_foot,-2.44538856,-0.30867746,0.02015972
23.900000,0,FL_foot,-2.92211699,-0.77042902,0.02023090
23.900000,0,FR_foot,-3.04387903,-0.33411804,0.02026765
23.900000,0,RL_foot,-2.59519482,-0.56397057,0.13564327
23.900000,0,RR_foot,-2.44570160,-0.30890334,0.02015733
23.920000,0,FL_foot,-2.92227912,-0.77056575,0.02022755
23.920000,0,FR_foot,-3.04433918,-0.33407521,0.02026270
23.920000,0,RL_foot,-2.60054445,-0.56547910,0.13511454
23.920000,0,RR_foot,-2.44601297,-0.30913660,0.02015228
23.940000,0,FL_foot,-2.92244363,-0.77069706,0.02022952
23.940000,0,FR_foot,-3.04479790,-0.33406022,0.02026328
23.940000,0,RL_foot,-2.60548854,-0.56717813,0.13436113
23.940000,0,RR_foot,-2.44632864,-0.30937991,0.02015675
23.960000,0,FL_foot,-2.92259884,-0.77083206,0.02022834
23.960000,0,FR_foot,-3.04534125,-0.33400998,0.02025992
23.960000,0,RL_foot,-2.61009026,-0.56901556,0.13341416
23.960000,0,RR_foot,-2.44663262,-0.30962241,0.02015404
23.980000,0,FL_foot,-2.92275238,-0.77096498,0.02022679
23.980000,0,FR_foot,-3.04600620,-0.33389708,0.02025850
23.980000,0,RL_foot,-2.61440468,-0.57092983,0.13232711
23.980000,0,RR_foot,-2.44693422,-0.30986291,0.02015595
24.000000,0,FL_foot,-2.92290354,-0.77109259,0.02022340
24.000000,0,FR_foot,-3.04666662,-0.33380729,0.02025435
24.000000,0,RL_foot,-2.61856031,-0.57336682,0.13007078
24.000000,0,RR_foot,-2.44722915,-0.31011227,0.02014644
24.020000,0,FL_foot,-2.92305970,-0.77120918,0.02021902
24.020000,0,FR_foot,-3.04733944,-0.33367679,0.02025172
24.020000,0,RL_foot,-2.62261558,-0.57681334,0.12554927
24.020000,0,RR_foot,-2.44751549,-0.31034824,0.02013372
24.040000,0,FL_foot,-2.92322111,-0.77131104,0.02021547
24.040000,0,FR_foot,-3.04839659,-0.33333945,0.02025007
24.040000,0,RL_foot,-2.62652278,-0.58172321,0.11798065
24.040000,0,RR_foot,-2.44780445,-0.31056759,0.02012694
24.060000,0,FL_foot,-2.92339039,-0.77139241,0.02021431
24.060000,0,FR_foot,-3.04983592,-0.33284098,0.02025012
24.060000,0,RL_foot,-2.63014817,-0.58868355,0.10670478
24.060000,0,RR_foot,-2.44804454,-0.31082648,0.02011748
24.080000,0,FL_foot,-2.92357635,-0.77145004,0.02021178
24.080000,0,FR_foot,-3.05144501,-0.33237860,0.02024924
24.080000,0,RL_foot,-2.63300085,-0.59855068,0.09126099
24.080000,0,RR_foot,-2.44832182,-0.31102830,0.02011468
24.100000,0,FL_foot,-2.92378545,-0.77147347,0.02021010
24.100000,0,FR_foot,-3.05334425,-0.33210918,0.02025107
24.100000,0,RL_foot,-2.63402247,-0.61209214,0.07208907
24.100000,0,RR_foot,-2.44860291,-0.31121814,0.02012928
24.120000,0,FL_foot,-2.92402792,-0.77144688,0.02021223
24.120000,0,FR_foot,-3.05580378,-0.33225650,0.02025480
24.120000,0,RL_foot,-2.63266897,-0.62784725,0.05256489
24.120000,0,RR_foot,-2.44885063,-0.31142762,0.02013572
24.140000,0,FL_foot,-2.92429614,-0.77139616,0.02020692
24.140000,0,FR_foot,-3.05777597,-0.33266792,0.02025216
24.140000,0,RL_foot,-2.62958646,-0.64342988,0.03546007
24.140000,0,RR_foot,-2.44913459,-0.31160167,0.02013692
24.160000,0,FL_foot,-2.92457104,-0.77133501,0.02020509
24.160000,0,FR_foot,-3.05796504,-0.33264002,0.02024781
24.160000,0,RL_foot,-2.62437391,-0.65762943,0.02035017
24.160000,0,RR_foot,-2.44941711,-0.31174698,0.02013442
24.180000,0,FL_foot,-2.93080115,-0.77436340,0.02162239
24.180000,0,FR_foot,-3.05818295,-0.33265415,0.02025027
24.180000,0,RL_foot,-2.62463307,-0.65764004,0.02035816
24.180000,0,RR_foot,-2.45362496,-0.31907788,0.02074315
24.200000,0,FL_foot,-2.94910598,-0.77232569,0.02346105
24.200000,0,FR_foot,-3.05838490,-0.33267477,0.02024261
24.200000,0,RL_foot,-2.62487435,-0.65758210,0.02031212
24.200000,0,RR_foot,-2.46436048,-0.33279008,0.02177903
24.220000,0,FL_foot,-2.97974825,-0.76789784,0.02673501
24.220000,0,FR_foot,-3.05856323,-0.33269051,0.02024107
24.220000,0,RL_foot,-2.62511945,-0.65759206,0.02030259
24.220000,0,RR_foot,-2.48059297,-0.34601793,0.02230357
24.240000,0,FL_foot,-3.01735830,-0.76278520,0.03234314
24.240000,0,FR_foot,-3.05873322,-0.33272034,0.02023979
24.240000,0,RL_foot,-2.62538338,-0.65755975,0.02031605
24.240000,0,RR_foot,-2.50174594,-0.35751000,0.02293534
24.260000,0,FL_foot,-3.05476308,-0.75906718,0.03947861
24.260000,0,FR_foot,-3.05893540,-0.33276024,0.02023729
24.260000,0,RL_foot,-2.62564754,-0.65758872,0.02031480
24.260000,0,RR_foot,-2.52519941,-0.36657426,0.02395564
24.280000,0,FL_foot,-3.08842611,-0.75914925,0.04588775
24.280000,0,FR_foot,-3.05916023,-0.33280599,0.02023608
24.280000,0,RL_foot,-2.62594342,-0.65760571,0.02031586
24.280000,0,RR_foot,-2.54841757,-0.37362978,0.02575590
24.300000,0,FL_foot,-3.11728096,-0.76345539,0.05013711
24.300000,0,FR_foot,-3.05940604,-0.33286402,0.02023169
24.300000,0,RL_foot,-2.62629962,-0.65756869,0.02032513
24.300000,0,RR_foot,-2.56981826,-0.37811691,0.02781871
24.320000,0,FL_foot,-3.14095330,-0.77155346,0.05165682
24.320000,0,FR_foot,-3.05968714,-0.33291656,0.02022927
24.320000,0,RL_foot,-2.62667418,-0.65755999,0.02032023
24.320000,0,RR_foot,-2.58972335,-0.38032472,0.02995393
24.340000,0,FL_foot,-3.15886378,-0.78187585,0.05034818
24.340000,0,FR_foot,-3.05997753,-0.33295628,0.02022988
24.340000,0,RL_foot,-2.62709808,-0.65752572,0.02030880
24.340000,0,RR_foot,-2.60886097,-0.38046604,0.03204843
24.360000,0,FL_foot,-3.17072511,-0.79268980,0.04631122
24.360000,0,FR_foot,-3.06027675,-0.33298928,0.02022827
24.360000,0,RL_foot,-2.62756848,-0.65746897,0.02031045
24.360000,0,RR_foot,-2.62747383,-0.37897420,0.03417940
24.380000,0,FL_foot,-3.17669344,-0.80224168,0.03974715
24.380000,0,FR_foot,-3.06057692,-0.33300403,0.02022485
24.380000,0,RL_foot,-2.62807679,-0.65741146,0.02030052
24.380000,0,RR_foot,-2.64544415,-0.37588724,0.03588995
24.400000,0,FL_foot,-3.17720985,-0.80970293,0.03092302
24.400000,0,FR_foot,-3.06087327,-0.33301574,0.02022198
24.400000,0,RL_foot,-2.62861252,-0.65738231,0.02028682
24.400000,0,RR_foot,-2.66203451,-0.37134269,0.03677189
24.420000,0,FL_foot,-3.17371488,-0.81470937,0.02050949
24.420000,0,FR_foot,-3.06118059,-0.33303207,0.02021773
24.420000,0,RL_foot,-2.62918282,-0.65737748,0.02026136
24.420000,0,RR_foot,-2.67567539,-0.36593524,0.03700346
24.440000,0,FL_foot,-3.17405105,-0.81493336,0.02026158
24.440000,0,FR_foot,-3.06152558,-0.33316761,0.02022287
24.440000,0,RL_foot,-2.62899661,-0.65951300,0.02027422
24.440000,0,RR_foot,-2.68663597,-0.36250967,0.03256982
24.460000,0,FL_foot,-3.17426682,-0.81512302,0.02027285
24.460000,0,FR_foot,-3.06183672,-0.33326998,0.02021404
24.460000,0,RL_foot,-2.62931442,-0.65926313,0.02026707
24.460000,0,RR_foot,-2.69475436,-0.35729808,0.02573139
24.480000,0,FL_foot,-3.17465162,-0.81522590,0.02020392
24.480000,0,FR_foot,-3.06246305,-0.33415031,0.02056903
24.480000,0,RL_foot,-2.62972689,-0.65926254,0.02035187
24.480000,0,RR_foot,-2.69723439,-0.35255241,0.01992353
24.500000,0,FL_foot,-3.17489743,-0.81529546,0.02026373
24.500000,0,FR_foot,-3.07331967,-0.35107392,0.02307078
24.500000,0,RL_foot,-2.63719440,-0.64847529,0.02915229
24.500000,0,RR_foot,-2.69752908,-0.35261071,0.02014850
24.520000,0,FL_foot,-3.17512918,-0.81536615,0.02027928
24.520000,0,FR_foot,-3.09939694,-0.37335747,0.02638046
24.520000,0,RL_foot,-2.65511012,-0.63258702,0.04616749
24.520000,0,RR_foot,-2.69781709,-0.35275194,0.02017895
24.540000,0,FL_foot,-3.17535901,-0.81544322,0.02027473
24.540000,0,FR_foot,-3.13526011,-0.38910583,0.02930332
24.540000,0,RL_foot,-2.67490458,-0.62315685,0.06199334
24.540000,0,RR_foot,-2.69813681,-0.35287952,0.02018319
24.560000,0,FL_foot,-3.17559671,-0.81554574,0.02026661
24.560000,0,FR_foot,-3.17401600,-0.39597499,0.03035729
24.560000,0,RL_foot,-2.69294095,-0.61803961,0.07554730
24.560000,0,RR_foot,-2.69847989,-0.35303122,0.02017815
24.580000,0,FL_foot,-3.17583513,-0.81565851,0.02026174
24.580000,0,FR_foot,-3.21093750,-0.39688426,0.02992891
24.580000,0,RL_foot,-2.70959568,-0.61532092,0.08701900
24.580000,0,RR_foot,-2.69886637,-0.35321325,0.02018012
24.600000,0,FL_foot,-3.17607164,-0.81578368,0.02025671
24.600000,0,FR_foot,-3.24271631,-0.39450887,0.02855960
24.600000,0,RL_foot,-2.72550893,-0.61391616,0.09697379
24.600000,0,RR_foot,-2.69929194,-0.35336879,0.02018037
24.620000,0,FL_foot,-3.17630935,-0.81590980,0.02025038
24.620000,0,FR_foot,-3.26689482,-0.39147219,0.02644834
24.620000,0,RL_foot,-2.74083018,-0.61303097,0.10588978
24.620000,0,RR_foot,-2.69973040,-0.35347438,0.02016696
24.640000,0,FL_foot,-3.17656040,-0.81600261,0.02024678
24.640000,0,FR_foot,-3.28291178,-0.38883755,0.02318405
24.640000,0,RL_foot,-2.75575209,-0.61218309,0.11389334
24.640000,0,RR_foot,-2.70019484,-0.35357282,0.02016380
24.660000,0,FL_foot,-3.17681932,-0.81608021,0.02025338
24.660000,0,FR_foot,-3.28862309,-0.38776022,0.02029838
24.660000,0,RL_foot,-2.77056861,-0.61077029,0.12058408
24.660000,0,RR_foot,-2.70105648,-0.35262072,0.02008959
24.680000,0,FL_foot,-3.17709470,-0.81610084,0.02024421
24.680000,0,FR_foot,-3.29020762,-0.38623774,0.02029127
24.680000,0,RL_foot,-2.78479934,-0.60878485,0.12496600
24.680000,0,RR_foot,-2.70140553,-0.35274339,0.02015857
24.700000,0,FL_foot,-3.17735338,-0.81612778,0.02024234
24.700000,0,FR_foot,-3.29215717,-0.38505653,0.02028704
24.700000,0,RL_foot,-2.79703999,-0.60728860,0.12842982
24.700000,0,RR_foot,-2.70172906,-0.35284898,0.02017345
24.720000,0,FL_foot,-3.17759109,-0.81617141,0.02023870
24.720000,0,FR_foot,-3.29389381,-0.38392693,0.02028495
24.720000,0,RL_foot,-2.80768275,-0.60626274,0.13113666
24.720000,0,RR_foot,-2.70203781,-0.35298714,0.02016286
24.740000,0,FL_foot,-3.17780924,-0.81623775,0.02023732
24.740000,0,FR_foot,-3.29573917,-0.38278776,0.02028185
24.740000,0,RL_foot,-2.81700087,-0.60569650,0.13313811
24.740000,0,RR_foot,-2.70235515,-0.35315308,0.02016280
24.760000,0,FL_foot,-3.17801881,-0.81631243,0.02023517
24.760000,0,FR_foot,-3.29742122,-0.38179505,0.02027950
24.760000,0,RL_foot,-2.82531404,-0.60557795,0.13451076
24.760000,0,RR_foot,-2.70266557,-0.35332343,0.02016174
24.780000,0,FL_foot,-3.17821193,-0.81640619,0.02023249
24.780000,0,FR_foot,-3.29879045,-0.38102686,0.02027630
24.780000,0,RL_foot,-2.83283329,-0.60586596,0.13537163
24.780000,0,RR_foot,-2.70297956,-0.35350731,0.02015824
24.800000,0,FL_foot,-3.17839575,-0.81651771,0.02023182
24.800000,0,FR_foot,-3.29977298,-0.38052449,0.02027246
24.800000,0,RL_foot,-2.83970785,-0.60653639,0.13580377
24.800000,0,RR_foot,-2.70330191,-0.35371640,0.02015788
24.820000,0,FL_foot,-3.17857647,-0.81663328,0.02023110
24.820000,0,FR_foot,-3.30048084,-0.38022655,0.02027057
24.820000,0,RL_foot,-2.84603715,-0.60754681,0.13587266
24.820000,0,RR_foot,-2.70361567,-0.35392988,0.02015848
24.840000,0,FL_foot,-3.17874599,-0.81676328,0.02023065
24.840000,0,FR_foot,-3.30103183,-0.38008428,0.02026716
24.840000,0,RL_foot,-2.85185552,-0.60884368,0.13565212
24.840000,0,RR_foot,-2.70393705,-0.35416311,0.02015743
24.860000,0,FL_foot,-3.17890692,-0.81690294,0.02022825
24.860000,0,FR_foot,-3.30147624,-0.38005835,0.02026253
24.860000,0,RL_foot,-2.85721707,-0.61038798,0.13514793
24.860000,0,RR_foot,-2.70424652,-0.35440144,0.02015249
24.880000,0,FL_foot,-3.17906952,-0.81703627,0.02022819
24.880000,0,FR_foot,-3.30193806,-0.38002506,0.02026259
24.880000,0,RL_foot,-2.86216688,-0.61211604,0.13442077
24.880000,0,RR_foot,-2.70455718,-0.35464072,0.02015623
24.900000,0,FL_foot,-3.17922163,-0.81717664,0.02022847
24.900000,0,FR_foot,-3.30249429,-0.37997422,0.02026047
24.900000,0,RL_foot,-2.86676049,-0.61398423,0.13351126
24.900000,0,RR_foot,-2.70486832,-0.35488957,0.02015537
24.920000,0,FL_foot,-3.17937493,-0.81731069,0.02022713
24.920000,0,FR_foot,-3.30315661,-0.37986895,0.02025849
24.920000,0,RL_foot,-2.87108135,-0.61593682,0.13244097
24.920000,0,RR_foot,-2.70516872,-0.35513547,0.02015296
24.940000,0,FL_foot,-3.17952561,-0.81744152,0.02022202
24.940000,0,FR_foot,-3.30386662,-0.37974882,0.02025394
24.940000,0,RL_foot,-2.87522125,-0.61829746,0.13043386
24.940000,0,RR_foot,-2.70546365,-0.35537663,0.02014743
24.960000,0,FL_foot,-3.17968011,-0.81755972,0.02022049
24.960000,0,FR_foot,-3.30455542,-0.37964219,0.02025265
24.960000,0,RL_foot,-2.87925577,-0.62160516,0.12630166
24.960000,0,RR_foot,-2.70574427,-0.35563189,0.02013740
24.980000,0,FL_foot,-3.17983937,-0.81766629,0.02021604
24.980000,0,FR_foot,-3.30551815,-0.37934545,0.02025024
24.980000,0,RL_foot,-2.88317657,-0.62629527,0.11922826
24.980000,0,RR_foot,-2.70602226,-0.35586318,0.02012260
25.000000,0,FL_foot,-3.18000698,-0.81775314,0.02021351
25.000000,0,FR_foot,-3.30694914,-0.37883636,0.02024883
25.000000,0,RL_foot,-2.88682914,-0.63289976,0.10860670
25.000000,0,RR_foot,-2.70630717,-0.35607475,0.02012153
25.020000,0,FL_foot,-3.18018842,-0.81781352,0.02021222
25.020000,0,FR_foot,-3.30858755,-0.37839374,0.02025010
25.020000,0,RL_foot,-2.88981295,-0.64226007,0.09385761
25.020000,0,RR_foot,-2.70653892,-0.35632879,0.02011790
25.040000,0,FL_foot,-3.18039298,-0.81784475,0.02020929
25.040000,0,FR_foot,-3.31048059,-0.37807828,0.02025028
25.040000,0,RL_foot,-2.89116907,-0.65524757,0.07514973
25.040000,0,RR_foot,-2.70681715,-0.35652113,0.02011815
25.060000,0,FL_foot,-3.18063068,-0.81782460,0.02021091
25.060000,0,FR_foot,-3.31298399,-0.37818763,0.02025373
25.060000,0,RL_foot,-2.89017129,-0.67074305,0.05555309
25.060000,0,RR_foot,-2.70709467,-0.35670692,0.02013948
25.080000,0,FL_foot,-3.18089390,-0.81778216,0.02020898
25.080000,0,FR_foot,-3.31532502,-0.37866473,0.02025334
25.080000,0,RL_foot,-2.88731670,-0.68637526,0.03810841
25.080000,0,RR_foot,-2.70735884,-0.35689941,0.02014063
25.100000,0,FL_foot,-3.18117237,-0.81772202,0.02020178
25.100000,0,FR_foot,-3.31551003,-0.37863228,0.02024740
25.100000,0,RL_foot,-2.88273287,-0.70052218,0.02298977
25.100000,0,RR_foot,-2.70763373,-0.35706115,0.02012364
25.120000,0,FL_foot,-3.18463802,-0.82117766,0.02224950
25.120000,0,FR_foot,-3.31514263,-0.37937152,0.02025548
25.120000,0,RL_foot,-2.88112998,-0.70508945,0.02013376
25.120000,0,RR_foot,-2.70940614,-0.36229751,0.02101566
25.140000,0,FL_foot,-3.20068312,-0.81931692,0.02442639
25.140000,0,FR_foot,-3.31535721,-0.37939617,0.02023994
25.140000,0,RL_foot,-2.88134360,-0.70512092,0.02028899
25.140000,0,RR_foot,-2.71772051,-0.37479439,0.02192021
25.160000,0,FL_foot,-3.22987413,-0.81539863,0.02741379
25.160000,0,FR_foot,-3.31553721,-0.37940869,0.02024115
25.160000,0,RL_foot,-2.88159442,-0.70509541,0.02031042
25.160000,0,RR_foot,-2.73308825,-0.38869631,0.02224783
25.180000,0,FL_foot,-3.26707530,-0.81037951,0.03260225
25.180000,0,FR_foot,-3.31570721,-0.37943801,0.02024440
25.180000,0,RL_foot,-2.88184023,-0.70511252,0.02030638
25.180000,0,RR_foot,-2.75435495,-0.40123460,0.02270567
25.200000,0,FL_foot,-3.30512881,-0.80633199,0.03960300
25.200000,0,FR_foot,-3.31590009,-0.37947544,0.02024148
25.200000,0,RL_foot,-2.88209558,-0.70513678,0.02030919
25.200000,0,RR_foot,-2.77833867,-0.41102812,0.02356716
25.220000,0,FL_foot,-3.33972406,-0.80563396,0.04629872
25.220000,0,FR_foot,-3.31611824,-0.37952131,0.02023962
25.220000,0,RL_foot,-2.88240051,-0.70511627,0.02032254
25.220000,0,RR_foot,-2.80234551,-0.41872257,0.02533343
25.240000,0,FL_foot,-3.36957645,-0.80925512,0.05099594
25.240000,0,FR_foot,-3.31636667,-0.37957230,0.02023790
25.240000,0,RL_foot,-2.88272214,-0.70513034,0.02031986
25.240000,0,RR_foot,-2.82455349,-0.42376801,0.02744459
25.260000,0,FL_foot,-3.39442396,-0.81689471,0.05302832
25.260000,0,FR_foot,-3.31663465,-0.37963030,0.02023159
25.260000,0,RL_foot,-2.88308859,-0.70511413,0.02031283
25.260000,0,RR_foot,-2.84503460,-0.42647037,0.02967454
25.280000,0,FL_foot,-3.41355705,-0.82706857,0.05225872
25.280000,0,FR_foot,-3.31692457,-0.37966949,0.02022812
25.280000,0,RL_foot,-2.88351774,-0.70504975,0.02031811
25.280000,0,RR_foot,-2.86455011,-0.42701447,0.03180907
25.300000,0,FL_foot,-3.42660832,-0.83799881,0.04876324
25.300000,0,FR_foot,-3.31721568,-0.37969708,0.02022675
25.300000,0,RL_foot,-2.88396263,-0.70501429,0.02030007
25.300000,0,RR_foot,-2.88349438,-0.42585295,0.03394409
25.320000,0,FL_foot,-3.43364573,-0.84793115,0.04269291
25.320000,0,FR_foot,-3.31751513,-0.37972134,0.02022436
25.320000,0,RL_foot,-2.88445759,-0.70496005,0.02029145
25.320000,0,RR_foot,-2.90174103,-0.42308390,0.03574221
25.340000,0,FL_foot,-3.43499637,-0.85582203,0.03427468
25.340000,0,FR_foot,-3.31781387,-0.37972924,0.02022053
25.340000,0,RL_foot,-2.88498068,-0.70493126,0.02027936
25.340000,0,RR_foot,-2.91868520,-0.41875187,0.03669425
25.360000,0,FL_foot,-3.43203568,-0.86127818,0.02411996
25.360000,0,FR_foot,-3.31811166,-0.37973851,0.02021600
25.360000,0,RL_foot,-2.88553810,-0.70492792,0.02025722
25.360000,0,RR_foot,-2.93294597,-0.41334110,0.03696573
25.380000,0,FL_foot,-3.43104935,-0.86219448,0.02026488
25.380000,0,FR_foot,-3.31844449,-0.37983951,0.02021795
25.380000,0,RL_foot,-2.88574648,-0.70641458,0.02035509
25.380000,0,RR_foot,-2.94405890,-0.40887761,0.03409123
25.400000,0,FL_foot,-3.43126202,-0.86240250,0.02027213
25.400000,0,FR_foot,-3.31876588,-0.37995744,0.02021407
25.400000,0,RL_foot,-2.88611150,-0.70646459,0.02024316
25.400000,0,RR_foot,-2.95355988,-0.40397695,0.02749237
25.420000,0,FL_foot,-3.43153715,-0.86254376,0.02026883
25.420000,0,FR_foot,-3.31904435,-0.38002798,0.02020982
25.420000,0,RL_foot,-2.88651729,-0.70646393,0.02025882
25.420000,0,RR_foot,-2.95802808,-0.39843568,0.02040329
25.440000,0,FL_foot,-3.43185425,-0.86262661,0.02027376
25.440000,0,FR_foot,-3.32497549,-0.39056593,0.02266318
25.440000,0,RL_foot,-2.89055943,-0.70065808,0.02352328
25.440000,0,RR_foot,-2.95837426,-0.39860606,0.02020209
25.460000,0,FL_foot,-3.43209648,-0.86271065,0.02027756
25.460000,0,FR_foot,-3.34563160,-0.41202506,0.02587835
25.460000,0,RL_foot,-2.90512395,-0.68370366,0.03799551
25.460000,0,RR_foot,-2.95863700,-0.39870498,0.02019172
25.480000,0,FL_foot,-3.43227887,-0.86280829,0.02027946
25.480000,0,FR_foot,-3.37971735,-0.43077230,0.02927120
25.480000,0,RL_foot,-2.92521620,-0.67139864,0.05429256
25.480000,0,RR_foot,-2.95892906,-0.39884552,0.02018392
25.500000,0,FL_foot,-3.43249989,-0.86291212,0.02027211
25.500000,0,FR_foot,-3.41882467,-0.44095060,0.03136368
25.500000,0,RL_foot,-2.94413233,-0.66477048,0.06862086
25.500000,0,RR_foot,-2.95924711,-0.39897549,0.02018945
25.520000,0,FL_foot,-3.43272233,-0.86303502,0.02026517
25.520000,0,FR_foot,-3.45719838,-0.44417998,0.03186650
25.520000,0,RL_foot,-2.96125603,-0.66127026,0.08088859
25.520000,0,RR_foot,-2.95959163,-0.39913276,0.02018046
25.540000,0,FL_foot,-3.43294954,-0.86315978,0.02025879
25.540000,0,FR_foot,-3.49137330,-0.44309947,0.03130262
25.540000,0,RL_foot,-2.97729707,-0.65952688,0.09140133
25.540000,0,RR_foot,-2.95998883,-0.39929554,0.02017862
25.560000,0,FL_foot,-3.43317461,-0.86329818,0.02025571
25.560000,0,FR_foot,-3.51872110,-0.44024333,0.02995607
25.560000,0,RL_foot,-2.99265099,-0.65865761,0.10072808
25.560000,0,RR_foot,-2.96041870,-0.39945391,0.02018038
25.580000,0,FL_foot,-3.43340421,-0.86342692,0.02025126
25.580000,0,FR_foot,-3.53782892,-0.43755075,0.02763652
25.580000,0,RL_foot,-3.00754237,-0.65803146,0.10909374
25.580000,0,RR_foot,-2.96086550,-0.39959064,0.02017047
25.600000,0,FL_foot,-3.43365121,-0.86351931,0.02024623
25.600000,0,FR_foot,-3.54949164,-0.43527624,0.02395757
25.600000,0,RL_foot,-3.02200508,-0.65726489,0.11661785
25.600000,0,RR_foot,-2.96131444,-0.39967138,0.02016087
25.620000,0,FL_foot,-3.43391466,-0.86359441,0.02024892
25.620000,0,FR_foot,-3.55468822,-0.43369985,0.02019990
25.620000,0,RL_foot,-3.03586268,-0.65594161,0.12316149
25.620000,0,RR_foot,-2.96195531,-0.39926082,0.02019993
25.640000,0,FL_foot,-3.43420482,-0.86359841,0.02024145
25.640000,0,FR_foot,-3.55514121,-0.43330422,0.02029127
25.640000,0,RL_foot,-3.04955888,-0.65422380,0.12704736
25.640000,0,RR_foot,-2.96237731,-0.39913133,0.02014463
25.660000,0,FL_foot,-3.43448114,-0.86361426,0.02024170
25.660000,0,FR_foot,-3.55637550,-0.43242615,0.02028767
25.660000,0,RL_foot,-3.06127286,-0.65295196,0.13021508
25.660000,0,RR_foot,-2.96270466,-0.39926672,0.02017145
25.680000,0,FL_foot,-3.43472290,-0.86365432,0.02023912
25.680000,0,FR_foot,-3.55759501,-0.43159053,0.02028536
25.680000,0,RL_foot,-3.07138038,-0.65214217,0.13258396
25.680000,0,RR_foot,-2.96301389,-0.39941511,0.02016681
25.700000,0,FL_foot,-3.43494534,-0.86371875,0.02023566
25.700000,0,FR_foot,-3.55892777,-0.43073869,0.02028172
25.700000,0,RL_foot,-3.08020568,-0.65179962,0.13425268
25.700000,0,RR_foot,-2.96332526,-0.39957595,0.02015973
25.720000,0,FL_foot,-3.43515539,-0.86379552,0.02023445
25.720000,0,FR_foot,-3.56018376,-0.42998585,0.02028004
25.720000,0,RL_foot,-3.08807254,-0.65190613,0.13533638
25.720000,0,RR_foot,-2.96364546,-0.39976209,0.02016325
25.740000,0,FL_foot,-3.43534517,-0.86389303,0.02023302
25.740000,0,FR_foot,-3.56116796,-0.42945001,0.02027658
25.740000,0,RL_foot,-3.09521604,-0.65241486,0.13594005
25.740000,0,RR_foot,-2.96395397,-0.39995632,0.02016087
25.760000,0,FL_foot,-3.43552804,-0.86400825,0.02023018
25.760000,0,FR_foot,-3.56187844,-0.42912591,0.02027201
25.760000,0,RL_foot,-3.10176158,-0.65327835,0.13616063
25.760000,0,RR_foot,-2.96426725,-0.40016368,0.02015467
25.780000,0,FL_foot,-3.43570638,-0.86412841,0.02023082
25.780000,0,FR_foot,-3.56239963,-0.42898208,0.02027028
25.780000,0,RL_foot,-3.10778475,-0.65446132,0.13605985
25.780000,0,RR_foot,-2.96458864,-0.40039128,0.02015929
25.800000,0,FL_foot,-3.43587136,-0.86426222,0.02023021
25.800000,0,FR_foot,-3.56278443,-0.42898121,0.02026805
25.800000,0,RL_foot,-3.11333704,-0.65591490,0.13567306
25.800000,0,RR_foot,-2.96489787,-0.40062422,0.02015695
25.820000,0,FL_foot,-3.43602943,-0.86440301,0.02022693
25.820000,0,FR_foot,-3.56319714,-0.42897379,0.02026244
25.820000,0,RL_foot,-3.11844969,-0.65758348,0.13504072
25.820000,0,RR_foot,-2.96520662,-0.40086395,0.02015211
25.840000,0,FL_foot,-3.43618989,-0.86453813,0.02022897
25.840000,0,FR_foot,-3.56361890,-0.42898071,0.02026353
25.840000,0,RL_foot,-3.12318969,-0.65941995,0.13420197
25.840000,0,RR_foot,-2.96551847,-0.40111265,0.02015684
25.860000,0,FL_foot,-3.43634224,-0.86467624,0.02022773
25.860000,0,FR_foot,-3.56415462,-0.42894986,0.02026054
25.860000,0,RL_foot,-3.12761974,-0.66137099,0.13319106
25.860000,0,RR_foot,-2.96582031,-0.40136018,0.02015413
25.880000,0,FL_foot,-3.43649197,-0.86481303,0.02022324
25.880000,0,FR_foot,-3.56479669,-0.42886415,0.02025614
25.880000,0,RL_foot,-3.13179207,-0.66337729,0.13206014
25.880000,0,RR_foot,-2.96611738,-0.40160695,0.02015136
25.900000,0,FL_foot,-3.43664432,-0.86493951,0.02022230
25.900000,0,FR_foot,-3.56539798,-0.42881593,0.02025454
25.900000,0,RL_foot,-3.13585353,-0.66605455,0.12941338
25.900000,0,RR_foot,-2.96640754,-0.40186188,0.02014392
25.920000,0,FL_foot,-3.43680024,-0.86505669,0.02021786
25.920000,0,FR_foot,-3.56615233,-0.42863974,0.02025186
25.920000,0,RL_foot,-3.13981152,-0.66987062,0.12422697
25.920000,0,RR_foot,-2.96668959,-0.40210092,0.02012960
25.940000,0,FL_foot,-3.43696117,-0.86515707,0.02021424
25.940000,0,FR_foot,-3.56728196,-0.42828140,0.02025056
25.940000,0,RL_foot,-3.14359403,-0.67526281,0.11582275
25.940000,0,RR_foot,-2.96697617,-0.40232068,0.02012461
25.960000,0,FL_foot,-3.43713379,-0.86523563,0.02021342
25.960000,0,FR_foot,-3.56877518,-0.42778924,0.02025015
25.960000,0,RL_foot,-3.14701080,-0.68288481,0.10355545
25.960000,0,RR_foot,-2.96721268,-0.40258205,0.02011752
25.980000,0,FL_foot,-3.43732405,-0.86528862,0.02021096
25.980000,0,FR_foot,-3.57042313,-0.42738369,0.02024982
25.980000,0,RL_foot,-3.14943147,-0.69365454,0.08705231
25.980000,0,RR_foot,-2.96748781,-0.40278426,0.02011541
26.000000,0,FL_foot,-3.43754339,-0.86528832,0.02021219
26.000000,0,FR_foot,-3.57239056,-0.42723033,0.02025412
26.000000,0,RL_foot,-3.14978981,-0.70797414,0.06739362
26.000000,0,RR_foot,-2.96776628,-0.40297526,0.02013456
26.020000,0,FL_foot,-3.43778872,-0.86527258,0.02021146
26.020000,0,FR_foot,-3.57485199,-0.42751271,0.02025494
26.020000,0,RL_foot,-3.14782357,-0.72385681,0.04831538
26.020000,0,RR_foot,-2.96801782,-0.40318218,0.02013726
26.040000,0,FL_foot,-3.43806243,-0.86522245,0.02020245
26.040000,0,FR_foot,-3.57604384,-0.42780441,0.02024893
26.040000,0,RL_foot,-3.14435172,-0.73901933,0.03193117
26.040000,0,RR_foot,-2.96829844,-0.40335846,0.02013419
26.060000,0,FL_foot,-3.43853402,-0.86585063,0.02021211
26.060000,0,FR_foot,-3.57625389,-0.42779133,0.02024174
26.060000,0,RL_foot,-3.14013028,-0.74968827,0.02005695
26.060000,0,RR_foot,-2.96858382,-0.40348676,0.02020143
26.080000,0,FL_foot,-3.44945121,-0.86749470,0.02172622
26.080000,0,FR_foot,-3.57622194,-0.42805511,0.02024116
26.080000,0,RL_foot,-3.14026690,-0.74973166,0.02029647
26.080000,0,RR_foot,-2.97415280,-0.41378289,0.02162387
26.100000,0,FL_foot,-3.47414708,-0.86449975,0.02395773
26.100000,0,FR_foot,-3.57642460,-0.42806959,0.02024127
26.100000,0,RL_foot,-3.14050865,-0.74973601,0.02030107
26.100000,0,RR_foot,-2.98647165,-0.42757860,0.02254313
26.120000,0,FL_foot,-3.50907063,-0.85973012,0.02819698
26.120000,0,FR_foot,-3.57659650,-0.42809719,0.02024146
26.120000,0,RL_foot,-3.14077568,-0.74970794,0.02031389
26.120000,0,RR_foot,-3.00478745,-0.44063842,0.02302006
26.140000,0,FL_foot,-3.54742217,-0.85517186,0.03466579
26.140000,0,FR_foot,-3.57678962,-0.42813054,0.02023882
26.140000,0,RL_foot,-3.14103651,-0.74973983,0.02031202
26.140000,0,RR_foot,-3.02731562,-0.45142165,0.02361716
26.160000,0,FL_foot,-3.58351326,-0.85307431,0.04171403
26.160000,0,FR_foot,-3.57700157,-0.42817059,0.02023807
26.160000,0,RL_foot,-3.14131761,-0.74976718,0.02031501
26.160000,0,RR_foot,-3.05118275,-0.46015298,0.02496634
26.180000,0,FL_foot,-3.61520338,-0.85518050,0.04723721
26.180000,0,FR_foot,-3.57723188,-0.42822537,0.02023355
26.180000,0,RL_foot,-3.14165473,-0.74974489,0.02032527
26.180000,0,RR_foot,-3.07400084,-0.46655643,0.02695098
26.200000,0,FL_foot,-3.64190125,-0.86136711,0.05033233
26.200000,0,FR_foot,-3.57750249,-0.42828435,0.02023062
26.200000,0,RL_foot,-3.14201069,-0.74975210,0.02032059
26.200000,0,RR_foot,-3.09491968,-0.47039977,0.02906585
26.220000,0,FL_foot,-3.66329837,-0.87081736,0.05064528
26.220000,0,FR_foot,-3.57779217,-0.42833680,0.02023172
26.220000,0,RL_foot,-3.14241314,-0.74973232,0.02031182
26.220000,0,RR_foot,-3.11466217,-0.47202834,0.03120963
26.240000,0,FL_foot,-3.67881346,-0.88177663,0.04817854
26.240000,0,FR_foot,-3.57809186,-0.42838183,0.02022702
26.240000,0,RL_foot,-3.14287615,-0.74966604,0.02031525
26.240000,0,RR_foot,-3.13378716,-0.47172663,0.03333280
26.260000,0,FL_foot,-3.68829942,-0.89246082,0.04306845
26.260000,0,FR_foot,-3.57839394,-0.42840824,0.02022568
26.260000,0,RL_foot,-3.14337158,-0.74960679,0.02030731
26.260000,0,RR_foot,-3.15236831,-0.46979180,0.03535112
26.280000,0,FL_foot,-3.69190407,-0.90137541,0.03550876
26.280000,0,FR_foot,-3.57869411,-0.42842850,0.02022363
26.280000,0,RL_foot,-3.14389277,-0.74956453,0.02029433
26.280000,0,RR_foot,-3.17010188,-0.46629748,0.03672146
26.300000,0,FL_foot,-3.69055080,-0.90791506,0.02592351
26.300000,0,FR_foot,-3.57900739,-0.42844459,0.02022203
26.300000,0,RL_foot,-3.14444971,-0.74955523,0.02027985
26.300000,0,RR_foot,-3.18582582,-0.46146703,0.03731860
26.320000,0,FL_foot,-3.68852997,-0.91007042,0.02027732
26.320000,0,FR_foot,-3.57932758,-0.42853487,0.02022658
26.320000,0,RL_foot,-3.14458132,-0.75130343,0.02020323
26.320000,0,RR_foot,-3.19834590,-0.45720288,0.03566128
26.340000,0,FL_foot,-3.68876266,-0.91028953,0.02026924
26.340000,0,FR_foot,-3.57967734,-0.42865852,0.02021618
26.340000,0,RL_foot,-3.14392972,-0.75167274,0.02025842
26.340000,0,RR_foot,-3.20955276,-0.45235461,0.02924227
26.360000,0,FL_foot,-3.68901300,-0.91045088,0.02026774
26.360000,0,FR_foot,-3.57996702,-0.42874512,0.02021097
26.360000,0,RL_foot,-3.14432597,-0.75169539,0.02027054
26.360000,0,RR_foot,-3.21654415,-0.44766635,0.02269769
26.380000,0,FL_foot,-3.68935084,-0.91053331,0.02027980
26.380000,0,FR_foot,-3.58252168,-0.43457118,0.02122656
26.380000,0,RL_foot,-3.14471054,-0.75133103,0.02097764
26.380000,0,RR_foot,-3.21773291,-0.44621846,0.02021135
26.400000,0,FL_foot,-3.68964386,-0.91059542,0.02027822
26.400000,0,FR_foot,-3.59841609,-0.45597461,0.02365983
26.400000,0,RL_foot,-3.15582418,-0.73672867,0.03364264
26.400000,0,RR_foot,-3.21802258,-0.44636059,0.02019206
26.420000,0,FL_foot,-3.68986297,-0.91065687,0.02027906
26.420000,0,FR_foot,-3.62896419,-0.47748524,0.02684218
26.420000,0,RL_foot,-3.17613459,-0.72264838,0.05101350
26.420000,0,RR_foot,-3.21832848,-0.44649190,0.02017377
26.440000,0,FL_foot,-3.69009614,-0.91074640,0.02027319
26.440000,0,FR_foot,-3.66668057,-0.49054581,0.02907737
26.440000,0,RL_foot,-3.19611311,-0.71480381,0.06639927
26.440000,0,RR_foot,-3.21866727,-0.44666594,0.02018491
26.460000,0,FL_foot,-3.69033980,-0.91084683,0.02026670
26.460000,0,FR_foot,-3.70538616,-0.49539709,0.02937976
26.460000,0,RL_foot,-3.21412683,-0.71060228,0.07945127
26.460000,0,RR_foot,-3.21902323,-0.44681016,0.02018038
26.480000,0,FL_foot,-3.69057989,-0.91096324,0.02026088
26.480000,0,FR_foot,-3.74102664,-0.49514335,0.02841150
26.480000,0,RL_foot,-3.23087454,-0.70838118,0.09052289
26.480000,0,RR_foot,-3.21942592,-0.44697952,0.02018042
26.500000,0,FL_foot,-3.69081855,-0.91108733,0.02025614
26.500000,0,FR_foot,-3.77064276,-0.49233186,0.02661987
26.500000,0,RL_foot,-3.24686289,-0.70721763,0.10021903
26.500000,0,RR_foot,-3.21986151,-0.44712782,0.02017727
26.520000,0,FL_foot,-3.69107080,-0.91118938,0.02025126
26.520000,0,FR_foot,-3.79223228,-0.48934767,0.02405397
26.520000,0,RL_foot,-3.26225162,-0.70639151,0.10890587
26.520000,0,RR_foot,-3.22031736,-0.44725254,0.02017338
26.540000,0,FL_foot,-3.69132304,-0.91128433,0.02024693
26.540000,0,FR_foot,-3.80574918,-0.48689535,0.02027640
26.540000,0,RL_foot,-3.27721262,-0.70547009,0.11669131
26.540000,0,RR_foot,-3.22078943,-0.44734797,0.02016968
26.560000,0,FL_foot,-3.69161224,-0.91129881,0.02024500
26.560000,0,FR_foot,-3.80639434,-0.48656556,0.02028266
26.560000,0,RL_foot,-3.29291224,-0.70364779,0.12189600
26.560000,0,RR_foot,-3.22134995,-0.44659552,0.02013407
26.580000,0,FL_foot,-3.69189024,-0.91131300,0.02024218
26.580000,0,FR_foot,-3.80876112,-0.48449859,0.02029087
26.580000,0,RL_foot,-3.30663776,-0.70204204,0.12623310
26.580000,0,RR_foot,-3.22166634,-0.44672695,0.02015892
26.600000,0,FL_foot,-3.69212556,-0.91135949,0.02024169
26.600000,0,FR_foot,-3.81128883,-0.48289633,0.02028783
26.600000,0,RL_foot,-3.31824327,-0.70079696,0.12961622
26.600000,0,RR_foot,-3.22198462,-0.44687164,0.02016916
26.620000,0,FL_foot,-3.69234991,-0.91142356,0.02023888
26.620000,0,FR_foot,-3.81348777,-0.48155102,0.02028394
26.620000,0,RL_foot,-3.32825470,-0.70002300,0.13211875
26.620000,0,RR_foot,-3.22229052,-0.44702530,0.02016261
26.640000,0,FL_foot,-3.69256282,-0.91149414,0.02023584
26.640000,0,FR_foot,-3.81563449,-0.48026881,0.02028261
26.640000,0,RL_foot,-3.33706975,-0.69970238,0.13389638
26.640000,0,RR_foot,-3.22259736,-0.44718927,0.02016046
26.660000,0,FL_foot,-3.69276047,-0.91158712,0.02023522
26.660000,0,FR_foot,-3.81753182,-0.47919658,0.02028012
26.660000,0,RL_foot,-3.34499097,-0.69981635,0.13508119
26.660000,0,RR_foot,-3.22291613,-0.44737887,0.02016232
26.680000,0,FL_foot,-3.69295144,-0.91169399,0.02023303
26.680000,0,FR_foot,-3.81896663,-0.47843564,0.02027533
26.680000,0,RL_foot,-3.35223627,-0.70031857,0.13577139
26.680000,0,RR_foot,-3.22322464,-0.44757622,0.02015834
26.700000,0,FL_foot,-3.69313836,-0.91180289,0.02023093
26.700000,0,FR_foot,-3.81996703,-0.47794154,0.02027371
26.700000,0,RL_foot,-3.35890555,-0.70116216,0.13607287
26.700000,0,RR_foot,-3.22353911,-0.44778296,0.02015837
26.720000,0,FL_foot,-3.69331264,-0.91193062,0.02023151
26.720000,0,FR_foot,-3.82067752,-0.47766301,0.02027077
26.720000,0,RL_foot,-3.36504889,-0.70232302,0.13604794
26.720000,0,RR_foot,-3.22385979,-0.44801143,0.02015961
26.740000,0,FL_foot,-3.69347954,-0.91206717,0.02022924
26.740000,0,FR_foot,-3.82121396,-0.47754344,0.02026588
26.740000,0,RL_foot,-3.37072158,-0.70375288,0.13572347
26.740000,0,RR_foot,-3.22416902,-0.44824693,0.02015454
26.760000,0,FL_foot,-3.69364738,-0.91219950,0.02022887
26.760000,0,FR_foot,-3.82167292,-0.47750959,0.02026529
26.760000,0,RL_foot,-3.37595296,-0.70539212,0.13515486
26.760000,0,RR_foot,-3.22447991,-0.44848517,0.02015694
26.780000,0,FL_foot,-3.69380355,-0.91234052,0.02022946
26.780000,0,FR_foot,-3.82213664,-0.47750580,0.02026327
26.780000,0,RL_foot,-3.38078523,-0.70720333,0.13437520
26.780000,0,RR_foot,-3.22479224,-0.44873446,0.02015697
26.800000,0,FL_foot,-3.69395638,-0.91248101,0.02022574
26.800000,0,FR_foot,-3.82267427,-0.47746810,0.02025829
26.800000,0,RL_foot,-3.38529634,-0.70913315,0.13340303
26.800000,0,RR_foot,-3.22509217,-0.44898430,0.02015066
26.820000,0,FL_foot,-3.69411755,-0.91260910,0.02022664
26.820000,0,FR_foot,-3.82331991,-0.47737551,0.02025937
26.820000,0,RL_foot,-3.38954473,-0.71112144,0.13231096
26.820000,0,RR_foot,-3.22538996,-0.44922909,0.02015626
26.840000,0,FL_foot,-3.69427180,-0.91273463,0.02022643
26.840000,0,FR_foot,-3.82395124,-0.47731060,0.02025806
26.840000,0,RL_foot,-3.39364624,-0.71367812,0.12993175
26.840000,0,RR_foot,-3.22568178,-0.44948274,0.02014942
26.860000,0,FL_foot,-3.69442797,-0.91284305,0.02022297
26.860000,0,FR_foot,-3.82467461,-0.47716203,0.02025571
26.860000,0,RL_foot,-3.39762831,-0.71728903,0.12516832
26.860000,0,RR_foot,-3.22596264,-0.44972098,0.02013798
26.880000,0,FL_foot,-3.69459176,-0.91293281,0.02021886
26.880000,0,FR_foot,-3.82580304,-0.47680935,0.02025417
26.880000,0,RL_foot,-3.40144515,-0.72240365,0.11726954
26.880000,0,RR_foot,-3.22624922,-0.44994134,0.02013269
26.900000,0,FL_foot,-3.69476390,-0.91300094,0.02021744
26.900000,0,FR_foot,-3.82727623,-0.47632658,0.02025436
26.900000,0,RL_foot,-3.40494967,-0.72962898,0.10560023
26.900000,0,RR_foot,-3.22648692,-0.45020106,0.02012258
26.920000,0,FL_foot,-3.69495344,-0.91304135,0.02021399
26.920000,0,FR_foot,-3.82892299,-0.47589871,0.02025310
26.920000,0,RL_foot,-3.40758514,-0.73983413,0.08975009
26.920000,0,RR_foot,-3.22676110,-0.45040432,0.02011993
26.940000,0,FL_foot,-3.69516635,-0.91305470,0.02021260
26.940000,0,FR_foot,-3.83082390,-0.47569034,0.02025404
26.940000,0,RL_foot,-3.40829086,-0.75364727,0.07039841
26.940000,0,RR_foot,-3.22703862,-0.45059508,0.02013430
26.960000,0,FL_foot,-3.69540906,-0.91303641,0.02021170
26.960000,0,FR_foot,-3.83321142,-0.47589347,0.02025524
26.960000,0,RL_foot,-3.40664124,-0.76940155,0.05106896
26.960000,0,RR_foot,-3.22728610,-0.45080382,0.02013669
26.980000,0,FL_foot,-3.69568443,-0.91298234,0.02020596
26.980000,0,FR_foot,-3.83483601,-0.47626147,0.02025195
26.980000,0,RL_foot,-3.40335464,-0.78479403,0.03425362
26.980000,0,RR_foot,-3.22756743,-0.45097843,0.02013740
27.000000,0,FL_foot,-3.69596028,-0.91292042,0.02020501
27.000000,0,FR_foot,-3.83502269,-0.47623271,0.02024765
27.000000,0,RL_foot,-3.39773583,-0.79893780,0.01917749
27.000000,0,RR_foot,-3.22784543,-0.45111805,0.02013484
27.020000,0,FL_foot,-3.70296216,-0.91650146,0.02286909
27.020000,0,FR_foot,-3.83440709,-0.47725695,0.02023885
27.020000,0,RL_foot,-3.39782071,-0.79980797,0.02029465
27.020000,0,RR_foot,-3.23187566,-0.45914817,0.02092748
27.040000,0,FL_foot,-3.72262859,-0.91478837,0.02504021
27.040000,0,FR_foot,-3.83463287,-0.47728628,0.02024159
27.040000,0,RL_foot,-3.39804077,-0.79980528,0.02030487
27.040000,0,RR_foot,-3.24243927,-0.47287068,0.02173443
27.060000,0,FL_foot,-3.75426269,-0.91093695,0.02857840
27.060000,0,FR_foot,-3.83481860,-0.47730255,0.02024065
27.060000,0,RL_foot,-3.39827871,-0.79981440,0.02030202
27.060000,0,RR_foot,-3.25901413,-0.48613867,0.02200644
27.080000,0,FL_foot,-3.79220724,-0.90642762,0.03442006
27.080000,0,FR_foot,-3.83499098,-0.47732839,0.02023776
27.080000,0,RL_foot,-3.39851975,-0.79982579,0.02030594
27.080000,0,RR_foot,-3.28070092,-0.49776405,0.02251650
27.100000,0,FL_foot,-3.82959437,-0.90331650,0.04165450
27.100000,0,FR_foot,-3.83518648,-0.47736040,0.02024388
27.100000,0,RL_foot,-3.39879560,-0.79979891,0.02031968
27.100000,0,RR_foot,-3.30453897,-0.50703210,0.02361336
27.120000,0,FL_foot,-3.86304379,-0.90394747,0.04806630
27.120000,0,FR_foot,-3.83540177,-0.47740427,0.02023822
27.120000,0,RL_foot,-3.39908743,-0.79981726,0.02031956
27.120000,0,RR_foot,-3.32801056,-0.51419425,0.02552806
27.140000,0,FL_foot,-3.89166784,-0.90871525,0.05231207
27.140000,0,FR_foot,-3.83565283,-0.47745356,0.02023418
27.140000,0,RL_foot,-3.39941740,-0.79981059,0.02031439
27.140000,0,RR_foot,-3.34957671,-0.51873982,0.02768860
27.160000,0,FL_foot,-3.91517520,-0.91716981,0.05388170
27.160000,0,FR_foot,-3.83592391,-0.47749832,0.02023067
27.160000,0,RL_foot,-3.39980960,-0.79975164,0.02032098
27.160000,0,RR_foot,-3.36958003,-0.52100271,0.02989527
27.180000,0,FL_foot,-3.93291402,-0.92760479,0.05273961
27.180000,0,FR_foot,-3.83620739,-0.47753841,0.02022583
27.180000,0,RL_foot,-3.40022159,-0.79971874,0.02030602
27.180000,0,RR_foot,-3.38880253,-0.52121055,0.03198962
27.200000,0,FL_foot,-3.94463181,-0.93831223,0.04894840
27.200000,0,FR_foot,-3.83649540,-0.47755426,0.02022532
27.200000,0,RL_foot,-3.40068769,-0.79965442,0.02029953
27.200000,0,RR_foot,-3.40748572,-0.51984507,0.03409508
27.220000,0,FL_foot,-3.95040774,-0.94768506,0.04264320
27.220000,0,FR_foot,-3.83678508,-0.47756281,0.02022243
27.220000,0,RL_foot,-3.40118194,-0.79960126,0.02028912
27.220000,0,RR_foot,-3.42542028,-0.51691037,0.03571828
27.240000,0,FL_foot,-3.95081806,-0.95494217,0.03410555
27.240000,0,FR_foot,-3.83708572,-0.47757316,0.02022051
27.240000,0,RL_foot,-3.40170646,-0.79957479,0.02027737
27.240000,0,RR_foot,-3.44186401,-0.51243854,0.03645771
27.260000,0,FL_foot,-3.94734406,-0.95983857,0.02399537
27.260000,0,FR_foot,-3.83737636,-0.47757703,0.02021456
27.260000,0,RL_foot,-3.40226150,-0.79957175,0.02025470
27.260000,0,RR_foot,-3.45543027,-0.50693315,0.03653831
27.280000,0,FL_foot,-3.94630885,-0.96065861,0.02026311
27.280000,0,FR_foot,-3.83771825,-0.47767410,0.02021584
27.280000,0,RL_foot,-3.40246463,-0.80102670,0.02035068
27.280000,0,RR_foot,-3.46583033,-0.50239205,0.03350237
27.300000,0,FL_foot,-3.94652462,-0.96086156,0.02026968
27.300000,0,FR_foot,-3.83805203,-0.47778353,0.02021378
27.300000,0,RL_foot,-3.40283203,-0.80106580,0.02024396
27.300000,0,RR_foot,-3.47458744,-0.49730897,0.02679245
27.320000,0,FL_foot,-3.94680738,-0.96099907,0.02026379
27.320000,0,FR_foot,-3.83832145,-0.47785074,0.02020857
27.320000,0,RL_foot,-3.40323901,-0.80106211,0.02025127
27.320000,0,RR_foot,-3.47787619,-0.49289054,0.02029565
27.340000,0,FL_foot,-3.94711161,-0.96108836,0.02027171
27.340000,0,FR_foot,-3.84622622,-0.49052414,0.02244175
27.340000,0,RL_foot,-3.41238642,-0.78963703,0.02908025
27.340000,0,RR_foot,-3.47816658,-0.49299568,0.02019622
27.360000,0,FL_foot,-3.94732976,-0.96118736,0.02027535
27.360000,0,FR_foot,-3.86993933,-0.51360428,0.02567539
27.360000,0,RL_foot,-3.43114281,-0.77284372,0.04636085
27.360000,0,RR_foot,-3.47844720,-0.49316582,0.02018313
27.380000,0,FL_foot,-3.94752574,-0.96129513,0.02027303
27.380000,0,FR_foot,-3.90551424,-0.53155255,0.02895135
27.380000,0,RL_foot,-3.45051146,-0.76321507,0.06209076
27.380000,0,RR_foot,-3.47875404,-0.49330530,0.02017845
27.400000,0,FL_foot,-3.94774818,-0.96141392,0.02026836
27.400000,0,FR_foot,-3.94459033,-0.54058611,0.03061932
27.400000,0,RL_foot,-3.46798658,-0.75814766,0.07553826
27.400000,0,RR_foot,-3.47909212,-0.49350318,0.02018668
27.420000,0,FL_foot,-3.94797182,-0.96155250,0.02026268
27.420000,0,FR_foot,-3.98212028,-0.54305613,0.03072767
27.420000,0,RL_foot,-3.48424244,-0.75555676,0.08685468
27.420000,0,RR_foot,-3.47945309,-0.49365869,0.02017995
27.440000,0,FL_foot,-3.94819713,-0.96169090,0.02025729
27.440000,0,FR_foot,-4.01494551,-0.54163086,0.02984937
27.440000,0,RL_foot,-3.49988484,-0.75429571,0.09663370
27.440000,0,RR_foot,-3.47986436,-0.49383089,0.02018191
27.460000,0,FL_foot,-3.94842339,-0.96183187,0.02025281
27.460000,0,FR_foot,-4.04058027,-0.53895169,0.02828645
27.460000,0,RL_foot,-3.51497579,-0.75361103,0.10538269
27.460000,0,RR_foot,-3.48029947,-0.49398428,0.02017788
27.480000,0,FL_foot,-3.94865322,-0.96196234,0.02024884
27.480000,0,FR_foot,-4.05814886,-0.53640604,0.02572228
27.480000,0,RL_foot,-3.52968454,-0.75301796,0.11323050
27.480000,0,RR_foot,-3.48074913,-0.49411759,0.02016728
27.500000,0,FL_foot,-3.94890261,-0.96205401,0.02024574
27.500000,0,FR_foot,-4.06882763,-0.53413177,0.02185961
27.500000,0,RL_foot,-3.54387355,-0.75221741,0.12031481
27.500000,0,RR_foot,-3.48120928,-0.49422488,0.02016104
27.520000,0,FL_foot,-3.94918847,-0.96208733,0.02024759
27.520000,0,FR_foot,-4.07145643,-0.53300315,0.02029456
27.520000,0,RL_foot,-3.55801249,-0.75064588,0.12576386
27.520000,0,RR_foot,-3.48204565,-0.49349114,0.02019778
27.540000,0,FL_foot,-3.94946671,-0.96210283,0.02024189
27.540000,0,FR_foot,-4.07273817,-0.53200090,0.02029145
27.540000,0,RL_foot,-3.57104206,-0.74927139,0.12947094
27.540000,0,RR_foot,-3.48233700,-0.49364182,0.02016354
27.560000,0,FL_foot,-3.94972634,-0.96213382,0.02023872
27.560000,0,FR_foot,-4.07421160,-0.53101975,0.02028710
27.560000,0,RL_foot,-3.58209038,-0.74823725,0.13235962
27.560000,0,RR_foot,-3.48264980,-0.49377558,0.02016559
27.580000,0,FL_foot,-3.94995236,-0.96219188,0.02023724
27.580000,0,FR_foot,-4.07575703,-0.53000766,0.02028517
27.580000,0,RL_foot,-3.59160805,-0.74768358,0.13443518
27.580000,0,RR_foot,-3.48296571,-0.49394035,0.02016591
27.600000,0,FL_foot,-3.95016551,-0.96227068,0.02023487
27.600000,0,FR_foot,-4.07735538,-0.52903718,0.02028124
27.600000,0,RL_foot,-3.60002589,-0.74759430,0.13583229
27.600000,0,RR_foot,-3.48327136,-0.49411303,0.02016144
27.620000,0,FL_foot,-3.95036817,-0.96235687,0.02023201
27.620000,0,FR_foot,-4.07876301,-0.52823406,0.02027886
27.620000,0,RL_foot,-3.60764050,-0.74791187,0.13670421
27.620000,0,RR_foot,-3.48358226,-0.49429694,0.02015981
27.640000,0,FL_foot,-3.95055866,-0.96246511,0.02023178
27.640000,0,FR_foot,-4.07981730,-0.52768952,0.02027586
27.640000,0,RL_foot,-3.61462784,-0.74860108,0.13715586
27.640000,0,RR_foot,-3.48390341,-0.49450594,0.02016149
27.660000,0,FL_foot,-3.95073700,-0.96258742,0.02022985
27.660000,0,FR_foot,-4.08052111,-0.52739424,0.02027115
27.660000,0,RL_foot,-3.62108564,-0.74962443,0.13724981
27.660000,0,RR_foot,-3.48421311,-0.49472320,0.02015705
27.680000,0,FL_foot,-3.95091367,-0.96271145,0.02022877
27.680000,0,FR_foot,-4.08101130,-0.52728754,0.02026925
27.680000,0,RL_foot,-3.62705803,-0.75093347,0.13705510
27.680000,0,RR_foot,-3.48452568,-0.49494913,0.02015746
27.700000,0,FL_foot,-3.95107579,-0.96285003,0.02022911
27.700000,0,FR_foot,-4.08135748,-0.52731365,0.02026775
27.700000,0,RL_foot,-3.63256884,-0.75249523,0.13660382
27.700000,0,RR_foot,-3.48484325,-0.49519286,0.02015799
27.720000,0,FL_foot,-3.95123577,-0.96299070,0.02022800
27.720000,0,FR_foot,-4.08171606,-0.52735323,0.02026553
27.720000,0,RL_foot,-3.63766623,-0.75426024,0.13590802
27.720000,0,RR_foot,-3.48515058,-0.49543798,0.02015633
27.740000,0,FL_foot,-3.95139050,-0.96313477,0.02022456
27.740000,0,FR_foot,-4.08214283,-0.52736586,0.02025969
27.740000,0,RL_foot,-3.64238763,-0.75617069,0.13501842
27.740000,0,RR_foot,-3.48545647,-0.49568594,0.02015236
27.760000,0,FL_foot,-3.95154858,-0.96326935,0.02022702
27.760000,0,FR_foot,-4.08260584,-0.52738565,0.02026129
27.760000,0,RL_foot,-3.64680958,-0.75818336,0.13397513
27.760000,0,RR_foot,-3.48576188,-0.49593994,0.02015586
27.780000,0,FL_foot,-3.95169902,-0.96340424,0.02022568
27.780000,0,FR_foot,-4.08313942,-0.52738291,0.02025845
27.780000,0,RL_foot,-3.65099001,-0.76027393,0.13275988
27.780000,0,RR_foot,-3.48605442,-0.49619114,0.02015322
27.800000,0,FL_foot,-3.95184994,-0.96352994,0.02022402
27.800000,0,FR_foot,-4.08362675,-0.52740681,0.02025623
27.800000,0,RL_foot,-3.65504241,-0.76306158,0.12994607
27.800000,0,RR_foot,-3.48633933,-0.49644661,0.02014667
27.820000,0,FL_foot,-3.95200467,-0.96364319,0.02021837
27.820000,0,FR_foot,-4.08439875,-0.52723163,0.02025386
27.820000,0,RL_foot,-3.65898395,-0.76702553,0.12450074
27.820000,0,RR_foot,-3.48661804,-0.49668723,0.02013429
27.840000,0,FL_foot,-3.95216608,-0.96373659,0.02021518
27.840000,0,FR_foot,-4.08561897,-0.52685177,0.02025274
27.840000,0,RL_foot,-3.66276336,-0.77259964,0.11577931
27.840000,0,RR_foot,-3.48690248,-0.49690664,0.02012969
27.860000,0,FL_foot,-3.95233941,-0.96380895,0.02021430
27.860000,0,FR_foot,-4.08719873,-0.52634829,0.02025256
27.860000,0,RL_foot,-3.66617846,-0.78046322,0.10314612
27.860000,0,RR_foot,-3.48713613,-0.49716374,0.02012263
27.880000,0,FL_foot,-3.95253110,-0.96386164,0.02020959
27.880000,0,FR_foot,-4.08887672,-0.52597594,0.02024930
27.880000,0,RL_foot,-3.66854286,-0.79155421,0.08627281
27.880000,0,RR_foot,-3.48740363,-0.49736819,0.02011655
27.900000,0,FL_foot,-3.95275450,-0.96385729,0.02021091
27.900000,0,FR_foot,-4.09078836,-0.52588695,0.02025328
27.900000,0,RL_foot,-3.66874719,-0.80617446,0.06640805
27.900000,0,RR_foot,-3.48767805,-0.49755782,0.02013589
27.920000,0,FL_foot,-3.95300293,-0.96383661,0.02020975
27.920000,0,FR_foot,-4.09315443,-0.52622253,0.02025388
27.920000,0,RL_foot,-3.66655827,-0.82221317,0.04733994
27.920000,0,RR_foot,-3.48792410,-0.49776250,0.02013811
27.940000,0,FL_foot,-3.95327997,-0.96378303,0.02020108
27.940000,0,FR_foot,-4.09417057,-0.52649647,0.02024856
27.940000,0,RL_foot,-3.66285157,-0.83737046,0.03106136
27.940000,0,RR_foot,-3.48820043,-0.49793679,0.02013359
27.960000,0,FL_foot,-3.95380950,-0.96496797,0.02066989
27.960000,0,FR_foot,-4.09440947,-0.52649450,0.02022970
27.960000,0,RL_foot,-3.65837693,-0.84809518,0.01996999
27.960000,0,RR_foot,-3.48848367,-0.49808842,0.02020642
27.980000,0,FL_foot,-3.96594524,-0.96626538,0.02260713
27.980000,0,FR_foot,-4.09387636,-0.52728027,0.02024066
27.980000,0,RL_foot,-3.65837383,-0.84837419,0.02028544
27.980000,0,RR_foot,-3.49371481,-0.50872177,0.02167078
28.000000,0,FL_foot,-3.99137807,-0.96333855,0.02506098
28.000000,0,FR_foot,-4.09407091,-0.52730429,0.02024037
28.000000,0,RL_foot,-3.65860653,-0.84837645,0.02029820
28.000000,0,RR_foot,-3.50621009,-0.52249461,0.02226949
28.020000,0,FL_foot,-4.02630043,-0.95896506,0.02945969
28.020000,0,FR_foot,-4.09424782,-0.52732491,0.02024085
28.020000,0,RL_foot,-3.65886641,-0.84834570,0.02031273
28.020000,0,RR_foot,-3.52501583,-0.53588152,0.02246462
28.040000,0,FL_foot,-4.06441307,-0.95489323,0.03598413
28.040000,0,FR_foot,-4.09443521,-0.52735502,0.02023775
28.040000,0,RL_foot,-3.65912056,-0.84837365,0.02031190
28.040000,0,RR_foot,-3.54801965,-0.54713345,0.02296943
28.060000,0,FL_foot,-4.10026312,-0.95317852,0.04304583
28.060000,0,FR_foot,-4.09464216,-0.52739310,0.02023735
28.060000,0,RL_foot,-3.65939236,-0.84839571,0.02031362
28.060000,0,RR_foot,-3.57220769,-0.55626464,0.02436095
28.080000,0,FL_foot,-4.13173199,-0.95550567,0.04860647
28.080000,0,FR_foot,-4.09487391,-0.52744317,0.02023539
28.080000,0,RL_foot,-3.65971923,-0.84836888,0.02032393
28.080000,0,RR_foot,-3.59522438,-0.56299144,0.02644998
28.100000,0,FL_foot,-4.15829468,-0.96186996,0.05175519
28.100000,0,FR_foot,-4.09513235,-0.52750164,0.02022985
28.100000,0,RL_foot,-3.66006732,-0.84837264,0.02032053
28.100000,0,RR_foot,-3.61623311,-0.56705803,0.02865458
28.120000,0,FL_foot,-4.17961550,-0.97135866,0.05220601
28.120000,0,FR_foot,-4.09541321,-0.52754951,0.02022673
28.120000,0,RL_foot,-3.66046071,-0.84834683,0.02031104
28.120000,0,RR_foot,-3.63594389,-0.56887496,0.03085262
28.140000,0,FL_foot,-4.19512320,-0.98226577,0.04995780
28.140000,0,FR_foot,-4.09570169,-0.52758467,0.02022744
28.140000,0,RL_foot,-3.66091228,-0.84827858,0.02031399
28.140000,0,RR_foot,-3.65495443,-0.56874645,0.03298691
28.160000,0,FL_foot,-4.20470142,-0.99284762,0.04512006
28.160000,0,FR_foot,-4.09600210,-0.52761257,0.02022702
28.160000,0,RL_foot,-3.66139770,-0.84821808,0.02030706
28.160000,0,RR_foot,-3.67339826,-0.56697249,0.03499491
28.180000,0,FL_foot,-4.20845509,-1.00163782,0.03785558
28.180000,0,FR_foot,-4.09630060,-0.52762467,0.02022424
28.180000,0,RL_foot,-3.66190863,-0.84817207,0.02029497
28.180000,0,RR_foot,-3.69098902,-0.56360418,0.03632749
28.200000,0,FL_foot,-4.20730782,-1.00814784,0.02856607
28.200000,0,FR_foot,-4.09659767,-0.52763748,0.02022064
28.200000,0,RL_foot,-3.66245222,-0.84815717,0.02028098
28.200000,0,RR_foot,-3.70667434,-0.55882746,0.03684997
28.220000,0,FL_foot,-4.20422459,-1.01127100,0.02019722
28.220000,0,FR_foot,-4.09691477,-0.52768940,0.02017988
28.220000,0,RL_foot,-3.66286039,-0.84899825,0.02028264
28.220000,0,RR_foot,-3.71890569,-0.55390298,0.03625698
28.240000,0,FL_foot,-4.20441151,-1.01150644,0.02026545
28.240000,0,FR_foot,-4.09726143,-0.52783066,0.02022184
28.240000,0,RL_foot,-3.66113257,-0.85034043,0.02030318
28.240000,0,RR_foot,-3.72978449,-0.54930043,0.03028513
28.260000,0,FL_foot,-4.20465803,-1.01168001,0.02026525
28.260000,0,FR_foot,-4.09757662,-0.52792364,0.02021578
28.260000,0,RL_foot,-3.66153836,-0.85031617,0.02026855
28.260000,0,RR_foot,-3.73730493,-0.54465294,0.02372065
28.280000,0,FL_foot,-4.20499420,-1.01179576,0.02027825
28.280000,0,FR_foot,-4.09913445,-0.53093630,0.02145018
28.280000,0,RL_foot,-3.66190672,-0.85002810,0.02073390
28.280000,0,RR_foot,-3.73914313,-0.54143268,0.02027326
28.300000,0,FL_foot,-4.20529461,-1.01185894,0.02027236
28.300000,0,FR_foot,-4.11289597,-0.55128318,0.02375234
28.300000,0,RL_foot,-3.67213893,-0.83625823,0.03222493
28.300000,0,RR_foot,-3.73944163,-0.54159170,0.02019129
28.320000,0,FL_foot,-4.20552731,-1.01192534,0.02027507
28.320000,0,FR_foot,-4.14190626,-0.57403970,0.02696256
28.320000,0,RL_foot,-3.69229364,-0.82114917,0.04981119
28.320000,0,RR_foot,-3.73973799,-0.54174668,0.02018006
28.340000,0,FL_foot,-4.20575333,-1.01201713,0.02026904
28.340000,0,FR_foot,-4.17905664,-0.58901674,0.02954355
28.340000,0,RL_foot,-3.71243358,-0.81266969,0.06552628
28.340000,0,RR_foot,-3.74005842,-0.54189247,0.02018042
28.360000,0,FL_foot,-4.20598793,-1.01212382,0.02026517
28.360000,0,FR_foot,-4.21783161,-0.59534889,0.03015978
28.360000,0,RL_foot,-3.73049808,-0.80811375,0.07886555
28.360000,0,RR_foot,-3.74041343,-0.54208475,0.02018282
28.380000,0,FL_foot,-4.20622635,-1.01224279,0.02025749
28.380000,0,FR_foot,-4.25412369,-0.59596765,0.02935820
28.380000,0,RL_foot,-3.74726605,-0.80572367,0.09006512
28.380000,0,RR_foot,-3.74079156,-0.54222542,0.02017561
28.400000,0,FL_foot,-4.20645952,-1.01237607,0.02025289
28.400000,0,FR_foot,-4.28502369,-0.59338564,0.02766303
28.400000,0,RL_foot,-3.76329565,-0.80451548,0.09982482
28.400000,0,RR_foot,-3.74121690,-0.54237103,0.02017275
28.420000,0,FL_foot,-4.20670748,-1.01248348,0.02024821
28.420000,0,FR_foot,-4.30823040,-0.59025526,0.02531472
28.420000,0,RL_foot,-3.77870607,-0.80374032,0.10856713
28.420000,0,RR_foot,-3.74166203,-0.54249722,0.02017097
28.440000,0,FL_foot,-4.20695353,-1.01258910,0.02024486
28.440000,0,FR_foot,-4.32339191,-0.58750558,0.02187530
28.440000,0,RL_foot,-3.79373097,-0.80294430,0.11639266
28.440000,0,RR_foot,-3.74212122,-0.54259706,0.02016334
28.460000,0,FL_foot,-4.20722818,-1.01263916,0.02024850
28.460000,0,FR_foot,-4.32702351,-0.58625299,0.02029337
28.460000,0,RL_foot,-3.80899572,-0.80139279,0.12250894
28.460000,0,RR_foot,-3.74294472,-0.54174042,0.02020692
28.480000,0,FL_foot,-4.20750904,-1.01264966,0.02024123
28.480000,0,FR_foot,-4.32919073,-0.58462214,0.02029243
28.480000,0,RL_foot,-3.82313871,-0.79987776,0.12689763
28.480000,0,RR_foot,-3.74324203,-0.54187417,0.02016278
28.500000,0,FL_foot,-4.20775414,-1.01269281,0.02023982
28.500000,0,FR_foot,-4.33153009,-0.58314514,0.02028831
28.500000,0,RL_foot,-3.83518076,-0.79863977,0.13040751
28.500000,0,RR_foot,-3.74355793,-0.54202116,0.02016930
28.520000,0,FL_foot,-4.20798159,-1.01275396,0.02023720
28.520000,0,FR_foot,-4.33358955,-0.58186960,0.02028531
28.520000,0,RL_foot,-3.84556866,-0.79782951,0.13304126
28.520000,0,RR_foot,-3.74385881,-0.54217333,0.02016356
28.540000,0,FL_foot,-4.20819759,-1.01282227,0.02023391
28.540000,0,FR_foot,-4.33566236,-0.58061743,0.02028293
28.540000,0,RL_foot,-3.85468650,-0.79746377,0.13493019
28.540000,0,RR_foot,-3.74416423,-0.54233527,0.02016142
28.560000,0,FL_foot,-4.20839548,-1.01291287,0.02023322
28.560000,0,FR_foot,-4.33753824,-0.57955194,0.02028031
28.560000,0,RL_foot,-3.86285615,-0.79753453,0.13620736
28.560000,0,RR_foot,-3.74447703,-0.54252422,0.02016306
28.580000,0,FL_foot,-4.20862627,-1.01299524,0.02023454
28.580000,0,FR_foot,-4.33773518,-0.57954460,0.02027237
28.580000,0,RL_foot,-3.86904550,-0.79853535,0.13713260
28.580000,0,RR_foot,-3.74481463,-0.54267102,0.02018992
28.600000,0,FL_foot,-4.20886898,-1.01306689,0.02023527
28.600000,0,FR_foot,-4.33783817,-0.57954317,0.02026744
28.600000,0,RL_foot,-3.87341142,-0.80022460,0.13848829
28.600000,0,RR_foot,-3.74545693,-0.54263252,0.02020497
28.620000,0,FL_foot,-4.20897865,-1.01311588,0.02023557
28.620000,0,FR_foot,-4.33784771,-0.57955211,0.02026857
28.620000,0,RL_foot,-3.87545228,-0.80178016,0.14026371
28.620000,0,RR_foot,-3.74578071,-0.54273295,0.02019782
28.640000,0,FL_foot,-4.20899487,-1.01315701,0.02023498
28.640000,0,FR_foot,-4.33778858,-0.57959384,0.02027157
28.640000,0,RL_foot,-3.87540507,-0.80309767,0.14198276
28.640000,0,RR_foot,-3.74575090,-0.54289591,0.02018217
28.660000,0,FL_foot,-4.20891047,-1.01318693,0.02023376
28.660000,0,FR_foot,-4.33768892,-0.57967663,0.02027425
28.660000,0,RL_foot,-3.87354612,-0.80409956,0.14360119
28.660000,0,RR_foot,-3.74564958,-0.54299241,0.02017555
28.680000,0,FL_foot,-4.20879078,-1.01322031,0.02023340
28.680000,0,FR_foot,-4.33755541,-0.57977945,0.02027883
28.680000,0,RL_foot,-3.87034607,-0.80484563,0.14504173
28.680000,0,RR_foot,-3.74551201,-0.54304785,0.02016750
28.700000,0,FL_foot,-4.20863581,-1.01325047,0.02023394
28.700000,0,FR_foot,-4.33739758,-0.57989341,0.02028542
28.700000,0,RL_foot,-3.86625123,-0.80537617,0.14627960
28.700000,0,RR_foot,-3.74534154,-0.54307133,0.02016469
28.720000,0,FL_foot,-4.20845938,-1.01327455,0.02023480
28.720000,0,FR_foot,-4.33723068,-0.58001989,0.02029012
28.720000,0,RL_foot,-3.86158514,-0.80572021,0.14731197
28.720000,0,RR_foot,-3.74515319,-0.54307014,0.02016281
28.740000,0,FL_foot,-4.20827341,-1.01329279,0.02023764
28.740000,0,FR_foot,-4.33693123,-0.58017254,0.02030125
28.740000,0,RL_foot,-3.85658526,-0.80590218,0.14814305
28.740000,0,RR_foot,-3.74496317,-0.54306298,0.02016716
28.760000,0,FL_foot,-4.20808411,-1.01330161,0.02023966
28.760000,0,FR_foot,-4.33582592,-0.58071697,0.02029906
28.760000,0,RL_foot,-3.85144019,-0.80597270,0.14874737
28.760000,0,RR_foot,-3.74476624,-0.54303056,0.02016875
28.780000,0,FL_foot,-4.20789623,-1.01330125,0.02024100
28.780000,0,FR_foot,-4.33404207,-0.58151984,0.02029762
28.780000,0,RL_foot,-3.84611154,-0.80599791,0.14913929
28.780000,0,RR_foot,-3.74456167,-0.54299664,0.02016912
28.800000,0,FL_foot,-4.20770884,-1.01329505,0.02024462
28.800000,0,FR_foot,-4.33142185,-0.58260942,0.02029882
28.800000,0,RL_foot,-3.84058285,-0.80601865,0.14931135
28.800000,0,RR_foot,-3.74436998,-0.54297042,0.02017576
28.820000,0,FL_foot,-4.20752430,-1.01328099,0.02024793
28.820000,0,FR_foot,-4.32801580,-0.58389699,0.02029914
28.820000,0,RL_foot,-3.83484793,-0.80604804,0.14927250
28.820000,0,RR_foot,-3.74416971,-0.54293013,0.02017760
28.840000,0,FL_foot,-4.20733690,-1.01326144,0.02025008
28.840000,0,FR_foot,-4.32386208,-0.58533770,0.02029873
28.840000,0,RL_foot,-3.82888007,-0.80609047,0.14903829
28.840000,0,RR_foot,-3.74395871,-0.54289144,0.02018055
28.860000,0,FL_foot,-4.20714617,-1.01323724,0.02025147
28.860000,0,FR_foot,-4.31901169,-0.58688956,0.02029769
28.860000,0,RL_foot,-3.82268357,-0.80614531,0.14862880
28.860000,0,RR_foot,-3.74374294,-0.54286116,0.02017864
28.880000,0,FL_foot,-4.20695591,-1.01320791,0.02025344
28.880000,0,FR_foot,-4.31349277,-0.58852303,0.02029641
28.880000,0,RL_foot,-3.81626225,-0.80621165,0.14806713
28.880000,0,RR_foot,-3.74353838,-0.54284066,0.02018636
28.900000,0,FL_foot,-4.20675564,-1.01318192,0.02025553
28.900000,0,FR_foot,-4.30735207,-0.59024209,0.02029579
28.900000,0,RL_foot,-3.80963755,-0.80628932,0.14736931
28.900000,0,RR_foot,-3.74331737,-0.54281503,0.02018820
28.920000,0,FL_foot,-4.20655107,-1.01315200,0.02025746
28.920000,0,FR_foot,-4.30061197,-0.59204721,0.02029295
28.920000,0,RL_foot,-3.80279183,-0.80638438,0.14655852
28.920000,0,RR_foot,-3.74309087,-0.54280150,0.02018517
28.940000,0,FL_foot,-4.20634317,-1.01312399,0.02026241
28.940000,0,FR_foot,-4.29332352,-0.59390694,0.02029116
28.940000,0,RL_foot,-3.79571033,-0.80660647,0.14542672
28.940000,0,RR_foot,-3.74287462,-0.54280114,0.02019097
28.960000,0,FL_foot,-4.20613670,-1.01308692,0.02026230
28.960000,0,FR_foot,-4.28552771,-0.59586322,0.02028870
28.960000,0,RL_foot,-3.78829026,-0.80741042,0.14296289
28.960000,0,RR_foot,-3.74264503,-0.54279882,0.02018789
28.980000,0,FL_foot,-4.20592642,-1.01305139,0.02026358
28.980000,0,FR_foot,-4.27722311,-0.59786755,0.02028501
28.980000,0,RL_foot,-3.78013992,-0.80909395,0.13857688
28.980000,0,RR_foot,-3.74241686,-0.54280061,0.02018019
29.000000,0,FL_foot,-4.20571613,-1.01301682,0.02026771
29.000000,0,FR_foot,-4.26838779,-0.59994721,0.02028207
29.000000,0,RL_foot,-3.77072883,-0.81196773,0.13173440
29.000000,0,RR_foot,-3.74219704,-0.54284644,0.02018081
29.020000,0,FL_foot,-4.20551586,-1.01296103,0.02026811
29.020000,0,FR_foot,-4.25895071,-0.60229671,0.02027900
29.020000,0,RL_foot,-3.75940347,-0.81643134,0.12191861
29.020000,0,RR_foot,-3.74197507,-0.54285979,0.02017808
29.040000,0,FL_foot,-4.20531178,-1.01291633,0.02026905
29.040000,0,FR_foot,-4.24932671,-0.60508651,0.02038353
29.040000,0,RL_foot,-3.74519229,-0.82311100,0.10866971
29.040000,0,RR_foot,-3.74175930,-0.54287344,0.02017834
29.060000,0,FL_foot,-4.20510864,-1.01286972,0.02027479
29.060000,0,FR_foot,-4.23911238,-0.60804480,0.02028673
29.060000,0,RL_foot,-3.72736359,-0.83308429,0.09179589
29.060000,0,RR_foot,-3.74155164,-0.54295957,0.02018593
29.080000,0,FL_foot,-4.20490456,-1.01281726,0.02027893
29.080000,0,FR_foot,-4.22891140,-0.61111426,0.02054416
29.080000,0,RL_foot,-3.70563412,-0.84768087,0.07167418
29.080000,0,RR_foot,-3.74134374,-0.54297328,0.02019915
29.100000,0,FL_foot,-4.20467901,-1.01277316,0.02028464
29.100000,0,FR_foot,-4.21759844,-0.61244565,0.02026814
29.100000,0,RL_foot,-3.68015432,-0.86686361,0.05148892
29.100000,0,RR_foot,-3.74111819,-0.54301077,0.02020692
29.120000,0,FL_foot,-4.20442677,-1.01273036,0.02028580
29.120000,0,FR_foot,-4.20786619,-0.61178386,0.02026632
29.120000,0,RL_foot,-3.65581656,-0.88556725,0.03595168
29.120000,0,RR_foot,-3.74085855,-0.54309630,0.02021201
29.140000,0,FL_foot,-4.20413542,-1.01271510,0.02028637
29.140000,0,FR_foot,-4.19900703,-0.60898536,0.02025985
29.140000,0,RL_foot,-3.63736320,-0.89935368,0.02545981
29.140000,0,RR_foot,-3.74055624,-0.54316866,0.02020957
29.160000,0,FL_foot,-4.20312452,-1.01277673,0.02028981
29.160000,0,FR_foot,-4.19319677,-0.60590369,0.02025011
29.160000,0,RL_foot,-3.62938428,-0.90473682,0.02018533
29.160000,0,RR_foot,-3.74022746,-0.54328060,0.02022467
29.180000,0,FL_foot,-4.19746113,-1.00913608,0.02030077
29.180000,0,FR_foot,-4.19296026,-0.60609603,0.02025343
29.180000,0,RL_foot,-3.62901759,-0.90490150,0.02024996
29.180000,0,RR_foot,-3.73851871,-0.54627270,0.02119812
29.200000,0,FL_foot,-4.18547869,-0.99355888,0.02156268
29.200000,0,FR_foot,-4.19274759,-0.60629433,0.02026156
29.200000,0,RL_foot,-3.62870598,-0.90495163,0.02026483
29.200000,0,RR_foot,-3.73326278,-0.55620724,0.02552724
29.220000,0,FL_foot,-4.16479921,-0.97285610,0.02362728
29.220000,0,FR_foot,-4.19253922,-0.60646820,0.02026954
29.220000,0,RL_foot,-3.62842560,-0.90497732,0.02027309
29.220000,0,RR_foot,-3.72137809,-0.56557602,0.03144609
29.240000,0,FL_foot,-4.13596678,-0.95471674,0.02536300
29.240000,0,FR_foot,-4.19235086,-0.60663831,0.02027320
29.240000,0,RL_foot,-3.62819457,-0.90498143,0.02027704
29.240000,0,RR_foot,-3.70196795,-0.56739622,0.03573142
29.260000,0,FL_foot,-4.10142374,-0.94249213,0.02537909
29.260000,0,FR_foot,-4.19215584,-0.60677648,0.02028219
29.260000,0,RL_foot,-3.62799764,-0.90494722,0.02028386
29.260000,0,RR_foot,-3.67769504,-0.56204158,0.03797278
29.280000,0,FL_foot,-4.06424904,-0.93531060,0.02394904
29.280000,0,FR_foot,-4.19196415,-0.60692251,0.02028730
29.280000,0,RL_foot,-3.62778163,-0.90489310,0.02027303
29.280000,0,RR_foot,-3.65247321,-0.55228305,0.03898697
29.300000,0,FL_foot,-4.02758026,-0.93121779,0.02260576
29.300000,0,FR_foot,-4.19176483,-0.60709065,0.02028840
29.300000,0,RL_foot,-3.62754941,-0.90481669,0.02026751
29.300000,0,RR_foot,-3.62922096,-0.54133981,0.03961784
29.320000,0,FL_foot,-3.99348044,-0.92947268,0.02200270
29.320000,0,FR_foot,-4.19156027,-0.60725528,0.02029324
29.320000,0,RL_foot,-3.62729621,-0.90471286,0.02027007
29.320000,0,RR_foot,-3.60940552,-0.53062165,0.03965454
29.340000,0,FL_foot,-3.96300197,-0.93044424,0.02178364
29.340000,0,FR_foot,-4.19135046,-0.60741496,0.02029487
29.340000,0,RL_foot,-3.62701249,-0.90463263,0.02027056
29.340000,0,RR_foot,-3.59319758,-0.52008951,0.03852227
29.360000,0,FL_foot,-3.93663144,-0.93451101,0.02147179
29.360000,0,FR_foot,-4.19112206,-0.60755515,0.02029457
29.360000,0,RL_foot,-3.62670851,-0.90454459,0.02026757
29.360000,0,RR_foot,-3.58046150,-0.50955683,0.03600235
29.380000,0,FL_foot,-3.91479349,-0.94097322,0.02107137
29.380000,0,FR_foot,-4.19088125,-0.60766065,0.02029823
29.380000,0,RL_foot,-3.62639189,-0.90442127,0.02027703
29.380000,0,RR_foot,-3.57107949,-0.50073147,0.03257918
29.400000,0,FL_foot,-3.89799166,-0.94957358,0.02016264
29.400000,0,FR_foot,-4.19061041,-0.60774124,0.02029810
29.400000,0,RL_foot,-3.62605000,-0.90428847,0.02027131
29.400000,0,RR_foot,-3.56509328,-0.49483728,0.02828323
29.420000,0,FL_foot,-3.89445543,-0.95369309,0.02017493
29.420000,0,FR_foot,-4.19028854,-0.60780197,0.02029699
29.420000,0,RL_foot,-3.62563324,-0.90416586,0.02026251
29.420000,0,RR_foot,-3.56316590,-0.49143058,0.02101245
29.440000,0,FL_foot,-3.89406157,-0.95372969,0.02020190
29.440000,0,FR_foot,-4.18849897,-0.60398388,0.02054982
29.440000,0,RL_foot,-3.62694883,-0.89329028,0.02682393
29.440000,0,RR_foot,-3.56290674,-0.49128634,0.02020068
29.460000,0,FL_foot,-3.89369845,-0.95383626,0.02021685
29.460000,0,FR_foot,-4.18737888,-0.60264117,0.02032667
29.460000,0,RL_foot,-3.63018560,-0.86898738,0.04445131
29.460000,0,RR_foot,-3.56264949,-0.49117163,0.02018254
29.480000,0,FL_foot,-3.89329767,-0.95392895,0.02021477
29.480000,0,FR_foot,-4.18712187,-0.60284048,0.02033109
29.480000,0,RL_foot,-3.63290834,-0.84511405,0.06693487
29.480000,0,RR_foot,-3.56241322,-0.49104625,0.02018658
29.500000,0,FL_foot,-3.89291668,-0.95400149,0.02021636
29.500000,0,FR_foot,-4.18686962,-0.60302603,0.02033042
29.500000,0,RL_foot,-3.63169646,-0.82862836,0.08637992
29.500000,0,RR_foot,-3.56219435,-0.49092749,0.02018972
29.520000,0,FL_foot,-3.89255571,-0.95405692,0.02021298
29.520000,0,FR_foot,-4.18661642,-0.60318726,0.02033507
29.520000,0,RL_foot,-3.62753344,-0.81763804,0.10166880
29.520000,0,RR_foot,-3.56198311,-0.49081299,0.02018452
29.540000,0,FL_foot,-3.89222956,-0.95409006,0.02021258
29.540000,0,FR_foot,-4.18637037,-0.60334283,0.02034227
29.540000,0,RL_foot,-3.62212634,-0.81000489,0.11364977
29.540000,0,RR_foot,-3.56177545,-0.49070415,0.02018449
29.560000,0,FL_foot,-3.89191008,-0.95412016,0.02021629
29.560000,0,FR_foot,-4.18605518,-0.60348564,0.02034447
29.560000,0,RL_foot,-3.61631989,-0.80442381,0.12315397
29.560000,0,RR_foot,-3.56157899,-0.49061608,0.02018280
29.580000,0,FL_foot,-3.89161658,-0.95414054,0.02021698
29.580000,0,FR_foot,-4.18518639,-0.60366058,0.02033780
29.580000,0,RL_foot,-3.61051083,-0.80016786,0.13065800
29.580000,0,RR_foot,-3.56139302,-0.49052498,0.02018260
29.600000,0,FL_foot,-3.89135957,-0.95413077,0.02021979
29.600000,0,FR_foot,-4.18309784,-0.60420966,0.02034358
29.600000,0,RL_foot,-3.60480428,-0.79677778,0.13653126
29.600000,0,RR_foot,-3.56121230,-0.49043360,0.02019080
29.620000,0,FL_foot,-3.89111090,-0.95411909,0.02022630
29.620000,0,FR_foot,-4.17964315,-0.60499531,0.02034472
29.620000,0,RL_foot,-3.59918499,-0.79399294,0.14105432
29.620000,0,RR_foot,-3.56103611,-0.49035609,0.02019290
29.640000,0,FL_foot,-3.89088130,-0.95409071,0.02022810
29.640000,0,FR_foot,-4.17497158,-0.60580856,0.02034484
29.640000,0,RL_foot,-3.59357524,-0.79162335,0.14446536
29.640000,0,RR_foot,-3.56085300,-0.49026656,0.02019333
29.660000,0,FL_foot,-3.89067769,-0.95403618,0.02023237
29.660000,0,FR_foot,-4.16907787,-0.60654336,0.02034304
29.660000,0,RL_foot,-3.58790112,-0.78953588,0.14696351
29.660000,0,RR_foot,-3.56066084,-0.49017280,0.02020055
29.680000,0,FL_foot,-3.89046717,-0.95398289,0.02023869
29.680000,0,FR_foot,-4.16200066,-0.60711944,0.02033992
29.680000,0,RL_foot,-3.58208251,-0.78764856,0.14871378
29.680000,0,RR_foot,-3.56047058,-0.49008664,0.02020329
29.700000,0,FL_foot,-3.89026046,-0.95391369,0.02023981
29.700000,0,FR_foot,-4.15369368,-0.60751116,0.02033590
29.700000,0,RL_foot,-3.57606411,-0.78588790,0.14983167
29.700000,0,RR_foot,-3.56026101,-0.48998630,0.02020334
29.720000,0,FL_foot,-3.89006829,-0.95382708,0.02024454
29.720000,0,FR_foot,-4.14415455,-0.60767502,0.02033097
29.720000,0,RL_foot,-3.56982183,-0.78420651,0.15045127
29.720000,0,RR_foot,-3.56004071,-0.48988381,0.02021079
29.740000,0,FL_foot,-3.88985968,-0.95374155,0.02024779
29.740000,0,FR_foot,-4.13361502,-0.60762572,0.02032312
29.740000,0,RL_foot,-3.56337738,-0.78260481,0.15069981
29.740000,0,RR_foot,-3.55982089,-0.48979390,0.02021084
29.760000,0,FL_foot,-3.88964605,-0.95364922,0.02024723
29.760000,0,FR_foot,-4.12226343,-0.60745776,0.02031653
29.760000,0,RL_foot,-3.55677843,-0.78107548,0.15070184
29.760000,0,RR_foot,-3.55957961,-0.48970094,0.02020995
29.780000,0,FL_foot,-3.88943744,-0.95354950,0.02024818
29.780000,0,FR_foot,-4.11023283,-0.60721427,0.02030982
29.780000,0,RL_foot,-3.55006671,-0.77961338,0.15054899
29.780000,0,RR_foot,-3.55933094,-0.48961794,0.02021355
29.800000,0,FL_foot,-3.88920784,-0.95346135,0.02025247
29.800000,0,FR_foot,-4.09771729,-0.60690361,0.02030275
29.800000,0,RL_foot,-3.54326224,-0.77822793,0.15029085
29.800000,0,RR_foot,-3.55908728,-0.48955616,0.02021417
29.820000,0,FL_foot,-3.88897419,-0.95337272,0.02025282
29.820000,0,FR_foot,-4.08486223,-0.60650420,0.02029981
29.820000,0,RL_foot,-3.53636265,-0.77691132,0.14993942
29.820000,0,RR_foot,-3.55883050,-0.48949549,0.02021427
29.840000,0,FL_foot,-3.88874292,-0.95327950,0.02025252
29.840000,0,FR_foot,-4.07176876,-0.60596710,0.02029370
29.840000,0,RL_foot,-3.52929044,-0.77572852,0.14934935
29.840000,0,RR_foot,-3.55857182,-0.48944816,0.02021807
29.860000,0,FL_foot,-3.88849473,-0.95319927,0.02025593
29.860000,0,FR_foot,-4.05861855,-0.60529155,0.02028682
29.860000,0,RL_foot,-3.52178001,-0.77501768,0.14774297
29.860000,0,RR_foot,-3.55831647,-0.48942611,0.02021767
29.880000,0,FL_foot,-3.88824940,-0.95311886,0.02025382
29.880000,0,FR_foot,-4.04542112,-0.60456878,0.02028281
29.880000,0,RL_foot,-3.51351857,-0.77498859,0.14461359
29.880000,0,RR_foot,-3.55805993,-0.48939961,0.02021522
29.900000,0,FL_foot,-3.88801384,-0.95300639,0.02024944
29.900000,0,FR_foot,-4.03226233,-0.60397029,0.02031646
29.900000,0,RL_foot,-3.50412297,-0.77586317,0.13953114
29.900000,0,RR_foot,-3.55780602,-0.48937821,0.02021910
29.920000,0,FL_foot,-3.88776875,-0.95292622,0.02025245
29.920000,0,FR_foot,-4.01944590,-0.60375953,0.02051914
29.920000,0,RL_foot,-3.49310565,-0.77798635,0.13198751
29.920000,0,RR_foot,-3.55755186,-0.48940158,0.02021778
29.940000,0,FL_foot,-3.88752246,-0.95284742,0.02025384
29.940000,0,FR_foot,-4.00706673,-0.60405385,0.02097440
29.940000,0,RL_foot,-3.47959876,-0.78199798,0.12112317
29.940000,0,RR_foot,-3.55729771,-0.48939562,0.02021700
29.960000,0,FL_foot,-3.88728166,-0.95271540,0.02025636
29.960000,0,FR_foot,-3.99472499,-0.60474354,0.02161077
29.960000,0,RL_foot,-3.46252918,-0.78904343,0.10614815
29.960000,0,RR_foot,-3.55704641,-0.48938265,0.02022657
29.980000,0,FL_foot,-3.88701463,-0.95264876,0.02026694
29.980000,0,FR_foot,-3.98184729,-0.60536551,0.02229155
29.980000,0,RL_foot,-3.44092870,-0.80063331,0.08733415
29.980000,0,RR_foot,-3.55678821,-0.48942539,0.02023475
30.000000,0,FL_foot,-3.88672924,-0.95257384,0.02027379
30.000000,0,FR_foot,-3.96854782,-0.60423136,0.02256130
30.000000,0,RL_foot,-3.41474414,-0.81741345,0.06705832
30.000000,0,RR_foot,-3.55652118,-0.48942807,0.02024203
30.020000,0,FL_foot,-3.88642621,-0.95248365,0.02027333
30.020000,0,FR_foot,-3.95506287,-0.59932172,0.02177823
30.020000,0,RL_foot,-3.38708758,-0.83707678,0.04946435
30.020000,0,RR_foot,-3.55622530,-0.48945466,0.02024731
