time_s,segment,body,x_m,y_m,z_m
0.000000,0,FL_foot,0.24780178,0.19358142,0.02014171
0.000000,0,FR_foot,0.22555758,-0.25329512,0.02033277
0.000000,0,RL_foot,-0.15206595,0.21612467,0.02103681
0.000000,0,RR_foot,-0.19706483,-0.22886650,0.02035467
0.020000,0,FL_foot,0.24475737,0.19238858,0.02022730
0.020000,0,FR_foot,0.21936499,-0.24406995,0.02272328
0.020000,0,RL_foot,-0.16076857,0.20433736,0.02210394
0.020000,0,RR_foot,-0.20021032,-0.22752583,0.02022222
0.040000,0,FL_foot,0.24481454,0.19232941,0.02022291
0.040000,0,FR_foot,0.21902242,-0.24156217,0.02335775
0.040000,0,RL_foot,-0.16037121,0.20050801,0.02284341
0.040000,0,RR_foot,-0.20017387,-0.22757249,0.02021352
0.060000,0,FL_foot,0.24484488,0.19229870,0.02022244
0.060000,0,FR_foot,0.21824571,-0.24143505,0.02292789
0.060000,0,RL_foot,-0.15837370,0.19823250,0.02380853
0.060000,0,RR_foot,-0.20014027,-0.22759952,0.02020864
0.080000,0,FL_foot,0.24487948,0.19225398,0.02022178
0.080000,0,FR_foot,0.21693125,-0.24176574,0.02211563
0.080000,0,RL_foot,-0.15535693,0.19589989,0.02512201
0.080000,0,RR_foot,-0.20010732,-0.22764027,0.02020936
0.100000,0,FL_foot,0.24491037,0.19222079,0.02022136
0.100000,0,FR_foot,0.21545590,-0.24211225,0.02109911
0.100000,0,RL_foot,-0.15200721,0.19367729,0.02666078
0.100000,0,RR_foot,-0.20006593,-0.22765854,0.02020798
0.120000,0,FL_foot,0.24495035,0.19217308,0.02022717
0.120000,0,FR_foot,0.21441731,-0.24229813,0.02021185
0.120000,0,RL_foot,-0.14879590,0.19176477,0.02813152
0.120000,0,RR_foot,-0.20003213,-0.22772127,0.02024597
0.140000,0,FL_foot,0.24499232,0.19210488,0.02022336
0.140000,0,FR_foot,0.21441300,-0.24237008,0.02022346
0.140000,0,RL_foot,-0.14561966,0.19030663,0.02859221
0.140000,0,RR_foot,-0.20002559,-0.22771473,0.02020902
0.160000,0,FL_foot,0.24503723,0.19203113,0.02022194
0.160000,0,FR_foot,0.21441016,-0.24243435,0.02022441
0.160000,0,RL_foot,-0.14298643,0.18900080,0.02906656
0.160000,0,RR_foot,-0.20002092,-0.22775416,0.02020851
0.180000,0,FL_foot,0.24508141,0.19195981,0.02022098
0.180000,0,FR_foot,0.21440573,-0.24249353,0.02022374
0.180000,0,RL_foot,-0.14074369,0.18779294,0.02951341
0.180000,0,RR_foot,-0.20001733,-0.22779091,0.02020780
0.200000,0,FL_foot,0.24511707,0.19190182,0.02022071
0.200000,0,FR_foot,0.21440254,-0.24255201,0.02022315
0.200000,0,RL_foot,-0.13877565,0.18665339,0.02993788
0.200000,0,RR_foot,-0.20000944,-0.22780681,0.02020781
0.220000,0,FL_foot,0.24515577,0.19183794,0.02022005
0.220000,0,FR_foot,0.21439753,-0.24260598,0.02022259
0.220000,0,RL_foot,-0.13701637,0.18559188,0.03033702
0.220000,0,RR_foot,-0.20000726,-0.22783881,0.02020738
0.240000,0,FL_foot,0.24518740,0.19178706,0.02021949
0.240000,0,FR_foot,0.21439323,-0.24265473,0.02022377
0.240000,0,RL_foot,-0.13544030,0.18459333,0.03071371
0.240000,0,RR_foot,-0.20000462,-0.22786765,0.02020731
0.260000,0,FL_foot,0.24522075,0.19173305,0.02021887
0.260000,0,FR_foot,0.21438973,-0.24270178,0.02022196
0.260000,0,RL_foot,-0.13402203,0.18366468,0.03106635
0.260000,0,RR_foot,-0.20000151,-0.22789244,0.02020690
0.280000,0,FL_foot,0.24524646,0.19169179,0.02021824
0.280000,0,FR_foot,0.21438567,-0.24274099,0.02022168
0.280000,0,RL_foot,-0.13274606,0.18282270,0.03138697
0.280000,0,RR_foot,-0.19999585,-0.22789568,0.02020636
0.300000,0,FL_foot,0.24527006,0.19165708,0.02021839
0.300000,0,FR_foot,0.21438399,-0.24277730,0.02022042
0.300000,0,RL_foot,-0.13160488,0.18206832,0.03168055
0.300000,0,RR_foot,-0.19999304,-0.22791331,0.02020519
0.320000,0,FL_foot,0.24529482,0.19161823,0.02021755
0.320000,0,FR_foot,0.21438159,-0.24280682,0.02022118
0.320000,0,RL_foot,-0.13058718,0.18140186,0.03194208
0.320000,0,RR_foot,-0.19999003,-0.22792900,0.02020606
0.340000,0,FL_foot,0.24531241,0.19159286,0.02021720
0.340000,0,FR_foot,0.21438019,-0.24283049,0.02022096
0.340000,0,RL_foot,-0.12968558,0.18081529,0.03217616
0.340000,0,RR_foot,-0.19998652,-0.22794069,0.02020589
0.360000,0,FL_foot,0.24532756,0.19157268,0.02021699
0.360000,0,FR_foot,0.21438001,-0.24284971,0.02022083
0.360000,0,RL_foot,-0.12888157,0.18032129,0.03237797
0.360000,0,RR_foot,-0.19998297,-0.22794946,0.02020563
0.380000,0,FL_foot,0.24534564,0.19154966,0.02021639
0.380000,0,FR_foot,0.21438076,-0.24286415,0.02022056
0.380000,0,RL_foot,-0.12816700,0.17991276,0.03254870
0.380000,0,RR_foot,-0.19997910,-0.22795516,0.02020530
0.400000,0,FL_foot,0.24535564,0.19153926,0.02021640
0.400000,0,FR_foot,0.21438301,-0.24287695,0.02022059
0.400000,0,RL_foot,-0.12753609,0.17958237,0.03269361
0.400000,0,RR_foot,-0.19997458,-0.22795802,0.02020548
0.420000,0,FL_foot,0.24536422,0.19153260,0.02021657
0.420000,0,FR_foot,0.21438578,-0.24288301,0.02022047
0.420000,0,RL_foot,-0.12698089,0.17932905,0.03281101
0.420000,0,RR_foot,-0.19997001,-0.22795799,0.02020500
0.440000,0,FL_foot,0.24537523,0.19150671,0.02020294
0.440000,0,FR_foot,0.21549250,-0.24417464,0.02146120
0.440000,0,RL_foot,-0.12990895,0.17832892,0.03134323
0.440000,0,RR_foot,-0.19999810,-0.22796689,0.02018163
0.460000,0,FL_foot,0.24547084,0.19145757,0.02020500
0.460000,0,FR_foot,0.22293133,-0.24932930,0.02342138
0.460000,0,RL_foot,-0.13619851,0.17751557,0.02800392
0.460000,0,RR_foot,-0.20000176,-0.22797583,0.02018465
0.480000,0,FL_foot,0.24559097,0.19141461,0.02020948
0.480000,0,FR_foot,0.23703231,-0.25553128,0.02613036
0.480000,0,RL_foot,-0.14329909,0.17759424,0.02376113
0.480000,0,RR_foot,-0.19998774,-0.22801636,0.02019032
0.500000,0,FL_foot,0.24562952,0.19145092,0.02028972
0.500000,0,FR_foot,0.25483751,-0.26075459,0.02924914
0.500000,0,RL_foot,-0.14767161,0.17764191,0.02013152
0.500000,0,RR_foot,-0.19995709,-0.22805537,0.02019466
0.520000,0,FL_foot,0.24514881,0.19244763,0.02020491
0.520000,0,FR_foot,0.27220547,-0.26328120,0.03057762
0.520000,0,RL_foot,-0.14808001,0.17375296,0.02087615
0.520000,0,RR_foot,-0.19979976,-0.22795571,0.02019475
0.540000,0,FL_foot,0.24532922,0.19243133,0.02020279
0.540000,0,FR_foot,0.28855434,-0.26671210,0.03229444
0.540000,0,RL_foot,-0.14676203,0.17035264,0.02091818
0.540000,0,RR_foot,-0.19962907,-0.22790933,0.02019196
0.560000,0,FL_foot,0.24552327,0.19241254,0.02020198
0.560000,0,FR_foot,0.30399603,-0.27045283,0.03395646
0.560000,0,RL_foot,-0.14364479,0.16773231,0.02074978
0.560000,0,RR_foot,-0.19943602,-0.22788016,0.02019434
0.580000,0,FL_foot,0.24573363,0.19238757,0.02020034
0.580000,0,FR_foot,0.31759861,-0.27392495,0.03518328
0.580000,0,RL_foot,-0.13927045,0.16533619,0.02086662
0.580000,0,RR_foot,-0.19922175,-0.22784859,0.02019204
0.600000,0,FL_foot,0.24596375,0.19234379,0.02019709
0.600000,0,FR_foot,0.32864150,-0.27710778,0.03560180
0.600000,0,RL_foot,-0.13407573,0.16299732,0.02142716
0.600000,0,RR_foot,-0.19898023,-0.22781602,0.02019100
0.620000,0,FL_foot,0.24620312,0.19230330,0.02019172
0.620000,0,FR_foot,0.33698854,-0.27998459,0.03496122
0.620000,0,RL_foot,-0.12838763,0.16091394,0.02237161
0.620000,0,RR_foot,-0.19870831,-0.22778164,0.02018412
0.640000,0,FL_foot,0.24646053,0.19225898,0.02018982
0.640000,0,FR_foot,0.34286183,-0.28241405,0.03315977
0.640000,0,RL_foot,-0.12250748,0.15933838,0.02358861
0.640000,0,RR_foot,-0.19840097,-0.22772959,0.02017890
0.660000,0,FL_foot,0.24673501,0.19219388,0.02018457
0.660000,0,FR_foot,0.34657279,-0.28412667,0.03017020
0.660000,0,RL_foot,-0.11670650,0.15860352,0.02489439
0.660000,0,RR_foot,-0.19806634,-0.22770929,0.02017457
0.680000,0,FL_foot,0.24701811,0.19213031,0.02018052
0.680000,0,FR_foot,0.34836906,-0.28471634,0.02596213
0.680000,0,RL_foot,-0.11132643,0.15939258,0.02597643
0.680000,0,RR_foot,-0.19770002,-0.22768350,0.02016640
0.700000,0,FL_foot,0.24731235,0.19205940,0.02017472
0.700000,0,FR_foot,0.34837499,-0.28382367,0.02051041
0.700000,0,RL_foot,-0.10696399,0.16214086,0.02674223
0.700000,0,RR_foot,-0.19730265,-0.22771211,0.02015921
0.720000,0,FL_foot,0.24766833,0.19190322,0.02017862
0.720000,0,FR_foot,0.34865645,-0.28399670,0.02026238
0.720000,0,RL_foot,-0.10258803,0.16471881,0.02347191
0.720000,0,RR_foot,-0.19603147,-0.22878319,0.02017382
0.740000,0,FL_foot,0.24802361,0.19174735,0.02022038
0.740000,0,FR_foot,0.34887737,-0.28417298,0.02025469
0.740000,0,RL_foot,-0.10003443,0.16682346,0.02011562
0.740000,0,RR_foot,-0.19576108,-0.22879100,0.02024015
0.760000,0,FL_foot,0.25509793,0.18722302,0.02105263
0.760000,0,FR_foot,0.34905529,-0.28433478,0.02025509
0.760000,0,RL_foot,-0.09974336,0.16677023,0.02021885
0.760000,0,RR_foot,-0.19202484,-0.22396475,0.02150165
0.780000,0,FL_foot,0.27222213,0.17548588,0.02216070
0.780000,0,FR_foot,0.34923708,-0.28445327,0.02025458
0.780000,0,RL_foot,-0.09947357,0.16670957,0.02022435
0.780000,0,RR_foot,-0.18303390,-0.21350627,0.02288336
0.800000,0,FL_foot,0.29934067,0.16529226,0.02376023
0.800000,0,FR_foot,0.34944078,-0.28456679,0.02025512
0.800000,0,RL_foot,-0.09920622,0.16663112,0.02023377
0.800000,0,RR_foot,-0.16989994,-0.20202529,0.02392644
0.820000,0,FL_foot,0.33166316,0.15904500,0.02591512
0.820000,0,FR_foot,0.34966290,-0.28466403,0.02025235
0.820000,0,RL_foot,-0.09892192,0.16658264,0.02024545
0.820000,0,RR_foot,-0.15464371,-0.19261321,0.02458789
0.840000,0,FL_foot,0.36429557,0.15648654,0.02826723
0.840000,0,FR_foot,0.34990045,-0.28475267,0.02024746
0.840000,0,RL_foot,-0.09862467,0.16651461,0.02024143
0.840000,0,RR_foot,-0.13874850,-0.18630971,0.02497553
0.860000,0,FL_foot,0.39433008,0.15643919,0.03048438
0.860000,0,FR_foot,0.35015494,-0.28483611,0.02024568
0.860000,0,RL_foot,-0.09829263,0.16641302,0.02024554
0.860000,0,RR_foot,-0.12315615,-0.18290977,0.02523216
0.880000,0,FL_foot,0.42026111,0.15777025,0.03226706
0.880000,0,FR_foot,0.35043922,-0.28489205,0.02023969
0.880000,0,RL_foot,-0.09793883,0.16630530,0.02023334
0.880000,0,RR_foot,-0.10843718,-0.18168885,0.02546818
0.900000,0,FL_foot,0.44140595,0.15982139,0.03324059
0.900000,0,FR_foot,0.35072991,-0.28494757,0.02023721
0.900000,0,RL_foot,-0.09754444,0.16616952,0.02023129
0.900000,0,RR_foot,-0.09505077,-0.18208654,0.02569359
0.920000,0,FL_foot,0.45784947,0.16206202,0.03303622
0.920000,0,FR_foot,0.35103393,-0.28499103,0.02023097
0.920000,0,RL_foot,-0.09711963,0.16602658,0.02021567
0.920000,0,RR_foot,-0.08317331,-0.18376341,0.02588010
0.940000,0,FL_foot,0.47009805,0.16396773,0.03143623
0.940000,0,FR_foot,0.35135832,-0.28501552,0.02022805
0.940000,0,RL_foot,-0.09666656,0.16588944,0.02020707
0.940000,0,RR_foot,-0.07279346,-0.18661509,0.02602258
0.960000,0,FL_foot,0.47867146,0.16511917,0.02831002
0.960000,0,FR_foot,0.35167521,-0.28503162,0.02022279
0.960000,0,RL_foot,-0.09619128,0.16576645,0.02019397
0.960000,0,RR_foot,-0.06396657,-0.19059205,0.02610840
0.980000,0,FL_foot,0.48362014,0.16543612,0.02351721
0.980000,0,FR_foot,0.35199165,-0.28503826,0.02021695
0.980000,0,RL_foot,-0.09570043,0.16567655,0.02017979
0.980000,0,RR_foot,-0.05713350,-0.19566979,0.02614810
1.000000,0,FL_foot,0.48449162,0.16528089,0.02025781
1.000000,0,FR_foot,0.35233828,-0.28499156,0.02022669
1.000000,0,RL_foot,-0.09356958,0.16641282,0.02021702
1.000000,0,RR_foot,-0.05286456,-0.20085712,0.02452821
1.020000,0,FL_foot,0.48478073,0.16541368,0.02022136
1.020000,0,FR_foot,0.35303143,-0.28507882,0.02023315
1.020000,0,RL_foot,-0.08870838,0.16332838,0.02026064
1.020000,0,RR_foot,-0.05199650,-0.20438787,0.02005384
1.040000,0,FL_foot,0.48501161,0.16552433,0.02025011
1.040000,0,FR_foot,0.36580682,-0.27706811,0.02231095
1.040000,0,RL_foot,-0.07542428,0.15028618,0.02442078
1.040000,0,RR_foot,-0.05169297,-0.20424810,0.02014758
1.060000,0,FL_foot,0.48525384,0.16559538,0.02025007
1.060000,0,FR_foot,0.39360940,-0.27125785,0.02399478
1.060000,0,RL_foot,-0.05407822,0.13878876,0.02794866
1.060000,0,RR_foot,-0.05135999,-0.20408735,0.02015560
1.080000,0,FL_foot,0.48549345,0.16566055,0.02024857
1.080000,0,FR_foot,0.42933390,-0.26986086,0.02618218
1.080000,0,RL_foot,-0.03139678,0.12998936,0.03115386
1.080000,0,RR_foot,-0.05103227,-0.20399474,0.02016406
1.100000,0,FL_foot,0.48573491,0.16571805,0.02024584
1.100000,0,FR_foot,0.46502936,-0.27235264,0.02865912
1.100000,0,RL_foot,-0.01004169,0.12471198,0.03343427
1.100000,0,RR_foot,-0.05069355,-0.20392179,0.02017310
1.120000,0,FL_foot,0.48599190,0.16575266,0.02024506
1.120000,0,FR_foot,0.49507001,-0.27767995,0.03048164
1.120000,0,RL_foot,0.00868712,0.12208502,0.03512080
1.120000,0,RR_foot,-0.05031317,-0.20385675,0.02018908
1.140000,0,FL_foot,0.48625082,0.16579100,0.02024089
1.140000,0,FR_foot,0.51669008,-0.28479597,0.03065068
1.140000,0,RL_foot,0.02455549,0.12086181,0.03680408
1.140000,0,RR_foot,-0.04992101,-0.20382233,0.02018486
1.160000,0,FL_foot,0.48651513,0.16582078,0.02023729
1.160000,0,FR_foot,0.53025067,-0.29213953,0.02882785
1.160000,0,RL_foot,0.03776722,0.12101872,0.03825773
1.160000,0,RR_foot,-0.04949148,-0.20378497,0.02017583
1.180000,0,FL_foot,0.48679617,0.16581827,0.02023487
1.180000,0,FR_foot,0.53786063,-0.29814941,0.02524459
1.180000,0,RL_foot,0.04856961,0.12255150,0.03926753
1.180000,0,RR_foot,-0.04904448,-0.20376065,0.02016768
1.200000,0,FL_foot,0.48707834,0.16580038,0.02023062
1.200000,0,FR_foot,0.54183334,-0.30190286,0.02026214
1.200000,0,RL_foot,0.05704490,0.12548283,0.03971179
1.200000,0,RR_foot,-0.04858227,-0.20375402,0.02015386
1.220000,0,FL_foot,0.48740065,0.16569306,0.02022854
1.220000,0,FR_foot,0.54211074,-0.30215639,0.02028074
1.220000,0,RL_foot,0.06487801,0.12811099,0.03625877
1.220000,0,RR_foot,-0.04796804,-0.20485656,0.02017360
1.240000,0,FL_foot,0.48771667,0.16556932,0.02022412
1.240000,0,FR_foot,0.54269069,-0.30256924,0.02027707
1.240000,0,RL_foot,0.07212874,0.13146244,0.03236322
1.240000,0,RR_foot,-0.04766737,-0.20478435,0.02016658
1.260000,0,FL_foot,0.48799798,0.16545907,0.02022113
1.260000,0,FR_foot,0.54286450,-0.30277136,0.02027500
1.260000,0,RL_foot,0.07737615,0.13505301,0.02834205
1.260000,0,RR_foot,-0.04736528,-0.20470317,0.02015591
1.280000,0,FL_foot,0.48826835,0.16535814,0.02021674
1.280000,0,FR_foot,0.54303229,-0.30295366,0.02027190
1.280000,0,RL_foot,0.08013636,0.13902782,0.02405892
1.280000,0,RR_foot,-0.04707549,-0.20463355,0.02014687
1.300000,0,FL_foot,0.48868838,0.16544569,0.02028235
1.300000,0,FR_foot,0.54325008,-0.30309409,0.02025091
1.300000,0,RL_foot,0.07996187,0.14252120,0.02011166
1.300000,0,RR_foot,-0.04669150,-0.20476766,0.02017843
1.320000,0,FL_foot,0.49662682,0.16193119,0.02206545
1.320000,0,FR_foot,0.54341185,-0.30320445,0.02026876
1.320000,0,RL_foot,0.08026394,0.14256352,0.02024184
1.320000,0,RR_foot,-0.04196435,-0.20174146,0.02118247
1.340000,0,FL_foot,0.51484299,0.15559542,0.02423862
1.340000,0,FR_foot,0.54359335,-0.30329770,0.02026802
1.340000,0,RL_foot,0.08051202,0.14246032,0.02024376
1.340000,0,RR_foot,-0.02950501,-0.19526504,0.02246395
1.360000,0,FL_foot,0.53911912,0.15018535,0.02689539
1.360000,0,FR_foot,0.54377502,-0.30339912,0.02026757
1.360000,0,RL_foot,0.08077506,0.14234933,0.02025688
1.360000,0,RR_foot,-0.01154782,-0.18943766,0.02325181
1.380000,0,FL_foot,0.56485140,0.14732851,0.02962524
1.380000,0,FR_foot,0.54395986,-0.30350935,0.02026423
1.380000,0,RL_foot,0.08105227,0.14226598,0.02026230
1.380000,0,RR_foot,0.00851826,-0.18541649,0.02398643
1.400000,0,FL_foot,0.58908880,0.14669232,0.03205236
1.400000,0,FR_foot,0.54415894,-0.30361074,0.02025832
1.400000,0,RL_foot,0.08134681,0.14216307,0.02025507
1.400000,0,RR_foot,0.02798052,-0.18346450,0.02490785
1.420000,0,FL_foot,0.61008233,0.14749856,0.03391872
1.420000,0,FR_foot,0.54436916,-0.30371574,0.02025623
1.420000,0,RL_foot,0.08167577,0.14203101,0.02026219
1.420000,0,RR_foot,0.04537724,-0.18338233,0.02595983
1.440000,0,FL_foot,0.62714177,0.14921977,0.03488531
1.440000,0,FR_foot,0.54459834,-0.30381164,0.02024896
1.440000,0,RL_foot,0.08202307,0.14188525,0.02024136
1.440000,0,RR_foot,0.06040333,-0.18490817,0.02699002
1.460000,0,FL_foot,0.64032966,0.15131412,0.03483993
1.460000,0,FR_foot,0.54485148,-0.30389577,0.02024731
1.460000,0,RL_foot,0.08240594,0.14171477,0.02024234
1.460000,0,RR_foot,0.07333545,-0.18757436,0.02785538
1.480000,0,FL_foot,0.65041775,0.15337703,0.03376919
1.480000,0,FR_foot,0.54510653,-0.30397621,0.02024068
1.480000,0,RL_foot,0.08280277,0.14155303,0.02022339
1.480000,0,RR_foot,0.08463691,-0.19091752,0.02856385
1.500000,0,FL_foot,0.65814966,0.15503122,0.03171529
1.500000,0,FR_foot,0.54537082,-0.30405283,0.02023542
1.500000,0,RL_foot,0.08322912,0.14138618,0.02021032
1.500000,0,RR_foot,0.09464294,-0.19475034,0.02916097
1.520000,0,FL_foot,0.66412091,0.15598704,0.02870584
1.520000,0,FR_foot,0.54565191,-0.30410007,0.02023242
1.520000,0,RL_foot,0.08367315,0.14123709,0.02020596
1.520000,0,RR_foot,0.10356497,-0.19900134,0.02970234
1.540000,0,FL_foot,0.66881156,0.15606706,0.02474475
1.540000,0,FR_foot,0.54593003,-0.30414101,0.02022849
1.540000,0,RL_foot,0.08413224,0.14110912,0.02019667
1.540000,0,RR_foot,0.11147898,-0.20365201,0.03025409
1.560000,0,FL_foot,0.67174971,0.15541954,0.02017312
1.560000,0,FR_foot,0.54622418,-0.30415514,0.02016631
1.560000,0,RL_foot,0.08465084,0.14109892,0.02033864
1.560000,0,RR_foot,0.11825601,-0.20848384,0.03067144
1.580000,0,FL_foot,0.67189318,0.15563336,0.02025229
1.580000,0,FR_foot,0.54656196,-0.30409077,0.02022506
1.580000,0,RL_foot,0.08510951,0.14161012,0.02017973
1.580000,0,RR_foot,0.12434669,-0.21267238,0.02704675
1.600000,0,FL_foot,0.67211181,0.15578359,0.02025262
1.600000,0,FR_foot,0.54685152,-0.30403921,0.02022565
1.600000,0,RL_foot,0.08541655,0.14150678,0.02018024
1.600000,0,RR_foot,0.12732990,-0.21752787,0.02246159
1.620000,0,FL_foot,0.67232108,0.15591016,0.02024948
1.620000,0,FR_foot,0.54859358,-0.30465046,0.02067349
1.620000,0,RL_foot,0.09038392,0.13742673,0.02085335
1.620000,0,RR_foot,0.12755170,-0.21879838,0.02018395
1.640000,0,FL_foot,0.67250818,0.15599406,0.02025205
1.640000,0,FR_foot,0.56282163,-0.29828608,0.02252447
1.640000,0,RL_foot,0.10640796,0.12406807,0.02499443
1.640000,0,RR_foot,0.12783846,-0.21865828,0.02016348
1.660000,0,FL_foot,0.67271477,0.15605327,0.02024775
1.660000,0,FR_foot,0.59004372,-0.29431581,0.02449346
1.660000,0,RL_foot,0.12868203,0.11409506,0.02820487
1.660000,0,RR_foot,0.12812687,-0.21856584,0.02015808
1.680000,0,FL_foot,0.67292577,0.15610409,0.02024482
1.680000,0,FR_foot,0.62330341,-0.29442817,0.02697639
1.680000,0,RL_foot,0.15137425,0.10702321,0.03109330
1.680000,0,RR_foot,0.12842432,-0.21848547,0.02016527
1.700000,0,FL_foot,0.67315024,0.15615183,0.02024289
1.700000,0,FR_foot,0.65509188,-0.29802611,0.02948790
1.700000,0,RL_foot,0.17173822,0.10336908,0.03307317
1.700000,0,RR_foot,0.12875877,-0.21841016,0.02017546
1.720000,0,FL_foot,0.67339349,0.15618363,0.02023802
1.720000,0,FR_foot,0.68037331,-0.30397773,0.03099077
1.720000,0,RL_foot,0.18903272,0.10172521,0.03476576
1.720000,0,RR_foot,0.12911861,-0.21835978,0.02017837
1.740000,0,FL_foot,0.67363995,0.15622815,0.02023581
1.740000,0,FR_foot,0.69743282,-0.31109658,0.03063421
1.740000,0,RL_foot,0.20338300,0.10138945,0.03642821
1.740000,0,RR_foot,0.12952438,-0.21830642,0.02017874
1.760000,0,FL_foot,0.67389703,0.15626355,0.02023194
1.760000,0,FR_foot,0.70742452,-0.31775039,0.02831244
1.760000,0,RL_foot,0.21523064,0.10232880,0.03783438
1.760000,0,RR_foot,0.12995864,-0.21825504,0.02016671
1.780000,0,FL_foot,0.67417032,0.15627067,0.02022861
1.780000,0,FR_foot,0.71272171,-0.32269135,0.02436588
1.780000,0,RL_foot,0.22483495,0.10449141,0.03885131
1.780000,0,RR_foot,0.13041331,-0.21821755,0.02015693
1.800000,0,FL_foot,0.67445749,0.15625696,0.02023180
1.800000,0,FR_foot,0.71512270,-0.32484683,0.02025563
1.800000,0,RL_foot,0.23234382,0.10757585,0.03887417
1.800000,0,RR_foot,0.13102019,-0.21865782,0.02020798
1.820000,0,FL_foot,0.67476386,0.15616798,0.02022172
1.820000,0,FR_foot,0.71524948,-0.32509342,0.02028100
1.820000,0,RL_foot,0.24029894,0.11003279,0.03523927
1.820000,0,RR_foot,0.13129960,-0.21911930,0.02015249
1.840000,0,FL_foot,0.67506033,0.15607177,0.02022057
1.840000,0,FR_foot,0.71618110,-0.32563710,0.02027695
1.840000,0,RL_foot,0.24707402,0.11282644,0.03180306
1.840000,0,RR_foot,0.13163222,-0.21903983,0.02016160
1.860000,0,FL_foot,0.67533803,0.15598081,0.02021672
1.860000,0,FR_foot,0.71641922,-0.32583100,0.02027369
1.860000,0,RL_foot,0.25219020,0.11615555,0.02808549
1.860000,0,RR_foot,0.13194771,-0.21895765,0.02015239
1.880000,0,FL_foot,0.67560130,0.15590006,0.02021385
1.880000,0,FR_foot,0.71660340,-0.32600349,0.02027106
1.880000,0,RL_foot,0.25525147,0.11992445,0.02407601
1.880000,0,RR_foot,0.13225815,-0.21886486,0.02014510
1.900000,0,FL_foot,0.67583734,0.15584825,0.02023144
1.900000,0,FR_foot,0.71681267,-0.32613081,0.02026433
1.900000,0,RL_foot,0.25564554,0.12344254,0.02011457
1.900000,0,RR_foot,0.13257171,-0.21884499,0.02020014
1.920000,0,FL_foot,0.68179739,0.15243557,0.02129501
1.920000,0,FR_foot,0.71698213,-0.32623839,0.02026861
1.920000,0,RL_foot,0.25592229,0.12341936,0.02024204
1.920000,0,RR_foot,0.13650167,-0.21618742,0.02158322
1.940000,0,FL_foot,0.69825679,0.14506264,0.02277837
1.940000,0,FR_foot,0.71716237,-0.32631683,0.02026814
1.940000,0,RL_foot,0.25618735,0.12333734,0.02024116
1.940000,0,RR_foot,0.14771143,-0.21043399,0.02342733
1.960000,0,FL_foot,0.72195607,0.13812318,0.02491223
1.960000,0,FR_foot,0.71735120,-0.32639503,0.02026734
1.960000,0,RL_foot,0.25646919,0.12324213,0.02025275
1.960000,0,RR_foot,0.16508892,-0.20496908,0.02484289
1.980000,0,FL_foot,0.74767673,0.13387355,0.02727221
1.980000,0,FR_foot,0.71754658,-0.32647318,0.02026407
1.980000,0,RL_foot,0.25677049,0.12317950,0.02026019
1.980000,0,RR_foot,0.18547903,-0.20100768,0.02617089
2.000000,0,FL_foot,0.77206510,0.13231586,0.02927912
2.000000,0,FR_foot,0.71775842,-0.32655257,0.02025862
2.000000,0,RL_foot,0.25709358,0.12310047,0.02025246
2.000000,0,RR_foot,0.20565072,-0.19920881,0.02756222
2.020000,0,FL_foot,0.79308873,0.13262258,0.03051399
2.020000,0,FR_foot,0.71798748,-0.32662997,0.02025626
2.020000,0,RL_foot,0.25745624,0.12298942,0.02025945
2.020000,0,RR_foot,0.22362316,-0.19955848,0.02896530
2.040000,0,FL_foot,0.80966866,0.13397853,0.03057651
2.040000,0,FR_foot,0.71824759,-0.32669133,0.02025189
2.040000,0,RL_foot,0.25783923,0.12287225,0.02025204
2.040000,0,RR_foot,0.23892918,-0.20165068,0.03030510
2.060000,0,FL_foot,0.82176560,0.13569763,0.02930563
2.060000,0,FR_foot,0.71851397,-0.32675362,0.02024679
2.060000,0,RL_foot,0.25826353,0.12272172,0.02023587
2.060000,0,RR_foot,0.25193110,-0.20478208,0.03151756
2.080000,0,FL_foot,0.83039290,0.13733584,0.02675252
2.080000,0,FR_foot,0.71879125,-0.32680959,0.02024190
2.080000,0,RL_foot,0.25871205,0.12257287,0.02022023
2.080000,0,RR_foot,0.26314345,-0.20856942,0.03258487
2.100000,0,FL_foot,0.83657074,0.13846973,0.02302589
2.100000,0,FR_foot,0.71908605,-0.32684427,0.02023828
2.100000,0,RL_foot,0.25918126,0.12244058,0.02021024
2.100000,0,RR_foot,0.27294239,-0.21288371,0.03354461
2.120000,0,FL_foot,0.83920068,0.13870314,0.02024308
2.120000,0,FR_foot,0.71939325,-0.32684949,0.02024532
2.120000,0,RL_foot,0.26034087,0.12368840,0.01990934
2.120000,0,RR_foot,0.28188393,-0.21701433,0.03336151
2.140000,0,FL_foot,0.83959639,0.13920556,0.02025648
2.140000,0,FR_foot,0.71972311,-0.32679474,0.02023465
2.140000,0,RL_foot,0.26010072,0.12225503,0.02018469
2.140000,0,RR_foot,0.28983250,-0.22150876,0.02921277
2.160000,0,FL_foot,0.83984607,0.13935429,0.02025165
2.160000,0,FR_foot,0.72003323,-0.32674763,0.02023362
2.160000,0,RL_foot,0.26043224,0.12216882,0.02019256
2.160000,0,RR_foot,0.29473311,-0.22569786,0.02516280
2.180000,0,FL_foot,0.84006470,0.13947615,0.02025254
2.180000,0,FR_foot,0.72027868,-0.32671475,0.02023776
2.180000,0,RL_foot,0.26074976,0.12212431,0.02018832
2.180000,0,RR_foot,0.29561037,-0.23010145,0.02023514
2.200000,0,FL_foot,0.84028810,0.13956232,0.02025054
2.200000,0,FR_foot,0.72792739,-0.32348001,0.02155388
2.200000,0,RL_foot,0.27175519,0.11251106,0.02376066
2.200000,0,RR_foot,0.29593578,-0.22995244,0.02016593
2.220000,0,FL_foot,0.84050542,0.13963275,0.02024849
2.220000,0,FR_foot,0.74898684,-0.31659877,0.02328471
2.220000,0,RL_foot,0.29177111,0.10231066,0.02737542
2.220000,0,RR_foot,0.29624239,-0.22983550,0.02015512
2.240000,0,FL_foot,0.84071916,0.13968362,0.02024464
2.240000,0,FR_foot,0.77943319,-0.31343296,0.02544912
2.240000,0,RL_foot,0.31424704,0.09531418,0.03022980
2.240000,0,RR_foot,0.29655439,-0.22974002,0.02015853
2.260000,0,FL_foot,0.84094125,0.13973446,0.02024387
2.260000,0,FR_foot,0.81195045,-0.31439668,0.02791054
2.260000,0,RL_foot,0.33555844,0.09095345,0.03261062
2.260000,0,RR_foot,0.29689530,-0.22963697,0.02016916
2.280000,0,FL_foot,0.84117687,0.13977946,0.02024039
2.280000,0,FR_foot,0.84022999,-0.31837526,0.02983775
2.280000,0,RL_foot,0.35409853,0.08881020,0.03451684
2.280000,0,RR_foot,0.29725200,-0.22959390,0.02017526
2.300000,0,FL_foot,0.84142607,0.13980918,0.02023615
2.300000,0,FR_foot,0.86092710,-0.32430923,0.03016907
2.300000,0,RL_foot,0.36955962,0.08804568,0.03631727
2.300000,0,RR_foot,0.29764065,-0.22955428,0.02017619
2.320000,0,FL_foot,0.84167796,0.13984792,0.02023433
2.320000,0,FR_foot,0.87398762,-0.33063170,0.02847608
2.320000,0,RL_foot,0.38223180,0.08861554,0.03785435
2.320000,0,RR_foot,0.29807088,-0.22951223,0.02017299
2.340000,0,FL_foot,0.84194088,0.13986796,0.02022997
2.340000,0,FR_foot,0.88134050,-0.33576274,0.02494452
2.340000,0,RL_foot,0.39247373,0.09050335,0.03894784
2.340000,0,RR_foot,0.29852241,-0.22948042,0.02015779
2.360000,0,FL_foot,0.84222442,0.13983774,0.02021533
2.360000,0,FR_foot,0.88474774,-0.33821356,0.02017424
2.360000,0,RL_foot,0.40041578,0.09373367,0.03932433
2.360000,0,RR_foot,0.29901984,-0.22951850,0.02022147
2.380000,0,FL_foot,0.84252632,0.13976809,0.02022443
2.380000,0,FR_foot,0.88493067,-0.33847675,0.02028193
2.380000,0,RL_foot,0.40841633,0.09597380,0.03599013
2.380000,0,RR_foot,0.29929948,-0.23047528,0.02016026
2.400000,0,FL_foot,0.84282202,0.13967817,0.02022066
2.400000,0,FR_foot,0.88606405,-0.33916456,0.02027959
2.400000,0,RL_foot,0.41558844,0.09888072,0.03251233
2.400000,0,RR_foot,0.29962575,-0.23040104,0.02015787
2.420000,0,FL_foot,0.84311104,0.13958162,0.02021849
2.420000,0,FR_foot,0.88639420,-0.33939433,0.02027454
2.420000,0,RL_foot,0.42107108,0.10226454,0.02875992
2.420000,0,RR_foot,0.29995069,-0.23030917,0.02015347
2.440000,0,FL_foot,0.84337449,0.13949670,0.02021458
2.440000,0,FR_foot,0.88657421,-0.33956787,0.02027286
2.440000,0,RL_foot,0.42445976,0.10610272,0.02469270
2.440000,0,RR_foot,0.30025902,-0.23022580,0.02014407
2.460000,0,FL_foot,0.84361941,0.13943243,0.02022036
2.460000,0,FR_foot,0.88675630,-0.33970377,0.02026998
2.460000,0,RL_foot,0.42501682,0.10980377,0.02042984
2.460000,0,RR_foot,0.30056354,-0.23017716,0.02013716
2.480000,0,FL_foot,0.84796768,0.13763621,0.02146042
2.480000,0,FR_foot,0.88694161,-0.33981636,0.02027164
2.480000,0,RL_foot,0.42530566,0.10968219,0.02025986
2.480000,0,RR_foot,0.30434126,-0.22833948,0.02082290
2.500000,0,FL_foot,0.86275870,0.13115889,0.02324385
2.500000,0,FR_foot,0.88712013,-0.33990729,0.02027064
2.500000,0,RL_foot,0.42555949,0.10957125,0.02024929
2.500000,0,RR_foot,0.31523168,-0.22268906,0.02230036
2.520000,0,FL_foot,0.88586009,0.12438497,0.02561983
2.520000,0,FR_foot,0.88730222,-0.33999509,0.02026705
2.520000,0,RL_foot,0.42582521,0.10948191,0.02024663
2.520000,0,RR_foot,0.33221397,-0.21718474,0.02347335
2.540000,0,FL_foot,0.91179115,0.11995550,0.02827732
2.540000,0,FR_foot,0.88748586,-0.34008667,0.02026574
2.540000,0,RL_foot,0.42611292,0.10937989,0.02026019
2.540000,0,RR_foot,0.35232082,-0.21312983,0.02461709
2.560000,0,FL_foot,0.93682843,0.11804561,0.03070560
2.560000,0,FR_foot,0.88768315,-0.34018087,0.02026163
2.560000,0,RL_foot,0.42641941,0.10929734,0.02026509
2.560000,0,RR_foot,0.37240431,-0.21110909,0.02591707
2.580000,0,FL_foot,0.95878375,0.11797106,0.03246185
2.580000,0,FR_foot,0.88789582,-0.34027016,0.02025563
2.580000,0,RL_foot,0.42675447,0.10918977,0.02025232
2.580000,0,RR_foot,0.39042512,-0.21117041,0.02727789
2.600000,0,FL_foot,0.97645128,0.11903736,0.03314114
2.600000,0,FR_foot,0.88812816,-0.34035870,0.02025335
2.600000,0,RL_foot,0.42713240,0.10904970,0.02025625
2.600000,0,RR_foot,0.40576872,-0.21313284,0.02854222
2.620000,0,FL_foot,0.98956656,0.12059294,0.03251082
2.620000,0,FR_foot,0.88838738,-0.34043157,0.02024671
2.620000,0,RL_foot,0.42752686,0.10890026,0.02023491
2.620000,0,RR_foot,0.41875571,-0.21628453,0.02967148
2.640000,0,FL_foot,0.99899876,0.12220894,0.03060709
2.640000,0,FR_foot,0.88864863,-0.34050807,0.02024202
2.640000,0,RL_foot,0.42795882,0.10873748,0.02022155
2.640000,0,RR_foot,0.42991427,-0.22012560,0.03065714
2.660000,0,FL_foot,1.00579715,0.12343650,0.02754092
2.660000,0,FR_foot,0.88891840,-0.34057599,0.02023696
2.660000,0,RL_foot,0.42841107,0.10858370,0.02020794
2.660000,0,RR_foot,0.43968222,-0.22445454,0.03153175
2.680000,0,FL_foot,1.01078284,0.12393504,0.02341756
2.680000,0,FR_foot,0.88920498,-0.34061280,0.02023382
2.680000,0,RL_foot,0.42888060,0.10845160,0.02020134
2.680000,0,RR_foot,0.44827014,-0.22919841,0.03235484
2.700000,0,FL_foot,1.01303732,0.12377345,0.02025698
2.700000,0,FR_foot,0.88950348,-0.34062615,0.02024147
2.700000,0,RL_foot,0.42967549,0.10921890,0.02022732
2.700000,0,RR_foot,0.45608345,-0.23366816,0.03215757
2.720000,0,FL_foot,1.01327395,0.12396581,0.02024946
2.720000,0,FR_foot,0.88982511,-0.34058067,0.02023154
2.720000,0,RL_foot,0.42998824,0.10903984,0.02019193
2.720000,0,RR_foot,0.46343461,-0.23812494,0.02860464
2.740000,0,FL_foot,1.01348674,0.12410799,0.02025150
2.740000,0,FR_foot,0.89012760,-0.34053969,0.02023138
2.740000,0,RL_foot,0.43030381,0.10893288,0.02018517
2.740000,0,RR_foot,0.46760711,-0.24271621,0.02435970
2.760000,0,FL_foot,1.01374745,0.12420487,0.02022290
2.760000,0,FR_foot,0.89059436,-0.34074488,0.02028205
2.760000,0,RL_foot,0.43101916,0.10863690,0.02030502
2.760000,0,RR_foot,0.46765360,-0.24656358,0.01996905
2.780000,0,FL_foot,1.01392770,0.12428781,0.02024893
2.780000,0,FR_foot,0.90066987,-0.33609554,0.02226566
2.780000,0,RL_foot,0.44379812,0.09826858,0.02333147
2.780000,0,RR_foot,0.46792537,-0.24652290,0.02015028
2.800000,0,FL_foot,1.01413536,0.12434267,0.02024615
2.800000,0,FR_foot,0.92400330,-0.33084235,0.02428364
2.800000,0,RL_foot,0.46508351,0.08771690,0.02652522
2.800000,0,RR_foot,0.46821192,-0.24642012,0.02015531
2.820000,0,FL_foot,1.01434445,0.12439496,0.02024561
2.820000,0,FR_foot,0.95526743,-0.32912844,0.02675630
2.820000,0,RL_foot,0.48803359,0.08008312,0.02942344
2.820000,0,RR_foot,0.46851629,-0.24629955,0.02016355
2.840000,0,FL_foot,1.01456535,0.12444069,0.02024239
2.840000,0,FR_foot,0.98722076,-0.33122003,0.02941710
2.840000,0,RL_foot,0.50932980,0.07557119,0.03170150
2.840000,0,RR_foot,0.46883619,-0.24624334,0.02017073
2.860000,0,FL_foot,1.01480246,0.12447167,0.02023783
2.860000,0,FR_foot,1.01410353,-0.33614492,0.03130905
2.860000,0,RL_foot,0.52761149,0.07337605,0.03356714
2.860000,0,RR_foot,0.46918821,-0.24619104,0.02017692
2.880000,0,FL_foot,1.01504517,0.12451644,0.02023603
2.880000,0,FR_foot,1.03312922,-0.34276703,0.03146008
2.880000,0,RL_foot,0.54274368,0.07260763,0.03538494
2.880000,0,RR_foot,0.46958944,-0.24613339,0.02018083
2.900000,0,FL_foot,1.01529813,0.12455536,0.02023055
2.900000,0,FR_foot,1.04470623,-0.34940687,0.02958448
2.900000,0,RL_foot,0.55517310,0.07316571,0.03695773
2.900000,0,RR_foot,0.47000268,-0.24609533,0.02016402
2.920000,0,FL_foot,1.01556718,0.12456445,0.02022716
2.920000,0,FR_foot,1.05099583,-0.35461357,0.02595560
2.920000,0,RL_foot,0.56521273,0.07504425,0.03811416
2.920000,0,RR_foot,0.47045448,-0.24606022,0.02015661
2.940000,0,FL_foot,1.01583874,0.12456495,0.02022361
2.940000,0,FR_foot,1.05426908,-0.35759583,0.02095298
2.940000,0,RL_foot,0.57303989,0.07837642,0.03866163
2.940000,0,RR_foot,0.47092494,-0.24604379,0.02014420
2.960000,0,FL_foot,1.01614714,0.12448616,0.02022520
2.960000,0,FR_foot,1.05460715,-0.35781848,0.02028129
2.960000,0,RL_foot,0.58026820,0.08155911,0.03564695
2.960000,0,RR_foot,0.47145090,-0.24686660,0.02016846
2.980000,0,FL_foot,1.01645422,0.12439004,0.02022035
2.980000,0,FR_foot,1.05504620,-0.35815868,0.02027680
2.980000,0,RL_foot,0.58729964,0.08457667,0.03219328
2.980000,0,RR_foot,0.47177172,-0.24677934,0.02016353
3.000000,0,FL_foot,1.01672852,0.12430611,0.02021748
3.000000,0,FR_foot,1.05521405,-0.35834441,0.02027592
3.000000,0,RL_foot,0.59281552,0.08785574,0.02856860
3.000000,0,RR_foot,0.47209555,-0.24668159,0.02015539
3.020000,0,FL_foot,1.01699054,0.12422948,0.02021417
3.020000,0,FR_foot,1.05538702,-0.35851252,0.02027321
3.020000,0,RL_foot,0.59626377,0.09148271,0.02469619
3.020000,0,RR_foot,0.47240457,-0.24659610,0.02014598
3.040000,0,FL_foot,1.01724851,0.12416244,0.02021409
3.040000,0,FR_foot,1.05557108,-0.35865238,0.02027149
3.040000,0,RL_foot,0.59696162,0.09564068,0.02031147
3.040000,0,RR_foot,0.47270972,-0.24654377,0.02014263
3.060000,0,FL_foot,1.02132130,0.12233993,0.02148860
3.060000,0,FR_foot,1.05577242,-0.35877234,0.02026997
3.060000,0,RL_foot,0.59724903,0.09554195,0.02024920
3.060000,0,RR_foot,0.47603160,-0.24482395,0.02070915
3.080000,0,FL_foot,1.03565967,0.11574442,0.02314917
3.080000,0,FR_foot,1.05594385,-0.35886061,0.02027017
3.080000,0,RL_foot,0.59750468,0.09544659,0.02024821
3.080000,0,RR_foot,0.48649177,-0.23911355,0.02222728
3.100000,0,FL_foot,1.05824292,0.10853159,0.02537323
3.100000,0,FR_foot,1.05612504,-0.35894108,0.02026700
3.100000,0,RL_foot,0.59777254,0.09536039,0.02024539
3.100000,0,RR_foot,0.50321007,-0.23349179,0.02351999
3.120000,0,FL_foot,1.08383191,0.10360207,0.02789465
3.120000,0,FR_foot,1.05631089,-0.35903344,0.02026536
3.120000,0,RL_foot,0.59806395,0.09525999,0.02025796
3.120000,0,RR_foot,0.52328187,-0.22928938,0.02479688
3.140000,0,FL_foot,1.10870826,0.10129740,0.03018809
3.140000,0,FR_foot,1.05650747,-0.35913119,0.02026159
3.140000,0,RL_foot,0.59837556,0.09517660,0.02026067
3.140000,0,RR_foot,0.54348755,-0.22717838,0.02620620
3.160000,0,FL_foot,1.13061321,0.10097592,0.03178653
3.160000,0,FR_foot,1.05673075,-0.35921606,0.02025556
3.160000,0,RL_foot,0.59871614,0.09506927,0.02025008
3.160000,0,RR_foot,0.56167412,-0.22725795,0.02763871
3.180000,0,FL_foot,1.14823866,0.10185155,0.03228564
3.180000,0,FR_foot,1.05696785,-0.35930490,0.02025326
3.180000,0,RL_foot,0.59910017,0.09492764,0.02025379
3.180000,0,RR_foot,0.57716185,-0.22926529,0.02897483
3.200000,0,FL_foot,1.16129243,0.10322189,0.03146500
3.200000,0,FR_foot,1.05722201,-0.35938692,0.02024591
3.200000,0,RL_foot,0.59950095,0.09477688,0.02022787
3.200000,0,RR_foot,0.59025425,-0.23241536,0.03016271
3.220000,0,FL_foot,1.17063069,0.10463805,0.02936271
3.220000,0,FR_foot,1.05749547,-0.35945404,0.02024359
3.220000,0,RL_foot,0.59993809,0.09461731,0.02022449
3.220000,0,RR_foot,0.60144246,-0.23625192,0.03118476
3.240000,0,FL_foot,1.17734361,0.10566480,0.02606893
3.240000,0,FR_foot,1.05776870,-0.35951400,0.02023932
3.240000,0,RL_foot,0.60039693,0.09446850,0.02021153
3.240000,0,RR_foot,0.61118412,-0.24059930,0.03208904
3.260000,0,FL_foot,1.18226421,0.10595378,0.02168613
3.260000,0,FR_foot,1.05804968,-0.35955745,0.02023445
3.260000,0,RL_foot,0.60087216,0.09434016,0.02019832
3.260000,0,RR_foot,0.61968660,-0.24539296,0.03294535
3.280000,0,FL_foot,1.18351316,0.10591073,0.02023830
3.280000,0,FR_foot,1.05837536,-0.35953122,0.02023698
3.280000,0,RL_foot,0.60182893,0.09521468,0.02028147
3.280000,0,RR_foot,0.62793720,-0.24935234,0.03151258
3.300000,0,FL_foot,1.18372536,0.10610511,0.02024827
3.300000,0,FR_foot,1.05868673,-0.35947925,0.02023152
3.300000,0,RL_foot,0.60211205,0.09503432,0.02019457
3.300000,0,RR_foot,0.63501716,-0.25395039,0.02781667
3.320000,0,FL_foot,1.18393600,0.10623679,0.02025328
3.320000,0,FR_foot,1.05895901,-0.35944623,0.02023200
3.320000,0,RL_foot,0.60241723,0.09494236,0.02018265
3.320000,0,RR_foot,0.63800913,-0.25870362,0.02325143
3.340000,0,FL_foot,1.18418717,0.10633903,0.02024157
3.340000,0,FR_foot,1.06027162,-0.35979688,0.02067610
3.340000,0,RL_foot,0.60480863,0.09281103,0.02062443
3.340000,0,RR_foot,0.63766325,-0.26149073,0.02015730
3.360000,0,FL_foot,1.18434107,0.10641021,0.02024951
3.360000,0,FR_foot,1.07330263,-0.35294059,0.02230337
3.360000,0,RL_foot,0.61824721,0.08077135,0.02456360
3.360000,0,RR_foot,0.63794374,-0.26139551,0.02015663
3.380000,0,FL_foot,1.18455064,0.10646522,0.02024805
3.380000,0,FR_foot,1.09915209,-0.34768707,0.02405881
3.380000,0,RL_foot,0.63973284,0.07099584,0.02770404
3.380000,0,RR_foot,0.63823688,-0.26127979,0.02015930
3.400000,0,FL_foot,1.18475831,0.10651118,0.02024483
3.400000,0,FR_foot,1.13142610,-0.34661788,0.02638372
3.400000,0,RL_foot,0.66245240,0.06369665,0.03066351
3.400000,0,RR_foot,0.63853514,-0.26121831,0.02016272
3.420000,0,FL_foot,1.18497872,0.10653856,0.02024099
3.420000,0,FR_foot,1.16290414,-0.34919718,0.02882638
3.420000,0,RL_foot,0.68323195,0.05956093,0.03286310
3.420000,0,RR_foot,0.63885862,-0.26116949,0.02017222
3.440000,0,FL_foot,1.18521512,0.10657367,0.02023916
3.440000,0,FR_foot,1.18842292,-0.35442853,0.03030421
3.440000,0,RL_foot,0.70090491,0.05751295,0.03477897
3.440000,0,RR_foot,0.63923228,-0.26111463,0.02018138
3.460000,0,FL_foot,1.18546093,0.10660772,0.02023492
3.460000,0,FR_foot,1.20588088,-0.36109930,0.02990809
3.460000,0,RL_foot,0.71551824,0.05687072,0.03661025
3.460000,0,RR_foot,0.63961941,-0.26108646,0.02017567
3.480000,0,FL_foot,1.18572342,0.10662197,0.02023171
3.480000,0,FR_foot,1.21618497,-0.36750457,0.02749617
3.480000,0,RL_foot,0.72746658,0.05760584,0.03813400
3.480000,0,RR_foot,0.64005345,-0.26105255,0.02016928
3.500000,0,FL_foot,1.18598938,0.10662861,0.02022811
3.500000,0,FR_foot,1.22164226,-0.37226367,0.02339070
3.500000,0,RL_foot,0.73705554,0.05971771,0.03918164
3.500000,0,RR_foot,0.64050841,-0.26102969,0.02015589
3.520000,0,FL_foot,1.18628168,0.10658463,0.02022786
3.520000,0,FR_foot,1.22343946,-0.37377700,0.02028930
3.520000,0,RL_foot,0.74483639,0.06260026,0.03841664
3.520000,0,RR_foot,0.64112115,-0.26196074,0.02016500
3.540000,0,FL_foot,1.18659496,0.10648196,0.02022286
3.540000,0,FR_foot,1.22387099,-0.37417588,0.02028317
3.540000,0,RL_foot,0.75297910,0.06541571,0.03481340
3.540000,0,RR_foot,0.64144063,-0.26186356,0.02015347
3.560000,0,FL_foot,1.18687773,0.10639054,0.02021928
3.560000,0,FR_foot,1.22436821,-0.37449968,0.02027717
3.560000,0,RL_foot,0.75960612,0.06822167,0.03144111
3.560000,0,RR_foot,0.64176744,-0.26179180,0.02015637
3.580000,0,FL_foot,1.18715024,0.10630693,0.02021567
3.580000,0,FR_foot,1.22455144,-0.37468135,0.02027460
3.580000,0,RL_foot,0.76449078,0.07161865,0.02774624
3.580000,0,RR_foot,0.64208299,-0.26171225,0.02015005
3.600000,0,FL_foot,1.18741250,0.10622710,0.02021342
3.600000,0,FR_foot,1.22473979,-0.37484306,0.02027161
3.600000,0,RL_foot,0.76721269,0.07537996,0.02376871
3.600000,0,RR_foot,0.64239705,-0.26162365,0.02014506
3.620000,0,FL_foot,1.18771887,0.10623655,0.02026711
3.620000,0,FR_foot,1.22497284,-0.37495902,0.02025452
3.620000,0,RL_foot,0.76727605,0.07855301,0.02012454
3.620000,0,RR_foot,0.64271826,-0.26162818,0.02023773
3.640000,0,FL_foot,1.19469249,0.10235322,0.02179583
3.640000,0,FR_foot,1.22513628,-0.37505350,0.02026819
3.640000,0,RL_foot,0.76758146,0.07856395,0.02024218
3.640000,0,RR_foot,0.64668888,-0.25972441,0.02101529
3.660000,0,FL_foot,1.21164453,0.09504875,0.02366393
3.660000,0,FR_foot,1.22531879,-0.37512788,0.02026784
3.660000,0,RL_foot,0.76783240,0.07847043,0.02024111
3.660000,0,RR_foot,0.65853065,-0.25401068,0.02254466
3.680000,0,FL_foot,1.23521650,0.08832306,0.02606369
3.680000,0,FR_foot,1.22550309,-0.37521031,0.02026714
3.680000,0,RL_foot,0.76810282,0.07836621,0.02025302
3.680000,0,RR_foot,0.67639899,-0.24870528,0.02376253
3.700000,0,FL_foot,1.26069844,0.08417730,0.02860557
3.700000,0,FR_foot,1.22569251,-0.37529582,0.02026385
3.700000,0,RL_foot,0.76839340,0.07829341,0.02026054
3.700000,0,RR_foot,0.69685560,-0.24499515,0.02502321
3.720000,0,FL_foot,1.28486478,0.08255865,0.03077487
3.720000,0,FR_foot,1.22589636,-0.37538335,0.02025853
3.720000,0,RL_foot,0.76870632,0.07820267,0.02025260
3.720000,0,RR_foot,0.71677393,-0.24345051,0.02640676
3.740000,0,FL_foot,1.30567551,0.08269192,0.03217387
3.740000,0,FR_foot,1.22611594,-0.37547049,0.02025603
3.740000,0,RL_foot,0.76905876,0.07808001,0.02025928
3.740000,0,RR_foot,0.73435885,-0.24401949,0.02779804
3.760000,0,FL_foot,1.32209516,0.08384915,0.03241201
3.760000,0,FR_foot,1.22636545,-0.37554362,0.02025157
3.760000,0,RL_foot,0.76943225,0.07795150,0.02025205
3.760000,0,RR_foot,0.74924594,-0.24630739,0.02908728
3.780000,0,FL_foot,1.33411992,0.08538871,0.03133832
3.780000,0,FR_foot,1.22662115,-0.37561798,0.02024667
3.780000,0,RL_foot,0.76984620,0.07778972,0.02023600
3.780000,0,RR_foot,0.76184285,-0.24960984,0.03022698
3.800000,0,FL_foot,1.34274626,0.08687613,0.02900931
3.800000,0,FR_foot,1.22688782,-0.37568679,0.02024186
3.800000,0,RL_foot,0.77028418,0.07762957,0.02022055
3.800000,0,RR_foot,0.77267891,-0.25354049,0.03121506
3.820000,0,FL_foot,1.34895682,0.08788196,0.02553486
3.820000,0,FR_foot,1.22717226,-0.37573487,0.02023814
3.820000,0,RL_foot,0.77074242,0.07748495,0.02021108
3.820000,0,RR_foot,0.78213733,-0.25796464,0.03209519
3.840000,0,FL_foot,1.35352659,0.08809493,0.02099695
3.840000,0,FR_foot,1.22745407,-0.37577122,0.02023408
3.840000,0,RL_foot,0.77121663,0.07736214,0.02019973
3.840000,0,RR_foot,0.79038566,-0.26282135,0.03294533
3.860000,0,FL_foot,1.35397410,0.08819520,0.02024347
3.860000,0,FR_foot,1.22778678,-0.37573066,0.02023617
3.860000,0,RL_foot,0.77205545,0.07812414,0.02024729
3.860000,0,RR_foot,0.79883063,-0.26695901,0.03098259
3.880000,0,FL_foot,1.35415912,0.08836658,0.02025249
3.880000,0,FR_foot,1.22810984,-0.37567776,0.02023139
3.880000,0,RL_foot,0.77228487,0.07792120,0.02018755
3.880000,0,RR_foot,0.80566984,-0.27180916,0.02734244
3.900000,0,FL_foot,1.35437548,0.08849020,0.02025437
3.900000,0,FR_foot,1.22837281,-0.37564495,0.02023430
3.900000,0,RL_foot,0.77259392,0.07783815,0.02018558
3.900000,0,RR_foot,0.80799681,-0.27673343,0.02263438
3.920000,0,FL_foot,1.35462189,0.08856752,0.02024755
3.920000,0,FR_foot,1.23004639,-0.37602696,0.02080479
3.920000,0,RL_foot,0.77789855,0.07378278,0.02072767
3.920000,0,RR_foot,0.80797738,-0.27799124,0.02017729
3.940000,0,FL_foot,1.35481358,0.08862654,0.02025117
3.940000,0,FR_foot,1.24411917,-0.36951587,0.02276245
3.940000,0,RL_foot,0.79377264,0.06120740,0.02457347
3.940000,0,RR_foot,0.80825341,-0.27785274,0.02016228
3.960000,0,FL_foot,1.35502398,0.08866659,0.02024662
3.960000,0,FR_foot,1.27078891,-0.36507577,0.02487429
3.960000,0,RL_foot,0.81541038,0.05194958,0.02754136
3.960000,0,RR_foot,0.80853295,-0.27776447,0.02015838
3.980000,0,FL_foot,1.35523224,0.08870399,0.02024368
3.980000,0,FR_foot,1.30323005,-0.36468863,0.02747774
3.980000,0,RL_foot,0.83735085,0.04535127,0.03026547
3.980000,0,RR_foot,0.80882525,-0.27768812,0.02016432
4.000000,0,FL_foot,1.35545290,0.08874036,0.02024240
4.000000,0,FR_foot,1.33428943,-0.36782336,0.03005180
4.000000,0,RL_foot,0.85710764,0.04179242,0.03225337
4.000000,0,RR_foot,0.80916089,-0.27760711,0.02017531
4.020000,0,FL_foot,1.35569119,0.08876531,0.02023861
4.020000,0,FR_foot,1.35905492,-0.37341717,0.03155615
4.020000,0,RL_foot,0.87390661,0.04007136,0.03403938
4.020000,0,RR_foot,0.80951613,-0.27757728,0.02018183
4.040000,0,FL_foot,1.35593343,0.08879966,0.02023403
4.040000,0,FR_foot,1.37577724,-0.38021168,0.03115075
4.040000,0,RL_foot,0.88782942,0.03967163,0.03575250
4.040000,0,RR_foot,0.80990618,-0.27754459,0.02017391
4.060000,0,FL_foot,1.35618627,0.08883030,0.02023168
4.060000,0,FR_foot,1.38557458,-0.38653800,0.02876173
4.060000,0,RL_foot,0.89924181,0.04060703,0.03717295
4.060000,0,RR_foot,0.81033790,-0.27750587,0.02016658
4.080000,0,FL_foot,1.35645568,0.08883195,0.02022801
4.080000,0,FR_foot,1.39078891,-0.39111760,0.02473362
4.080000,0,RL_foot,0.90842980,0.04281673,0.03816300
4.080000,0,RR_foot,0.81079042,-0.27747881,0.02015626
4.100000,0,FL_foot,1.35674083,0.08880699,0.02022427
4.100000,0,FR_foot,1.39319003,-0.39299148,0.02023346
4.100000,0,RL_foot,0.91551489,0.04614753,0.03823175
4.100000,0,RR_foot,0.81128407,-0.27757883,0.02032994
4.120000,0,FL_foot,1.35704827,0.08871374,0.02022058
4.120000,0,FR_foot,1.39339972,-0.39330450,0.02028362
4.120000,0,RL_foot,0.92318052,0.04851988,0.03488196
4.120000,0,RR_foot,0.81163013,-0.27835998,0.02014214
4.140000,0,FL_foot,1.35734439,0.08861674,0.02022032
4.140000,0,FR_foot,1.39397061,-0.39365369,0.02027601
4.140000,0,RL_foot,0.92997581,0.05134806,0.03151734
4.140000,0,RR_foot,0.81196398,-0.27827513,0.02016040
4.160000,0,FL_foot,1.35761762,0.08852684,0.02021663
4.160000,0,FR_foot,1.39414501,-0.39383715,0.02027458
4.160000,0,RL_foot,0.93512422,0.05474662,0.02780333
4.160000,0,RR_foot,0.81227785,-0.27818689,0.02015023
4.180000,0,FL_foot,1.35787797,0.08844751,0.02021349
4.180000,0,FR_foot,1.39431727,-0.39400280,0.02027282
4.180000,0,RL_foot,0.93806434,0.05849954,0.02381277
4.180000,0,RR_foot,0.81258941,-0.27811596,0.02014627
4.200000,0,FL_foot,1.35821998,0.08845983,0.02026553
4.200000,0,FR_foot,1.39453530,-0.39413455,0.02025609
4.200000,0,RL_foot,0.93822825,0.06173195,0.02012054
4.200000,0,RR_foot,0.81294233,-0.27818632,0.02020597
4.220000,0,FL_foot,1.36543214,0.08455493,0.02174056
4.220000,0,FR_foot,1.39470029,-0.39423159,0.02026881
4.220000,0,RL_foot,0.93854231,0.06175588,0.02024170
4.220000,0,RR_foot,0.81716824,-0.27596018,0.02123886
4.240000,0,FL_foot,1.38262200,0.07719091,0.02355079
4.240000,0,FR_foot,1.39488304,-0.39431268,0.02026821
4.240000,0,RL_foot,0.93879783,0.06165783,0.02024164
4.240000,0,RR_foot,0.82924175,-0.27034390,0.02287032
4.260000,0,FL_foot,1.40627801,0.07044803,0.02588960
4.260000,0,FR_foot,1.39506626,-0.39439777,0.02026759
4.260000,0,RL_foot,0.93907416,0.06154963,0.02025296
4.260000,0,RR_foot,0.84722847,-0.26518655,0.02418307
4.280000,0,FL_foot,1.43171668,0.06630810,0.02835667
4.280000,0,FR_foot,1.39525652,-0.39448792,0.02026430
4.280000,0,RL_foot,0.93937135,0.06147312,0.02025994
4.280000,0,RR_foot,0.86768270,-0.26164755,0.02551152
4.300000,0,FL_foot,1.45579255,0.06472010,0.03043370
4.300000,0,FR_foot,1.39546096,-0.39457944,0.02025858
4.300000,0,RL_foot,0.93969053,0.06137882,0.02025164
4.300000,0,RR_foot,0.88753128,-0.26028129,0.02692683
4.320000,0,FL_foot,1.47649097,0.06490055,0.03172317
4.320000,0,FR_foot,1.39568245,-0.39467010,0.02025645
4.320000,0,RL_foot,0.94005036,0.06125226,0.02025859
4.320000,0,RR_foot,0.90502483,-0.26103500,0.02831962
4.340000,0,FL_foot,1.49277365,0.06607800,0.03184415
4.340000,0,FR_foot,1.39593410,-0.39474633,0.02025197
4.340000,0,RL_foot,0.94042933,0.06111947,0.02025027
4.340000,0,RR_foot,0.91984737,-0.26345474,0.02960785
4.360000,0,FL_foot,1.50467765,0.06759935,0.03065871
4.360000,0,FR_foot,1.39619172,-0.39482313,0.02024692
4.360000,0,RL_foot,0.94084907,0.06095564,0.02023447
4.360000,0,RR_foot,0.93240440,-0.26684475,0.03074703
4.380000,0,FL_foot,1.51321793,0.06903051,0.02822458
4.380000,0,FR_foot,1.39646101,-0.39489520,0.02024043
4.380000,0,RL_foot,0.94128209,0.06081146,0.02021274
4.380000,0,RR_foot,0.94321764,-0.27084488,0.03173014
4.400000,0,FL_foot,1.51938748,0.06996242,0.02465197
4.400000,0,FR_foot,1.39674759,-0.39494103,0.02023686
4.400000,0,RL_foot,0.94174534,0.06066804,0.02020522
4.400000,0,RR_foot,0.95265400,-0.27532512,0.03261551
4.420000,0,FL_foot,1.52327275,0.07001479,0.02014980
4.420000,0,FR_foot,1.39703846,-0.39497638,0.02019091
4.420000,0,RL_foot,0.94225723,0.06059414,0.02027135
4.420000,0,RR_foot,0.96088696,-0.28015083,0.03339569
4.440000,0,FL_foot,1.52342522,0.07024825,0.02025128
4.440000,0,FR_foot,1.39736593,-0.39493763,0.02023277
4.440000,0,RL_foot,0.94263089,0.06151496,0.02019823
4.440000,0,RR_foot,0.96910167,-0.28371114,0.03063726
4.460000,0,FL_foot,1.52364945,0.07039555,0.02024936
4.460000,0,FR_foot,1.39768088,-0.39489704,0.02023173
4.460000,0,RL_foot,0.94294381,0.06137450,0.02019046
4.460000,0,RR_foot,0.97562665,-0.28812557,0.02703954
4.480000,0,FL_foot,1.52385628,0.07051530,0.02025310
4.480000,0,FR_foot,1.39793730,-0.39486608,0.02023444
4.480000,0,RL_foot,0.94325227,0.06126751,0.02018239
4.480000,0,RR_foot,0.97830302,-0.29294521,0.02239900
4.500000,0,FL_foot,1.52409017,0.07060657,0.02025242
4.500000,0,FR_foot,1.39956760,-0.39506188,0.02078521
4.500000,0,RL_foot,0.94929814,0.05638590,0.02101418
4.500000,0,RR_foot,0.97837126,-0.29422742,0.02020552
4.520000,0,FL_foot,1.52428460,0.07066325,0.02025072
4.520000,0,FR_foot,1.41394913,-0.38790458,0.02238350
4.520000,0,RL_foot,0.96551907,0.04338019,0.02528114
4.520000,0,RR_foot,0.97865719,-0.29409859,0.02016241
4.540000,0,FL_foot,1.52449524,0.07069892,0.02024557
4.540000,0,FR_foot,1.44124913,-0.38334361,0.02416193
4.540000,0,RL_foot,0.98728693,0.03412756,0.02851408
4.540000,0,RR_foot,0.97894698,-0.29402119,0.02015667
4.560000,0,FL_foot,1.52470672,0.07072949,0.02024263
4.560000,0,FR_foot,1.47428250,-0.38312617,0.02646820
4.560000,0,RL_foot,1.00928259,0.02750609,0.03147666
4.560000,0,RR_foot,0.97924793,-0.29395530,0.02016305
4.580000,0,FL_foot,1.52493227,0.07075756,0.02024145
4.580000,0,FR_foot,1.50566494,-0.38639683,0.02876648
4.580000,0,RL_foot,1.02897382,0.02400812,0.03358883
4.580000,0,RR_foot,0.97959298,-0.29388556,0.02017373
4.600000,0,FL_foot,1.52517581,0.07077226,0.02023746
4.600000,0,FR_foot,1.53047490,-0.39204633,0.02996125
4.600000,0,RL_foot,1.04562759,0.02232698,0.03547989
4.600000,0,RR_foot,0.97995764,-0.29386896,0.02018079
4.620000,0,FL_foot,1.52542460,0.07079533,0.02023262
4.620000,0,FR_foot,1.54708898,-0.39881495,0.02918396
4.620000,0,RL_foot,1.05938578,0.02201910,0.03725027
4.620000,0,RR_foot,0.98035717,-0.29385036,0.02017228
4.640000,0,FL_foot,1.52568448,0.07081400,0.02022859
4.640000,0,FR_foot,1.55673110,-0.40498614,0.02637052
4.640000,0,RL_foot,1.07061160,0.02312872,0.03866686
4.640000,0,RR_foot,0.98079795,-0.29382649,0.02015940
4.660000,0,FL_foot,1.52596104,0.07079883,0.02022497
4.660000,0,FR_foot,1.56176138,-0.40923724,0.02187131
4.660000,0,RL_foot,1.07954800,0.02569246,0.03954750
4.660000,0,RR_foot,0.98126107,-0.29381761,0.02015033
4.680000,0,FL_foot,1.52625585,0.07073592,0.02022925
4.680000,0,FR_foot,1.56280100,-0.41002247,0.02027864
4.680000,0,RL_foot,1.08727157,0.02845941,0.03745252
4.680000,0,RR_foot,0.98191035,-0.29476446,0.02021594
4.700000,0,FL_foot,1.52655017,0.07064550,0.02022091
4.700000,0,FR_foot,1.56350374,-0.41058320,0.02027844
4.700000,0,RL_foot,1.09499562,0.03121136,0.03391431
4.700000,0,RR_foot,0.98222327,-0.29468346,0.02016409
4.720000,0,FL_foot,1.52683556,0.07055382,0.02021838
4.720000,0,FR_foot,1.56375813,-0.41078857,0.02027589
4.720000,0,RL_foot,1.10112524,0.03421687,0.03038171
4.720000,0,RR_foot,0.98255068,-0.29459587,0.02015628
4.740000,0,FL_foot,1.52709723,0.07047147,0.02021481
4.740000,0,FR_foot,1.56393743,-0.41096029,0.02027388
4.740000,0,RL_foot,1.10539198,0.03771564,0.02662070
4.740000,0,RR_foot,0.98286217,-0.29451239,0.02014708
4.760000,0,FL_foot,1.52734518,0.07040278,0.02021233
4.760000,0,FR_foot,1.56411290,-0.41111082,0.02027199
4.760000,0,RL_foot,1.10734880,0.04158015,0.02252920
4.760000,0,RR_foot,0.98317271,-0.29444733,0.02014476
4.780000,0,FL_foot,1.52794790,0.07036215,0.02055344
4.780000,0,FR_foot,1.56435061,-0.41122472,0.02025960
4.780000,0,RL_foot,1.10730302,0.04325073,0.02020322
4.780000,0,RR_foot,0.98373556,-0.29488352,0.02016226
4.800000,0,FL_foot,1.53773999,0.06521847,0.02189459
4.800000,0,FR_foot,1.56452143,-0.41130126,0.02026812
4.800000,0,RL_foot,1.10755432,0.04316583,0.02024198
4.800000,0,RR_foot,0.98976356,-0.29128593,0.02178571
4.820000,0,FL_foot,1.55728924,0.05746035,0.02381946
4.820000,0,FR_foot,1.56470931,-0.41136801,0.02026916
4.820000,0,RL_foot,1.10780561,0.04304560,0.02024692
4.820000,0,RR_foot,1.00341618,-0.28587848,0.02339621
4.840000,0,FL_foot,1.58206093,0.05125143,0.02627748
4.840000,0,FR_foot,1.56489718,-0.41144386,0.02026664
4.840000,0,RL_foot,1.10808492,0.04296908,0.02025513
4.840000,0,RR_foot,1.02228355,-0.28114733,0.02468002
4.860000,0,FL_foot,1.60767341,0.04777055,0.02875517
4.860000,0,FR_foot,1.56509328,-0.41152790,0.02026176
4.860000,0,RL_foot,1.10838091,0.04288867,0.02025184
4.860000,0,RR_foot,1.04273164,-0.27819547,0.02598823
4.880000,0,FL_foot,1.63131309,0.04667176,0.03076477
4.880000,0,FR_foot,1.56530130,-0.41161549,0.02025964
4.880000,0,RL_foot,1.10871303,0.04278128,0.02026170
4.880000,0,RR_foot,1.06196308,-0.27739418,0.02737548
4.900000,0,FL_foot,1.65114284,0.04715115,0.03185736
4.900000,0,FR_foot,1.56553745,-0.41169026,0.02025541
4.900000,0,RL_foot,1.10906672,0.04267508,0.02026169
4.900000,0,RR_foot,1.07862961,-0.27862450,0.02871134
4.920000,0,FL_foot,1.66634226,0.04845447,0.03167540
4.920000,0,FR_foot,1.56578517,-0.41176310,0.02024866
4.920000,0,RL_foot,1.10945332,0.04254011,0.02023794
4.920000,0,RR_foot,1.09268713,-0.28136486,0.02993044
4.940000,0,FL_foot,1.67731655,0.05001116,0.03015777
4.940000,0,FR_foot,1.56604767,-0.41183743,0.02024358
4.940000,0,RL_foot,1.10987747,0.04238153,0.02022307
4.940000,0,RR_foot,1.10462236,-0.28497511,0.03101536
4.960000,0,FL_foot,1.68513179,0.05138940,0.02738549
4.960000,0,FR_foot,1.56632912,-0.41189098,0.02023976
4.960000,0,RL_foot,1.11032605,0.04222902,0.02021449
4.960000,0,RR_foot,1.11496174,-0.28915668,0.03197388
4.980000,0,FL_foot,1.69076526,0.05218901,0.02346979
4.980000,0,FR_foot,1.56660891,-0.41194031,0.02023567
4.980000,0,RL_foot,1.11079383,0.04209235,0.02020371
4.980000,0,RR_foot,1.12402964,-0.29380050,0.03286194
5.000000,0,FL_foot,1.69319677,0.05220290,0.02024872
5.000000,0,FR_foot,1.56691396,-0.41194773,0.02024163
5.000000,0,RL_foot,1.11142635,0.04276319,0.02023974
5.000000,0,RR_foot,1.13225508,-0.29822490,0.03281738
5.020000,0,FL_foot,1.69342232,0.05239627,0.02025053
5.020000,0,FR_foot,1.56724489,-0.41191128,0.02023275
5.020000,0,RL_foot,1.11177111,0.04261355,0.02019082
5.020000,0,RR_foot,1.13999951,-0.30261603,0.02938031
5.040000,0,FL_foot,1.69364130,0.05253226,0.02025089
5.040000,0,FR_foot,1.56752622,-0.41187939,0.02023215
5.040000,0,RL_foot,1.11208284,0.04247319,0.02019104
5.040000,0,RR_foot,1.14471984,-0.30714428,0.02532961
5.060000,0,FL_foot,1.69386411,0.05263720,0.02025434
5.060000,0,FR_foot,1.56776655,-0.41185910,0.02023594
5.060000,0,RL_foot,1.11239481,0.04241252,0.02018144
5.060000,0,RR_foot,1.14507532,-0.31199086,0.02019871
5.080000,0,FL_foot,1.69408870,0.05272285,0.02024899
5.080000,0,FR_foot,1.57500792,-0.40945911,0.02158352
5.080000,0,RL_foot,1.12307715,0.03289045,0.02342073
5.080000,0,RR_foot,1.14540052,-0.31185749,0.02016368
5.100000,0,FL_foot,1.69430387,0.05277876,0.02024834
5.100000,0,FR_foot,1.59554255,-0.40324727,0.02337408
5.100000,0,RL_foot,1.14296556,0.02178331,0.02706059
5.100000,0,RR_foot,1.14569819,-0.31175289,0.02015653
5.120000,0,FL_foot,1.69452298,0.05282882,0.02024433
5.120000,0,FR_foot,1.62564254,-0.40061703,0.02556146
5.120000,0,RL_foot,1.16551054,0.01411049,0.02992142
5.120000,0,RR_foot,1.14600265,-0.31166723,0.02015909
5.140000,0,FL_foot,1.69474232,0.05286291,0.02024302
5.140000,0,FR_foot,1.65806711,-0.40208557,0.02805428
5.140000,0,RL_foot,1.18695605,0.00920924,0.03233700
5.140000,0,RR_foot,1.14633787,-0.31157079,0.02016944
5.160000,0,FL_foot,1.69498014,0.05289847,0.02023970
5.160000,0,FR_foot,1.68638444,-0.40652016,0.03004578
5.160000,0,RL_foot,1.20561934,0.00669897,0.03424634
5.160000,0,RR_foot,1.14669025,-0.31153578,0.02017783
5.180000,0,FL_foot,1.69522417,0.05293520,0.02023472
5.180000,0,FR_foot,1.70713270,-0.41281754,0.03046046
5.180000,0,RL_foot,1.22118330,0.00564499,0.03606558
5.180000,0,RR_foot,1.14707518,-0.31149906,0.02017181
5.200000,0,FL_foot,1.69548237,0.05295616,0.02023293
5.200000,0,FR_foot,1.72017324,-0.41944629,0.02885172
5.200000,0,RL_foot,1.23396754,0.00594620,0.03765975
5.200000,0,RR_foot,1.14750350,-0.31146136,0.02017369
5.220000,0,FL_foot,1.69574511,0.05297263,0.02022954
5.220000,0,FR_foot,1.72744143,-0.42484272,0.02538288
5.220000,0,RL_foot,1.24436557,0.00760402,0.03883930
5.220000,0,RR_foot,1.14795446,-0.31143445,0.02016114
5.240000,0,FL_foot,1.69601762,0.05296823,0.02022510
5.240000,0,FR_foot,1.73123217,-0.42807892,0.02044088
5.240000,0,RL_foot,1.25252819,0.01071437,0.03942150
5.240000,0,RR_foot,1.14842308,-0.31142434,0.02014492
5.260000,0,FL_foot,1.69633067,0.05287343,0.02022466
5.260000,0,FR_foot,1.73153114,-0.42831889,0.02028259
5.260000,0,RL_foot,1.26013446,0.01341865,0.03605370
5.260000,0,RR_foot,1.14903986,-0.31236812,0.02017054
5.280000,0,FL_foot,1.69662023,0.05277997,0.02022124
5.280000,0,FR_foot,1.73208630,-0.42871988,0.02027470
5.280000,0,RL_foot,1.26729798,0.01636137,0.03249749
5.280000,0,RR_foot,1.14936364,-0.31228212,0.02016534
5.300000,0,FL_foot,1.69689560,0.05269299,0.02021778
5.300000,0,FR_foot,1.73228669,-0.42891484,0.02027457
5.300000,0,RL_foot,1.27284658,0.01957844,0.02882435
5.300000,0,RR_foot,1.14967692,-0.31219816,0.02015366
5.320000,0,FL_foot,1.69716263,0.05260493,0.02021435
5.320000,0,FR_foot,1.73245275,-0.42908570,0.02027348
5.320000,0,RL_foot,1.27630436,0.02316996,0.02492820
5.320000,0,RR_foot,1.14998662,-0.31212693,0.02014834
5.340000,0,FL_foot,1.69740736,0.05253689,0.02021216
5.340000,0,FR_foot,1.73263323,-0.42922974,0.02027197
5.340000,0,RL_foot,1.27705741,0.02752267,0.02043503
5.340000,0,RR_foot,1.15029335,-0.31205785,0.02014410
5.360000,0,FL_foot,1.70088899,0.05078910,0.02131640
5.360000,0,FR_foot,1.73283446,-0.42935368,0.02027070
5.360000,0,RL_foot,1.27734947,0.02741908,0.02025754
5.360000,0,RR_foot,1.15242529,-0.31080940,0.02062232
5.380000,0,FL_foot,1.71482527,0.04414312,0.02281736
5.380000,0,FR_foot,1.73299956,-0.42944366,0.02027067
5.380000,0,RL_foot,1.27760386,0.02732863,0.02024985
5.380000,0,RR_foot,1.16185939,-0.30522791,0.02224552
5.400000,0,FL_foot,1.73732030,0.03664925,0.02491993
5.400000,0,FR_foot,1.73317468,-0.42952162,0.02026760
5.400000,0,RL_foot,1.27786613,0.02725092,0.02024578
5.400000,0,RR_foot,1.17788124,-0.29967386,0.02360522
5.420000,0,FL_foot,1.76304126,0.03136876,0.02738791
5.420000,0,FR_foot,1.73335898,-0.42961088,0.02026621
5.420000,0,RL_foot,1.27815163,0.02715871,0.02025919
5.420000,0,RR_foot,1.19769251,-0.29549333,0.02487181
5.440000,0,FL_foot,1.78813732,0.02875987,0.02967819
5.440000,0,FR_foot,1.73355150,-0.42970350,0.02026259
5.440000,0,RL_foot,1.27845693,0.02708369,0.02026254
5.440000,0,RR_foot,1.21794665,-0.29337093,0.02625188
5.460000,0,FL_foot,1.81031895,0.02822976,0.03130779
5.460000,0,FR_foot,1.73377037,-0.42978367,0.02025646
5.460000,0,RL_foot,1.27878988,0.02698415,0.02025240
5.460000,0,RR_foot,1.23631692,-0.29340601,0.02768294
5.480000,0,FL_foot,1.82823336,0.02900145,0.03186240
5.480000,0,FR_foot,1.73400533,-0.42986760,0.02025425
5.480000,0,RL_foot,1.27916682,0.02685063,0.02025822
5.480000,0,RR_foot,1.25199163,-0.29538083,0.02903781
5.500000,0,FL_foot,1.84151363,0.03037808,0.03108499
5.500000,0,FR_foot,1.73425853,-0.42994532,0.02024681
5.500000,0,RL_foot,1.27956128,0.02670321,0.02023142
5.500000,0,RR_foot,1.26523423,-0.29855028,0.03027830
5.520000,0,FL_foot,1.85097647,0.03188492,0.02901189
5.520000,0,FR_foot,1.73453271,-0.43000928,0.02024446
5.520000,0,RL_foot,1.27999341,0.02654428,0.02022763
5.520000,0,RR_foot,1.27655780,-0.30242178,0.03136750
5.540000,0,FL_foot,1.85773587,0.03306128,0.02574011
5.540000,0,FR_foot,1.73480690,-0.43006754,0.02024025
5.540000,0,RL_foot,1.28044868,0.02639336,0.02021450
5.540000,0,RR_foot,1.28643346,-0.30679438,0.03234163
5.560000,0,FL_foot,1.86264384,0.03353610,0.02138244
5.560000,0,FR_foot,1.73508978,-0.43011165,0.02023372
5.560000,0,RL_foot,1.28091574,0.02628526,0.02019757
5.560000,0,RR_foot,1.29506922,-0.31159845,0.03325249
5.580000,0,FL_foot,1.86309862,0.03362643,0.02024516
5.580000,0,FR_foot,1.73542142,-0.43008983,0.02023588
5.580000,0,RL_foot,1.28188431,0.02746382,0.02024154
5.580000,0,RR_foot,1.30371952,-0.31560177,0.03164778
5.600000,0,FL_foot,1.86329556,0.03378944,0.02025131
5.600000,0,FR_foot,1.73572361,-0.43004888,0.02023210
5.600000,0,RL_foot,1.28218555,0.02731025,0.02019703
5.600000,0,RR_foot,1.31102884,-0.31997293,0.02821079
5.620000,0,FL_foot,1.86351132,0.03391520,0.02025327
5.620000,0,FR_foot,1.73599184,-0.43002281,0.02023277
5.620000,0,RL_foot,1.28248239,0.02718048,0.02018589
5.620000,0,RR_foot,1.31448054,-0.32459968,0.02388933
5.640000,0,FL_foot,1.86377263,0.03398260,0.02022408
5.640000,0,FR_foot,1.73647785,-0.43022013,0.02028526
5.640000,0,RL_foot,1.28380561,0.02678582,0.02029070
5.640000,0,RR_foot,1.31453359,-0.32712346,0.02003197
5.660000,0,FL_foot,1.86396348,0.03404943,0.02024730
5.660000,0,FR_foot,1.74624562,-0.42536971,0.02203314
5.660000,0,RL_foot,1.29683685,0.01611549,0.02399380
5.660000,0,RR_foot,1.31480837,-0.32700509,0.02014544
5.680000,0,FL_foot,1.86417878,0.03409278,0.02024669
5.680000,0,FR_foot,1.76912737,-0.42023206,0.02396490
5.680000,0,RL_foot,1.31809068,0.00590804,0.02723476
5.680000,0,RR_foot,1.31510854,-0.32685792,0.02015401
5.700000,0,FL_foot,1.86439753,0.03413242,0.02024369
5.700000,0,FR_foot,1.80000389,-0.41878131,0.02641772
5.700000,0,RL_foot,1.34079385,-0.00157332,0.03003235
5.700000,0,RR_foot,1.31540823,-0.32677639,0.02016024
5.720000,0,FL_foot,1.86461937,0.03416977,0.02024070
5.720000,0,FR_foot,1.83168066,-0.42114452,0.02906686
5.720000,0,RL_foot,1.36184061,-0.00613086,0.03220812
5.720000,0,RR_foot,1.31572914,-0.32670912,0.02016732
5.740000,0,FL_foot,1.86485708,0.03419448,0.02023855
5.740000,0,FR_foot,1.85842228,-0.42626336,0.03096238
5.740000,0,RL_foot,1.37993932,-0.00849867,0.03403002
5.740000,0,RR_foot,1.31609654,-0.32664177,0.02018093
5.760000,0,FL_foot,1.86510181,0.03422962,0.02023547
5.760000,0,FR_foot,1.87738800,-0.43295726,0.03112665
5.760000,0,RL_foot,1.39498472,-0.00946216,0.03579406
5.760000,0,RR_foot,1.31648028,-0.32660952,0.02017972
5.780000,0,FL_foot,1.86535323,0.03426009,0.02023154
5.780000,0,FR_foot,1.88895619,-0.43960190,0.02926284
5.780000,0,RL_foot,1.40734935,-0.00907578,0.03730997
5.780000,0,RR_foot,1.31690824,-0.32656887,0.02016919
5.800000,0,FL_foot,1.86562169,0.03426142,0.02022694
5.800000,0,FR_foot,1.89525282,-0.44476911,0.02563271
5.800000,0,RL_foot,1.41736639,-0.00734237,0.03840348
5.800000,0,RR_foot,1.31734443,-0.32655877,0.02015718
5.820000,0,FL_foot,1.86589265,0.03425408,0.02022331
5.820000,0,FR_foot,1.89854109,-0.44769940,0.02061313
5.820000,0,RL_foot,1.42518497,-0.00410788,0.03889063
5.820000,0,RR_foot,1.31781316,-0.32655373,0.02014445
5.840000,0,FL_foot,1.86619771,0.03416666,0.02022401
5.840000,0,FR_foot,1.89885473,-0.44793251,0.02028127
5.840000,0,RL_foot,1.43245208,-0.00127166,0.03562596
5.840000,0,RR_foot,1.31842506,-0.32759216,0.02017898
5.860000,0,FL_foot,1.86649942,0.03406237,0.02022074
5.860000,0,FR_foot,1.89913142,-0.44818249,0.02027605
5.860000,0,RL_foot,1.43943202,0.00157936,0.03205045
5.860000,0,RR_foot,1.31874895,-0.32750800,0.02016232
5.880000,0,FL_foot,1.86677241,0.03396766,0.02021696
5.880000,0,FR_foot,1.89930201,-0.44836751,0.02027569
5.880000,0,RL_foot,1.44485474,0.00474633,0.02838892
5.880000,0,RR_foot,1.31906152,-0.32742852,0.02015368
5.900000,0,FL_foot,1.86703360,0.03388168,0.02021333
5.900000,0,FR_foot,1.89947772,-0.44854388,0.02027392
5.900000,0,RL_foot,1.44815660,0.00831087,0.02448260
5.900000,0,RR_foot,1.31937110,-0.32736182,0.02014791
5.920000,0,FL_foot,1.86728323,0.03380916,0.02021775
5.920000,0,FR_foot,1.89967573,-0.44868553,0.02026891
5.920000,0,RL_foot,1.44874692,0.01180582,0.02037852
5.920000,0,RR_foot,1.31967521,-0.32730228,0.02013976
5.940000,0,FL_foot,1.87162018,0.03177976,0.02145000
5.940000,0,FR_foot,1.89986324,-0.44879657,0.02027017
5.940000,0,RL_foot,1.44903505,0.01168461,0.02025357
5.940000,0,RR_foot,1.32329440,-0.32555214,0.02083739
5.960000,0,FL_foot,1.88627982,0.02482516,0.02316531
5.960000,0,FR_foot,1.90003681,-0.44888765,0.02026986
5.960000,0,RL_foot,1.44928765,0.01157493,0.02024787
5.960000,0,RR_foot,1.33405805,-0.32005003,0.02237042
5.980000,0,FL_foot,1.90923011,0.01735772,0.02546797
5.980000,0,FR_foot,1.90021694,-0.44897527,0.02026649
5.980000,0,RL_foot,1.44955266,0.01148166,0.02024533
5.980000,0,RR_foot,1.35092115,-0.31477571,0.02362745
6.000000,0,FL_foot,1.93511236,0.01218650,0.02806669
6.000000,0,FR_foot,1.90039933,-0.44907406,0.02026505
6.000000,0,RL_foot,1.44983947,0.01137380,0.02025804
6.000000,0,RR_foot,1.37092018,-0.31101418,0.02485210
6.020000,0,FL_foot,1.96018612,0.00960551,0.03044042
6.020000,0,FR_foot,1.90059662,-0.44916984,0.02026088
6.020000,0,RL_foot,1.45014739,0.01128690,0.02026351
6.020000,0,RR_foot,1.39089704,-0.30934253,0.02619986
6.040000,0,FL_foot,1.98219812,0.00896643,0.03212296
6.040000,0,FR_foot,1.90081036,-0.44926277,0.02025519
6.040000,0,RL_foot,1.45048463,0.01117359,0.02025057
6.040000,0,RR_foot,1.40879726,-0.30978200,0.02757345
6.060000,0,FL_foot,1.99988866,0.00956400,0.03270305
6.060000,0,FR_foot,1.90104270,-0.44935477,0.02025261
6.060000,0,RL_foot,1.45086408,0.01102556,0.02025337
6.060000,0,RR_foot,1.42399955,-0.31208548,0.02884673
6.080000,0,FL_foot,2.01297998,0.01073008,0.03195978
6.080000,0,FR_foot,1.90130270,-0.44943196,0.02024596
6.080000,0,RL_foot,1.45126092,0.01086969,0.02023220
6.080000,0,RR_foot,1.43683648,-0.31549534,0.02997622
6.100000,0,FL_foot,2.02236986,0.01202436,0.02993018
6.100000,0,FR_foot,1.90156329,-0.44951421,0.02024350
6.100000,0,RL_foot,1.45169246,0.01070075,0.02022538
6.100000,0,RR_foot,1.44782615,-0.31955361,0.03095576
6.120000,0,FL_foot,2.02911711,0.01296779,0.02671463
6.120000,0,FR_foot,1.90183342,-0.44958255,0.02023840
6.120000,0,RL_foot,1.45214522,0.01054085,0.02021110
6.120000,0,RR_foot,1.45740747,-0.32408169,0.03182460
6.140000,0,FL_foot,2.03403997,0.01320615,0.02241871
6.140000,0,FR_foot,1.90212083,-0.44962433,0.02023507
6.140000,0,RL_foot,1.45261621,0.01040400,0.02020210
6.140000,0,RR_foot,1.46577144,-0.32902801,0.03264968
6.160000,0,FL_foot,2.03532577,0.01311034,0.02024003
6.160000,0,FR_foot,1.90243292,-0.44961780,0.02023573
6.160000,0,RL_foot,1.45347333,0.01130145,0.02018741
6.160000,0,RR_foot,1.47375047,-0.33340266,0.03170632
6.180000,0,FL_foot,2.03551841,0.01328076,0.02024953
6.180000,0,FR_foot,1.90274918,-0.44958076,0.02023182
6.180000,0,RL_foot,1.45379674,0.01113389,0.02019295
6.180000,0,RR_foot,1.48074615,-0.33807451,0.02800381
6.200000,0,FL_foot,2.03573656,0.01340709,0.02025235
6.200000,0,FR_foot,1.90304029,-0.44954914,0.02023248
6.200000,0,RL_foot,1.45409977,0.01103608,0.02018530
6.200000,0,RR_foot,1.48395908,-0.34281263,0.02350105
6.220000,0,FL_foot,2.03601813,0.01348966,0.02022682
6.220000,0,FR_foot,1.90384901,-0.45005605,0.02034771
6.220000,0,RL_foot,1.45598447,0.00964146,0.02070943
6.220000,0,RR_foot,1.48379958,-0.34546632,0.02007175
6.240000,0,FL_foot,2.03616095,0.01356636,0.02024786
6.240000,0,FR_foot,1.91561925,-0.44398120,0.02166131
6.240000,0,RL_foot,1.46940887,-0.00224329,0.02515887
6.240000,0,RR_foot,1.48410249,-0.34536859,0.02014910
6.260000,0,FL_foot,2.03638697,0.01361032,0.02024638
6.260000,0,FR_foot,1.94058239,-0.43914905,0.02317751
6.260000,0,RL_foot,1.49077296,-0.01233559,0.02857915
6.260000,0,RR_foot,1.48441541,-0.34524474,0.02015544
6.280000,0,FL_foot,2.03660512,0.01363876,0.02024315
6.280000,0,FR_foot,1.97265172,-0.43853161,0.02527461
6.280000,0,RL_foot,1.51347566,-0.02004603,0.03166631
6.280000,0,RR_foot,1.48473001,-0.34518236,0.02015984
6.300000,0,FL_foot,2.03683758,0.01366392,0.02023983
6.300000,0,FR_foot,2.00447679,-0.44160768,0.02754276
6.300000,0,RL_foot,1.53436971,-0.02462653,0.03394879
6.300000,0,RR_foot,1.48506546,-0.34513769,0.02017006
6.320000,0,FL_foot,2.03708267,0.01368724,0.02023748
6.320000,0,FR_foot,2.03065205,-0.44727588,0.02893002
6.320000,0,RL_foot,1.55224717,-0.02705252,0.03590189
6.320000,0,RR_foot,1.48544872,-0.34508923,0.02017811
6.340000,0,FL_foot,2.03734422,0.01369510,0.02023235
6.340000,0,FR_foot,2.04880643,-0.45429662,0.02849109
6.340000,0,RL_foot,1.56710374,-0.02803189,0.03777492
6.340000,0,RR_foot,1.48584759,-0.34507367,0.02017408
6.360000,0,FL_foot,2.03760695,0.01371190,0.02023027
6.360000,0,FR_foot,2.05966997,-0.46098635,0.02601338
6.360000,0,RL_foot,1.57931173,-0.02754313,0.03933875
6.360000,0,RR_foot,1.48629057,-0.34505185,0.02016882
6.380000,0,FL_foot,2.03788114,0.01370857,0.02022593
6.380000,0,FR_foot,2.06545949,-0.46593618,0.02177002
6.380000,0,RL_foot,1.58918667,-0.02559405,0.04041434
6.380000,0,RR_foot,1.48675442,-0.34504214,0.02015275
6.400000,0,FL_foot,2.03818989,0.01364064,0.02022947
6.400000,0,FR_foot,2.06661487,-0.46690747,0.02027702
6.400000,0,RL_foot,1.59777164,-0.02340172,0.03854150
6.400000,0,RR_foot,1.48741508,-0.34603423,0.02021763
6.420000,0,FL_foot,2.03847861,0.01354380,0.02022096
6.420000,0,FR_foot,2.06750917,-0.46766126,0.02028123
6.420000,0,RL_foot,1.60612202,-0.02078803,0.03501685
6.420000,0,RR_foot,1.48772836,-0.34595469,0.02016388
6.440000,0,FL_foot,2.03875422,0.01346026,0.02021811
6.440000,0,FR_foot,2.06807637,-0.46803182,0.02027619
6.440000,0,RL_foot,1.61266541,-0.01784826,0.03149836
6.440000,0,RR_foot,1.48805904,-0.34587008,0.02015408
6.460000,0,FL_foot,2.03902555,0.01337467,0.02021509
6.460000,0,FR_foot,2.06827521,-0.46819866,0.02027398
6.460000,0,RL_foot,1.61738265,-0.01438936,0.02774292
6.460000,0,RR_foot,1.48837435,-0.34579194,0.02014955
6.480000,0,FL_foot,2.03927159,0.01330183,0.02021145
6.480000,0,FR_foot,2.06845784,-0.46835640,0.02027220
6.480000,0,RL_foot,1.61997294,-0.01055926,0.02372190
6.480000,0,RR_foot,1.48868644,-0.34572428,0.02014623
6.500000,0,FL_foot,2.03955698,0.01329471,0.02027345
6.500000,0,FR_foot,2.06871247,-0.46847165,0.02025215
6.500000,0,RL_foot,1.62000430,-0.00742426,0.02012889
6.500000,0,RR_foot,1.48904657,-0.34580833,0.02020036
6.520000,0,FL_foot,2.04631186,0.00917315,0.02169457
6.520000,0,FR_foot,2.06885242,-0.46856415,0.02026759
6.520000,0,RL_foot,1.62028134,-0.00744298,0.02024127
6.520000,0,RR_foot,1.49338782,-0.34361872,0.02120533
6.540000,0,FL_foot,2.06316543,0.00138948,0.02349304
6.540000,0,FR_foot,2.06903648,-0.46863541,0.02026708
6.540000,0,RL_foot,1.62052965,-0.00753763,0.02024041
6.540000,0,RR_foot,1.50547373,-0.33807993,0.02276929
6.560000,0,FL_foot,2.08688235,-0.00587347,0.02586270
6.560000,0,FR_foot,2.06922388,-0.46871457,0.02026624
6.560000,0,RL_foot,1.62079787,-0.00764271,0.02025266
6.560000,0,RR_foot,1.52344513,-0.33303869,0.02399848
6.580000,0,FL_foot,2.11260796,-0.01053325,0.02839804
6.580000,0,FR_foot,2.06941557,-0.46879685,0.02026319
6.580000,0,RL_foot,1.62108827,-0.00771574,0.02026043
6.580000,0,RR_foot,1.54395580,-0.32964393,0.02525055
6.600000,0,FL_foot,2.13703322,-0.01261411,0.03056498
6.600000,0,FR_foot,2.06962037,-0.46888176,0.02025761
6.600000,0,RL_foot,1.62140059,-0.00780669,0.02025276
6.600000,0,RR_foot,1.56390309,-0.32840928,0.02662177
6.620000,0,FL_foot,2.15808177,-0.01286997,0.03195309
6.620000,0,FR_foot,2.06984305,-0.46896669,0.02025550
6.620000,0,RL_foot,1.62175226,-0.00793026,0.02025931
6.620000,0,RR_foot,1.58148515,-0.32925630,0.02800459
6.640000,0,FL_foot,2.17468143,-0.01200747,0.03215862
6.640000,0,FR_foot,2.07009554,-0.46903804,0.02025106
6.640000,0,RL_foot,1.62212467,-0.00806011,0.02025246
6.640000,0,RR_foot,1.59633243,-0.33178881,0.02929342
6.660000,0,FL_foot,2.18680787,-0.01066165,0.03102129
6.660000,0,FR_foot,2.07035422,-0.46911138,0.02024631
6.660000,0,RL_foot,1.62253737,-0.00822457,0.02023686
6.660000,0,RR_foot,1.60886979,-0.33530486,0.03044093
6.680000,0,FL_foot,2.19546008,-0.00929636,0.02859594
6.680000,0,FR_foot,2.07062292,-0.46918139,0.02023930
6.680000,0,RL_foot,1.62296379,-0.00837192,0.02021460
6.680000,0,RR_foot,1.61963415,-0.33943436,0.03143506
6.700000,0,FL_foot,2.20164371,-0.00836696,0.02500019
6.700000,0,FR_foot,2.07090974,-0.46922612,0.02023613
6.700000,0,RL_foot,1.62342203,-0.00851850,0.02020684
6.700000,0,RR_foot,1.62899280,-0.34404770,0.03233266
6.720000,0,FL_foot,2.20614266,-0.00821284,0.02031692
6.720000,0,FR_foot,2.07119346,-0.46926388,0.02023186
6.720000,0,RL_foot,1.62389684,-0.00864382,0.02019646
6.720000,0,RR_foot,1.63711488,-0.34909087,0.03320995
6.740000,0,FL_foot,2.20647788,-0.00806958,0.02024423
6.740000,0,FR_foot,2.07152748,-0.46921703,0.02023319
6.740000,0,RL_foot,1.62491071,-0.00750713,0.02024592
6.740000,0,RR_foot,1.64559042,-0.35304421,0.03087856
6.760000,0,FL_foot,2.20666599,-0.00789995,0.02025313
6.760000,0,FR_foot,2.07184839,-0.46916631,0.02023120
6.760000,0,RL_foot,1.62514913,-0.00770657,0.02018835
6.760000,0,RR_foot,1.65220380,-0.35796162,0.02716882
6.780000,0,FL_foot,2.20688319,-0.00777784,0.02025530
6.780000,0,FR_foot,2.07210827,-0.46913406,0.02023439
6.780000,0,RL_foot,1.62545347,-0.00778724,0.02018606
6.780000,0,RR_foot,1.65420055,-0.36292979,0.02239291
6.800000,0,FL_foot,2.20708895,-0.00767596,0.02025573
6.800000,0,FR_foot,2.07390141,-0.46941018,0.02081181
6.800000,0,RL_foot,1.63136053,-0.01253179,0.02104546
6.800000,0,RR_foot,1.65406430,-0.36422515,0.02020914
6.820000,0,FL_foot,2.20728850,-0.00761832,0.02025227
6.820000,0,FR_foot,2.08863044,-0.46265930,0.02249577
6.820000,0,RL_foot,1.64708567,-0.02545586,0.02522036
6.820000,0,RR_foot,1.65435183,-0.36409384,0.02016248
6.840000,0,FL_foot,2.20750070,-0.00758161,0.02024723
6.840000,0,FR_foot,2.11596823,-0.45865321,0.02440855
6.840000,0,RL_foot,1.66831470,-0.03485446,0.02830614
6.840000,0,RR_foot,1.65464187,-0.36401710,0.02015756
6.860000,0,FL_foot,2.20771098,-0.00755066,0.02024398
6.860000,0,FR_foot,2.14878941,-0.45895419,0.02684966
6.860000,0,RL_foot,1.68987167,-0.04167725,0.03108286
6.860000,0,RR_foot,1.65494001,-0.36395171,0.02016427
6.880000,0,FL_foot,2.20793605,-0.00751899,0.02024291
6.880000,0,FR_foot,2.17990875,-0.46269771,0.02927718
6.880000,0,RL_foot,1.70934367,-0.04546027,0.03306812
6.880000,0,RR_foot,1.65528154,-0.36388355,0.02017646
6.900000,0,FL_foot,2.20817375,-0.00748962,0.02023907
6.900000,0,FR_foot,2.20452833,-0.46873853,0.03062214
6.900000,0,RL_foot,1.72594917,-0.04742661,0.03486028
6.900000,0,RR_foot,1.65564048,-0.36386129,0.02017883
6.920000,0,FL_foot,2.20842576,-0.00747416,0.02023423
6.920000,0,FR_foot,2.22104859,-0.47581190,0.03005475
6.920000,0,RL_foot,1.73976386,-0.04803719,0.03656789
6.920000,0,RR_foot,1.65603387,-0.36384052,0.02017405
6.940000,0,FL_foot,2.20868134,-0.00745178,0.02023243
6.940000,0,FR_foot,2.23068690,-0.48225242,0.02751116
6.940000,0,RL_foot,1.75112903,-0.04725178,0.03796409
6.940000,0,RR_foot,1.65646815,-0.36381575,0.02016828
6.960000,0,FL_foot,2.20894885,-0.00745111,0.02022799
6.960000,0,FR_foot,2.23581243,-0.48683950,0.02333234
6.960000,0,RL_foot,1.76030684,-0.04513625,0.03891310
6.960000,0,RR_foot,1.65692341,-0.36380112,0.02015226
6.980000,0,FL_foot,2.20924044,-0.00750919,0.02022908
6.980000,0,FR_foot,2.23754311,-0.48824885,0.02029047
6.980000,0,RL_foot,1.76778674,-0.04229992,0.03803371
6.980000,0,RR_foot,1.65751076,-0.36477542,0.02016546
7.000000,0,FL_foot,2.20954704,-0.00761152,0.02022278
7.000000,0,FR_foot,2.23795581,-0.48863816,0.02028308
7.000000,0,RL_foot,1.77574480,-0.03959787,0.03440041
7.000000,0,RR_foot,1.65783298,-0.36468685,0.02015354
7.020000,0,FL_foot,2.20983267,-0.00770877,0.02021968
7.020000,0,FR_foot,2.23838544,-0.48894066,0.02027636
7.020000,0,RL_foot,1.78226447,-0.03691331,0.03101063
7.020000,0,RR_foot,1.65815783,-0.36462203,0.02015506
7.040000,0,FL_foot,2.21011138,-0.00780863,0.02021629
7.040000,0,FR_foot,2.23856235,-0.48912945,0.02027510
7.040000,0,RL_foot,1.78705263,-0.03361588,0.02730498
7.040000,0,RR_foot,1.65847397,-0.36455101,0.02015120
7.060000,0,FL_foot,2.21036243,-0.00789181,0.02021339
7.060000,0,FR_foot,2.23874712,-0.48929751,0.02027125
7.060000,0,RL_foot,1.78963053,-0.02989289,0.02329059
7.060000,0,RR_foot,1.65878844,-0.36447158,0.02014468
7.080000,0,FL_foot,2.21067762,-0.00787773,0.02034039
7.080000,0,FR_foot,2.23898387,-0.48942059,0.02024908
7.080000,0,RL_foot,1.78986120,-0.02744056,0.02013516
7.080000,0,RR_foot,1.65919149,-0.36473000,0.02014805
7.100000,0,FL_foot,2.21878147,-0.01233011,0.02164431
7.100000,0,FR_foot,2.23914170,-0.48951361,0.02026761
7.100000,0,RL_foot,1.79012036,-0.02751688,0.02023549
7.100000,0,RR_foot,1.66430736,-0.36170587,0.02169740
7.120000,0,FL_foot,2.23688459,-0.02025419,0.02344618
7.120000,0,FR_foot,2.23932886,-0.48959181,0.02026910
7.120000,0,RL_foot,1.79037642,-0.02764151,0.02024688
7.120000,0,RR_foot,1.67715383,-0.35647058,0.02339252
7.140000,0,FL_foot,2.26099753,-0.02720055,0.02580728
7.140000,0,FR_foot,2.23951769,-0.48967642,0.02026653
7.140000,0,RL_foot,1.79065597,-0.02772690,0.02025384
7.140000,0,RR_foot,1.69563401,-0.35184255,0.02472035
7.160000,0,FL_foot,2.28649449,-0.03145075,0.02824568
7.160000,0,FR_foot,2.23971272,-0.48976371,0.02026146
7.160000,0,RL_foot,1.79095244,-0.02781483,0.02025149
7.160000,0,RR_foot,1.71621072,-0.34894499,0.02602600
7.180000,0,FL_foot,2.31037593,-0.03316450,0.03026661
7.180000,0,FR_foot,2.23992085,-0.48985824,0.02025951
7.180000,0,RL_foot,1.79128242,-0.02792793,0.02026226
7.180000,0,RR_foot,1.73590469,-0.34818953,0.02740620
7.200000,0,FL_foot,2.33070421,-0.03312322,0.03143679
7.200000,0,FR_foot,2.24014854,-0.48994723,0.02025559
7.200000,0,RL_foot,1.79163337,-0.02804361,0.02025887
7.200000,0,RR_foot,1.75313246,-0.34943372,0.02876843
7.220000,0,FL_foot,2.34652567,-0.03209142,0.03139211
7.220000,0,FR_foot,2.24040604,-0.49002096,0.02024907
7.220000,0,RL_foot,1.79201686,-0.02818511,0.02023936
7.220000,0,RR_foot,1.76768994,-0.35222235,0.03002030
7.240000,0,FL_foot,2.35805798,-0.03068977,0.03004122
7.240000,0,FR_foot,2.24066782,-0.49009988,0.02024624
7.240000,0,RL_foot,1.79243612,-0.02835111,0.02023377
7.240000,0,RR_foot,1.78002191,-0.35590434,0.03113170
7.260000,0,FL_foot,2.36634254,-0.02935729,0.02743251
7.260000,0,FR_foot,2.24094057,-0.49016744,0.02024114
7.260000,0,RL_foot,1.79288030,-0.02851580,0.02021826
7.260000,0,RR_foot,1.79067266,-0.36013737,0.03210922
7.280000,0,FL_foot,2.37230849,-0.02852713,0.02367606
7.280000,0,FR_foot,2.24123120,-0.49021354,0.02023757
7.280000,0,RL_foot,1.79334390,-0.02866294,0.02020878
7.280000,0,RR_foot,1.79997551,-0.36483034,0.03299272
7.300000,0,FL_foot,2.37495637,-0.02846847,0.02024443
7.300000,0,FR_foot,2.24153733,-0.49023640,0.02024025
7.300000,0,RL_foot,1.79408824,-0.02781009,0.02020736
7.300000,0,RR_foot,1.80832160,-0.36946350,0.03310733
7.320000,0,FL_foot,2.37516689,-0.02829944,0.02025033
7.320000,0,FR_foot,2.24185324,-0.49020341,0.02023150
7.320000,0,RL_foot,1.79442215,-0.02763344,0.02018587
7.320000,0,RR_foot,1.81627631,-0.37363723,0.02979765
7.340000,0,FL_foot,2.37538576,-0.02816341,0.02025028
7.340000,0,FR_foot,2.24215341,-0.49017328,0.02023219
7.340000,0,RL_foot,1.79473519,-0.02777886,0.02019256
7.340000,0,RR_foot,1.82163942,-0.37811637,0.02590902
7.360000,0,FL_foot,2.37560630,-0.02805328,0.02025498
7.360000,0,FR_foot,2.24239945,-0.49014822,0.02023468
7.360000,0,RL_foot,1.79504061,-0.02785478,0.02018231
7.360000,0,RR_foot,1.82283711,-0.38300243,0.02095465
7.380000,0,FL_foot,2.37582183,-0.02796909,0.02025631
7.380000,0,FR_foot,2.24693370,-0.48958138,0.02124927
7.380000,0,RL_foot,1.80476606,-0.03570765,0.02188904
7.380000,0,RR_foot,1.82318711,-0.38283026,0.02020594
7.400000,0,FL_foot,2.37603283,-0.02792076,0.02025025
7.400000,0,FR_foot,2.26492119,-0.48311251,0.02314875
7.400000,0,RL_foot,1.82328856,-0.04852596,0.02573215
7.400000,0,RR_foot,1.82347560,-0.38269246,0.02015938
7.420000,0,FL_foot,2.37625194,-0.02788151,0.02024549
7.420000,0,FR_foot,2.29393053,-0.48004323,0.02532568
7.420000,0,RL_foot,1.84510875,-0.05718043,0.02864525
7.420000,0,RR_foot,1.82376695,-0.38261357,0.02015938
7.440000,0,FL_foot,2.37646532,-0.02784528,0.02024439
7.440000,0,FR_foot,2.32675004,-0.48128539,0.02787285
7.440000,0,RL_foot,1.86628878,-0.06306410,0.03126832
7.440000,0,RR_foot,1.82408702,-0.38251814,0.02016668
7.460000,0,FL_foot,2.37669444,-0.02782481,0.02024077
7.460000,0,FR_foot,2.35643268,-0.48565453,0.03014305
7.460000,0,RL_foot,1.88495481,-0.06616863,0.03320038
7.460000,0,RR_foot,1.82442367,-0.38249099,0.02017703
7.480000,0,FL_foot,2.37693357,-0.02779598,0.02023667
7.480000,0,FR_foot,2.37887883,-0.49199727,0.03102885
7.480000,0,RL_foot,1.90061867,-0.06766306,0.03500736
7.480000,0,RR_foot,1.82479727,-0.38246354,0.02017647
7.500000,0,FL_foot,2.37717986,-0.02776614,0.02023403
7.500000,0,FR_foot,2.39334869,-0.49891284,0.02989648
7.500000,0,RL_foot,1.91353071,-0.06777228,0.03664661
7.500000,0,RR_foot,1.82521558,-0.38243115,0.02017340
7.520000,0,FL_foot,2.37744379,-0.02775973,0.02023085
7.520000,0,FR_foot,2.40153837,-0.50475240,0.02683512
7.520000,0,RL_foot,1.92408311,-0.06650576,0.03790864
7.520000,0,RR_foot,1.82565868,-0.38240963,0.02016467
7.540000,0,FL_foot,2.37771130,-0.02776369,0.02022740
7.540000,0,FR_foot,2.40584564,-0.50847214,0.02222704
7.540000,0,RL_foot,1.93245661,-0.06380746,0.03861930
7.540000,0,RR_foot,1.82612085,-0.38240334,0.02015059
7.560000,0,FL_foot,2.37800670,-0.02782883,0.02023072
7.560000,0,FR_foot,2.40682888,-0.50912601,0.02027921
7.560000,0,RL_foot,1.93960917,-0.06076720,0.03663665
7.560000,0,RR_foot,1.82670176,-0.38331226,0.02022508
7.580000,0,FL_foot,2.37831378,-0.02793749,0.02022242
7.580000,0,FR_foot,2.40748358,-0.50967902,0.02027772
7.580000,0,RL_foot,1.94698429,-0.05799589,0.03312497
7.580000,0,RR_foot,1.82699513,-0.38318944,0.02016603
7.600000,0,FL_foot,2.37859058,-0.02803405,0.02021797
7.600000,0,FR_foot,2.40767121,-0.50988108,0.02027622
7.600000,0,RL_foot,1.95291889,-0.05500219,0.02955670
7.600000,0,RR_foot,1.82731915,-0.38311848,0.02015409
7.620000,0,FL_foot,2.37885523,-0.02812114,0.02021595
7.620000,0,FR_foot,2.40784788,-0.51005983,0.02027349
7.620000,0,RL_foot,1.95695925,-0.05156633,0.02576894
7.620000,0,RR_foot,1.82763827,-0.38303149,0.02014766
7.640000,0,FL_foot,2.37910962,-0.02820137,0.02021299
7.640000,0,FR_foot,2.40801716,-0.51021242,0.02027187
7.640000,0,RL_foot,1.95853841,-0.04754017,0.02149865
7.640000,0,RR_foot,1.82794523,-0.38297084,0.02014245
7.660000,0,FL_foot,2.38079071,-0.02866590,0.02096779
7.660000,0,FR_foot,2.40821624,-0.51034153,0.02027377
7.660000,0,RL_foot,1.95859027,-0.04666483,0.02027490
7.660000,0,RR_foot,1.82898390,-0.38303772,0.02026379
7.680000,0,FL_foot,2.39258909,-0.03467654,0.02237269
7.680000,0,FR_foot,2.40839052,-0.51043081,0.02027177
7.680000,0,RL_foot,1.95884204,-0.04677941,0.02025298
7.680000,0,RR_foot,1.83673334,-0.37834668,0.02190185
7.700000,0,FL_foot,2.41358590,-0.04257284,0.02438534
7.700000,0,FR_foot,2.40856719,-0.51051217,0.02026971
7.700000,0,RL_foot,1.95909560,-0.04687454,0.02025050
7.700000,0,RR_foot,1.85169840,-0.37299564,0.02338428
7.720000,0,FL_foot,2.43877649,-0.04865375,0.02684216
7.720000,0,FR_foot,2.40874577,-0.51059818,0.02026564
7.720000,0,RL_foot,1.95937026,-0.04695712,0.02024924
7.720000,0,RR_foot,1.87112796,-0.36878803,0.02466095
7.740000,0,FL_foot,2.46410465,-0.05206216,0.02923707
7.740000,0,FR_foot,2.40893507,-0.51069599,0.02026374
7.740000,0,RL_foot,1.95967329,-0.04706059,0.02026200
7.740000,0,RR_foot,1.89149511,-0.36655924,0.02601068
7.760000,0,FL_foot,2.48703504,-0.05320423,0.03108176
7.760000,0,FR_foot,2.40913987,-0.51079202,0.02025961
7.760000,0,RL_foot,1.95999813,-0.04715824,0.02026119
7.760000,0,RR_foot,1.91025746,-0.36644664,0.02743760
7.780000,0,FL_foot,2.50593472,-0.05283559,0.03192917
7.780000,0,FR_foot,2.40937519,-0.51087594,0.02025557
7.780000,0,RL_foot,1.96036685,-0.04729236,0.02026017
7.780000,0,RR_foot,1.92634177,-0.36830476,0.02878049
7.800000,0,FL_foot,2.52019596,-0.05170044,0.03148771
7.800000,0,FR_foot,2.40962100,-0.51095682,0.02024875
7.800000,0,RL_foot,1.96075261,-0.04744172,0.02023666
7.800000,0,RR_foot,1.93987513,-0.37148541,0.03000359
7.820000,0,FL_foot,2.53045511,-0.05032116,0.02973685
7.820000,0,FR_foot,2.40988064,-0.51103812,0.02024358
7.820000,0,RL_foot,1.96117735,-0.04761021,0.02022060
7.820000,0,RR_foot,1.95138502,-0.37541550,0.03108810
7.840000,0,FL_foot,2.53777933,-0.04915589,0.02677954
7.840000,0,FR_foot,2.41015816,-0.51110101,0.02024174
7.840000,0,RL_foot,1.96162403,-0.04777088,0.02021765
7.840000,0,RR_foot,1.96137822,-0.37985107,0.03204985
7.860000,0,FL_foot,2.54309964,-0.04859831,0.02271610
7.860000,0,FR_foot,2.41043591,-0.51115376,0.02023733
7.860000,0,RL_foot,1.96209097,-0.04791550,0.02020532
7.860000,0,RR_foot,1.97014177,-0.38469526,0.03294602
7.880000,0,FL_foot,2.54434562,-0.04853784,0.02024218
7.880000,0,FR_foot,2.41074371,-0.51115686,0.02023588
7.880000,0,RL_foot,1.96293533,-0.04677099,0.02026924
7.880000,0,RR_foot,1.97836006,-0.38907754,0.03230060
7.900000,0,FL_foot,2.54458547,-0.04835098,0.02024962
7.900000,0,FR_foot,2.41108513,-0.51111495,0.02023273
7.900000,0,RL_foot,1.96326888,-0.04692940,0.02018915
7.900000,0,RR_foot,1.98596048,-0.39349633,0.02893506
7.920000,0,FL_foot,2.54480124,-0.04821611,0.02025114
7.920000,0,FR_foot,2.41136360,-0.51108545,0.02023234
7.920000,0,RL_foot,1.96357059,-0.04706616,0.02018761
7.920000,0,RR_foot,1.99036205,-0.39809668,0.02485604
7.940000,0,FL_foot,2.54502940,-0.04811792,0.02025251
7.940000,0,FR_foot,2.41159534,-0.51106989,0.02023581
7.940000,0,RL_foot,1.96388066,-0.04712260,0.02019268
7.940000,0,RR_foot,1.99065328,-0.40185007,0.02014444
7.960000,0,FL_foot,2.54524851,-0.04804432,0.02024935
7.960000,0,FR_foot,2.41931796,-0.50801849,0.02156528
7.960000,0,RL_foot,1.97498536,-0.05730116,0.02376016
7.960000,0,RR_foot,1.99096549,-0.40165058,0.02015180
7.980000,0,FL_foot,2.54545975,-0.04799351,0.02024658
7.980000,0,FR_foot,2.44041109,-0.50218189,0.02331080
7.980000,0,RL_foot,1.99527514,-0.06847184,0.02734641
7.980000,0,RR_foot,1.99126554,-0.40154639,0.02015365
8.000000,0,FL_foot,2.54567504,-0.04794809,0.02024523
8.000000,0,FR_foot,2.47068882,-0.50029612,0.02551758
8.000000,0,RL_foot,2.01784563,-0.07645344,0.03022281
8.000000,0,RR_foot,1.99157989,-0.40142861,0.02015996
8.020000,0,FL_foot,2.54589558,-0.04792002,0.02024186
8.020000,0,FR_foot,2.50281167,-0.50249672,0.02805151
8.020000,0,RL_foot,2.03919315,-0.08161933,0.03256382
8.020000,0,RR_foot,1.99190354,-0.40137932,0.02016832
8.040000,0,FL_foot,2.54613090,-0.04788957,0.02023807
8.040000,0,FR_foot,2.53055716,-0.50748885,0.03003378
8.040000,0,RL_foot,2.05772161,-0.08440749,0.03442284
8.040000,0,RR_foot,1.99225605,-0.40133896,0.02017495
8.060000,0,FL_foot,2.54637480,-0.04785746,0.02023577
8.060000,0,FR_foot,2.55065536,-0.51416051,0.03039785
8.060000,0,RL_foot,2.07314086,-0.08569071,0.03620765
8.060000,0,RR_foot,1.99265599,-0.40129539,0.02017790
8.080000,0,FL_foot,2.54663324,-0.04784291,0.02023236
8.080000,0,FR_foot,2.56312037,-0.52094311,0.02873073
8.080000,0,RL_foot,2.08584571,-0.08558926,0.03776015
8.080000,0,RR_foot,1.99306691,-0.40128148,0.02017251
8.100000,0,FL_foot,2.54689384,-0.04783138,0.02022914
8.100000,0,FR_foot,2.56998014,-0.52635556,0.02522838
8.100000,0,RL_foot,2.09618974,-0.08409762,0.03889666
8.100000,0,RR_foot,1.99351764,-0.40126249,0.02016076
8.120000,0,FL_foot,2.54716659,-0.04784159,0.02022449
8.120000,0,FR_foot,2.57353973,-0.52955514,0.02027993
8.120000,0,RL_foot,2.10433412,-0.08112334,0.03944690
8.120000,0,RR_foot,1.99398482,-0.40126064,0.02014482
8.140000,0,FL_foot,2.54747891,-0.04794316,0.02022479
8.140000,0,FR_foot,2.57381749,-0.52980208,0.02028196
8.140000,0,RL_foot,2.11192203,-0.07860249,0.03608711
8.140000,0,RR_foot,1.99450612,-0.40237632,0.02017432
8.160000,0,FL_foot,2.54776835,-0.04804636,0.02021989
8.160000,0,FR_foot,2.57433915,-0.53020221,0.02027507
8.160000,0,RL_foot,2.11913776,-0.07578573,0.03254560
8.160000,0,RR_foot,1.99482346,-0.40230668,0.02016547
8.180000,0,FL_foot,2.54804111,-0.04813879,0.02021753
8.180000,0,FR_foot,2.57453537,-0.53039873,0.02027452
8.180000,0,RL_foot,2.12474513,-0.07265445,0.02887684
8.180000,0,RR_foot,1.99514556,-0.40222251,0.02015450
8.200000,0,FL_foot,2.54830599,-0.04823231,0.02021430
8.200000,0,FR_foot,2.57469869,-0.53057075,0.02027325
8.200000,0,RL_foot,2.12827349,-0.06911656,0.02498213
8.200000,0,RR_foot,1.99545324,-0.40214992,0.02014674
8.220000,0,FL_foot,2.54855084,-0.04830617,0.02021108
8.220000,0,FR_foot,2.57487679,-0.53071702,0.02027178
8.220000,0,RL_foot,2.12913013,-0.06478308,0.02050135
8.220000,0,RR_foot,1.99575913,-0.40210506,0.02014507
8.240000,0,FL_foot,2.55158329,-0.05011785,0.02119550
8.240000,0,FR_foot,2.57507873,-0.53084290,0.02027100
8.240000,0,RL_foot,2.12942076,-0.06490134,0.02026023
8.240000,0,RR_foot,1.99778843,-0.40105116,0.02063757
8.260000,0,FL_foot,2.56503010,-0.05703836,0.02256919
8.260000,0,FR_foot,2.57524300,-0.53093374,0.02027046
8.260000,0,RL_foot,2.12967348,-0.06499591,0.02024976
8.260000,0,RR_foot,2.00696087,-0.39567748,0.02236008
8.280000,0,FL_foot,2.58731580,-0.06506332,0.02456328
8.280000,0,FR_foot,2.57541728,-0.53101158,0.02026739
8.280000,0,RL_foot,2.12993431,-0.06507568,0.02024526
8.280000,0,RR_foot,2.02275157,-0.39032799,0.02380894
8.300000,0,FL_foot,2.61312151,-0.07096644,0.02696614
8.300000,0,FR_foot,2.57560039,-0.53110033,0.02026608
8.300000,0,RL_foot,2.13021660,-0.06516996,0.02025883
8.300000,0,RR_foot,2.04246998,-0.38638395,0.02511273
8.320000,0,FL_foot,2.63847041,-0.07415510,0.02922670
8.320000,0,FR_foot,2.57579422,-0.53119320,0.02026252
8.320000,0,RL_foot,2.13052106,-0.06524573,0.02026221
8.320000,0,RR_foot,2.06275249,-0.38451317,0.02649692
8.340000,0,FL_foot,2.66099215,-0.07515755,0.03084844
8.340000,0,FR_foot,2.57601357,-0.53127420,0.02025659
8.340000,0,RL_foot,2.13085270,-0.06534665,0.02025255
8.340000,0,RR_foot,2.08119893,-0.38479048,0.02792521
8.360000,0,FL_foot,2.67925978,-0.07473050,0.03140705
8.360000,0,FR_foot,2.57624793,-0.53135931,0.02025429
8.360000,0,RL_foot,2.13122725,-0.06548250,0.02025884
8.360000,0,RR_foot,2.09693027,-0.38698488,0.02927891
8.380000,0,FL_foot,2.69282913,-0.07357504,0.03062856
8.380000,0,FR_foot,2.57650113,-0.53143805,0.02024697
8.380000,0,RL_foot,2.13161826,-0.06563296,0.02023206
8.380000,0,RR_foot,2.11018896,-0.39035285,0.03052839
8.400000,0,FL_foot,2.70248508,-0.07219692,0.02853105
8.400000,0,FR_foot,2.57677698,-0.53150082,0.02024271
8.400000,0,RL_foot,2.13204908,-0.06579623,0.02022171
8.400000,0,RR_foot,2.12149525,-0.39440781,0.03163428
8.420000,0,FL_foot,2.70935011,-0.07108165,0.02521669
8.420000,0,FR_foot,2.57705283,-0.53156215,0.02023849
8.420000,0,RL_foot,2.13250256,-0.06595139,0.02020977
8.420000,0,RR_foot,2.13132596,-0.39896026,0.03262824
8.440000,0,FL_foot,2.71430564,-0.07063015,0.02079485
8.440000,0,FR_foot,2.57733583,-0.53160995,0.02023375
8.440000,0,RL_foot,2.13297415,-0.06608880,0.02019654
8.440000,0,RR_foot,2.13989997,-0.40393111,0.03357005
8.460000,0,FL_foot,2.71553659,-0.06978966,0.02024240
8.460000,0,FR_foot,2.57767034,-0.53158879,0.02023499
8.460000,0,RL_foot,2.13421345,-0.06490869,0.02028552
8.460000,0,RR_foot,2.14871359,-0.40795705,0.03159557
8.480000,0,FL_foot,2.71575022,-0.06958441,0.02024815
8.480000,0,FR_foot,2.57798076,-0.53154612,0.02023248
8.480000,0,RL_foot,2.13451219,-0.06508235,0.02020174
8.480000,0,RR_foot,2.15596509,-0.41228682,0.02810890
8.500000,0,FL_foot,2.71596074,-0.06945015,0.02025339
8.500000,0,FR_foot,2.57825804,-0.53151643,0.02023283
8.500000,0,RL_foot,2.13480568,-0.06519625,0.02018555
8.500000,0,RR_foot,2.15934205,-0.41693830,0.02374066
8.520000,0,FL_foot,2.71624422,-0.06937598,0.02022100
8.520000,0,FR_foot,2.57878327,-0.53172094,0.02033872
8.520000,0,RL_foot,2.13632441,-0.06577830,0.02036442
8.520000,0,RR_foot,2.15931392,-0.41947523,0.02002282
8.540000,0,FL_foot,2.71640253,-0.06929731,0.02024728
8.540000,0,FR_foot,2.58914971,-0.52647829,0.02199389
8.540000,0,RL_foot,2.14922166,-0.07676040,0.02425918
8.540000,0,RR_foot,2.15961051,-0.41936430,0.02014404
8.560000,0,FL_foot,2.71663213,-0.06925323,0.02024681
8.560000,0,FR_foot,2.61279440,-0.52165598,0.02382126
8.560000,0,RL_foot,2.17025280,-0.08708183,0.02752471
8.560000,0,RR_foot,2.15991974,-0.41922501,0.02015512
8.580000,0,FL_foot,2.71684885,-0.06922153,0.02024360
8.580000,0,FR_foot,2.64410520,-0.52083063,0.02619632
8.580000,0,RL_foot,2.19276762,-0.09489011,0.03038822
8.580000,0,RR_foot,2.16022801,-0.41914931,0.02015954
8.600000,0,FL_foot,2.71707582,-0.06919058,0.02024066
8.600000,0,FR_foot,2.67584705,-0.52381831,0.02876955
8.600000,0,RL_foot,2.21365547,-0.09974657,0.03258597
8.600000,0,RR_foot,2.16055751,-0.41909343,0.02016931
8.620000,0,FL_foot,2.71731472,-0.06915978,0.02023868
8.620000,0,FR_foot,2.70241475,-0.52946103,0.03055104
8.620000,0,RL_foot,2.23162818,-0.10240129,0.03444283
8.620000,0,RR_foot,2.16093230,-0.41903570,0.02017811
8.640000,0,FL_foot,2.71756649,-0.06914156,0.02023520
8.640000,0,FR_foot,2.72111273,-0.53651160,0.03057758
8.640000,0,RL_foot,2.24659538,-0.10360456,0.03623567
8.640000,0,RR_foot,2.16132188,-0.41901794,0.02017945
8.660000,0,FL_foot,2.71782041,-0.06911838,0.02023211
8.660000,0,FR_foot,2.73243976,-0.54331988,0.02857105
8.660000,0,RL_foot,2.25892520,-0.10338651,0.03775784
8.660000,0,RR_foot,2.16175532,-0.41899034,0.02017104
8.680000,0,FL_foot,2.71808410,-0.06911063,0.02022787
8.680000,0,FR_foot,2.73857594,-0.54851115,0.02479490
8.680000,0,RL_foot,2.26893067,-0.10175864,0.03884014
8.680000,0,RR_foot,2.16220880,-0.41897419,0.02015589
8.700000,0,FL_foot,2.71837497,-0.06915966,0.02021597
8.700000,0,FR_foot,2.74134135,-0.55080956,0.02021433
8.700000,0,RL_foot,2.27674508,-0.09882683,0.03906860
8.700000,0,RR_foot,2.16268969,-0.41905046,0.02031978
8.720000,0,FL_foot,2.71867323,-0.06924411,0.02022068
8.720000,0,FR_foot,2.74159050,-0.55117476,0.02028537
8.720000,0,RL_foot,2.28493953,-0.09668817,0.03572720
8.720000,0,RR_foot,2.16296172,-0.41977900,0.02014481
8.740000,0,FL_foot,2.71895957,-0.06933997,0.02021985
8.740000,0,FR_foot,2.74224710,-0.55158925,0.02027632
8.740000,0,RL_foot,2.29216409,-0.09397188,0.03233190
8.740000,0,RR_foot,2.16329885,-0.41969916,0.02015851
8.760000,0,FL_foot,2.71924138,-0.06944022,0.02021711
8.760000,0,FR_foot,2.74242687,-0.55177337,0.02027535
8.760000,0,RL_foot,2.29767084,-0.09064719,0.02857433
8.760000,0,RR_foot,2.16361666,-0.41962022,0.02015179
8.780000,0,FL_foot,2.71949482,-0.06952839,0.02021307
8.780000,0,FR_foot,2.74260139,-0.55194694,0.02027413
8.780000,0,RL_foot,2.30098367,-0.08690653,0.02455913
8.780000,0,RR_foot,2.16392922,-0.41955569,0.02014781
8.800000,0,FL_foot,2.71973324,-0.06959620,0.02021823
8.800000,0,FR_foot,2.74279952,-0.55208600,0.02026919
8.800000,0,RL_foot,2.30155921,-0.08327890,0.02038737
8.800000,0,RR_foot,2.16423655,-0.41949859,0.02013885
8.820000,0,FL_foot,2.72403932,-0.07168543,0.02144395
8.820000,0,FR_foot,2.74298549,-0.55219418,0.02027036
8.820000,0,RL_foot,2.30184627,-0.08340228,0.02025524
8.820000,0,RR_foot,2.16802335,-0.41773397,0.02083982
8.840000,0,FL_foot,2.73855042,-0.07892487,0.02315878
8.840000,0,FR_foot,2.74315858,-0.55228341,0.02026970
8.840000,0,RL_foot,2.30209327,-0.08351394,0.02024849
8.840000,0,RR_foot,2.17908144,-0.41236448,0.02235501
8.860000,0,FL_foot,2.76139569,-0.08682158,0.02546331
8.860000,0,FR_foot,2.74334002,-0.55237353,0.02026628
8.860000,0,RL_foot,2.30235553,-0.08360785,0.02024563
8.860000,0,RR_foot,2.19619918,-0.40736654,0.02358329
8.880000,0,FL_foot,2.78724599,-0.09246831,0.02806373
8.880000,0,FR_foot,2.74352241,-0.55246776,0.02026510
8.880000,0,RL_foot,2.30263948,-0.08371623,0.02025961
8.880000,0,RR_foot,2.21637964,-0.40395156,0.02479175
8.900000,0,FL_foot,2.81234646,-0.09551768,0.03043783
8.900000,0,FR_foot,2.74371815,-0.55256498,0.02026104
8.900000,0,RL_foot,2.30294538,-0.08380537,0.02026416
8.900000,0,RR_foot,2.23647022,-0.40261611,0.02614302
8.920000,0,FL_foot,2.83443761,-0.09655596,0.03212067
8.920000,0,FR_foot,2.74392867,-0.55265903,0.02025521
8.920000,0,RL_foot,2.30327797,-0.08392130,0.02025133
8.920000,0,RR_foot,2.25442100,-0.40334985,0.02753453
8.940000,0,FL_foot,2.85221982,-0.09626015,0.03269707
8.940000,0,FR_foot,2.74415970,-0.55275267,0.02025267
8.940000,0,RL_foot,2.30365348,-0.08407240,0.02025513
8.940000,0,RR_foot,2.26961327,-0.40591234,0.02882836
8.960000,0,FL_foot,2.86536646,-0.09529035,0.03193260
8.960000,0,FR_foot,2.74441934,-0.55283201,0.02024616
8.960000,0,RL_foot,2.30404520,-0.08423350,0.02023368
8.960000,0,RR_foot,2.28240108,-0.40955955,0.02998833
8.980000,0,FL_foot,2.87476683,-0.09411008,0.02986691
8.980000,0,FR_foot,2.74467897,-0.55291748,0.02024342
8.980000,0,RL_foot,2.30447316,-0.08440883,0.02022662
8.980000,0,RR_foot,2.29332590,-0.41382989,0.03100226
9.000000,0,FL_foot,2.88149047,-0.09322568,0.02660839
9.000000,0,FR_foot,2.74495006,-0.55298871,0.02023868
9.000000,0,RL_foot,2.30492377,-0.08457605,0.02021210
9.000000,0,RR_foot,2.30283642,-0.41854444,0.03190685
9.020000,0,FL_foot,2.88636255,-0.09301291,0.02226745
9.020000,0,FR_foot,2.74523807,-0.55303442,0.02023519
9.020000,0,RL_foot,2.30539227,-0.08472118,0.02020305
9.020000,0,RR_foot,2.31111979,-0.42365190,0.03276578
9.040000,0,FL_foot,2.88764381,-0.09311181,0.02023619
9.040000,0,FR_foot,2.74555159,-0.55302888,0.02023545
9.040000,0,RL_foot,2.30622363,-0.08400914,0.02029246
9.040000,0,RR_foot,2.31907654,-0.42819837,0.03174099
9.060000,0,FL_foot,2.88783693,-0.09292064,0.02024848
9.060000,0,FR_foot,2.74587226,-0.55299497,0.02023151
9.060000,0,RL_foot,2.30650735,-0.08421121,0.02019531
9.060000,0,RR_foot,2.32606745,-0.43312493,0.02813487
9.080000,0,FL_foot,2.88805246,-0.09279886,0.02025342
9.080000,0,FR_foot,2.74616361,-0.55297029,0.02023234
9.080000,0,RL_foot,2.30680609,-0.08432305,0.02018404
9.080000,0,RR_foot,2.32911325,-0.43801141,0.02366048
9.100000,0,FL_foot,2.88834333,-0.09273233,0.02022302
9.100000,0,FR_foot,2.74666262,-0.55324346,0.02036853
9.100000,0,RL_foot,2.30861664,-0.08556059,0.02057842
9.100000,0,RR_foot,2.32886553,-0.44065318,0.02004623
9.120000,0,FL_foot,2.88849545,-0.09266286,0.02024734
9.120000,0,FR_foot,2.75744796,-0.54782367,0.02179471
9.120000,0,RL_foot,2.32173038,-0.09715261,0.02485179
9.120000,0,RR_foot,2.32916903,-0.44055292,0.02014564
9.140000,0,FL_foot,2.88872695,-0.09262840,0.02024601
9.140000,0,FR_foot,2.78178692,-0.54348660,0.02340284
9.140000,0,RL_foot,2.34269953,-0.10767851,0.02828937
9.140000,0,RR_foot,2.32948136,-0.44042420,0.02015428
9.160000,0,FL_foot,2.88894725,-0.09260634,0.02024304
9.160000,0,FR_foot,2.81361890,-0.54337132,0.02557127
9.160000,0,RL_foot,2.36508989,-0.11579616,0.03132333
9.160000,0,RR_foot,2.32979345,-0.44036007,0.02015894
9.180000,0,FL_foot,2.88917875,-0.09258579,0.02023990
9.180000,0,FR_foot,2.84556651,-0.54701316,0.02793246
9.180000,0,RL_foot,2.38583302,-0.12082449,0.03357768
9.180000,0,RR_foot,2.33012533,-0.44031614,0.02016934
9.200000,0,FL_foot,2.88942218,-0.09256575,0.02023732
9.200000,0,FR_foot,2.87207842,-0.55318654,0.02947541
9.200000,0,RL_foot,2.40367079,-0.12361649,0.03547477
9.200000,0,RR_foot,2.33050513,-0.44027060,0.02017815
9.220000,0,FL_foot,2.88967991,-0.09255859,0.02023394
9.220000,0,FR_foot,2.89058971,-0.56060559,0.02924000
9.220000,0,RL_foot,2.41854382,-0.12492510,0.03730864
9.220000,0,RR_foot,2.33089852,-0.44026360,0.02017837
9.240000,0,FL_foot,2.88994098,-0.09254700,0.02023063
9.240000,0,FR_foot,2.90171432,-0.56760961,0.02696311
9.240000,0,RL_foot,2.43082690,-0.12476443,0.03886183
9.240000,0,RR_foot,2.33133769,-0.44024780,0.02016952
9.260000,0,FL_foot,2.89021182,-0.09255133,0.02022632
9.260000,0,FR_foot,2.90766406,-0.57283539,0.02290266
9.260000,0,RL_foot,2.44081092,-0.12311337,0.03994843
9.260000,0,RR_foot,2.33179832,-0.44024414,0.02015422
9.280000,0,FL_foot,2.89050436,-0.09261576,0.02022716
9.280000,0,FR_foot,2.90955257,-0.57452303,0.02028928
9.280000,0,RL_foot,2.44902062,-0.12088031,0.03895258
9.280000,0,RR_foot,2.33242702,-0.44134861,0.02019173
9.300000,0,FL_foot,2.89080000,-0.09272040,0.02022147
9.300000,0,FR_foot,2.91012836,-0.57505858,0.02028362
9.300000,0,RL_foot,2.45747161,-0.11839110,0.03515719
9.300000,0,RR_foot,2.33276367,-0.44128039,0.02015497
9.320000,0,FL_foot,2.89107847,-0.09281880,0.02021841
9.320000,0,FR_foot,2.91086173,-0.57552266,0.02027613
9.320000,0,RL_foot,2.46426082,-0.11582429,0.03170406
9.320000,0,RR_foot,2.33309150,-0.44122750,0.02015761
9.340000,0,FL_foot,2.89135361,-0.09292075,0.02021480
9.340000,0,FR_foot,2.91106009,-0.57570988,0.02027373
9.340000,0,RL_foot,2.46932125,-0.11259577,0.02794362
9.340000,0,RR_foot,2.33340883,-0.44116330,0.02015127
9.360000,0,FL_foot,2.89160299,-0.09300629,0.02021199
9.360000,0,FR_foot,2.91122985,-0.57587796,0.02027152
9.360000,0,RL_foot,2.47222018,-0.10889737,0.02391485
9.360000,0,RR_foot,2.33372498,-0.44108775,0.02014660
9.380000,0,FL_foot,2.89190841,-0.09302539,0.02025864
9.380000,0,FR_foot,2.91144204,-0.57601321,0.02025667
9.380000,0,RL_foot,2.47246671,-0.10545624,0.02009897
9.380000,0,RR_foot,2.33404493,-0.44109902,0.02023046
9.400000,0,FL_foot,2.89858770,-0.09728380,0.02176874
9.400000,0,FR_foot,2.91160393,-0.57611358,0.02026760
9.400000,0,RL_foot,2.47275782,-0.10539830,0.02024171
9.400000,0,RR_foot,2.33807993,-0.43899632,0.02110147
9.420000,0,FL_foot,2.91529918,-0.10541774,0.02357117
9.420000,0,FR_foot,2.91178322,-0.57619584,0.02026707
9.420000,0,RL_foot,2.47300458,-0.10549402,0.02024173
9.420000,0,RR_foot,2.34991884,-0.43364781,0.02263891
9.440000,0,FL_foot,2.93879223,-0.11325719,0.02593443
9.440000,0,FR_foot,2.91196108,-0.57627964,0.02026686
9.440000,0,RL_foot,2.47327089,-0.10560249,0.02025329
9.440000,0,RR_foot,2.36777854,-0.42896008,0.02384493
9.460000,0,FL_foot,2.96431661,-0.11858254,0.02847382
9.460000,0,FR_foot,2.91215062,-0.57637250,0.02026388
9.460000,0,RL_foot,2.47355843,-0.10568112,0.02026088
9.460000,0,RR_foot,2.38828707,-0.42596027,0.02507532
9.480000,0,FL_foot,2.98862934,-0.12128756,0.03065383
9.480000,0,FR_foot,2.91234803,-0.57646900,0.02025781
9.480000,0,RL_foot,2.47386622,-0.10578047,0.02025084
9.480000,0,RR_foot,2.40829134,-0.42509434,0.02644150
9.500000,0,FL_foot,3.00965714,-0.12207071,0.03207513
9.500000,0,FR_foot,2.91257358,-0.57655531,0.02025602
9.500000,0,RL_foot,2.47421384,-0.10591085,0.02026201
9.500000,0,RR_foot,2.42594457,-0.42625809,0.02783213
9.520000,0,FL_foot,3.02632976,-0.12161335,0.03231814
9.520000,0,FR_foot,2.91281176,-0.57663745,0.02024953
9.520000,0,RL_foot,2.47458291,-0.10605332,0.02024217
9.520000,0,RR_foot,2.44084597,-0.42907029,0.02913795
9.540000,0,FL_foot,3.03855586,-0.12056703,0.03125006
9.540000,0,FR_foot,2.91306734,-0.57672065,0.02024641
9.540000,0,RL_foot,2.47498894,-0.10622620,0.02023546
9.540000,0,RR_foot,2.45340228,-0.43283585,0.03030240
9.560000,0,FL_foot,3.04730964,-0.11940032,0.02890536
9.560000,0,FR_foot,2.91334343,-0.57678676,0.02024049
9.560000,0,RL_foot,2.47541118,-0.10638148,0.02021805
9.560000,0,RR_foot,2.46416974,-0.43716687,0.03131370
9.580000,0,FL_foot,3.05359769,-0.11858779,0.02539872
9.580000,0,FR_foot,2.91361809,-0.57685012,0.02023616
9.580000,0,RL_foot,2.47586393,-0.10654049,0.02020703
9.580000,0,RR_foot,2.47353768,-0.44194192,0.03222683
9.600000,0,FL_foot,3.05818987,-0.11849695,0.02081890
9.600000,0,FR_foot,2.91390157,-0.57689846,0.02023121
9.600000,0,RL_foot,2.47633433,-0.10667999,0.02019419
9.600000,0,RR_foot,2.48167253,-0.44710732,0.03311142
9.620000,0,FL_foot,3.05863500,-0.11840404,0.02024342
9.620000,0,FR_foot,2.91424704,-0.57686740,0.02023629
9.620000,0,RL_foot,2.47722578,-0.10587183,0.02025108
9.620000,0,RR_foot,2.49007010,-0.45151582,0.03108676
9.640000,0,FL_foot,3.05882359,-0.11823674,0.02025226
9.640000,0,FR_foot,2.91455770,-0.57682306,0.02023093
9.640000,0,RL_foot,2.47744012,-0.10608490,0.02018842
9.640000,0,RR_foot,2.49681473,-0.45663235,0.02746308
9.660000,0,FL_foot,3.05904245,-0.11812034,0.02025526
9.660000,0,FR_foot,2.91482425,-0.57680243,0.02023214
9.660000,0,RL_foot,2.47774482,-0.10618084,0.02018588
9.660000,0,RR_foot,2.49904084,-0.46165940,0.02276173
9.680000,0,FL_foot,3.05929160,-0.11803948,0.02024334
9.680000,0,FR_foot,2.91637969,-0.57718897,0.02070903
9.680000,0,RL_foot,2.48258424,-0.10992597,0.02064648
9.680000,0,RR_foot,2.49901319,-0.46288902,0.02015112
9.700000,0,FL_foot,3.05946517,-0.11798431,0.02025146
9.700000,0,FR_foot,2.93051791,-0.57120991,0.02271941
9.700000,0,RL_foot,2.49777532,-0.12292032,0.02448296
9.700000,0,RR_foot,2.49929500,-0.46275282,0.02015687
9.720000,0,FL_foot,3.05969095,-0.11794917,0.02024707
9.720000,0,FR_foot,2.95712042,-0.56768632,0.02489064
9.720000,0,RL_foot,2.51892495,-0.13298827,0.02740849
9.720000,0,RR_foot,2.49957705,-0.46267346,0.02015860
9.740000,0,FL_foot,3.05990148,-0.11791404,0.02024415
9.740000,0,FR_foot,2.98947191,-0.56840050,0.02755470
9.740000,0,RL_foot,2.54055643,-0.14042945,0.03006558
9.740000,0,RR_foot,2.49987245,-0.46260273,0.02016299
9.760000,0,FL_foot,3.06012273,-0.11789197,0.02024251
9.760000,0,FR_foot,3.02049685,-0.57259685,0.03021442
9.760000,0,RL_foot,2.56021237,-0.14480944,0.03201963
9.760000,0,RR_foot,2.50020933,-0.46253070,0.02017653
9.780000,0,FL_foot,3.06035876,-0.11786291,0.02023936
9.780000,0,FR_foot,3.04526782,-0.57905859,0.03183420
9.780000,0,RL_foot,2.57702231,-0.14722438,0.03376495
9.780000,0,RR_foot,2.50056386,-0.46250844,0.02018181
9.800000,0,FL_foot,3.06059980,-0.11783120,0.02023413
9.800000,0,FR_foot,3.06198168,-0.58648318,0.03156494
9.800000,0,RL_foot,2.59101748,-0.14822641,0.03545214
9.800000,0,RR_foot,2.50095129,-0.46248424,0.02017091
9.820000,0,FL_foot,3.06085634,-0.11781861,0.02023247
9.820000,0,FR_foot,3.07173824,-0.59323514,0.02932459
9.820000,0,RL_foot,2.60255456,-0.14781421,0.03686056
9.820000,0,RR_foot,2.50138068,-0.46245959,0.02017056
9.840000,0,FL_foot,3.06111813,-0.11781531,0.02022743
9.840000,0,FR_foot,3.07692909,-0.59812480,0.02544217
9.840000,0,RL_foot,2.61193323,-0.14605500,0.03784556
9.840000,0,RR_foot,2.50181794,-0.46246031,0.02015425
9.860000,0,FL_foot,3.06139207,-0.11783151,0.02022290
9.860000,0,FR_foot,3.07971716,-0.60068423,0.02029236
9.860000,0,RL_foot,2.61924744,-0.14279047,0.03823443
9.860000,0,RR_foot,2.50228715,-0.46246892,0.02013906
9.880000,0,FL_foot,3.06170440,-0.11794265,0.02022484
9.880000,0,FR_foot,3.07999945,-0.60093695,0.02028196
9.880000,0,RL_foot,2.62612510,-0.14016226,0.03476009
9.880000,0,RR_foot,2.50279903,-0.46350712,0.02016754
9.900000,0,FL_foot,3.06199312,-0.11805592,0.02022007
9.900000,0,FR_foot,3.08037710,-0.60125744,0.02027619
9.900000,0,RL_foot,2.63286710,-0.13748524,0.03124276
9.900000,0,RR_foot,2.50311899,-0.46344462,0.02016284
9.920000,0,FL_foot,3.06226635,-0.11815802,0.02021783
9.920000,0,FR_foot,3.08052683,-0.60145193,0.02027500
9.920000,0,RL_foot,2.63815475,-0.13450211,0.02759942
9.920000,0,RR_foot,2.50344181,-0.46336779,0.02015426
9.940000,0,FL_foot,3.06253242,-0.11826011,0.02021422
9.940000,0,FR_foot,3.08069634,-0.60163510,0.02027427
9.940000,0,RL_foot,2.64128470,-0.13105032,0.02366872
9.940000,0,RR_foot,2.50375199,-0.46330473,0.02014600
9.960000,0,FL_foot,3.06287146,-0.11826453,0.02025059
9.960000,0,FR_foot,3.08093643,-0.60177904,0.02025780
9.960000,0,RL_foot,2.64166212,-0.12827592,0.02014037
9.960000,0,RR_foot,2.50412893,-0.46347138,0.02017842
9.980000,0,FL_foot,3.06994128,-0.12250967,0.02168034
9.980000,0,FR_foot,3.08107042,-0.60188842,0.02026957
9.980000,0,RL_foot,2.64192224,-0.12827924,0.02024099
9.980000,0,RR_foot,2.50878525,-0.46116740,0.02142435
10.000000,0,FL_foot,3.08691955,-0.13055673,0.02348845
10.000000,0,FR_foot,3.08125114,-0.60198355,0.02026830
10.000000,0,RL_foot,2.64217806,-0.12839527,0.02024066
10.000000,0,RR_foot,2.52126336,-0.45614251,0.02308712
10.020000,0,FL_foot,3.11035943,-0.13813728,0.02583522
10.020000,0,FR_foot,3.08142853,-0.60208058,0.02026774
10.020000,0,RL_foot,2.64245224,-0.12852129,0.02025220
10.020000,0,RR_foot,2.53947902,-0.45180702,0.02441788
10.040000,0,FL_foot,3.13559651,-0.14315978,0.02830491
10.040000,0,FR_foot,3.08161736,-0.60218644,0.02026444
10.040000,0,RL_foot,2.64274836,-0.12861608,0.02025950
10.040000,0,RR_foot,2.55999422,-0.44919589,0.02573348
10.060000,0,FL_foot,3.15950489,-0.14559153,0.03037743
10.060000,0,FR_foot,3.08181739,-0.60229468,0.02025859
10.060000,0,RL_foot,2.64306664,-0.12873079,0.02024889
10.060000,0,RR_foot,2.57977891,-0.44871765,0.02711470
10.080000,0,FL_foot,3.18006682,-0.14616705,0.03167010
10.080000,0,FR_foot,3.08204341,-0.60239214,0.02025646
10.080000,0,RL_foot,2.64342237,-0.12887654,0.02026010
10.080000,0,RR_foot,2.59713411,-0.45023379,0.02846460
10.100000,0,FL_foot,3.19630671,-0.14560288,0.03180662
10.100000,0,FR_foot,3.08228183,-0.60248798,0.02025174
10.100000,0,RL_foot,2.64379644,-0.12903190,0.02024825
10.100000,0,RR_foot,2.61180520,-0.45327166,0.02970162
10.120000,0,FL_foot,3.20827103,-0.14455611,0.03066643
10.120000,0,FR_foot,3.08253670,-0.60257936,0.02024658
10.120000,0,RL_foot,2.64421010,-0.12921646,0.02023131
10.120000,0,RR_foot,2.62419581,-0.45715800,0.03078407
10.140000,0,FL_foot,3.21691346,-0.14349480,0.02829952
10.140000,0,FR_foot,3.08281064,-0.60265613,0.02024249
10.140000,0,RL_foot,2.64464712,-0.12939550,0.02022030
10.140000,0,RR_foot,2.63481832,-0.46157679,0.03171352
10.160000,0,FL_foot,3.22320914,-0.14284939,0.02479854
10.160000,0,FR_foot,3.08308339,-0.60272396,0.02023820
10.160000,0,RL_foot,2.64510322,-0.12956026,0.02020810
10.160000,0,RR_foot,2.64407349,-0.46641833,0.03254549
10.180000,0,FL_foot,3.22774267,-0.14296350,0.02024240
10.180000,0,FR_foot,3.08336663,-0.60277402,0.02022892
10.180000,0,RL_foot,2.64557910,-0.12969902,0.02020237
10.180000,0,RR_foot,2.65211463,-0.47162738,0.03334558
10.200000,0,FL_foot,3.22708297,-0.14271761,0.02024706
10.200000,0,FR_foot,3.08371258,-0.60273278,0.02023298
10.200000,0,RL_foot,2.64613390,-0.12853044,0.02020340
10.200000,0,RR_foot,2.66031504,-0.47547489,0.03070859
10.220000,0,FL_foot,3.22728729,-0.14256062,0.02025070
10.220000,0,FR_foot,3.08401823,-0.60269654,0.02023102
10.220000,0,RL_foot,2.64643121,-0.12869123,0.02019033
10.220000,0,RR_foot,2.66711426,-0.48022902,0.02716927
10.240000,0,FL_foot,3.22750854,-0.14244407,0.02025294
10.240000,0,FR_foot,3.08428454,-0.60267425,0.02023209
10.240000,0,RL_foot,2.64673471,-0.12881114,0.02018044
10.240000,0,RR_foot,2.66984439,-0.48518297,0.02253849
10.260000,0,FL_foot,3.22772455,-0.14235002,0.02024904
10.260000,0,FR_foot,3.08594131,-0.60293347,0.02079874
10.260000,0,RL_foot,2.65226054,-0.13360281,0.02083419
10.260000,0,RR_foot,2.66990638,-0.48645428,0.02018525
10.280000,0,FL_foot,3.22791815,-0.14229575,0.02025037
10.280000,0,FR_foot,3.10041761,-0.59637451,0.02258907
10.280000,0,RL_foot,2.66798234,-0.14727910,0.02488380
10.280000,0,RR_foot,2.67019200,-0.48633057,0.02016283
10.300000,0,FL_foot,3.22812939,-0.14226472,0.02024568
10.300000,0,FR_foot,3.12761688,-0.59269410,0.02453793
10.300000,0,RL_foot,2.68956709,-0.15754455,0.02798129
10.300000,0,RR_foot,2.67047882,-0.48625752,0.02015775
10.320000,0,FL_foot,3.22834134,-0.14223762,0.02024286
10.320000,0,FR_foot,3.16048265,-0.59350199,0.02701374
10.320000,0,RL_foot,2.71150756,-0.16514219,0.03084673
10.320000,0,RR_foot,2.67077875,-0.48619673,0.02016387
10.340000,0,FL_foot,3.22856522,-0.14221174,0.02024139
10.340000,0,FR_foot,3.19174886,-0.59776163,0.02949734
10.340000,0,RL_foot,2.73128843,-0.16953090,0.03292182
10.340000,0,RR_foot,2.67112160,-0.48613352,0.02017627
10.360000,0,FL_foot,3.22880411,-0.14218791,0.02023775
10.360000,0,FR_foot,3.21649528,-0.60422045,0.03089627
10.360000,0,RL_foot,2.74809313,-0.17193313,0.03477378
10.360000,0,RR_foot,2.67147970,-0.48611924,0.02017912
10.380000,0,FL_foot,3.22905636,-0.14217801,0.02023286
10.380000,0,FR_foot,3.23302341,-0.61158776,0.03034050
10.380000,0,RL_foot,2.76201439,-0.17286725,0.03653122
10.380000,0,RR_foot,2.67187381,-0.48610687,0.02017428
10.400000,0,FL_foot,3.22931147,-0.14216430,0.02022970
10.400000,0,FR_foot,3.24254918,-0.61820030,0.02775115
10.400000,0,RL_foot,2.77344155,-0.17230435,0.03795658
10.400000,0,RR_foot,2.67230964,-0.48609364,0.02016488
10.420000,0,FL_foot,3.22957921,-0.14216729,0.02022523
10.420000,0,FR_foot,3.24749684,-0.62284321,0.02347766
10.420000,0,RL_foot,2.78265095,-0.17027494,0.03889623
10.420000,0,RR_foot,2.67276716,-0.48609158,0.02014881
10.440000,0,FL_foot,3.22987032,-0.14223191,0.02022882
10.440000,0,FR_foot,3.24913168,-0.62422907,0.02028844
10.440000,0,RL_foot,2.79013252,-0.16742426,0.03801032
10.440000,0,RR_foot,2.67342806,-0.48722169,0.02008535
10.460000,0,FL_foot,3.23017144,-0.14234512,0.02022191
10.460000,0,FR_foot,3.24930048,-0.62446231,0.02027995
10.460000,0,RL_foot,2.79804015,-0.16509497,0.03429367
10.460000,0,RR_foot,2.67377543,-0.48717836,0.02015741
10.480000,0,FL_foot,3.23045206,-0.14245223,0.02021880
10.480000,0,FR_foot,3.24973369,-0.62480319,0.02027519
10.480000,0,RL_foot,2.80454206,-0.16263312,0.03082578
10.480000,0,RR_foot,2.67409778,-0.48712695,0.02015764
10.500000,0,FL_foot,3.23073006,-0.14256309,0.02021468
10.500000,0,FR_foot,3.24990153,-0.62499619,0.02027357
10.500000,0,RL_foot,2.80928230,-0.15951273,0.02709583
10.500000,0,RR_foot,2.67441297,-0.48706913,0.02015046
10.520000,0,FL_foot,3.23097968,-0.14265597,0.02021252
10.520000,0,FR_foot,3.25006700,-0.62516809,0.02027183
10.520000,0,RL_foot,2.81181169,-0.15587620,0.02305204
10.520000,0,RR_foot,2.67472839,-0.48700160,0.02014640
10.540000,0,FL_foot,3.23145747,-0.14257799,0.02042335
10.540000,0,FR_foot,3.25029087,-0.62530464,0.02025456
10.540000,0,RL_foot,2.81198239,-0.15332939,0.02017830
10.540000,0,RR_foot,2.67509317,-0.48738664,0.02017144
10.560000,0,FL_foot,3.24088836,-0.14800234,0.02156502
10.560000,0,FR_foot,3.25045109,-0.62539798,0.02026796
10.560000,0,RL_foot,2.81224394,-0.15340909,0.02024022
10.560000,0,RR_foot,2.68030310,-0.48417571,0.02191903
10.580000,0,FL_foot,3.26013279,-0.15672027,0.02331491
10.580000,0,FR_foot,3.25063682,-0.62547523,0.02026923
10.580000,0,RL_foot,2.81249976,-0.15353222,0.02024743
10.580000,0,RR_foot,2.69329333,-0.47920358,0.02370237
10.600000,0,FL_foot,3.28474379,-0.16419308,0.02564651
10.600000,0,FR_foot,3.25082350,-0.62555808,0.02026679
10.600000,0,RL_foot,2.81278086,-0.15361500,0.02025515
10.600000,0,RR_foot,2.71187234,-0.47506160,0.02506666
10.620000,0,FL_foot,3.31033802,-0.16890261,0.02803029
10.620000,0,FR_foot,3.25102019,-0.62564850,0.02026179
10.620000,0,RL_foot,2.81307745,-0.15370174,0.02025211
10.620000,0,RR_foot,2.73234987,-0.47275421,0.02638780
10.640000,0,FL_foot,3.33409023,-0.17104390,0.02996083
10.640000,0,FR_foot,3.25123072,-0.62574142,0.02025958
10.640000,0,RL_foot,2.81340981,-0.15381707,0.02026179
10.640000,0,RR_foot,2.75178266,-0.47257188,0.02777398
10.660000,0,FL_foot,3.35414195,-0.17137565,0.03099740
10.660000,0,FR_foot,3.25146937,-0.62582129,0.02025540
10.660000,0,RL_foot,2.81376314,-0.15393201,0.02026181
10.660000,0,RR_foot,2.76869130,-0.47432745,0.02912995
10.680000,0,FL_foot,3.36962795,-0.17064546,0.03078179
10.680000,0,FR_foot,3.25172043,-0.62589914,0.02024855
10.680000,0,RL_foot,2.81414771,-0.15407839,0.02023826
10.680000,0,RR_foot,2.78296423,-0.47750697,0.03039091
10.700000,0,FL_foot,3.38087368,-0.16946962,0.02924175
10.700000,0,FR_foot,3.25198436,-0.62597859,0.02024341
10.700000,0,RL_foot,2.81456876,-0.15425009,0.02022332
10.700000,0,RR_foot,2.79506636,-0.48149163,0.03152216
10.720000,0,FL_foot,3.38891435,-0.16832499,0.02644642
10.720000,0,FR_foot,3.25226903,-0.62603766,0.02023961
10.720000,0,RL_foot,2.81501365,-0.15441695,0.02021451
10.720000,0,RR_foot,2.80552244,-0.48599899,0.03252392
10.740000,0,FL_foot,3.39471483,-0.16765442,0.02249767
10.740000,0,FR_foot,3.25255346,-0.62609249,0.02023553
10.740000,0,RL_foot,2.81547928,-0.15456910,0.02020342
10.740000,0,RR_foot,2.81466365,-0.49093676,0.03344901
10.760000,0,FL_foot,3.39628053,-0.16761297,0.02024120
10.760000,0,FR_foot,3.25286531,-0.62610549,0.02023770
10.760000,0,RL_foot,2.81642842,-0.15346564,0.02021176
10.760000,0,RR_foot,2.82330251,-0.49540848,0.03279037
10.780000,0,FL_foot,3.39648652,-0.16744748,0.02024984
10.780000,0,FR_foot,3.25319076,-0.62608236,0.02023360
10.780000,0,RL_foot,2.81675982,-0.15364060,0.02020043
10.780000,0,RR_foot,2.83121133,-0.49989739,0.02942532
10.800000,0,FL_foot,3.39670420,-0.16732033,0.02025284
10.800000,0,FR_foot,3.25347686,-0.62605584,0.02023190
10.800000,0,RL_foot,2.81705904,-0.15377724,0.02018975
10.800000,0,RR_foot,2.83591628,-0.50458473,0.02540457
10.820000,0,FL_foot,3.39693022,-0.16722474,0.02025466
10.820000,0,FR_foot,3.25371575,-0.62604427,0.02023568
10.820000,0,RL_foot,2.81736350,-0.15384303,0.02018714
10.820000,0,RR_foot,2.83616638,-0.50953758,0.02029349
10.840000,0,FL_foot,3.39715624,-0.16717465,0.02025029
10.840000,0,FR_foot,3.26037908,-0.62439382,0.02162073
10.840000,0,RL_foot,2.82746744,-0.16295058,0.02252040
10.840000,0,RR_foot,2.83648300,-0.50943589,0.02017108
10.860000,0,FL_foot,3.39735985,-0.16712546,0.02024953
10.860000,0,FR_foot,3.27999806,-0.61863583,0.02354151
10.860000,0,RL_foot,2.84626985,-0.17551258,0.02614411
10.860000,0,RR_foot,2.83676815,-0.50934446,0.02015901
10.880000,0,FL_foot,3.39757442,-0.16708694,0.02024538
10.880000,0,FR_foot,3.30960417,-0.61673212,0.02577182
10.880000,0,RL_foot,2.86801410,-0.18434334,0.02897699
10.880000,0,RR_foot,2.83706021,-0.50927508,0.02015969
10.900000,0,FL_foot,3.39778781,-0.16705802,0.02024417
10.900000,0,FR_foot,3.34206414,-0.61912954,0.02832260
10.900000,0,RL_foot,2.88899398,-0.19038692,0.03147681
10.900000,0,RR_foot,2.83738422,-0.50919181,0.02016810
10.920000,0,FL_foot,3.39801884,-0.16704330,0.02024071
10.920000,0,FR_foot,3.37076473,-0.62442774,0.03047434
10.920000,0,RL_foot,2.90743423,-0.19377926,0.03339501
10.920000,0,RR_foot,2.83772445,-0.50917399,0.02017852
10.940000,0,FL_foot,3.39825964,-0.16702028,0.02023632
10.940000,0,FR_foot,3.39198661,-0.63140118,0.03113759
10.940000,0,RL_foot,2.92288876,-0.19554646,0.03520524
10.940000,0,RR_foot,2.83810019,-0.50915587,0.02017647
10.960000,0,FL_foot,3.39850974,-0.16699721,0.02023403
10.960000,0,FR_foot,3.40538287,-0.63857162,0.02978120
10.960000,0,RL_foot,2.93563128,-0.19585384,0.03681056
10.960000,0,RR_foot,2.83851933,-0.50913393,0.02017246
10.980000,0,FL_foot,3.39877415,-0.16699922,0.02023058
10.980000,0,FR_foot,3.41283917,-0.64439690,0.02654988
10.980000,0,RL_foot,2.94604564,-0.19473602,0.03802048
10.980000,0,RR_foot,2.83896303,-0.50912374,0.02016349
11.000000,0,FL_foot,3.39904022,-0.16701272,0.02022712
11.000000,0,FR_foot,3.41674304,-0.64798588,0.02183004
11.000000,0,RL_foot,2.95431542,-0.19213261,0.03866681
11.000000,0,RR_foot,2.83942342,-0.50912976,0.02014966
11.020000,0,FL_foot,3.39933610,-0.16709168,0.02023001
11.020000,0,FR_foot,3.41763544,-0.64862263,0.02027860
11.020000,0,RL_foot,2.96143937,-0.18947206,0.03634791
11.020000,0,RR_foot,2.84006238,-0.51009005,0.02021161
11.040000,0,FL_foot,3.39963579,-0.16720738,0.02022179
11.040000,0,FR_foot,3.41816187,-0.64906919,0.02027759
11.040000,0,RL_foot,2.96872878,-0.18697231,0.03272651
11.040000,0,RR_foot,2.84037328,-0.51002651,0.02016637
11.060000,0,FL_foot,3.39990687,-0.16731155,0.02021899
11.060000,0,FR_foot,3.41833854,-0.64927411,0.02027525
11.060000,0,RL_foot,2.97456312,-0.18415439,0.02911747
11.060000,0,RR_foot,2.84069824,-0.50995392,0.02015563
11.080000,0,FL_foot,3.40016842,-0.16740857,0.02021540
11.080000,0,FR_foot,3.41850638,-0.64946008,0.02027339
11.080000,0,RL_foot,2.97844982,-0.18080600,0.02526826
11.080000,0,RR_foot,2.84100723,-0.50988710,0.02014524
11.100000,0,FL_foot,3.40042448,-0.16749626,0.02021313
11.100000,0,FR_foot,3.41867280,-0.64961648,0.02027158
11.100000,0,RL_foot,2.97972441,-0.17666146,0.02086214
11.100000,0,RR_foot,2.84131408,-0.50984734,0.02014501
11.120000,0,FL_foot,3.40244794,-0.16834012,0.02109928
11.120000,0,FR_foot,3.41885781,-0.64974886,0.02027405
11.120000,0,RL_foot,2.98002911,-0.17684777,0.02027406
11.120000,0,RR_foot,2.84288406,-0.50945067,0.02042568
11.140000,0,FL_foot,3.41481709,-0.17488460,0.02260236
11.140000,0,FR_foot,3.41903353,-0.64984375,0.02027103
11.140000,0,RL_foot,2.98027515,-0.17697093,0.02025220
11.140000,0,RR_foot,2.85178566,-0.50465900,0.02205564
11.160000,0,FL_foot,3.43626332,-0.18312794,0.02470755
11.160000,0,FR_foot,3.41920900,-0.64993024,0.02026776
11.160000,0,RL_foot,2.98052835,-0.17707099,0.02024447
11.160000,0,RR_foot,2.86755657,-0.49972957,0.02345591
11.180000,0,FL_foot,3.46164584,-0.18949580,0.02722453
11.180000,0,FR_foot,3.41938543,-0.65002364,0.02026705
11.180000,0,RL_foot,2.98080468,-0.17718148,0.02025720
11.180000,0,RR_foot,2.88734627,-0.49615738,0.02470709
11.200000,0,FL_foot,3.48694038,-0.19321707,0.02963535
11.200000,0,FR_foot,3.41957164,-0.65012395,0.02026312
11.200000,0,RL_foot,2.98110318,-0.17726959,0.02026195
11.200000,0,RR_foot,2.90771365,-0.49458438,0.02606153
11.220000,0,FL_foot,3.50967050,-0.19472547,0.03145348
11.220000,0,FR_foot,3.41978264,-0.65021706,0.02025734
11.220000,0,RL_foot,2.98142791,-0.17738244,0.02025294
11.220000,0,RR_foot,2.92623472,-0.49509275,0.02747093
11.240000,0,FL_foot,3.52830219,-0.19472234,0.03225223
11.240000,0,FR_foot,3.42000723,-0.65031451,0.02025511
11.240000,0,RL_foot,2.98179340,-0.17752999,0.02025935
11.240000,0,RR_foot,2.94199347,-0.49749246,0.02878521
11.260000,0,FL_foot,3.54229379,-0.19388206,0.03173322
11.260000,0,FR_foot,3.42025208,-0.65040630,0.02024773
11.260000,0,RL_foot,2.98217821,-0.17769144,0.02023372
11.260000,0,RR_foot,2.95521688,-0.50108784,0.02998508
11.280000,0,FL_foot,3.55230474,-0.19273052,0.02989756
11.280000,0,FR_foot,3.42051983,-0.65048301,0.02024329
11.280000,0,RL_foot,2.98260069,-0.17786899,0.02022346
11.280000,0,RR_foot,2.96644449,-0.50535715,0.03104344
11.300000,0,FL_foot,3.55944729,-0.19175364,0.02684827
11.300000,0,FR_foot,3.42078853,-0.65055895,0.02023932
11.300000,0,RL_foot,2.98304582,-0.17803968,0.02021181
11.300000,0,RR_foot,2.97618508,-0.51008725,0.03198888
11.320000,0,FL_foot,3.56461596,-0.19137162,0.02270119
11.320000,0,FR_foot,3.42106462,-0.65062147,0.02023461
11.320000,0,RL_foot,2.98351026,-0.17819406,0.02019849
11.320000,0,RR_foot,2.98469520,-0.51519138,0.03287816
11.340000,0,FL_foot,3.56583405,-0.19136128,0.02024385
11.340000,0,FR_foot,3.42137480,-0.65062332,0.02023659
11.340000,0,RL_foot,2.98441362,-0.17704678,0.02026714
11.340000,0,RR_foot,2.99270487,-0.51979762,0.03220636
11.360000,0,FL_foot,3.56607676,-0.19118302,0.02024968
11.360000,0,FR_foot,3.42169857,-0.65060049,0.02023194
11.360000,0,RL_foot,2.98474288,-0.17721273,0.02018956
11.360000,0,RR_foot,3.00006056,-0.52442384,0.02879575
11.380000,0,FL_foot,3.56629395,-0.19105522,0.02025100
11.380000,0,FR_foot,3.42198086,-0.65057939,0.02023212
11.380000,0,RL_foot,2.98504114,-0.17735192,0.02018756
11.380000,0,RR_foot,3.00413942,-0.52914160,0.02466161
11.400000,0,FL_foot,3.56653810,-0.19096921,0.02023951
11.400000,0,FR_foot,3.42221785,-0.65057981,0.02024228
11.400000,0,RL_foot,2.98540092,-0.17742655,0.02023781
11.400000,0,RR_foot,3.00415397,-0.53285080,0.02002090
11.420000,0,FL_foot,3.56674218,-0.19089645,0.02024825
11.420000,0,FR_foot,3.43015385,-0.64732647,0.02140067
11.420000,0,RL_foot,2.99609566,-0.18791576,0.02417784
11.420000,0,RR_foot,3.00446510,-0.53275359,0.02014371
11.440000,0,FL_foot,3.56695628,-0.19085269,0.02024639
11.440000,0,FR_foot,3.45183277,-0.64207566,0.02292157
11.440000,0,RL_foot,3.01606941,-0.19938383,0.02788747
11.440000,0,RR_foot,3.00477147,-0.53266472,0.02015289
11.460000,0,FL_foot,3.56717587,-0.19081679,0.02024480
11.460000,0,FR_foot,3.48250413,-0.64110100,0.02494631
11.460000,0,RL_foot,3.03848481,-0.20797516,0.03091485
11.460000,0,RR_foot,3.00509262,-0.53256118,0.02015947
11.480000,0,FL_foot,3.56740212,-0.19079934,0.02024126
11.480000,0,FR_foot,3.51474142,-0.64421558,0.02731470
11.480000,0,RL_foot,3.05975342,-0.21365745,0.03332238
11.480000,0,RR_foot,3.00542235,-0.53252703,0.02016802
11.500000,0,FL_foot,3.56764245,-0.19078071,0.02023766
11.500000,0,FR_foot,3.54238033,-0.64998376,0.02911781
11.500000,0,RL_foot,3.07823300,-0.21688625,0.03523371
11.500000,0,RR_foot,3.00577903,-0.53250206,0.02017465
11.520000,0,FL_foot,3.56789088,-0.19076067,0.02023515
11.520000,0,FR_foot,3.56224823,-0.65721303,0.02928156
11.520000,0,RL_foot,3.09363222,-0.21852815,0.03706640
11.520000,0,RR_foot,3.00618482,-0.53247446,0.02017725
11.540000,0,FL_foot,3.56815577,-0.19076103,0.02023049
11.540000,0,FR_foot,3.57447219,-0.66432118,0.02740157
11.540000,0,RL_foot,3.10635519,-0.21870026,0.03865310
11.540000,0,RR_foot,3.00660229,-0.53247350,0.02016794
11.560000,0,FL_foot,3.56842399,-0.19076271,0.02022681
11.560000,0,FR_foot,3.58113122,-0.66986901,0.02367694
11.560000,0,RL_foot,3.11672688,-0.21736012,0.03979868
11.560000,0,RR_foot,3.00705886,-0.53247362,0.02015620
11.580000,0,FL_foot,3.56870508,-0.19081564,0.02023062
11.580000,0,FR_foot,3.58333731,-0.67174101,0.02028575
11.580000,0,RL_foot,3.12517834,-0.21508272,0.03944833
11.580000,0,RR_foot,3.00759315,-0.53344357,0.02012586
11.600000,0,FL_foot,3.56901073,-0.19092718,0.02022291
11.600000,0,FR_foot,3.58371186,-0.67213118,0.02028426
11.600000,0,RL_foot,3.13381791,-0.21279214,0.03570889
11.600000,0,RR_foot,3.00795078,-0.53338885,0.02015404
11.620000,0,FL_foot,3.56928635,-0.19102848,0.02021945
11.620000,0,FR_foot,3.58469677,-0.67274565,0.02027717
11.620000,0,RL_foot,3.14078236,-0.21036661,0.03232065
11.620000,0,RR_foot,3.00828242,-0.53334093,0.02015972
11.640000,0,FL_foot,3.56955552,-0.19112544,0.02021542
11.640000,0,FR_foot,3.58502221,-0.67299449,0.02027360
11.640000,0,RL_foot,3.14607787,-0.20726757,0.02861915
11.640000,0,RR_foot,3.00860286,-0.53328043,0.02015113
11.660000,0,FL_foot,3.56981611,-0.19121931,0.02021350
11.660000,0,FR_foot,3.58519936,-0.67316622,0.02027138
11.660000,0,RL_foot,3.14938235,-0.20367151,0.02465392
11.660000,0,RR_foot,3.00892186,-0.53320557,0.02014603
11.680000,0,FL_foot,3.57005882,-0.19128966,0.02021540
11.680000,0,FR_foot,3.58537674,-0.67330480,0.02026885
11.680000,0,RL_foot,3.15000916,-0.19973324,0.02034751
11.680000,0,RR_foot,3.00922966,-0.53316039,0.02013609
11.700000,0,FL_foot,3.57399511,-0.19348712,0.02147569
11.700000,0,FR_foot,3.58556223,-0.67341983,0.02026914
11.700000,0,RL_foot,3.15028524,-0.19985068,0.02025322
11.700000,0,RR_foot,3.01265717,-0.53168219,0.02072989
11.720000,0,FL_foot,3.58817887,-0.20094228,0.02318223
11.720000,0,FR_foot,3.58573675,-0.67351305,0.02026888
11.720000,0,RL_foot,3.15053177,-0.19996156,0.02024834
11.720000,0,RR_foot,3.02333045,-0.52660728,0.02221559
11.740000,0,FL_foot,3.61082911,-0.20927972,0.02548865
11.740000,0,FR_foot,3.58591628,-0.67359877,0.02026571
11.740000,0,RL_foot,3.15079069,-0.20005801,0.02024583
11.740000,0,RR_foot,3.04020691,-0.52192342,0.02343440
11.760000,0,FL_foot,3.63662052,-0.21544433,0.02811716
11.760000,0,FR_foot,3.58609819,-0.67369580,0.02026444
11.760000,0,RL_foot,3.15107155,-0.20016971,0.02025851
11.760000,0,RR_foot,3.06035018,-0.51881254,0.02462518
11.780000,0,FL_foot,3.66173387,-0.21898678,0.03053773
11.780000,0,FR_foot,3.58629489,-0.67378992,0.02026075
11.780000,0,RL_foot,3.15137482,-0.20026055,0.02026427
11.780000,0,RR_foot,3.08051300,-0.51776379,0.02596173
11.800000,0,FL_foot,3.68385267,-0.22046258,0.03226761
11.800000,0,FR_foot,3.58650780,-0.67388272,0.02025471
11.800000,0,RL_foot,3.15170455,-0.20037916,0.02025192
11.800000,0,RR_foot,3.09855461,-0.51874310,0.02734992
11.820000,0,FL_foot,3.70166922,-0.22052330,0.03288411
11.820000,0,FR_foot,3.58674073,-0.67397565,0.02025238
11.820000,0,RL_foot,3.15207696,-0.20053303,0.02025615
11.820000,0,RR_foot,3.11380601,-0.52150714,0.02864777
11.840000,0,FL_foot,3.71484804,-0.21980502,0.03214255
11.840000,0,FR_foot,3.58700085,-0.67405468,0.02024566
11.840000,0,RL_foot,3.15246534,-0.20069785,0.02023443
11.840000,0,RR_foot,3.12660599,-0.52533722,0.02981020
11.860000,0,FL_foot,3.72426581,-0.21878302,0.03007630
11.860000,0,FR_foot,3.58726263,-0.67413801,0.02024080
11.860000,0,RL_foot,3.15289068,-0.20087701,0.02022080
11.860000,0,RR_foot,3.13751459,-0.52977318,0.03082735
11.880000,0,FL_foot,3.73097396,-0.21799065,0.02680326
11.880000,0,FR_foot,3.58753300,-0.67421329,0.02023601
11.880000,0,RL_foot,3.15333748,-0.20104764,0.02020729
11.880000,0,RR_foot,3.14697599,-0.53464830,0.03173501
11.900000,0,FL_foot,3.73579979,-0.21783110,0.02243662
11.900000,0,FR_foot,3.58782101,-0.67425823,0.02023294
11.900000,0,RL_foot,3.15380287,-0.20119718,0.02020038
11.900000,0,RR_foot,3.15518737,-0.53990453,0.03259711
11.920000,0,FL_foot,3.73705292,-0.21794142,0.02024080
11.920000,0,FR_foot,3.58813739,-0.67426151,0.02023571
11.920000,0,RL_foot,3.15465426,-0.20041977,0.02019929
11.920000,0,RR_foot,3.16303301,-0.54460388,0.03166729
11.940000,0,FL_foot,3.73741007,-0.21766041,0.02024947
11.940000,0,FR_foot,3.58845782,-0.67423022,0.02023137
11.940000,0,RL_foot,3.15474892,-0.20081967,0.02020302
11.940000,0,RR_foot,3.16987276,-0.54963070,0.02794034
11.960000,0,FL_foot,3.73762894,-0.21753688,0.02025297
11.960000,0,FR_foot,3.58875275,-0.67420620,0.02023182
11.960000,0,RL_foot,3.15505123,-0.20092772,0.02019036
11.960000,0,RR_foot,3.17280674,-0.55451137,0.02340676
11.980000,0,FL_foot,3.73789597,-0.21745108,0.02023473
11.980000,0,FR_foot,3.58996177,-0.67467582,0.02046337
11.980000,0,RL_foot,3.15711117,-0.20273866,0.02062337
11.980000,0,RR_foot,3.17245388,-0.55724353,0.02011444
12.000000,0,FL_foot,3.73804569,-0.21738055,0.02024988
12.000000,0,FR_foot,3.60301566,-0.66899949,0.02193071
12.000000,0,RL_foot,3.16966701,-0.21498929,0.02480752
12.000000,0,RR_foot,3.17275023,-0.55716640,0.02015265
12.020000,0,FL_foot,3.73826241,-0.21733712,0.02024867
12.020000,0,FR_foot,3.62885642,-0.66540563,0.02355162
12.020000,0,RL_foot,3.19049668,-0.22574012,0.02813435
12.020000,0,RR_foot,3.17305875,-0.55706483,0.02015785
12.040000,0,FL_foot,3.73847938,-0.21730438,0.02024518
12.040000,0,FR_foot,3.66112041,-0.66623175,0.02573947
12.040000,0,RL_foot,3.21282840,-0.23414019,0.03119229
12.040000,0,RR_foot,3.17336822,-0.55701846,0.02016197
12.060000,0,FL_foot,3.73870659,-0.21729122,0.02024112
12.060000,0,FR_foot,3.69252896,-0.67064506,0.02805400
12.060000,0,RL_foot,3.23340678,-0.23927303,0.03343181
12.060000,0,RR_foot,3.17370057,-0.55698693,0.02017131
12.080000,0,FL_foot,3.73895049,-0.21727273,0.02023876
12.080000,0,FR_foot,3.71789145,-0.67736548,0.02942743
12.080000,0,RL_foot,3.25100064,-0.24216537,0.03536538
12.080000,0,RR_foot,3.17407846,-0.55695957,0.02017964
12.100000,0,FL_foot,3.73920369,-0.21725608,0.02023365
12.100000,0,FR_foot,3.73514318,-0.68505490,0.02894251
12.100000,0,RL_foot,3.26563430,-0.24350931,0.03721046
12.100000,0,RR_foot,3.17447710,-0.55694962,0.02016948
12.120000,0,FL_foot,3.73947144,-0.21726224,0.02023025
12.120000,0,FR_foot,3.74525332,-0.69206142,0.02645231
12.120000,0,RL_foot,3.27767777,-0.24333425,0.03874750
12.120000,0,RR_foot,3.17491817,-0.55694109,0.02016469
12.140000,0,FL_foot,3.73974323,-0.21727215,0.02022652
12.140000,0,FR_foot,3.75058031,-0.69712996,0.02225759
12.140000,0,RL_foot,3.28743482,-0.24163756,0.03980032
12.140000,0,RR_foot,3.17538142,-0.55694580,0.02015173
12.160000,0,FL_foot,3.74003744,-0.21733826,0.02023160
12.160000,0,FR_foot,3.75170779,-0.69811320,0.02027766
12.160000,0,RL_foot,3.29585528,-0.23940137,0.03827607
12.160000,0,RR_foot,3.17588425,-0.55775571,0.02022065
12.180000,0,FL_foot,3.74034166,-0.21744409,0.02022319
12.180000,0,FR_foot,3.75250483,-0.69886518,0.02028165
12.180000,0,RL_foot,3.30420423,-0.23697090,0.03489207
12.180000,0,RR_foot,3.17621303,-0.55766088,0.02016120
12.200000,0,FL_foot,3.74061441,-0.21753630,0.02021933
12.200000,0,FR_foot,3.75292301,-0.69917381,0.02027711
12.200000,0,RL_foot,3.31084204,-0.23424196,0.03145115
12.200000,0,RR_foot,3.17654681,-0.55759358,0.02015436
12.220000,0,FL_foot,3.74087572,-0.21761917,0.02021588
12.220000,0,FR_foot,3.75310469,-0.69934922,0.02027462
12.220000,0,RL_foot,3.31572318,-0.23094624,0.02775204
12.220000,0,RR_foot,3.17686963,-0.55752480,0.02014928
12.240000,0,FL_foot,3.74112749,-0.21769936,0.02021346
12.240000,0,FR_foot,3.75328946,-0.69950747,0.02027117
12.240000,0,RL_foot,3.31853271,-0.22724932,0.02379891
12.240000,0,RR_foot,3.17718983,-0.55744708,0.02014437
12.260000,0,FL_foot,3.74142456,-0.21769466,0.02025796
12.260000,0,FR_foot,3.75351667,-0.69962412,0.02025622
12.260000,0,RL_foot,3.31873822,-0.22391546,0.02011282
12.260000,0,RR_foot,3.17751145,-0.55745965,0.02023419
12.280000,0,FL_foot,3.74785471,-0.22173475,0.02171550
12.280000,0,FR_foot,3.75367975,-0.69972080,0.02026771
12.280000,0,RL_foot,3.31903481,-0.22386914,0.02024057
12.280000,0,RR_foot,3.18151402,-0.55564356,0.02104055
12.300000,0,FL_foot,3.76416087,-0.22976173,0.02348041
12.300000,0,FR_foot,3.75385618,-0.69979757,0.02026763
12.300000,0,RL_foot,3.31927729,-0.22396557,0.02024066
12.300000,0,RR_foot,3.19346142,-0.55047333,0.02261522
12.320000,0,FL_foot,3.78729630,-0.23765127,0.02578569
12.320000,0,FR_foot,3.75403953,-0.69988042,0.02026737
12.320000,0,RL_foot,3.31954265,-0.22407544,0.02025258
12.320000,0,RR_foot,3.21147847,-0.54598296,0.02389534
12.340000,0,FL_foot,3.81256771,-0.24307683,0.02824640
12.340000,0,FR_foot,3.75422931,-0.69996667,0.02026388
12.340000,0,RL_foot,3.31983113,-0.22415547,0.02026002
12.340000,0,RR_foot,3.23214006,-0.54319817,0.02521323
12.360000,0,FL_foot,3.83669043,-0.24587770,0.03033237
12.360000,0,FR_foot,3.75443172,-0.70005614,0.02025848
12.360000,0,RL_foot,3.32013988,-0.22425392,0.02025225
12.360000,0,RR_foot,3.25222588,-0.54257351,0.02664599
12.380000,0,FL_foot,3.85754728,-0.24671666,0.03163025
12.380000,0,FR_foot,3.75465035,-0.70014602,0.02025632
12.380000,0,RL_foot,3.32048774,-0.22438678,0.02025918
12.380000,0,RR_foot,3.26986599,-0.54398698,0.02807940
12.400000,0,FL_foot,3.87399817,-0.24631031,0.03174328
12.400000,0,FR_foot,3.75490069,-0.70022386,0.02025167
12.400000,0,RL_foot,3.32085586,-0.22452724,0.02025220
12.400000,0,RR_foot,3.28468895,-0.54699498,0.02942103
12.420000,0,FL_foot,3.88600087,-0.24529988,0.03051341
12.420000,0,FR_foot,3.75515699,-0.70030344,0.02024689
12.420000,0,RL_foot,3.32126379,-0.22470342,0.02023601
12.420000,0,RR_foot,3.29714608,-0.55090940,0.03061777
12.440000,0,FL_foot,3.89455533,-0.24418207,0.02799878
12.440000,0,FR_foot,3.75542378,-0.70038021,0.02024016
12.440000,0,RL_foot,3.32168770,-0.22486225,0.02021395
12.440000,0,RR_foot,3.30779386,-0.55538058,0.03165587
12.460000,0,FL_foot,3.90065718,-0.24343508,0.02431741
12.460000,0,FR_foot,3.75570893,-0.70043296,0.02023671
12.460000,0,RL_foot,3.32214141,-0.22502166,0.02020613
12.460000,0,RR_foot,3.31700349,-0.56028998,0.03259217
12.480000,0,FL_foot,3.90429997,-0.24345714,0.02019505
12.480000,0,FR_foot,3.75600576,-0.70046586,0.02019209
12.480000,0,RL_foot,3.32263708,-0.22511469,0.02041859
12.480000,0,RR_foot,3.32500315,-0.56529248,0.03320562
12.500000,0,FL_foot,3.90452886,-0.24326481,0.02025303
12.500000,0,FR_foot,3.75633526,-0.70044094,0.02023219
12.500000,0,RL_foot,3.32312942,-0.22445072,0.02018386
12.500000,0,RR_foot,3.33276963,-0.56957668,0.03022487
12.520000,0,FL_foot,3.90475321,-0.24313059,0.02025099
12.520000,0,FR_foot,3.75664210,-0.70041758,0.02023247
12.520000,0,RL_foot,3.32343411,-0.22462259,0.02018978
12.520000,0,RR_foot,3.33821249,-0.57434982,0.02643972
12.540000,0,FL_foot,3.90496516,-0.24302600,0.02025495
12.540000,0,FR_foot,3.75689054,-0.70040298,0.02023507
12.540000,0,RL_foot,3.32373857,-0.22471212,0.02018205
12.540000,0,RR_foot,3.33960795,-0.57926852,0.02157734
12.560000,0,FL_foot,3.90517592,-0.24294315,0.02025985
12.560000,0,FR_foot,3.76045179,-0.70066440,0.02165016
12.560000,0,RL_foot,3.33237982,-0.23204285,0.02105063
12.560000,0,RR_foot,3.33928084,-0.58067423,0.02022192
12.580000,0,FL_foot,3.90538430,-0.24289863,0.02025215
12.580000,0,FR_foot,3.77764249,-0.69531316,0.02381834
12.580000,0,RL_foot,3.34996557,-0.24582945,0.02453218
12.580000,0,RR_foot,3.33955526,-0.58056837,0.02016452
12.600000,0,FL_foot,3.90560126,-0.24286459,0.02024753
12.600000,0,FR_foot,3.80618787,-0.69295937,0.02618006
12.600000,0,RL_foot,3.37132478,-0.25545812,0.02729722
12.600000,0,RR_foot,3.33983326,-0.58050579,0.02016194
12.620000,0,FL_foot,3.90580630,-0.24283564,0.02024394
12.620000,0,FR_foot,3.83879566,-0.69484752,0.02892999
12.620000,0,RL_foot,3.39225507,-0.26223502,0.02987067
12.620000,0,RR_foot,3.34012890,-0.58044833,0.02016590
12.640000,0,FL_foot,3.90602565,-0.24280725,0.02024245
12.640000,0,FR_foot,3.86851215,-0.69991815,0.03141669
12.640000,0,RL_foot,3.41078377,-0.26602641,0.03176935
12.640000,0,RR_foot,3.34047222,-0.58039010,0.02017681
12.660000,0,FL_foot,3.90626073,-0.24278949,0.02023891
12.660000,0,FR_foot,3.89111042,-0.70690012,0.03257420
12.660000,0,RL_foot,3.42639732,-0.26807502,0.03355394
12.660000,0,RR_foot,3.34083366,-0.58037919,0.02018161
12.680000,0,FL_foot,3.90650082,-0.24276355,0.02023439
12.680000,0,FR_foot,3.90569997,-0.71431094,0.03173235
12.680000,0,RL_foot,3.43931317,-0.26867586,0.03519303
12.680000,0,RR_foot,3.34122849,-0.58036858,0.02017194
12.700000,0,FL_foot,3.90675282,-0.24274440,0.02023203
12.700000,0,FR_foot,3.91396260,-0.72055584,0.02896534
12.700000,0,RL_foot,3.44987488,-0.26782277,0.03647103
12.700000,0,RR_foot,3.34166479,-0.58035451,0.02016381
12.720000,0,FL_foot,3.90701985,-0.24276052,0.02022695
12.720000,0,FR_foot,3.91833591,-0.72462988,0.02466061
12.720000,0,RL_foot,3.45830894,-0.26556671,0.03724604
12.720000,0,RR_foot,3.34210658,-0.58037156,0.02015031
12.740000,0,FL_foot,3.90730405,-0.24279371,0.02023096
12.740000,0,FR_foot,3.92049932,-0.72605872,0.02025159
12.740000,0,RL_foot,3.46471596,-0.26217860,0.03697697
12.740000,0,RR_foot,3.34266591,-0.58076286,0.02024410
12.760000,0,FL_foot,3.90760398,-0.24291041,0.02022165
12.760000,0,FR_foot,3.92059660,-0.72631305,0.02028135
12.760000,0,RL_foot,3.47179675,-0.26010713,0.03335207
12.760000,0,RR_foot,3.34295273,-0.58134025,0.02014877
12.780000,0,FL_foot,3.90789413,-0.24303439,0.02022050
12.780000,0,FR_foot,3.92091060,-0.72659230,0.02027627
12.780000,0,RL_foot,3.47815371,-0.25774777,0.02988856
12.780000,0,RR_foot,3.34328508,-0.58128172,0.02015895
12.800000,0,FL_foot,3.90816426,-0.24314900,0.02021668
12.800000,0,FR_foot,3.92107320,-0.72679752,0.02027443
12.800000,0,RL_foot,3.48288822,-0.25468025,0.02611215
12.800000,0,RR_foot,3.34360003,-0.58121818,0.02014861
12.820000,0,FL_foot,3.90841794,-0.24324811,0.02021427
12.820000,0,FR_foot,3.92123055,-0.72697604,0.02027266
12.820000,0,RL_foot,3.48518157,-0.25091410,0.02188309
12.820000,0,RR_foot,3.34391046,-0.58117616,0.02014544
12.840000,0,FL_foot,3.90975904,-0.24341850,0.02069601
12.840000,0,FR_foot,3.92142558,-0.72713119,0.02027419
12.840000,0,RL_foot,3.48540688,-0.24955687,0.02027868
12.840000,0,RR_foot,3.34482431,-0.58121395,0.02044404
12.860000,0,FL_foot,3.92102647,-0.24990329,0.02181118
12.860000,0,FR_foot,3.92159200,-0.72723603,0.02027275
12.860000,0,RL_foot,3.48567057,-0.24968085,0.02025395
12.860000,0,RR_foot,3.35221362,-0.57695049,0.02242294
12.880000,0,FL_foot,3.94155788,-0.25875303,0.02361063
12.880000,0,FR_foot,3.92176938,-0.72732645,0.02027041
12.880000,0,RL_foot,3.48593497,-0.24978605,0.02025020
12.880000,0,RR_foot,3.36692882,-0.57227182,0.02414588
12.900000,0,FL_foot,3.96636605,-0.26587817,0.02590325
12.900000,0,FR_foot,3.92195129,-0.72741872,0.02026642
12.900000,0,RL_foot,3.48622155,-0.24987921,0.02024892
12.900000,0,RR_foot,3.38644505,-0.56879246,0.02554999
12.920000,0,FL_foot,3.99139833,-0.27019274,0.02813902
12.920000,0,FR_foot,3.92214131,-0.72752202,0.02026427
12.920000,0,RL_foot,3.48653436,-0.24999268,0.02026167
12.920000,0,RR_foot,3.40710139,-0.56728417,0.02695460
12.940000,0,FL_foot,4.01413155,-0.27203351,0.02980936
12.940000,0,FR_foot,3.92234969,-0.72762251,0.02026007
12.940000,0,RL_foot,3.48686814,-0.25010005,0.02026085
12.940000,0,RR_foot,3.42620111,-0.56784326,0.02840950
12.960000,0,FL_foot,4.03291082,-0.27218363,0.03047216
12.960000,0,FR_foot,3.92259145,-0.72771078,0.02025614
12.960000,0,RL_foot,3.48724461,-0.25024605,0.02025951
12.960000,0,RR_foot,3.44258690,-0.57027596,0.02979571
12.980000,0,FL_foot,4.04709101,-0.27142915,0.02984240
12.980000,0,FR_foot,3.92284060,-0.72779530,0.02024906
12.980000,0,RL_foot,3.48763347,-0.25040740,0.02023499
12.980000,0,RR_foot,3.45638347,-0.57391626,0.03107883
13.000000,0,FL_foot,4.05730534,-0.27032977,0.02790289
13.000000,0,FR_foot,3.92310858,-0.72787946,0.02024396
13.000000,0,RL_foot,3.48806453,-0.25058705,0.02021923
13.000000,0,RR_foot,3.46810794,-0.57822430,0.03222150
13.020000,0,FL_foot,4.06460238,-0.26937607,0.02475210
13.020000,0,FR_foot,3.92339349,-0.72794497,0.02024194
13.020000,0,RL_foot,3.48851633,-0.25075844,0.02021573
13.020000,0,RR_foot,3.47825551,-0.58298689,0.03323552
13.040000,0,FL_foot,4.06990099,-0.26898441,0.02048292
13.040000,0,FR_foot,3.92367792,-0.72799939,0.02023756
13.040000,0,RL_foot,3.48898840,-0.25091320,0.02020335
13.040000,0,RR_foot,3.48711252,-0.58812881,0.03417803
13.060000,0,FL_foot,4.07026005,-0.26886657,0.02024512
13.060000,0,FR_foot,3.92400670,-0.72797954,0.02023694
13.060000,0,RL_foot,3.48987269,-0.25016835,0.02024304
13.060000,0,RR_foot,3.49632597,-0.59237397,0.03197735
13.080000,0,FL_foot,4.07045889,-0.26871172,0.02025185
13.080000,0,FR_foot,3.92432475,-0.72795469,0.02023437
13.080000,0,RL_foot,3.49011827,-0.25038746,0.02019349
13.080000,0,RR_foot,3.50396371,-0.59731537,0.02867516
13.100000,0,FL_foot,4.07068062,-0.26860186,0.02025399
13.100000,0,FR_foot,3.92459273,-0.72794282,0.02023449
13.100000,0,RL_foot,3.49042511,-0.25051793,0.02018652
13.100000,0,RR_foot,3.50751233,-0.60223216,0.02439296
13.120000,0,FL_foot,4.07096481,-0.26855990,0.02022255
13.120000,0,FR_foot,3.92499423,-0.72812653,0.02029733
13.120000,0,RL_foot,3.49117947,-0.25088722,0.02030227
13.120000,0,RR_foot,3.50691652,-0.60610920,0.01996601
13.140000,0,FL_foot,4.07114601,-0.26849896,0.02025025
13.140000,0,FR_foot,3.93496609,-0.72368646,0.02225441
13.140000,0,RL_foot,3.50331616,-0.26165795,0.02325254
13.140000,0,RR_foot,3.50719690,-0.60609019,0.02014821
13.160000,0,FL_foot,4.07136774,-0.26846674,0.02024591
13.160000,0,FR_foot,3.95798874,-0.71917379,0.02427813
13.160000,0,RL_foot,3.52380586,-0.27310482,0.02636585
13.160000,0,RR_foot,3.50748253,-0.60600650,0.02015611
13.180000,0,FL_foot,4.07157469,-0.26844281,0.02024506
13.180000,0,FR_foot,3.98875618,-0.71865433,0.02674821
13.180000,0,RL_foot,3.54612923,-0.28177491,0.02918682
13.180000,0,RR_foot,3.50778890,-0.60590559,0.02016237
13.200000,0,FL_foot,4.07179928,-0.26842055,0.02024216
13.200000,0,FR_foot,4.02021027,-0.72207272,0.02939498
13.200000,0,RL_foot,3.56702137,-0.28743789,0.03148952
13.200000,0,RR_foot,3.50810790,-0.60587168,0.02017144
13.220000,0,FL_foot,4.07203341,-0.26839811,0.02023775
13.220000,0,FR_foot,4.04666042,-0.72813314,0.03126599
13.220000,0,RL_foot,3.58506656,-0.29070717,0.03341888
13.220000,0,RR_foot,3.50845933,-0.60584217,0.02017314
13.240000,0,FL_foot,4.07228088,-0.26838580,0.02023603
13.240000,0,FR_foot,4.06530666,-0.73554778,0.03139428
13.240000,0,RL_foot,3.60004711,-0.29237068,0.03527872
13.240000,0,RR_foot,3.50885916,-0.60581303,0.02018125
13.260000,0,FL_foot,4.07253504,-0.26837069,0.02023138
13.260000,0,FR_foot,4.07656956,-0.74263078,0.02948484
13.260000,0,RL_foot,3.61237931,-0.29252818,0.03686642
13.260000,0,RR_foot,3.50927210,-0.60580605,0.02016808
13.280000,0,FL_foot,4.07279682,-0.26836786,0.02022852
13.280000,0,FR_foot,4.08264256,-0.74803185,0.02580560
13.280000,0,RL_foot,3.62237000,-0.29119763,0.03800958
13.280000,0,RR_foot,3.50972176,-0.60580128,0.02015707
13.300000,0,FL_foot,4.07307339,-0.26839975,0.02022481
13.300000,0,FR_foot,4.08578300,-0.75104117,0.02073714
13.300000,0,RL_foot,3.63021374,-0.28828371,0.03853038
13.300000,0,RR_foot,3.51018786,-0.60581648,0.02014650
13.320000,0,FL_foot,4.07338142,-0.26850626,0.02022446
13.320000,0,FR_foot,4.08609581,-0.75129002,0.02028204
13.320000,0,RL_foot,3.63749743,-0.28557938,0.03534742
13.320000,0,RR_foot,3.51065612,-0.60677642,0.02017272
13.340000,0,FL_foot,4.07367420,-0.26861766,0.02021992
13.340000,0,FR_foot,4.08646631,-0.75162816,0.02027610
13.340000,0,RL_foot,3.64453959,-0.28298795,0.03186426
13.340000,0,RR_foot,3.51097631,-0.60671127,0.02016194
13.360000,0,FL_foot,4.07395267,-0.26872891,0.02021791
13.360000,0,FR_foot,4.08661413,-0.75182319,0.02027582
13.360000,0,RL_foot,3.65005898,-0.28005737,0.02822767
13.360000,0,RR_foot,3.51130056,-0.60663706,0.02015558
13.380000,0,FL_foot,4.07420826,-0.26882845,0.02021371
13.380000,0,FR_foot,4.08678198,-0.75200677,0.02027433
13.380000,0,RL_foot,3.65347815,-0.27666286,0.02433395
13.380000,0,RR_foot,3.51161289,-0.60657465,0.02014672
13.400000,0,FL_foot,4.07444382,-0.26890776,0.02021330
13.400000,0,FR_foot,4.08697462,-0.75215691,0.02027163
13.400000,0,RL_foot,3.65423346,-0.27327883,0.02024572
13.400000,0,RR_foot,3.51192021,-0.60654634,0.02014956
13.420000,0,FL_foot,4.07907915,-0.27150005,0.02151996
13.420000,0,FR_foot,4.08716154,-0.75227141,0.02026958
13.420000,0,RL_foot,3.65449119,-0.27344608,0.02024589
13.420000,0,RR_foot,3.51577878,-0.60484225,0.02088383
13.440000,0,FL_foot,4.09389305,-0.27908370,0.02322881
13.440000,0,FR_foot,4.08733606,-0.75237173,0.02026833
13.440000,0,RL_foot,3.65474224,-0.27355650,0.02024093
13.440000,0,RR_foot,3.52701855,-0.59981924,0.02244599
13.460000,0,FL_foot,4.11671162,-0.28735650,0.02550955
13.460000,0,FR_foot,4.08751106,-0.75246668,0.02026830
13.460000,0,RL_foot,3.65500689,-0.27368107,0.02025136
13.460000,0,RR_foot,3.54429841,-0.59534335,0.02375302
13.480000,0,FL_foot,4.14232540,-0.29341245,0.02805687
13.480000,0,FR_foot,4.08769560,-0.75256914,0.02026515
13.480000,0,RL_foot,3.65529203,-0.27377343,0.02025923
13.480000,0,RR_foot,3.56456017,-0.59250283,0.02504097
13.500000,0,FL_foot,4.16713047,-0.29684803,0.03033045
13.500000,0,FR_foot,4.08788776,-0.75267702,0.02025947
13.500000,0,RL_foot,3.65560007,-0.27388409,0.02024981
13.500000,0,RR_foot,3.58461547,-0.59177727,0.02642995
13.520000,0,FL_foot,4.18889236,-0.29823220,0.03190733
13.520000,0,FR_foot,4.08810472,-0.75277579,0.02025729
13.520000,0,RL_foot,3.65594530,-0.27402544,0.02026139
13.520000,0,RR_foot,3.60244346,-0.59308881,0.02782663
13.540000,0,FL_foot,4.20635939,-0.29822704,0.03234605
13.540000,0,FR_foot,4.08833456,-0.75287354,0.02025293
13.540000,0,RL_foot,3.65630817,-0.27417633,0.02025347
13.540000,0,RR_foot,3.61750197,-0.59610188,0.02912492
13.560000,0,FL_foot,4.21925545,-0.29750800,0.03145319
13.560000,0,FR_foot,4.08858585,-0.75296873,0.02024562
13.560000,0,RL_foot,3.65670609,-0.27434701,0.02022632
13.560000,0,RR_foot,3.63016415,-0.60008389,0.03026773
13.580000,0,FL_foot,4.22849226,-0.29657492,0.02927449
13.580000,0,FR_foot,4.08885670,-0.75304788,0.02024149
13.580000,0,RL_foot,3.65713644,-0.27453044,0.02021799
13.580000,0,RR_foot,3.64093852,-0.60462511,0.03125505
13.600000,0,FL_foot,4.23512793,-0.29591683,0.02591060
13.600000,0,FR_foot,4.08912802,-0.75312376,0.02023713
13.600000,0,RL_foot,3.65758801,-0.27470267,0.02020678
13.600000,0,RR_foot,3.65027452,-0.60959089,0.03213639
13.620000,0,FL_foot,4.23996401,-0.29592025,0.02145833
13.620000,0,FR_foot,4.08940411,-0.75318450,0.02023249
13.620000,0,RL_foot,3.65805650,-0.27485582,0.02019387
13.620000,0,RR_foot,3.65837359,-0.61492199,0.03298328
13.640000,0,FL_foot,4.24042892,-0.29587170,0.02023926
13.640000,0,FR_foot,4.08973455,-0.75318104,0.02023762
13.640000,0,RL_foot,3.65904593,-0.27378395,0.02028121
13.640000,0,RR_foot,3.66652489,-0.61944956,0.03136674
13.660000,0,FL_foot,4.24062443,-0.29571486,0.02025074
13.660000,0,FR_foot,4.09004354,-0.75315166,0.02023163
13.660000,0,RL_foot,3.65931368,-0.27398875,0.02019253
13.660000,0,RR_foot,3.67318726,-0.62456846,0.02767817
13.680000,0,FL_foot,4.24084425,-0.29560369,0.02025380
13.680000,0,FR_foot,4.09030819,-0.75313902,0.02023219
13.680000,0,RL_foot,3.65961313,-0.27409825,0.02018006
13.680000,0,RR_foot,3.67557120,-0.62954563,0.02306212
13.700000,0,FL_foot,4.24109459,-0.29553697,0.02025124
13.700000,0,FR_foot,4.09172249,-0.75371802,0.02088429
13.700000,0,RL_foot,3.66251945,-0.27666402,0.02054285
13.700000,0,RR_foot,3.67486334,-0.63238400,0.02021175
13.720000,0,FL_foot,4.24128580,-0.29548395,0.02024948
13.720000,0,FR_foot,4.10534859,-0.74781281,0.02268638
13.720000,0,RL_foot,3.67627430,-0.28995502,0.02427467
13.720000,0,RR_foot,3.67514372,-0.63229531,0.02016326
13.740000,0,FL_foot,4.24148655,-0.29545006,0.02024745
13.740000,0,FR_foot,4.13158941,-0.74436104,0.02461611
13.740000,0,RL_foot,3.69736385,-0.30097267,0.02732727
13.740000,0,RR_foot,3.67543387,-0.63219452,0.02015931
13.760000,0,FL_foot,4.24169588,-0.29542238,0.02024451
13.760000,0,FR_foot,4.16380405,-0.74536848,0.02707183
13.760000,0,RL_foot,3.71946478,-0.30942681,0.03022604
13.760000,0,RR_foot,3.67572808,-0.63215065,0.02016460
13.780000,0,FL_foot,4.24191618,-0.29539886,0.02024093
13.780000,0,FR_foot,4.19482756,-0.74992442,0.02957950
13.780000,0,RL_foot,3.73967838,-0.31458303,0.03236960
13.780000,0,RR_foot,3.67604923,-0.63211823,0.02017038
13.800000,0,FL_foot,4.24215460,-0.29538903,0.02023849
13.800000,0,FR_foot,4.21965408,-0.75673318,0.03107673
13.800000,0,RL_foot,3.75691676,-0.31752899,0.03425535
13.800000,0,RR_foot,3.67642188,-0.63208359,0.02018170
13.820000,0,FL_foot,4.24239826,-0.29536957,0.02023514
13.820000,0,FR_foot,4.23636198,-0.76443601,0.03068605
13.820000,0,RL_foot,3.77121806,-0.31891564,0.03606050
13.820000,0,RR_foot,3.67680693,-0.63207752,0.02017830
13.840000,0,FL_foot,4.24265528,-0.29535720,0.02023101
13.840000,0,FR_foot,4.24603939,-0.77139729,0.02828385
13.840000,0,RL_foot,3.78298807,-0.31879383,0.03756336
13.840000,0,RR_foot,3.67724085,-0.63206369,0.02016619
13.860000,0,FL_foot,4.24292517,-0.29537320,0.02022780
13.860000,0,FR_foot,4.25107050,-0.77640408,0.02421082
13.860000,0,RL_foot,3.79250646,-0.31719744,0.03860739
13.860000,0,RR_foot,3.67769361,-0.63206464,0.02015599
13.880000,0,FL_foot,4.24320650,-0.29541135,0.02023185
13.880000,0,FR_foot,4.25329971,-0.77851140,0.02025189
13.880000,0,RL_foot,3.79995465,-0.31457451,0.03847978
13.880000,0,RR_foot,3.67827272,-0.63283014,0.02015422
13.900000,0,FL_foot,4.24350595,-0.29552826,0.02022091
13.900000,0,FR_foot,4.25340509,-0.77876604,0.02028078
13.900000,0,RL_foot,3.80778861,-0.31262568,0.03473916
13.900000,0,RR_foot,3.67851734,-0.63322496,0.02015331
13.920000,0,FL_foot,4.24379492,-0.29565158,0.02021968
13.920000,0,FR_foot,4.25418329,-0.77930951,0.02027632
13.920000,0,RL_foot,3.81452918,-0.31041682,0.03130268
13.920000,0,RR_foot,3.67885137,-0.63317633,0.02016201
13.940000,0,FL_foot,4.24406624,-0.29576749,0.02021569
13.940000,0,FR_foot,4.25434303,-0.77951401,0.02027392
13.940000,0,RL_foot,3.81970716,-0.30751124,0.02758013
13.940000,0,RR_foot,3.67916632,-0.63311929,0.02015137
13.960000,0,FL_foot,4.24432373,-0.29587030,0.02021262
13.960000,0,FR_foot,4.25450325,-0.77969939,0.02027167
13.960000,0,RL_foot,3.82278275,-0.30401567,0.02355840
13.960000,0,RR_foot,3.67947841,-0.63307232,0.02014634
13.980000,0,FL_foot,4.24465752,-0.29590452,0.02024594
13.980000,0,FR_foot,4.25470877,-0.77984726,0.02025880
13.980000,0,RL_foot,3.82324338,-0.30160326,0.02013144
13.980000,0,RR_foot,3.67983341,-0.63319016,0.02020174
14.000000,0,FL_foot,4.25160313,-0.30057913,0.02172582
14.000000,0,FR_foot,4.25486946,-0.77995515,0.02026727
14.000000,0,RL_foot,3.82349300,-0.30169982,0.02023625
14.000000,0,RR_foot,3.68442774,-0.63122386,0.02127923
14.020000,0,FL_foot,4.26846981,-0.30912396,0.02360772
14.020000,0,FR_foot,4.25504589,-0.78004885,0.02026926
14.020000,0,RL_foot,3.82374120,-0.30184221,0.02024669
14.020000,0,RR_foot,3.69704103,-0.62642717,0.02287720
14.040000,0,FL_foot,4.29189873,-0.31724331,0.02604991
14.040000,0,FR_foot,4.25522423,-0.78014582,0.02026668
14.040000,0,RL_foot,3.82401443,-0.30194637,0.02025366
14.040000,0,RR_foot,3.71545839,-0.62239546,0.02412773
14.060000,0,FL_foot,4.31720543,-0.32282445,0.02862437
14.060000,0,FR_foot,4.25540686,-0.78025031,0.02026204
14.060000,0,RL_foot,3.82430196,-0.30205205,0.02025121
14.060000,0,RR_foot,3.73613524,-0.62012875,0.02538169
14.080000,0,FL_foot,4.34122324,-0.32579663,0.03082911
14.080000,0,FR_foot,4.25560141,-0.78035998,0.02025968
14.080000,0,RL_foot,3.82462144,-0.30218494,0.02026154
14.080000,0,RR_foot,3.75601268,-0.61997408,0.02674003
14.100000,0,FL_foot,4.36187601,-0.32684261,0.03223064
14.100000,0,FR_foot,4.25582314,-0.78045791,0.02025588
14.100000,0,RL_foot,3.82496238,-0.30231521,0.02026207
14.100000,0,RR_foot,3.77338648,-0.62174302,0.02809700
14.120000,0,FL_foot,4.37813091,-0.32665834,0.03243484
14.120000,0,FR_foot,4.25605965,-0.78055412,0.02024902
14.120000,0,RL_foot,3.82533574,-0.30247593,0.02024012
14.120000,0,RR_foot,3.78798866,-0.62503624,0.02933646
14.140000,0,FL_foot,4.39005089,-0.32588235,0.03133679
14.140000,0,FR_foot,4.25631189,-0.78064984,0.02024630
14.140000,0,RL_foot,3.82574320,-0.30266479,0.02023377
14.140000,0,RR_foot,3.80026674,-0.62917811,0.03042630
14.160000,0,FL_foot,4.39862156,-0.32498163,0.02898271
14.160000,0,FR_foot,4.25658369,-0.78073102,0.02024186
14.160000,0,RL_foot,3.82617426,-0.30285159,0.02022254
14.160000,0,RR_foot,3.81078362,-0.63381553,0.03137026
14.180000,0,FL_foot,4.40480757,-0.32443354,0.02548330
14.180000,0,FR_foot,4.25685310,-0.78080386,0.02023767
14.180000,0,RL_foot,3.82662535,-0.30302531,0.02021016
14.180000,0,RR_foot,3.81993675,-0.63884747,0.03221688
14.200000,0,FL_foot,4.40934181,-0.32459298,0.02092529
14.200000,0,FR_foot,4.25713301,-0.78085935,0.02023272
14.200000,0,RL_foot,3.82709384,-0.30317786,0.02019676
14.200000,0,RR_foot,3.82787228,-0.64422548,0.03303859
14.220000,0,FL_foot,4.40979099,-0.32452005,0.02024337
14.220000,0,FR_foot,4.25747681,-0.78083992,0.02023614
14.220000,0,RL_foot,3.82798529,-0.30244744,0.02024932
14.220000,0,RR_foot,3.83605909,-0.64888775,0.03101063
14.240000,0,FL_foot,4.40998459,-0.32436049,0.02025260
14.240000,0,FR_foot,4.25778913,-0.78080386,0.02023042
14.240000,0,RL_foot,3.82819533,-0.30266511,0.02018634
14.240000,0,RR_foot,3.84258842,-0.65418935,0.02733298
14.260000,0,FL_foot,4.41020632,-0.32425132,0.02025416
14.260000,0,FR_foot,4.25805426,-0.78078997,0.02023192
14.260000,0,RL_foot,3.82850099,-0.30276617,0.02018382
14.260000,0,RR_foot,3.84454417,-0.65930492,0.02256921
14.280000,0,FL_foot,4.41043139,-0.32416600,0.02025010
14.280000,0,FR_foot,4.25976515,-0.78122425,0.02081535
14.280000,0,RL_foot,3.83400559,-0.30748942,0.02081560
14.280000,0,RR_foot,3.84441304,-0.66058797,0.02018653
14.300000,0,FL_foot,4.41062641,-0.32411763,0.02025119
14.300000,0,FR_foot,4.27445841,-0.77540046,0.02268307
14.300000,0,RL_foot,3.84932017,-0.32111764,0.02479316
14.300000,0,RR_foot,3.84469795,-0.66046685,0.02016293
14.320000,0,FL_foot,4.41084099,-0.32409066,0.02024653
14.320000,0,FR_foot,4.30166006,-0.77251780,0.02471672
14.320000,0,RL_foot,3.87039161,-0.33158028,0.02784020
14.320000,0,RR_foot,3.84498382,-0.66039670,0.02015756
14.340000,0,FL_foot,4.41105270,-0.32406721,0.02024372
14.340000,0,FR_foot,4.33430719,-0.77405393,0.02725134
14.340000,0,RL_foot,3.89186168,-0.33937755,0.03061301
14.340000,0,RR_foot,3.84528255,-0.66033959,0.02016408
14.360000,0,FL_foot,4.41127443,-0.32404417,0.02024182
14.360000,0,FR_foot,4.36524534,-0.77900803,0.02975546
14.360000,0,RL_foot,3.91130280,-0.34398323,0.03261028
14.360000,0,RR_foot,3.84562445,-0.66028041,0.02017624
14.380000,0,FL_foot,4.41151094,-0.32402179,0.02023830
14.380000,0,FR_foot,4.38965893,-0.78603196,0.03117651
14.380000,0,RL_foot,3.92789912,-0.34660283,0.03440733
14.380000,0,RR_foot,3.84598112,-0.66026872,0.02017902
14.400000,0,FL_foot,4.41176176,-0.32401273,0.02023360
14.400000,0,FR_foot,4.40592861,-0.79377949,0.03068119
14.400000,0,RL_foot,3.94171882,-0.34775013,0.03613224
14.400000,0,RR_foot,3.84637284,-0.66025943,0.02017376
14.420000,0,FL_foot,4.41201925,-0.32399690,0.02023168
14.420000,0,FR_foot,4.41530848,-0.80063349,0.02819709
14.420000,0,RL_foot,3.95313096,-0.34740850,0.03755736
14.420000,0,RR_foot,3.84680891,-0.66024768,0.02016855
14.440000,0,FL_foot,4.41228628,-0.32400185,0.02022714
14.440000,0,FR_foot,4.42021656,-0.80546087,0.02406279
14.440000,0,RL_foot,3.96240449,-0.34565139,0.03854028
14.440000,0,RR_foot,3.84726548,-0.66024655,0.02015261
14.460000,0,FL_foot,4.41257048,-0.32405370,0.02023041
14.460000,0,FR_foot,4.42195415,-0.80700850,0.02028267
14.460000,0,RL_foot,3.96984577,-0.34290689,0.03812604
14.460000,0,RR_foot,3.84774661,-0.66116065,0.02018213
14.480000,0,FL_foot,4.41286755,-0.32416853,0.02022127
14.480000,0,FR_foot,4.42215490,-0.80727059,0.02028286
14.480000,0,RL_foot,3.97766638,-0.34073848,0.03445281
14.480000,0,RR_foot,3.84807110,-0.66147590,0.02015228
14.500000,0,FL_foot,4.41314554,-0.32427645,0.02021948
14.500000,0,FR_foot,4.42300558,-0.80782765,0.02027518
14.500000,0,RL_foot,3.98425984,-0.33840361,0.03107157
14.500000,0,RR_foot,3.84840488,-0.66142100,0.02015971
14.520000,0,FL_foot,4.41342306,-0.32439065,0.02021572
14.520000,0,FR_foot,4.42317867,-0.80802238,0.02027483
14.520000,0,RL_foot,3.98928452,-0.33543074,0.02737895
14.520000,0,RR_foot,3.84872580,-0.66136563,0.02015255
14.540000,0,FL_foot,4.41367579,-0.32448798,0.02021292
14.540000,0,FR_foot,4.42335510,-0.80820298,0.02027105
14.540000,0,RL_foot,3.99221039,-0.33189288,0.02338615
14.540000,0,RR_foot,3.84904289,-0.66129869,0.02014516
14.560000,0,FL_foot,4.41398382,-0.32450494,0.02034533
14.560000,0,FR_foot,4.42358494,-0.80833805,0.02024676
14.560000,0,RL_foot,3.99260640,-0.32932761,0.02012064
14.560000,0,RR_foot,3.84943724,-0.66153401,0.02014893
14.580000,0,FL_foot,4.42172956,-0.32920453,0.02170702
14.580000,0,FR_foot,4.42373753,-0.80844402,0.02026933
14.580000,0,RL_foot,3.99286056,-0.32944718,0.02024505
14.580000,0,RR_foot,3.85461020,-0.65876251,0.02167671
14.600000,0,FL_foot,4.43926382,-0.33789244,0.02352432
14.600000,0,FR_foot,4.42391920,-0.80853301,0.02026901
14.600000,0,RL_foot,3.99311185,-0.32956663,0.02024594
14.600000,0,RR_foot,3.86761951,-0.65405047,0.02336103
14.620000,0,FL_foot,4.46296167,-0.34592700,0.02590252
14.620000,0,FR_foot,4.42410517,-0.80862439,0.02026516
14.620000,0,RL_foot,3.99338746,-0.32967222,0.02024683
14.620000,0,RR_foot,3.88622928,-0.65017021,0.02467698
14.640000,0,FL_foot,4.48826742,-0.35130996,0.02837903
14.640000,0,FR_foot,4.42429495,-0.80872947,0.02026349
14.640000,0,RL_foot,3.99368691,-0.32979444,0.02025845
14.640000,0,RR_foot,3.90691543,-0.64808863,0.02598281
14.660000,0,FL_foot,4.51209974,-0.35405537,0.03043645
14.660000,0,FR_foot,4.42450333,-0.80882752,0.02025961
14.660000,0,RL_foot,3.99400687,-0.32990128,0.02026254
14.660000,0,RR_foot,3.92668056,-0.64809227,0.02737256
14.680000,0,FL_foot,4.53244686,-0.35490435,0.03163091
14.680000,0,FR_foot,4.42472792,-0.80892360,0.02025349
14.680000,0,RL_foot,3.99435711,-0.33003667,0.02024845
14.680000,0,RR_foot,3.94389820,-0.65003276,0.02872650
14.700000,0,FL_foot,4.54834080,-0.35459477,0.03162571
14.700000,0,FR_foot,4.42496872,-0.80901909,0.02025073
14.700000,0,RL_foot,3.99474597,-0.33020917,0.02024718
14.700000,0,RR_foot,3.95837212,-0.65342242,0.02997485
14.720000,0,FL_foot,4.55995369,-0.35374340,0.03029821
14.720000,0,FR_foot,4.42523670,-0.80910355,0.02024589
14.720000,0,RL_foot,3.99516034,-0.33039558,0.02023381
14.720000,0,RR_foot,3.97057819,-0.65759730,0.03107812
14.740000,0,FL_foot,4.56828833,-0.35281959,0.02771311
14.740000,0,FR_foot,4.42550373,-0.80918336,0.02024154
14.740000,0,RL_foot,3.99559784,-0.33057839,0.02021986
14.740000,0,RR_foot,3.98106050,-0.66226381,0.03203898
14.760000,0,FL_foot,4.57430124,-0.35230130,0.02397851
14.760000,0,FR_foot,4.42578030,-0.80925071,0.02023658
14.760000,0,RL_foot,3.99605417,-0.33074683,0.02020588
14.760000,0,RR_foot,3.99017501,-0.66732842,0.03290651
14.780000,0,FL_foot,4.57798195,-0.35034171,0.02025331
14.780000,0,FR_foot,4.42615795,-0.80929869,0.02025105
14.780000,0,RL_foot,3.99917078,-0.32941738,0.02021966
14.780000,0,RR_foot,3.99767137,-0.67442667,0.03349798
14.800000,0,FL_foot,4.57810068,-0.35023052,0.02024863
14.800000,0,FR_foot,4.42644644,-0.80929011,0.02024386
14.800000,0,RL_foot,4.00446844,-0.32823256,0.02023433
14.800000,0,RR_foot,4.00489521,-0.67963320,0.03216473
14.820000,0,FL_foot,4.57814598,-0.35013896,0.02025910
14.820000,0,FR_foot,4.42662477,-0.80923629,0.02023679
14.820000,0,RL_foot,4.00563192,-0.32732171,0.02049757
14.820000,0,RR_foot,4.01023054,-0.68491983,0.03133296
14.840000,0,FL_foot,4.57821894,-0.34974638,0.02025055
14.840000,0,FR_foot,4.42672348,-0.80928040,0.02024548
14.840000,0,RL_foot,4.00747395,-0.32403508,0.02021093
14.840000,0,RR_foot,4.01502466,-0.69237423,0.03064154
14.860000,0,FL_foot,4.57814980,-0.34977445,0.02025519
14.860000,0,FR_foot,4.42672014,-0.80930561,0.02024334
14.860000,0,RL_foot,4.00750160,-0.32415140,0.02021729
14.860000,0,RR_foot,4.01850748,-0.69842720,0.02981644
14.880000,0,FL_foot,4.57804155,-0.34983188,0.02025988
14.880000,0,FR_foot,4.42666435,-0.80934727,0.02024491
14.880000,0,RL_foot,4.00742388,-0.32426661,0.02021539
14.880000,0,RR_foot,4.01942778,-0.70334053,0.02971097
14.900000,0,FL_foot,4.57791948,-0.34991693,0.02026228
14.900000,0,FR_foot,4.42656612,-0.80938625,0.02024345
14.900000,0,RL_foot,4.00732040,-0.32436615,0.02021338
14.900000,0,RR_foot,4.01807404,-0.70689613,0.03005137
14.920000,0,FL_foot,4.57772636,-0.35002381,0.02026451
14.920000,0,FR_foot,4.42645645,-0.80943829,0.02024557
14.920000,0,RL_foot,4.00720119,-0.32444009,0.02021739
14.920000,0,RR_foot,4.01479721,-0.70902705,0.03073442
14.940000,0,FL_foot,4.57545662,-0.35086131,0.02030947
14.940000,0,FR_foot,4.42633152,-0.80947566,0.02024062
14.940000,0,RL_foot,4.00707769,-0.32448068,0.02023417
14.940000,0,RR_foot,4.01011419,-0.70977545,0.03140222
14.960000,0,FL_foot,4.56938314,-0.35215050,0.02025786
14.960000,0,FR_foot,4.42619371,-0.80950153,0.02024347
14.960000,0,RL_foot,4.00691700,-0.32452941,0.02023445
14.960000,0,RR_foot,4.00482941,-0.70980090,0.03185838
14.980000,0,FL_foot,4.56255722,-0.35313255,0.02025586
14.980000,0,FR_foot,4.42604780,-0.80951649,0.02024416
14.980000,0,RL_foot,4.00673580,-0.32457915,0.02023498
14.980000,0,RR_foot,3.99921966,-0.70927763,0.03238281
15.000000,0,FL_foot,4.55393744,-0.35424599,0.02025579
15.000000,0,FR_foot,4.42589760,-0.80952072,0.02024571
15.000000,0,RL_foot,4.00653744,-0.32463127,0.02023383
15.000000,0,RR_foot,3.99322605,-0.70904565,0.03254863
15.020000,0,FL_foot,4.54399776,-0.35522076,0.02025465
15.020000,0,FR_foot,4.42573786,-0.80951798,0.02024544
15.020000,0,RL_foot,4.00632572,-0.32468346,0.02023179
15.020000,0,RR_foot,3.98683405,-0.70912451,0.03242116
15.040000,0,FL_foot,4.53283548,-0.35618344,0.02025545
15.040000,0,FR_foot,4.42557001,-0.80951339,0.02024518
15.040000,0,RL_foot,4.00609922,-0.32474157,0.02022102
15.040000,0,RR_foot,3.98009777,-0.70968246,0.03197172
15.060000,0,FL_foot,4.52105141,-0.35688052,0.02025627
15.060000,0,FR_foot,4.42539215,-0.80950975,0.02024787
15.060000,0,RL_foot,4.00587368,-0.32481849,0.02022859
15.060000,0,RR_foot,3.97304749,-0.71081895,0.03124424
15.080000,0,FL_foot,4.50886631,-0.35737690,0.02025554
15.080000,0,FR_foot,4.42520380,-0.80950218,0.02024928
15.080000,0,RL_foot,4.00563288,-0.32488361,0.02022846
15.080000,0,RR_foot,3.96578765,-0.71253955,0.03024131
15.100000,0,FL_foot,4.49632788,-0.35775459,0.02025386
15.100000,0,FR_foot,4.42499590,-0.80949348,0.02025017
15.100000,0,RL_foot,4.00537920,-0.32495469,0.02021869
15.100000,0,RR_foot,3.95840669,-0.71476948,0.02899442
15.120000,0,FL_foot,4.48337221,-0.35806978,0.02025193
15.120000,0,FR_foot,4.42477560,-0.80949092,0.02025347
15.120000,0,RL_foot,4.00512695,-0.32504883,0.02022510
15.120000,0,RR_foot,3.95096588,-0.71748400,0.02752063
15.140000,0,FL_foot,4.46993208,-0.35839316,0.02024892
15.140000,0,FR_foot,4.42455053,-0.80948204,0.02025483
15.140000,0,RL_foot,4.00486135,-0.32512441,0.02022674
15.140000,0,RR_foot,3.94352674,-0.72073865,0.02579174
15.160000,0,FL_foot,4.45621634,-0.35875109,0.02024981
15.160000,0,FR_foot,4.42429972,-0.80948102,0.02025706
15.160000,0,RL_foot,4.00458431,-0.32520774,0.02021882
15.160000,0,RR_foot,3.93614197,-0.72457421,0.02380312
15.180000,0,FL_foot,4.44265127,-0.35908490,0.02024603
15.180000,0,FR_foot,4.42402411,-0.80948877,0.02026106
15.180000,0,RL_foot,4.00430489,-0.32531664,0.02022217
15.180000,0,RR_foot,3.92892671,-0.72907948,0.02152869
15.200000,0,FL_foot,4.43409157,-0.35938466,0.02022384
15.200000,0,FR_foot,4.42358494,-0.80952775,0.02026674
15.200000,0,RL_foot,4.00400352,-0.32536605,0.02029984
15.200000,0,RR_foot,3.92535233,-0.73162973,0.02014323
15.220000,0,FL_foot,4.43387365,-0.35945427,0.02023513
15.220000,0,FR_foot,4.42056942,-0.80488527,0.02052383
15.220000,0,RL_foot,4.00320959,-0.32545355,0.02029374
15.220000,0,RR_foot,3.92506456,-0.73169720,0.02017976
15.240000,0,FL_foot,4.43366003,-0.35954064,0.02024234
15.240000,0,FR_foot,4.41262007,-0.79268426,0.02152361
15.240000,0,RL_foot,3.99678254,-0.33238488,0.02210944
15.240000,0,RR_foot,3.92479587,-0.73176509,0.02019218
15.260000,0,FL_foot,4.43343163,-0.35960504,0.02024594
15.260000,0,FR_foot,4.39839554,-0.77836943,0.02259406
15.260000,0,RL_foot,3.98355818,-0.33960009,0.02474865
15.260000,0,RR_foot,3.92455149,-0.73181665,0.02019649
15.280000,0,FL_foot,4.43320084,-0.35965276,0.02025156
15.280000,0,FR_foot,4.37986660,-0.76640689,0.02320808
15.280000,0,RL_foot,3.96535110,-0.34112424,0.02635210
15.280000,0,RR_foot,3.92434597,-0.73184437,0.02020258
15.300000,0,FL_foot,4.43297815,-0.35970840,0.02025236
15.300000,0,FR_foot,4.35991144,-0.75787735,0.02314999
15.300000,0,RL_foot,3.94473886,-0.33695588,0.02677645
15.300000,0,RR_foot,3.92414379,-0.73187995,0.02020320
15.320000,0,FL_foot,4.43274593,-0.35975140,0.02025334
15.320000,0,FR_foot,4.34039307,-0.75301701,0.02218510
15.320000,0,RL_foot,3.92426777,-0.32968655,0.02686437
15.320000,0,RR_foot,3.92394209,-0.73189592,0.02019947
15.340000,0,FL_foot,4.43250895,-0.35978565,0.02025777
15.340000,0,FR_foot,4.32219076,-0.75164664,0.02026828
15.340000,0,RL_foot,3.90582395,-0.32151559,0.02705666
15.340000,0,RR_foot,3.92374492,-0.73186862,0.02020162
15.360000,0,FL_foot,4.43226671,-0.35985038,0.02025850
15.360000,0,FR_foot,4.31311226,-0.75042212,0.02021569
15.360000,0,RL_foot,3.89084673,-0.31399953,0.02601154
15.360000,0,RR_foot,3.92348790,-0.73187870,0.02020733
15.380000,0,FL_foot,4.43200684,-0.35987905,0.02025965
15.380000,0,FR_foot,4.30636787,-0.75090528,0.02020808
15.380000,0,RL_foot,3.88005400,-0.30835405,0.02391929
15.380000,0,RR_foot,3.92320919,-0.73185074,0.02020924
15.400000,0,FL_foot,4.43172264,-0.35987061,0.02026482
15.400000,0,FR_foot,4.30004501,-0.75215536,0.02020920
15.400000,0,RL_foot,3.87238598,-0.30444944,0.02103688
15.400000,0,RR_foot,3.92293596,-0.73178196,0.02021560
15.420000,0,FL_foot,4.42769718,-0.35975885,0.02030719
15.420000,0,FR_foot,4.29838848,-0.75249082,0.02018825
15.420000,0,RL_foot,3.87070990,-0.30355015,0.02018579
15.420000,0,RR_foot,3.92303681,-0.73280627,0.02020807
15.440000,0,FL_foot,4.41957140,-0.36615232,0.02098090
15.440000,0,FR_foot,4.29814911,-0.75244617,0.02019448
15.440000,0,RL_foot,3.87050247,-0.30345556,0.02019172
15.440000,0,RR_foot,3.92141867,-0.73169315,0.02114530
15.460000,0,FL_foot,4.40653896,-0.37726030,0.02273911
15.460000,0,FR_foot,4.29795074,-0.75240785,0.02021860
15.460000,0,RL_foot,3.87029457,-0.30336088,0.02021869
15.460000,0,RR_foot,3.91467190,-0.72847569,0.02268863
15.480000,0,FL_foot,4.38991499,-0.38546506,0.02430246
15.480000,0,FR_foot,4.29773378,-0.75232023,0.02021203
15.480000,0,RL_foot,3.87006760,-0.30327895,0.02021248
15.480000,0,RR_foot,3.90080333,-0.72516412,0.02385591
15.500000,0,FL_foot,4.37291765,-0.38910636,0.02501650
15.500000,0,FR_foot,4.29752493,-0.75220072,0.02022431
15.500000,0,RL_foot,3.86984301,-0.30320203,0.02022023
15.500000,0,RR_foot,3.88135338,-0.72427791,0.02415979
15.520000,0,FL_foot,4.35630798,-0.38978043,0.02512183
15.520000,0,FR_foot,4.29729176,-0.75207186,0.02022129
15.520000,0,RL_foot,3.86958981,-0.30312970,0.02021755
15.520000,0,RR_foot,3.86010742,-0.72587836,0.02383473
15.540000,0,FL_foot,4.33974552,-0.38894299,0.02497974
15.540000,0,FR_foot,4.29704762,-0.75194049,0.02021341
15.540000,0,RL_foot,3.86932397,-0.30305913,0.02020579
15.540000,0,RR_foot,3.84039640,-0.72912598,0.02320948
15.560000,0,FL_foot,4.32313204,-0.38729358,0.02478704
15.560000,0,FR_foot,4.29679537,-0.75179815,0.02022104
15.560000,0,RL_foot,3.86905360,-0.30300400,0.02021216
15.560000,0,RR_foot,3.82378149,-0.73354483,0.02233676
15.580000,0,FL_foot,4.30673409,-0.38504860,0.02458315
15.580000,0,FR_foot,4.29651737,-0.75167853,0.02022367
15.580000,0,RL_foot,3.86876369,-0.30295336,0.02021280
15.580000,0,RR_foot,3.81050730,-0.73862183,0.02118030
15.600000,0,FL_foot,4.29107904,-0.38222203,0.02412549
15.600000,0,FR_foot,4.29621458,-0.75158101,0.02024245
15.600000,0,RL_foot,3.86846137,-0.30292109,0.02022945
15.600000,0,RR_foot,3.80186152,-0.74224585,0.02020986
15.620000,0,FL_foot,4.27739239,-0.37822860,0.02224760
15.620000,0,FR_foot,4.29592562,-0.75145489,0.02023131
15.620000,0,RL_foot,3.86818457,-0.30292273,0.02021521
15.620000,0,RR_foot,3.80075121,-0.74264985,0.02021260
15.640000,0,FL_foot,4.27058935,-0.37440625,0.02020446
15.640000,0,FR_foot,4.29540539,-0.75143152,0.02025133
15.640000,0,RL_foot,3.86790204,-0.30288407,0.02027991
15.640000,0,RR_foot,3.80047679,-0.74263054,0.02015805
15.660000,0,FL_foot,4.27036238,-0.37438536,0.02025429
15.660000,0,FR_foot,4.28874302,-0.74471897,0.02275334
15.660000,0,RL_foot,3.86232257,-0.30360731,0.02042466
15.660000,0,RR_foot,3.80021787,-0.74261975,0.02019902
15.680000,0,FL_foot,4.27008343,-0.37436545,0.02026450
15.680000,0,FR_foot,4.27659655,-0.73430425,0.02650636
15.680000,0,RL_foot,3.84925890,-0.30733585,0.02119899
15.680000,0,RR_foot,3.79996371,-0.74260861,0.02020889
15.700000,0,FL_foot,4.26979780,-0.37436205,0.02026727
15.700000,0,FR_foot,4.26053190,-0.72623360,0.02944402
15.700000,0,RL_foot,3.83092022,-0.30836213,0.02161196
15.700000,0,RR_foot,3.79971552,-0.74259740,0.02021849
15.720000,0,FL_foot,4.26949692,-0.37433130,0.02026954
15.720000,0,FR_foot,4.24255657,-0.72193050,0.03077862
15.720000,0,RL_foot,3.80998659,-0.30583897,0.02151157
15.720000,0,RR_foot,3.79947853,-0.74255967,0.02021642
15.740000,0,FL_foot,4.26918650,-0.37429515,0.02026794
15.740000,0,FR_foot,4.22406387,-0.72045684,0.03085306
15.740000,0,RL_foot,3.78956175,-0.30079746,0.02104840
15.740000,0,RR_foot,3.79922462,-0.74251312,0.02021446
15.760000,0,FL_foot,4.26885796,-0.37425607,0.02028070
15.760000,0,FR_foot,4.20596075,-0.72088307,0.03019891
15.760000,0,RL_foot,3.77245474,-0.29456383,0.02015987
15.760000,0,RR_foot,3.79896688,-0.74244517,0.02021402
15.780000,0,FL_foot,4.26854944,-0.37422147,0.02027450
15.780000,0,FR_foot,4.18858671,-0.72141099,0.02855311
15.780000,0,RL_foot,3.76595092,-0.29302526,0.02021375
15.780000,0,RR_foot,3.79874754,-0.74232233,0.02022295
15.800000,0,FL_foot,4.26826382,-0.37421125,0.02028129
15.800000,0,FR_foot,4.17249155,-0.72285664,0.02647230
15.800000,0,RL_foot,3.76425338,-0.29253146,0.02019984
15.800000,0,RR_foot,3.79852843,-0.74219841,0.02022142
15.820000,0,FL_foot,4.26798582,-0.37425250,0.02028155
15.820000,0,FR_foot,4.15848064,-0.72606367,0.02372981
15.820000,0,RL_foot,3.76398683,-0.29238540,0.02020801
15.820000,0,RR_foot,3.79831338,-0.74207288,0.02023203
15.840000,0,FL_foot,4.26768446,-0.37428176,0.02027311
15.840000,0,FR_foot,4.14818287,-0.73099685,0.02017360
15.840000,0,RL_foot,3.76371646,-0.29229617,0.02018211
15.840000,0,RR_foot,3.79811287,-0.74196064,0.02025931
15.860000,0,FL_foot,4.26580191,-0.37368166,0.02031072
15.860000,0,FR_foot,4.14794874,-0.73099971,0.02018442
15.860000,0,RL_foot,3.76348424,-0.29225010,0.02019924
15.860000,0,RR_foot,3.79541612,-0.74103069,0.02126937
15.880000,0,FL_foot,4.25796795,-0.37657401,0.02120576
15.880000,0,FR_foot,4.14767981,-0.73101240,0.02019976
15.880000,0,RL_foot,3.76326609,-0.29221612,0.02021176
15.880000,0,RR_foot,3.78887320,-0.73758119,0.02265706
15.900000,0,FL_foot,4.24492550,-0.38014087,0.02205008
15.900000,0,FR_foot,4.14741564,-0.73100978,0.02019794
15.900000,0,RL_foot,3.76304054,-0.29219794,0.02021891
15.900000,0,RR_foot,3.77804184,-0.73321891,0.02422961
15.920000,0,FL_foot,4.22939539,-0.38174769,0.02228340
15.920000,0,FR_foot,4.14716721,-0.73097920,0.02020909
15.920000,0,RL_foot,3.76282310,-0.29219365,0.02022604
15.920000,0,RR_foot,3.76216388,-0.72880745,0.02570645
15.940000,0,FL_foot,4.21315002,-0.38144150,0.02217277
15.940000,0,FR_foot,4.14690161,-0.73093480,0.02020564
15.940000,0,RL_foot,3.76258659,-0.29219079,0.02021773
15.940000,0,RR_foot,3.74297380,-0.72628456,0.02664082
15.960000,0,FL_foot,4.19712591,-0.38003129,0.02208672
15.960000,0,FR_foot,4.14663792,-0.73087740,0.02019724
15.960000,0,RL_foot,3.76233482,-0.29218471,0.02021477
15.960000,0,RR_foot,3.72336102,-0.72645974,0.02685841
15.980000,0,FL_foot,4.18131685,-0.37808940,0.02218441
15.980000,0,FR_foot,4.14637280,-0.73079795,0.02020407
15.980000,0,RL_foot,3.76207447,-0.29218924,0.02022042
15.980000,0,RR_foot,3.70566678,-0.72885603,0.02641043
16.000000,0,FL_foot,4.16579914,-0.37562525,0.02235923
16.000000,0,FR_foot,4.14608240,-0.73073649,0.02020487
16.000000,0,RL_foot,3.76179242,-0.29219046,0.02022059
16.000000,0,RR_foot,3.69103980,-0.73254204,0.02536150
16.020000,0,FL_foot,4.15123034,-0.37235031,0.02241493
16.020000,0,FR_foot,4.14577627,-0.73068613,0.02020210
16.020000,0,RL_foot,3.76149416,-0.29220241,0.02021811
16.020000,0,RR_foot,3.67950940,-0.73625958,0.02379125
16.040000,0,FL_foot,4.13863564,-0.36801064,0.02217817
16.040000,0,FR_foot,4.14544725,-0.73062903,0.02020490
16.040000,0,RL_foot,3.76118183,-0.29224369,0.02022029
16.040000,0,RR_foot,3.67076659,-0.73951626,0.02158625
16.060000,0,FL_foot,4.12900591,-0.36285913,0.02043233
16.060000,0,FR_foot,4.14486217,-0.73087966,0.02023381
16.060000,0,RL_foot,3.76087523,-0.29229435,0.02024245
16.060000,0,RR_foot,3.66765904,-0.74093270,0.02020759
16.080000,0,FL_foot,4.12869644,-0.36292896,0.02025047
16.080000,0,FR_foot,4.14310217,-0.73038250,0.02071677
16.080000,0,RL_foot,3.75602007,-0.29217055,0.02047360
16.080000,0,RR_foot,3.66737509,-0.74099517,0.02020619
16.100000,0,FL_foot,4.12840843,-0.36293814,0.02025861
16.100000,0,FR_foot,4.13744783,-0.72311211,0.02368306
16.100000,0,RL_foot,3.74266243,-0.29538772,0.02111551
16.100000,0,RR_foot,3.66712189,-0.74103087,0.02020812
16.120000,0,FL_foot,4.12812042,-0.36296442,0.02026667
16.120000,0,FR_foot,4.12778425,-0.71477175,0.02697493
16.120000,0,RL_foot,3.72342992,-0.29855627,0.02201366
16.120000,0,RR_foot,3.66687441,-0.74107128,0.02021912
16.140000,0,FL_foot,4.12781286,-0.36296961,0.02026629
16.140000,0,FR_foot,4.11489344,-0.70932305,0.02904512
16.140000,0,RL_foot,3.70048928,-0.29819110,0.02245102
16.140000,0,RR_foot,3.66662788,-0.74110514,0.02022108
16.160000,0,FL_foot,4.12750053,-0.36296999,0.02026543
16.160000,0,FR_foot,4.10012388,-0.70687973,0.02978780
16.160000,0,RL_foot,3.67648697,-0.29492640,0.02255045
16.160000,0,RR_foot,3.66638589,-0.74110991,0.02021698
16.180000,0,FL_foot,4.12718153,-0.36298314,0.02026533
16.180000,0,FR_foot,4.08438396,-0.70647013,0.02969602
16.180000,0,RL_foot,3.65446568,-0.28969035,0.02232351
16.180000,0,RR_foot,3.66613054,-0.74110758,0.02022173
16.200000,0,FL_foot,4.12685013,-0.36296219,0.02026469
16.200000,0,FR_foot,4.06848955,-0.70747083,0.02917669
16.200000,0,RL_foot,3.63655353,-0.28339344,0.02154172
16.200000,0,RR_foot,3.66586828,-0.74108148,0.02022130
16.220000,0,FL_foot,4.12651157,-0.36291933,0.02029120
16.220000,0,FR_foot,4.05329275,-0.70909214,0.02869781
16.220000,0,RL_foot,3.62378740,-0.27822328,0.02012663
16.220000,0,RR_foot,3.66560364,-0.74101377,0.02021374
16.240000,0,FL_foot,4.12621689,-0.36293575,0.02027244
16.240000,0,FR_foot,4.03870726,-0.71010119,0.02674649
16.240000,0,RL_foot,3.62348557,-0.27808714,0.02019601
16.240000,0,RR_foot,3.66538453,-0.74091423,0.02022281
16.260000,0,FL_foot,4.12593365,-0.36295018,0.02028118
16.260000,0,FR_foot,4.02517462,-0.71315145,0.02416746
16.260000,0,RL_foot,3.62322402,-0.27795160,0.02020180
16.260000,0,RR_foot,3.66516566,-0.74079561,0.02023519
16.280000,0,FL_foot,4.12562799,-0.36296910,0.02028162
16.280000,0,FR_foot,4.01416969,-0.71847057,0.02047899
16.280000,0,RL_foot,3.62295866,-0.27784985,0.02021085
16.280000,0,RR_foot,3.66496158,-0.74068487,0.02023207
16.300000,0,FL_foot,4.12475157,-0.36201137,0.02031335
16.300000,0,FR_foot,4.01359367,-0.71847433,0.02019218
16.300000,0,RL_foot,3.62270212,-0.27782398,0.02019783
16.300000,0,RR_foot,3.66320848,-0.73983759,0.02089878
16.320000,0,FL_foot,4.11852026,-0.36434209,0.02135028
16.320000,0,FR_foot,4.01333284,-0.71848786,0.02019344
16.320000,0,RL_foot,3.62248898,-0.27780575,0.02020357
16.320000,0,RR_foot,3.65772486,-0.73663908,0.02184764
16.340000,0,FL_foot,4.10695744,-0.36825767,0.02270724
16.340000,0,FR_foot,4.01306438,-0.71850544,0.02019831
16.340000,0,RL_foot,3.62226748,-0.27779555,0.02021684
16.340000,0,RR_foot,3.64808559,-0.73267323,0.02292128
16.360000,0,FL_foot,4.09258938,-0.37073395,0.02348992
16.360000,0,FR_foot,4.01278925,-0.71850884,0.02019789
16.360000,0,RL_foot,3.62205291,-0.27780348,0.02021058
16.360000,0,RR_foot,3.63331437,-0.72813934,0.02401914
16.380000,0,FL_foot,4.07713985,-0.37107614,0.02374362
16.380000,0,FR_foot,4.01252842,-0.71847695,0.02020317
16.380000,0,RL_foot,3.62182045,-0.27780616,0.02021079
16.380000,0,RR_foot,3.61445570,-0.72492248,0.02475144
16.400000,0,FL_foot,4.06156874,-0.37007627,0.02389252
16.400000,0,FR_foot,4.01224327,-0.71844178,0.02020047
16.400000,0,RL_foot,3.62157154,-0.27780825,0.02021283
16.400000,0,RR_foot,3.59439135,-0.72435021,0.02484350
16.420000,0,FL_foot,4.04610348,-0.36843449,0.02415951
16.420000,0,FR_foot,4.01195145,-0.71840280,0.02019789
16.420000,0,RL_foot,3.62131143,-0.27782038,0.02020781
16.420000,0,RR_foot,3.57583117,-0.72624773,0.02426106
16.440000,0,FL_foot,4.03087521,-0.36626551,0.02453080
16.440000,0,FR_foot,4.01164961,-0.71834445,0.02020089
16.440000,0,RL_foot,3.62102580,-0.27782413,0.02021382
16.440000,0,RR_foot,3.56021976,-0.72964203,0.02303966
16.460000,0,FL_foot,4.01646900,-0.36331323,0.02481909
16.460000,0,FR_foot,4.01132154,-0.71831316,0.02020056
16.460000,0,RL_foot,3.62072229,-0.27784026,0.02021373
16.460000,0,RR_foot,3.54777908,-0.73317486,0.02123774
16.480000,0,FL_foot,4.00337791,-0.36015350,0.02412725
16.480000,0,FR_foot,4.01087713,-0.71860218,0.02022426
16.480000,0,RL_foot,3.62043118,-0.27789262,0.02023125
16.480000,0,RR_foot,3.54301739,-0.73458928,0.02020782
16.500000,0,FL_foot,3.99325728,-0.35439670,0.02083502
16.500000,0,FR_foot,4.01055002,-0.71859252,0.02021500
16.500000,0,RL_foot,3.62017226,-0.27797240,0.02021565
16.500000,0,RR_foot,3.54271650,-0.73465300,0.02022312
16.520000,0,FL_foot,3.99299645,-0.35448790,0.02027358
16.520000,0,FR_foot,4.00891972,-0.71811342,0.02069929
16.520000,0,RL_foot,3.61735773,-0.27908826,0.02075083
16.520000,0,RR_foot,3.54243660,-0.73465610,0.02021916
16.540000,0,FL_foot,3.99276137,-0.35457307,0.02026553
16.540000,0,FR_foot,4.00244045,-0.71118319,0.02382904
16.540000,0,RL_foot,3.60565042,-0.28466645,0.02181224
16.540000,0,RR_foot,3.54218197,-0.73466027,0.02021574
16.560000,0,FL_foot,3.99248075,-0.35462004,0.02026619
16.560000,0,FR_foot,3.99165940,-0.70360535,0.02705251
16.560000,0,RL_foot,3.58747602,-0.28996089,0.02310752
16.560000,0,RR_foot,3.54193521,-0.73467535,0.02022064
16.580000,0,FL_foot,3.99219084,-0.35465467,0.02026477
16.580000,0,FR_foot,3.97779727,-0.69889462,0.02897704
16.580000,0,RL_foot,3.56489587,-0.29084563,0.02383427
16.580000,0,RR_foot,3.54169726,-0.73468071,0.02021809
16.600000,0,FL_foot,3.99190092,-0.35470310,0.02026501
16.600000,0,FR_foot,3.96232772,-0.69714355,0.02957635
16.600000,0,RL_foot,3.54061127,-0.28815427,0.02409583
16.600000,0,RR_foot,3.54144979,-0.73468828,0.02022378
16.620000,0,FL_foot,3.99159098,-0.35471857,0.02026202
16.620000,0,FR_foot,3.94603229,-0.69749415,0.02926301
16.620000,0,RL_foot,3.51801968,-0.28315881,0.02398000
16.620000,0,RR_foot,3.54119635,-0.73467553,0.02022282
16.640000,0,FL_foot,3.99126887,-0.35471132,0.02026572
16.640000,0,FR_foot,3.92966461,-0.69937581,0.02844927
16.640000,0,RL_foot,3.49968934,-0.27677512,0.02322502
16.640000,0,RR_foot,3.54094243,-0.73462701,0.02022153
16.660000,0,FL_foot,3.99093652,-0.35471287,0.02026661
16.660000,0,FR_foot,3.91410708,-0.70191556,0.02773200
16.660000,0,RL_foot,3.48660183,-0.27126202,0.02169847
16.660000,0,RR_foot,3.54066539,-0.73457283,0.02022661
16.680000,0,FL_foot,3.99051929,-0.35449851,0.02037135
16.680000,0,FR_foot,3.89996958,-0.70473891,0.02648572
16.680000,0,RL_foot,3.48070550,-0.26894793,0.02020618
16.680000,0,RR_foot,3.54038501,-0.73446941,0.02022810
16.700000,0,FL_foot,3.99024796,-0.35453150,0.02028786
16.700000,0,FR_foot,3.88699412,-0.70809698,0.02325241
16.700000,0,RL_foot,3.48039365,-0.26882419,0.02018999
16.700000,0,RR_foot,3.54018402,-0.73433238,0.02024018
16.720000,0,FL_foot,3.98984981,-0.35430738,0.02030303
16.720000,0,FR_foot,3.87982059,-0.71205580,0.02007055
16.720000,0,RL_foot,3.48010564,-0.26874417,0.02008193
16.720000,0,RR_foot,3.53981400,-0.73424613,0.02036879
16.740000,0,FL_foot,3.98563409,-0.35434869,0.02066505
16.740000,0,FR_foot,3.87956500,-0.71212518,0.02017279
16.740000,0,RL_foot,3.47987366,-0.26869676,0.02018061
16.740000,0,RR_foot,3.53571844,-0.73204070,0.02157581
16.760000,0,FL_foot,3.97627807,-0.35690281,0.02139566
16.760000,0,FR_foot,3.87928891,-0.71214378,0.02018916
16.760000,0,RL_foot,3.47964716,-0.26866066,0.02019777
16.760000,0,RR_foot,3.52770972,-0.72903359,0.02278234
16.780000,0,FL_foot,3.96389222,-0.35974836,0.02199351
16.780000,0,FR_foot,3.87903142,-0.71213263,0.02019922
16.780000,0,RL_foot,3.47942591,-0.26863414,0.02020150
16.780000,0,RR_foot,3.51529741,-0.72563106,0.02401098
16.800000,0,FL_foot,3.94995284,-0.36126339,0.02223529
16.800000,0,FR_foot,3.87875080,-0.71212161,0.02020185
16.800000,0,RL_foot,3.47920895,-0.26861328,0.02021048
16.800000,0,RR_foot,3.49827790,-0.72203535,0.02513680
16.820000,0,FL_foot,3.93533039,-0.36131144,0.02233189
16.820000,0,FR_foot,3.87847233,-0.71208900,0.02019613
16.820000,0,RL_foot,3.47896695,-0.26858988,0.02020581
16.820000,0,RR_foot,3.47825670,-0.71978796,0.02584452
16.840000,0,FL_foot,3.92061448,-0.36037290,0.02254167
16.840000,0,FR_foot,3.87820196,-0.71202034,0.02019944
16.840000,0,RL_foot,3.47871256,-0.26856050,0.02020805
16.840000,0,RR_foot,3.45791173,-0.71997035,0.02592999
16.860000,0,FL_foot,3.90587592,-0.35885623,0.02291989
16.860000,0,FR_foot,3.87790918,-0.71196622,0.02020186
16.860000,0,RL_foot,3.47844791,-0.26854062,0.02020725
16.860000,0,RR_foot,3.43955088,-0.72232389,0.02539128
16.880000,0,FL_foot,3.89129567,-0.35676920,0.02336884
16.880000,0,FR_foot,3.87760115,-0.71191466,0.02019926
16.880000,0,RL_foot,3.47815609,-0.26852033,0.02020341
16.880000,0,RR_foot,3.42430043,-0.72581726,0.02427377
16.900000,0,FL_foot,3.87747812,-0.35387397,0.02373710
16.900000,0,FR_foot,3.87728071,-0.71184748,0.02020103
16.900000,0,RL_foot,3.47785020,-0.26851073,0.02020935
16.900000,0,RR_foot,3.41215611,-0.72922534,0.02261339
16.920000,0,FL_foot,3.86741686,-0.34838170,0.02323629
16.920000,0,FR_foot,3.87640190,-0.71233284,0.02023582
16.920000,0,RL_foot,3.47751975,-0.26848897,0.02022369
16.920000,0,RR_foot,3.40412498,-0.73254681,0.02020158
16.940000,0,FL_foot,3.86000729,-0.34264803,0.02023101
16.940000,0,FR_foot,3.87453699,-0.71259397,0.02020917
16.940000,0,RL_foot,3.47730780,-0.26850656,0.02023105
16.940000,0,RR_foot,3.40389061,-0.73256212,0.02019524
16.960000,0,FL_foot,3.85978985,-0.34263226,0.02028302
16.960000,0,FR_foot,3.86882257,-0.71316880,0.02070328
16.960000,0,RL_foot,3.47424841,-0.27167907,0.02020945
16.960000,0,RR_foot,3.40367365,-0.73258966,0.02022981
16.980000,0,FL_foot,3.85960603,-0.34264520,0.02025917
16.980000,0,FR_foot,3.86010504,-0.71417952,0.02077839
16.980000,0,RL_foot,3.47124052,-0.27472353,0.02023334
16.980000,0,RR_foot,3.40349841,-0.73258841,0.02021840
17.000000,0,FL_foot,3.85946989,-0.34268266,0.02025415
17.000000,0,FR_foot,3.85154986,-0.71616215,0.02053261
17.000000,0,RL_foot,3.46866035,-0.27663177,0.02024318
17.000000,0,RR_foot,3.40334845,-0.73256040,0.02021564
17.020000,0,FL_foot,3.85937524,-0.34273019,0.02026198
17.020000,0,FR_foot,3.84369588,-0.71841317,0.02022208
17.020000,0,RL_foot,3.46776390,-0.27725798,0.02023942
17.020000,0,RR_foot,3.40322495,-0.73251891,0.02021618
17.040000,0,FL_foot,3.85932183,-0.34280488,0.02025691
17.040000,0,FR_foot,3.83711863,-0.72004503,0.02022577
17.040000,0,RL_foot,3.46771002,-0.27721858,0.02024752
17.040000,0,RR_foot,3.40311980,-0.73246002,0.02021360
17.060000,0,FL_foot,3.85929132,-0.34286490,0.02025703
17.060000,0,FR_foot,3.83119535,-0.72171545,0.02022447
17.060000,0,RL_foot,3.46766448,-0.27717271,0.02025057
17.060000,0,RR_foot,3.40303731,-0.73240310,0.02021480
17.080000,0,FL_foot,3.85927749,-0.34294170,0.02025742
17.080000,0,FR_foot,3.82605886,-0.72324896,0.02021616
17.080000,0,RL_foot,3.46763539,-0.27714443,0.02025131
17.080000,0,RR_foot,3.40297937,-0.73235768,0.02021640
17.100000,0,FL_foot,3.85927153,-0.34299612,0.02025664
17.100000,0,FR_foot,3.82183146,-0.72461301,0.02021523
17.100000,0,RL_foot,3.46761656,-0.27712634,0.02025320
17.100000,0,RR_foot,3.40293026,-0.73233169,0.02021830
17.120000,0,FL_foot,3.85927582,-0.34306777,0.02025554
17.120000,0,FR_foot,3.81856871,-0.72578049,0.02021408
17.120000,0,RL_foot,3.46761060,-0.27711117,0.02025417
17.120000,0,RR_foot,3.40289712,-0.73231852,0.02021905
17.140000,0,FL_foot,3.85928607,-0.34311476,0.02025498
17.140000,0,FR_foot,3.81619644,-0.72678250,0.02021345
17.140000,0,RL_foot,3.46761656,-0.27711511,0.02025338
17.140000,0,RR_foot,3.40287876,-0.73231399,0.02021983
17.160000,0,FL_foot,3.85930157,-0.34315714,0.02025153
17.160000,0,FR_foot,3.81457210,-0.72755361,0.02021243
17.160000,0,RL_foot,3.46762705,-0.27712920,0.02025684
17.160000,0,RR_foot,3.40286684,-0.73232549,0.02021709
17.180000,0,FL_foot,3.85932374,-0.34321392,0.02025471
17.180000,0,FR_foot,3.81348801,-0.72815579,0.02021324
17.180000,0,RL_foot,3.46764159,-0.27715334,0.02025461
17.180000,0,RR_foot,3.40286613,-0.73235011,0.02021947
17.200000,0,FL_foot,3.85934663,-0.34324625,0.02025485
17.200000,0,FR_foot,3.81278992,-0.72858238,0.02021271
17.200000,0,RL_foot,3.46766114,-0.27718344,0.02025587
17.200000,0,RR_foot,3.40287232,-0.73238105,0.02021761
17.220000,0,FL_foot,3.85937381,-0.34327465,0.02025389
17.220000,0,FR_foot,3.81239343,-0.72884595,0.02021764
17.220000,0,RL_foot,3.46768904,-0.27720875,0.02025823
17.220000,0,RR_foot,3.40288210,-0.73241705,0.02021483
17.240000,0,FL_foot,3.85940480,-0.34331852,0.02025483
17.240000,0,FR_foot,3.81212020,-0.72905976,0.02021774
17.240000,0,RL_foot,3.46771240,-0.27724606,0.02025497
17.240000,0,RR_foot,3.40289927,-0.73244941,0.02021679
17.260000,0,FL_foot,3.85943699,-0.34334391,0.02025358
17.260000,0,FR_foot,3.81193399,-0.72922152,0.02021806
17.260000,0,RL_foot,3.46774244,-0.27728137,0.02025431
17.260000,0,RR_foot,3.40292001,-0.73248792,0.02021637
17.280000,0,FL_foot,3.85946751,-0.34336737,0.02025082
17.280000,0,FR_foot,3.81179094,-0.72935873,0.02021703
17.280000,0,RL_foot,3.46777630,-0.27730459,0.02025588
17.280000,0,RR_foot,3.40293717,-0.73252201,0.02021472
17.300000,0,FL_foot,3.85950589,-0.34340829,0.02025279
17.300000,0,FR_foot,3.81162477,-0.72952807,0.02021622
17.300000,0,RL_foot,3.46780515,-0.27733234,0.02025269
17.300000,0,RR_foot,3.40296340,-0.73254669,0.02021497
17.320000,0,FL_foot,3.85954189,-0.34343728,0.02024349
17.320000,0,FR_foot,3.81152391,-0.72968155,0.02022558
17.320000,0,RL_foot,3.46761870,-0.27769575,0.02026867
17.320000,0,RR_foot,3.40298486,-0.73257029,0.02021144
17.340000,0,FL_foot,3.85956264,-0.34343058,0.02025917
17.340000,0,FR_foot,3.81140399,-0.72996318,0.02021888
17.340000,0,RL_foot,3.46737361,-0.27811572,0.02024490
17.340000,0,RR_foot,3.40300441,-0.73260456,0.02022138
17.360000,0,FL_foot,3.85960126,-0.34347266,0.02024457
17.360000,0,FR_foot,3.81141472,-0.73001939,0.02022850
17.360000,0,RL_foot,3.46721530,-0.27855259,0.02027397
17.360000,0,RR_foot,3.40303040,-0.73261225,0.02021095
17.380000,0,FL_foot,3.85961771,-0.34347254,0.02024802
17.380000,0,FR_foot,3.81134987,-0.73034799,0.02025176
17.380000,0,RL_foot,3.46677399,-0.27978602,0.02028582
17.380000,0,RR_foot,3.40304494,-0.73263538,0.02021705
17.400000,0,FL_foot,3.85962582,-0.34346315,0.02025744
17.400000,0,FR_foot,3.81137276,-0.73067790,0.02021795
17.400000,0,RL_foot,3.46658134,-0.28031266,0.02024529
17.400000,0,RR_foot,3.40305471,-0.73266089,0.02022023
17.420000,0,FL_foot,3.85964370,-0.34347814,0.02024586
17.420000,0,FR_foot,3.81139135,-0.73075324,0.02023232
17.420000,0,RL_foot,3.46634388,-0.28109583,0.02027296
17.420000,0,RR_foot,3.40306878,-0.73267192,0.02021493
17.440000,0,FL_foot,3.85964656,-0.34346831,0.02025134
17.440000,0,FR_foot,3.81148863,-0.73100954,0.02022337
17.440000,0,RL_foot,3.46609402,-0.28185418,0.02024491
17.440000,0,RR_foot,3.40307760,-0.73269165,0.02022191
17.460000,0,FL_foot,3.85965204,-0.34346595,0.02025286
17.460000,0,FR_foot,3.81153417,-0.73105907,0.02021778
17.460000,0,RL_foot,3.46594453,-0.28227744,0.02024920
17.460000,0,RR_foot,3.40308928,-0.73269910,0.02021535
17.480000,0,FL_foot,3.85965323,-0.34346464,0.02024887
17.480000,0,FR_foot,3.81157708,-0.73116475,0.02025600
17.480000,0,RL_foot,3.46560478,-0.28357178,0.02030647
17.480000,0,RR_foot,3.40309262,-0.73271072,0.02021594
17.500000,0,FL_foot,3.85964203,-0.34345222,0.02025366
17.500000,0,FR_foot,3.81185436,-0.73151952,0.02025928
17.500000,0,RL_foot,3.46534801,-0.28448448,0.02024529
17.500000,0,RR_foot,3.40308952,-0.73273271,0.02022104
17.520000,0,FL_foot,3.85964274,-0.34345043,0.02025289
17.520000,0,FR_foot,3.81198001,-0.73161262,0.02021969
17.520000,0,RL_foot,3.46521020,-0.28484496,0.02025180
17.520000,0,RR_foot,3.40308881,-0.73274404,0.02021306
17.540000,0,FL_foot,3.85963631,-0.34344846,0.02025277
17.540000,0,FR_foot,3.81202626,-0.73168349,0.02021849
17.540000,0,RL_foot,3.46504641,-0.28528512,0.02025246
17.540000,0,RR_foot,3.40308547,-0.73275715,0.02021321
17.560000,0,FL_foot,3.85962939,-0.34344620,0.02025232
17.560000,0,FR_foot,3.81208324,-0.73174977,0.02021725
17.560000,0,RL_foot,3.46484780,-0.28575993,0.02025273
17.560000,0,RR_foot,3.40308166,-0.73277080,0.02021205
17.580000,0,FL_foot,3.85961962,-0.34344390,0.02025448
17.580000,0,FR_foot,3.81211233,-0.73179322,0.02021761
17.580000,0,RL_foot,3.46475244,-0.28597972,0.02025031
17.580000,0,RR_foot,3.40307426,-0.73278707,0.02021614
17.600000,0,FL_foot,3.85961676,-0.34345186,0.02024727
17.600000,0,FR_foot,3.81212831,-0.73187363,0.02025784
17.600000,0,RL_foot,3.46449614,-0.28673074,0.02027496
17.600000,0,RR_foot,3.40307236,-0.73278874,0.02021476
17.620000,0,FL_foot,3.85960484,-0.34345248,0.02024456
17.620000,0,FR_foot,3.81229687,-0.73205632,0.02022704
17.620000,0,RL_foot,3.46430922,-0.28718030,0.02026642
17.620000,0,RR_foot,3.40306282,-0.73280108,0.02021165
17.640000,0,FL_foot,3.85959220,-0.34344149,0.02025211
17.640000,0,FR_foot,3.81239438,-0.73219353,0.02021972
17.640000,0,RL_foot,3.46412110,-0.28757706,0.02025222
17.640000,0,RR_foot,3.40305591,-0.73281527,0.02021335
17.660000,0,FL_foot,3.85958743,-0.34344557,0.02025258
17.660000,0,FR_foot,3.81239247,-0.73221111,0.02021878
17.660000,0,RL_foot,3.46412110,-0.28758597,0.02025523
17.660000,0,RR_foot,3.40304875,-0.73282498,0.02021242
17.680000,0,FL_foot,3.85958099,-0.34345144,0.02024734
17.680000,0,FR_foot,3.81242752,-0.73232412,0.02028852
17.680000,0,RL_foot,3.46382570,-0.28837773,0.02025775
17.680000,0,RR_foot,3.40304208,-0.73283666,0.02021527
17.700000,0,FL_foot,3.85957074,-0.34344867,0.02024929
17.700000,0,FR_foot,3.81256986,-0.73248112,0.02023113
17.700000,0,RL_foot,3.46372128,-0.28856716,0.02025337
17.700000,0,RR_foot,3.40303540,-0.73284900,0.02021352
17.720000,0,FL_foot,3.85956001,-0.34344396,0.02025542
17.720000,0,FR_foot,3.81266379,-0.73258972,0.02021976
17.720000,0,RL_foot,3.46359444,-0.28881449,0.02025385
17.720000,0,RR_foot,3.40302491,-0.73286575,0.02021386
17.740000,0,FL_foot,3.85955930,-0.34346211,0.02024327
17.740000,0,FR_foot,3.81265450,-0.73262179,0.02023898
17.740000,0,RL_foot,3.46344090,-0.28916204,0.02027217
17.740000,0,RR_foot,3.40302253,-0.73286504,0.02020923
17.760000,0,FL_foot,3.85954785,-0.34345484,0.02025134
17.760000,0,FR_foot,3.81273246,-0.73275900,0.02021753
17.760000,0,RL_foot,3.46335936,-0.28930876,0.02025664
17.760000,0,RR_foot,3.40301347,-0.73288101,0.02021163
17.780000,0,FL_foot,3.85954213,-0.34345815,0.02025072
17.780000,0,FR_foot,3.81274271,-0.73282027,0.02024247
17.780000,0,RL_foot,3.46319151,-0.28965965,0.02025194
17.780000,0,RR_foot,3.40300870,-0.73289657,0.02021635
17.800000,0,FL_foot,3.85953331,-0.34345618,0.02025411
17.800000,0,FR_foot,3.81280684,-0.73289639,0.02022156
17.800000,0,RL_foot,3.46307230,-0.28987956,0.02025509
17.800000,0,RR_foot,3.40300083,-0.73291194,0.02021404
17.820000,0,FL_foot,3.85952783,-0.34346750,0.02024647
17.820000,0,FR_foot,3.81284285,-0.73295802,0.02023063
17.820000,0,RL_foot,3.46284342,-0.29034150,0.02026765
17.820000,0,RR_foot,3.40299487,-0.73292667,0.02021127
17.840000,0,FL_foot,3.85951781,-0.34345961,0.02025524
17.840000,0,FR_foot,3.81289816,-0.73304605,0.02021758
17.840000,0,RL_foot,3.46272850,-0.29054546,0.02025595
17.840000,0,RR_foot,3.40298843,-0.73294699,0.02021330
17.860000,0,FL_foot,3.85951734,-0.34347910,0.02024520
17.860000,0,FR_foot,3.81289077,-0.73306465,0.02022735
17.860000,0,RL_foot,3.46264362,-0.29072645,0.02026924
17.860000,0,RR_foot,3.40298414,-0.73294914,0.02020691
17.880000,0,FL_foot,3.85950947,-0.34347394,0.02025289
17.880000,0,FR_foot,3.81296611,-0.73322594,0.02026058
17.880000,0,RL_foot,3.46241355,-0.29118049,0.02025184
17.880000,0,RR_foot,3.40297890,-0.73296934,0.02021706
17.900000,0,FL_foot,3.85950375,-0.34347650,0.02025247
17.900000,0,FR_foot,3.81307435,-0.73331821,0.02025272
17.900000,0,RL_foot,3.46225500,-0.29151270,0.02025208
17.900000,0,RR_foot,3.40297413,-0.73298568,0.02021662
17.920000,0,FL_foot,3.85949945,-0.34348482,0.02024908
17.920000,0,FR_foot,3.81316090,-0.73338985,0.02023598
17.920000,0,RL_foot,3.46215796,-0.29170847,0.02025498
17.920000,0,RR_foot,3.40296769,-0.73299730,0.02021184
17.940000,0,FL_foot,3.85949349,-0.34348777,0.02025075
17.940000,0,FR_foot,3.81328773,-0.73349726,0.02022470
17.940000,0,RL_foot,3.46204829,-0.29193643,0.02025590
17.940000,0,RR_foot,3.40296125,-0.73301399,0.02021213
17.960000,0,FL_foot,3.85948896,-0.34349206,0.02025162
17.960000,0,FR_foot,3.81339550,-0.73359841,0.02024343
17.960000,0,RL_foot,3.46188593,-0.29230052,0.02025335
17.960000,0,RR_foot,3.40295577,-0.73303175,0.02021514
17.980000,0,FL_foot,3.85948968,-0.34351894,0.02025252
17.980000,0,FR_foot,3.81348443,-0.73367310,0.02026188
17.980000,0,RL_foot,3.46171713,-0.29268220,0.02025229
17.980000,0,RR_foot,3.40295482,-0.73303473,0.02021534
18.000000,0,FL_foot,3.85948825,-0.34353286,0.02024456
18.000000,0,FR_foot,3.81364107,-0.73374963,0.02025587
18.000000,0,RL_foot,3.46158314,-0.29298297,0.02026859
18.000000,0,RR_foot,3.40294981,-0.73304904,0.02021356
18.020000,0,FL_foot,3.85948396,-0.34353167,0.02025061
18.020000,0,FR_foot,3.81383848,-0.73389989,0.02025307
18.020000,0,RL_foot,3.46147919,-0.29320583,0.02025450
18.020000,0,RR_foot,3.40294456,-0.73306477,0.02021457
18.040000,0,FL_foot,3.85948014,-0.34353614,0.02025145
18.040000,0,FR_foot,3.81404781,-0.73399878,0.02026808
18.040000,0,RL_foot,3.46132636,-0.29356959,0.02025411
18.040000,0,RR_foot,3.40293860,-0.73308027,0.02021456
18.060000,0,FL_foot,3.85947895,-0.34354216,0.02025094
18.060000,0,FR_foot,3.81426692,-0.73407251,0.02026484
18.060000,0,RL_foot,3.46123457,-0.29378560,0.02025473
18.060000,0,RR_foot,3.40293622,-0.73309445,0.02021410
18.080000,0,FL_foot,3.85947680,-0.34354678,0.02025186
18.080000,0,FR_foot,3.81454659,-0.73413146,0.02029914
18.080000,0,RL_foot,3.46108675,-0.29416418,0.02025421
18.080000,0,RR_foot,3.40293169,-0.73310965,0.02021472
18.100000,0,FL_foot,3.85947585,-0.34356013,0.02024520
18.100000,0,FR_foot,3.81494355,-0.73416764,0.02034446
18.100000,0,RL_foot,3.46089768,-0.29465875,0.02026650
18.100000,0,RR_foot,3.40292645,-0.73312348,0.02021429
18.120000,0,FL_foot,3.85947299,-0.34355712,0.02025354
18.120000,0,FR_foot,3.81543779,-0.73426574,0.02038721
18.120000,0,RL_foot,3.46073484,-0.29505670,0.02025335
18.120000,0,RR_foot,3.40292645,-0.73313135,0.02021528
18.140000,0,FL_foot,3.85947251,-0.34356391,0.02025355
18.140000,0,FR_foot,3.81597376,-0.73427498,0.02043521
18.140000,0,RL_foot,3.46059752,-0.29542500,0.02025294
18.140000,0,RR_foot,3.40292287,-0.73314679,0.02021494
18.160000,0,FL_foot,3.85947251,-0.34357312,0.02025227
18.160000,0,FR_foot,3.81652665,-0.73427826,0.02047209
18.160000,0,RL_foot,3.46050191,-0.29569134,0.02025413
18.160000,0,RR_foot,3.40291882,-0.73316073,0.02021435
18.180000,0,FL_foot,3.85947537,-0.34358689,0.02024737
18.180000,0,FR_foot,3.81706119,-0.73431021,0.02055365
18.180000,0,RL_foot,3.46033478,-0.29624510,0.02025824
18.180000,0,RR_foot,3.40291572,-0.73317522,0.02021449
18.200000,0,FL_foot,3.85947800,-0.34359610,0.02024639
18.200000,0,FR_foot,3.81757832,-0.73438567,0.02057925
18.200000,0,RL_foot,3.46018338,-0.29667914,0.02028076
18.200000,0,RR_foot,3.40291333,-0.73318738,0.02020964
18.220000,0,FL_foot,3.85948682,-0.34360355,0.02026358
18.220000,0,FR_foot,3.81981421,-0.73129857,0.02047622
18.220000,0,RL_foot,3.45825481,-0.29752189,0.02152382
18.220000,0,RR_foot,3.40291882,-0.73320186,0.02022740
18.240000,0,FL_foot,3.85944796,-0.34367493,0.02026045
18.240000,0,FR_foot,3.82046676,-0.73020768,0.02023907
18.240000,0,RL_foot,3.45220780,-0.29843780,0.02266487
18.240000,0,RR_foot,3.40329051,-0.73389375,0.02021510
18.260000,0,FL_foot,3.85934663,-0.34374431,0.02025547
18.260000,0,FR_foot,3.82009506,-0.72837508,0.02009762
18.260000,0,RL_foot,3.44353104,-0.29835832,0.02392827
18.260000,0,RR_foot,3.40316749,-0.73391157,0.02026296
18.280000,0,FL_foot,3.85924268,-0.34386355,0.02025758
18.280000,0,FR_foot,3.81917024,-0.72688568,0.02086635
18.280000,0,RL_foot,3.43357205,-0.29692584,0.02403280
18.280000,0,RR_foot,3.40301609,-0.73391801,0.02021744
18.300000,0,FL_foot,3.85909867,-0.34394947,0.02025488
18.300000,0,FR_foot,3.81579828,-0.72354198,0.02127030
18.300000,0,RL_foot,3.42238927,-0.29437891,0.02484943
18.300000,0,RR_foot,3.40287375,-0.73393577,0.02021492
18.320000,0,FL_foot,3.85892320,-0.34401357,0.02025474
18.320000,0,FR_foot,3.80996346,-0.72035521,0.02113928
18.320000,0,RL_foot,3.40996552,-0.29114407,0.02601990
18.320000,0,RR_foot,3.40273261,-0.73396254,0.02021543
18.340000,0,FL_foot,3.85873437,-0.34408471,0.02025688
18.340000,0,FR_foot,3.80195618,-0.71787661,0.02070341
18.340000,0,RL_foot,3.39687395,-0.28760380,0.02726275
18.340000,0,RR_foot,3.40258479,-0.73399800,0.02022149
18.360000,0,FL_foot,3.85852122,-0.34413236,0.02025943
18.360000,0,FR_foot,3.79259706,-0.71621192,0.02020308
18.360000,0,RL_foot,3.38400388,-0.28405890,0.02835290
18.360000,0,RR_foot,3.40242290,-0.73403656,0.02022708
18.380000,0,FL_foot,3.85830140,-0.34418449,0.02026063
18.380000,0,FR_foot,3.78400183,-0.71499670,0.02020586
18.380000,0,RL_foot,3.37235832,-0.28077754,0.02877571
18.380000,0,RR_foot,3.40223360,-0.73406613,0.02021805
18.400000,0,FL_foot,3.85806918,-0.34425011,0.02025969
18.400000,0,FR_foot,3.77520609,-0.71490717,0.02019944
18.400000,0,RL_foot,3.36241651,-0.27811739,0.02856993
18.400000,0,RR_foot,3.40202141,-0.73409033,0.02022290
18.420000,0,FL_foot,3.85782123,-0.34428501,0.02026377
18.420000,0,FR_foot,3.76670241,-0.71577352,0.02019723
18.420000,0,RL_foot,3.35428500,-0.27613261,0.02764465
18.420000,0,RR_foot,3.40180039,-0.73408484,0.02022341
18.440000,0,FL_foot,3.85755491,-0.34431240,0.02026591
18.440000,0,FR_foot,3.75912881,-0.71749371,0.02019328
18.440000,0,RL_foot,3.34784293,-0.27461699,0.02590687
18.440000,0,RR_foot,3.40154672,-0.73407882,0.02022422
18.460000,0,FL_foot,3.85726428,-0.34434438,0.02026396
18.460000,0,FR_foot,3.75328159,-0.71991169,0.02019345
18.460000,0,RL_foot,3.34288454,-0.27333567,0.02328774
18.460000,0,RR_foot,3.40127087,-0.73405242,0.02022608
18.480000,0,FL_foot,3.85691643,-0.34424523,0.02033217
18.480000,0,FR_foot,3.75007486,-0.72226238,0.02020320
18.480000,0,RL_foot,3.34005761,-0.27241322,0.02006982
18.480000,0,RR_foot,3.40099096,-0.73398906,0.02022817
18.500000,0,FL_foot,3.85177064,-0.34402731,0.02063433
18.500000,0,FR_foot,3.74983072,-0.72222370,0.02017531
18.500000,0,RL_foot,3.33990788,-0.27232149,0.02017558
18.500000,0,RR_foot,3.39874434,-0.73396540,0.02111466
18.520000,0,FL_foot,3.84170794,-0.34879768,0.02200603
18.520000,0,FR_foot,3.74959040,-0.72220039,0.02019768
18.520000,0,RL_foot,3.33968091,-0.27226469,0.02019413
18.520000,0,RR_foot,3.39241934,-0.73160762,0.02222660
18.540000,0,FL_foot,3.82810450,-0.35429156,0.02345151
18.540000,0,FR_foot,3.74934149,-0.72215945,0.02019991
18.540000,0,RL_foot,3.33945847,-0.27221829,0.02019958
18.540000,0,RR_foot,3.38128948,-0.72840011,0.02332354
18.560000,0,FL_foot,3.81300116,-0.35739627,0.02421722
18.560000,0,FR_foot,3.74910259,-0.72209060,0.02020762
18.560000,0,RL_foot,3.33922911,-0.27217090,0.02020042
18.560000,0,RR_foot,3.36474681,-0.72494441,0.02424000
18.580000,0,FL_foot,3.79752779,-0.35805300,0.02439816
18.580000,0,FR_foot,3.74883413,-0.72202462,0.02020532
18.580000,0,RL_foot,3.33899212,-0.27212566,0.02020219
18.580000,0,RR_foot,3.34461498,-0.72313279,0.02467608
18.600000,0,FL_foot,3.78201795,-0.35733780,0.02441524
18.600000,0,FR_foot,3.74856138,-0.72195375,0.02020316
18.600000,0,RL_foot,3.33874702,-0.27209112,0.02019748
18.600000,0,RR_foot,3.32391977,-0.72399008,0.02448349
18.620000,0,FL_foot,3.76650286,-0.35588595,0.02450732
18.620000,0,FR_foot,3.74828219,-0.72186291,0.02020760
18.620000,0,RL_foot,3.33847952,-0.27205011,0.02020531
18.620000,0,RR_foot,3.30512404,-0.72712827,0.02369918
18.640000,0,FL_foot,3.75117922,-0.35376427,0.02464966
18.640000,0,FR_foot,3.74797606,-0.72179675,0.02020867
18.640000,0,RL_foot,3.33819652,-0.27201703,0.02020667
18.640000,0,RR_foot,3.28945470,-0.73137778,0.02242573
18.660000,0,FL_foot,3.73667002,-0.35075793,0.02473464
18.660000,0,FR_foot,3.74765158,-0.72174507,0.02021042
18.660000,0,RL_foot,3.33790231,-0.27201205,0.02020326
18.660000,0,RR_foot,3.27692461,-0.73546231,0.02070038
18.680000,0,FL_foot,3.72325444,-0.34754708,0.02348368
18.680000,0,FR_foot,3.74731398,-0.72173226,0.02020868
18.680000,0,RL_foot,3.33762288,-0.27203837,0.02021091
18.680000,0,RR_foot,3.27420807,-0.73631674,0.02022318
18.700000,0,FL_foot,3.71313787,-0.34133294,0.02035638
18.700000,0,FR_foot,3.74698710,-0.72170734,0.02022086
18.700000,0,RL_foot,3.33737326,-0.27208191,0.02020776
18.700000,0,RR_foot,3.27392030,-0.73634833,0.02022854
18.720000,0,FL_foot,3.71286726,-0.34135020,0.02024466
18.720000,0,FR_foot,3.74312425,-0.71881878,0.02109308
18.720000,0,RL_foot,3.33256412,-0.27407247,0.02091310
18.720000,0,RR_foot,3.27366257,-0.73635900,0.02021116
18.740000,0,FL_foot,3.71259117,-0.34135273,0.02025802
18.740000,0,FR_foot,3.73398972,-0.70988387,0.02411694
18.740000,0,RL_foot,3.32024884,-0.28104821,0.02206656
18.740000,0,RR_foot,3.27342510,-0.73635584,0.02021913
18.760000,0,FL_foot,3.71229649,-0.34135410,0.02025563
18.760000,0,FR_foot,3.72063422,-0.70155573,0.02710783
18.760000,0,RL_foot,3.30234694,-0.28667679,0.02318446
18.760000,0,RR_foot,3.27318358,-0.73636472,0.02021881
18.780000,0,FL_foot,3.71200752,-0.34137681,0.02025571
18.780000,0,FR_foot,3.70495820,-0.69691902,0.02882869
18.780000,0,RL_foot,3.28062868,-0.28790948,0.02366162
18.780000,0,RR_foot,3.27294159,-0.73637533,0.02022576
18.800000,0,FL_foot,3.71170282,-0.34137422,0.02025779
18.800000,0,FR_foot,3.68835807,-0.69536811,0.02933418
18.800000,0,RL_foot,3.25795412,-0.28580081,0.02369362
18.800000,0,RR_foot,3.27270198,-0.73635501,0.02022443
18.820000,0,FL_foot,3.71139145,-0.34136274,0.02025727
18.820000,0,FR_foot,3.67142534,-0.69582891,0.02909077
18.820000,0,RL_foot,3.23734951,-0.28155202,0.02329835
18.820000,0,RR_foot,3.27244639,-0.73632723,0.02022276
18.840000,0,FL_foot,3.71106410,-0.34136164,0.02025603
18.840000,0,FR_foot,3.65485358,-0.69767118,0.02850573
18.840000,0,RL_foot,3.22081041,-0.27628434,0.02226667
18.840000,0,RR_foot,3.27218223,-0.73628169,0.02022700
18.860000,0,FL_foot,3.71072817,-0.34131959,0.02026246
18.860000,0,FR_foot,3.63941383,-0.70021111,0.02797623
18.860000,0,RL_foot,3.20895696,-0.27196121,0.02051178
18.860000,0,RR_foot,3.27191377,-0.73619497,0.02022853
18.880000,0,FL_foot,3.71037221,-0.34118080,0.02025978
18.880000,0,FR_foot,3.62505984,-0.70239884,0.02583947
18.880000,0,RL_foot,3.20745444,-0.27157789,0.02020835
18.880000,0,RR_foot,3.27167988,-0.73606211,0.02022907
18.900000,0,FL_foot,3.71007562,-0.34117645,0.02027289
18.900000,0,FR_foot,3.61227822,-0.70635629,0.02278083
18.900000,0,RL_foot,3.20717025,-0.27145237,0.02020451
18.900000,0,RR_foot,3.27146363,-0.73592991,0.02023963
18.920000,0,FL_foot,3.70970988,-0.34086782,0.02029797
18.920000,0,FR_foot,3.60611153,-0.70986259,0.02008565
18.920000,0,RL_foot,3.20688868,-0.27140176,0.02010193
18.920000,0,RR_foot,3.27099872,-0.73578751,0.02041171
18.940000,0,FL_foot,3.70524549,-0.34135291,0.02076387
18.940000,0,FR_foot,3.60583138,-0.70992827,0.02017782
18.940000,0,RL_foot,3.20664549,-0.27136067,0.02018916
18.940000,0,RR_foot,3.26672006,-0.73293561,0.02168710
18.960000,0,FL_foot,3.69556046,-0.34483775,0.02163015
18.960000,0,FR_foot,3.60555863,-0.70994794,0.02019208
18.960000,0,RL_foot,3.20642376,-0.27135080,0.02020337
18.960000,0,RR_foot,3.25889444,-0.72896999,0.02305171
18.980000,0,FL_foot,3.68280101,-0.34851176,0.02226976
18.980000,0,FR_foot,3.60530019,-0.70994222,0.02020116
18.980000,0,RL_foot,3.20620179,-0.27133766,0.02020426
18.980000,0,RR_foot,3.24681830,-0.72479701,0.02443286
19.000000,0,FL_foot,3.66851854,-0.35064882,0.02247601
19.000000,0,FR_foot,3.60502291,-0.70993626,0.02020248
19.000000,0,RL_foot,3.20598149,-0.27132344,0.02021780
19.000000,0,RR_foot,3.22998381,-0.72085607,0.02562333
19.020000,0,FL_foot,3.65359187,-0.35118413,0.02246146
19.020000,0,FR_foot,3.60474372,-0.70991093,0.02019782
19.020000,0,RL_foot,3.20575261,-0.27132058,0.02020243
19.020000,0,RR_foot,3.20986843,-0.71858156,0.02632538
19.040000,0,FL_foot,3.63860893,-0.35064954,0.02253123
19.040000,0,FR_foot,3.60447311,-0.70985287,0.02020178
19.040000,0,RL_foot,3.20550489,-0.27130577,0.02021017
19.040000,0,RR_foot,3.18916416,-0.71903533,0.02633769
19.060000,0,FL_foot,3.62363958,-0.34948379,0.02276652
19.060000,0,FR_foot,3.60418057,-0.70980650,0.02020191
19.060000,0,RL_foot,3.20523930,-0.27129138,0.02021209
19.060000,0,RR_foot,3.17025018,-0.72179437,0.02569307
19.080000,0,FL_foot,3.60885262,-0.34766850,0.02306703
19.080000,0,FR_foot,3.60387278,-0.70976675,0.02020163
19.080000,0,RL_foot,3.20496345,-0.27129486,0.02020765
19.080000,0,RR_foot,3.15439296,-0.72573423,0.02448998
19.100000,0,FL_foot,3.59490204,-0.34488857,0.02326581
19.100000,0,FR_foot,3.60355139,-0.70971376,0.02020336
19.100000,0,RL_foot,3.20466328,-0.27129936,0.02021273
19.100000,0,RR_foot,3.14172769,-0.72962910,0.02275520
19.120000,0,FL_foot,3.58273339,-0.34095243,0.02323216
19.120000,0,FR_foot,3.60320115,-0.70969909,0.02020372
19.120000,0,RL_foot,3.20434690,-0.27132291,0.02021220
19.120000,0,RR_foot,3.13202643,-0.73290771,0.02036306
19.140000,0,FL_foot,3.57265687,-0.33680001,0.02077322
19.140000,0,FR_foot,3.60270047,-0.70989281,0.02020747
19.140000,0,RL_foot,3.20408082,-0.27140865,0.02021069
19.140000,0,RR_foot,3.13168955,-0.73294204,0.02022569
19.160000,0,FL_foot,3.57237744,-0.33687878,0.02026635
19.160000,0,FR_foot,3.60093617,-0.70984524,0.02062254
19.160000,0,RL_foot,3.20086479,-0.27279988,0.02072633
19.160000,0,RR_foot,3.13142037,-0.73298252,0.02022533
19.180000,0,FL_foot,3.57213306,-0.33695820,0.02025801
19.180000,0,FR_foot,3.59449935,-0.70293885,0.02357417
19.180000,0,RL_foot,3.18963671,-0.27837265,0.02165759
19.180000,0,RR_foot,3.13115931,-0.73300546,0.02021588
19.200000,0,FL_foot,3.57184768,-0.33700266,0.02026137
19.200000,0,FR_foot,3.58374000,-0.69489139,0.02678116
19.200000,0,RL_foot,3.17235613,-0.28472117,0.02300110
19.200000,0,RR_foot,3.13090777,-0.73303628,0.02022049
19.220000,0,FL_foot,3.57155204,-0.33703896,0.02025512
19.220000,0,FR_foot,3.56980467,-0.68971992,0.02879136
19.220000,0,RL_foot,3.15073442,-0.28689951,0.02380926
19.220000,0,RR_foot,3.13065958,-0.73307186,0.02021852
19.240000,0,FL_foot,3.57126069,-0.33709052,0.02025903
19.240000,0,FR_foot,3.55425715,-0.68761849,0.02954637
19.240000,0,RL_foot,3.12700438,-0.28535610,0.02409459
19.240000,0,RR_foot,3.13041735,-0.73308498,0.02022363
19.260000,0,FL_foot,3.57095122,-0.33711234,0.02025894
19.260000,0,FR_foot,3.53792214,-0.68774331,0.02939940
19.260000,0,RL_foot,3.10435772,-0.28138316,0.02402275
19.260000,0,RR_foot,3.13016200,-0.73308843,0.02022353
19.280000,0,FL_foot,3.57063246,-0.33711740,0.02025731
19.280000,0,FR_foot,3.52144527,-0.68942791,0.02875909
19.280000,0,RL_foot,3.08532715,-0.27594209,0.02342173
19.280000,0,RR_foot,3.12989879,-0.73307401,0.02022153
19.300000,0,FL_foot,3.57030153,-0.33713010,0.02026125
19.300000,0,FR_foot,3.50567222,-0.69193238,0.02810759
19.300000,0,RL_foot,3.07110596,-0.27082714,0.02215710
19.300000,0,RR_foot,3.12963271,-0.73302209,0.02022639
19.320000,0,FL_foot,3.56996274,-0.33708519,0.02028345
19.320000,0,FR_foot,3.49133086,-0.69508260,0.02748862
19.320000,0,RL_foot,3.06184053,-0.26759118,0.02011283
19.320000,0,RR_foot,3.12934589,-0.73295903,0.02021985
19.340000,0,FL_foot,3.56964707,-0.33700037,0.02027024
19.340000,0,FR_foot,3.47796416,-0.69789559,0.02471616
19.340000,0,RL_foot,3.06154585,-0.26745689,0.02019760
19.340000,0,RR_foot,3.12912440,-0.73282552,0.02023050
19.360000,0,FL_foot,3.56932974,-0.33703378,0.02027760
19.360000,0,FR_foot,3.46668029,-0.70295453,0.02113472
19.360000,0,RL_foot,3.06125975,-0.26734644,0.02020015
19.360000,0,RR_foot,3.12890601,-0.73269767,0.02023968
19.380000,0,FL_foot,3.56814671,-0.33597115,0.02029497
19.380000,0,FR_foot,3.46472001,-0.70422566,0.02019874
19.380000,0,RL_foot,3.06099296,-0.26727894,0.02019760
19.380000,0,RR_foot,3.12692690,-0.73196024,0.02095286
19.400000,0,FL_foot,3.56191564,-0.33839512,0.02126607
19.400000,0,FR_foot,3.46444893,-0.70423800,0.02019185
19.400000,0,RL_foot,3.06076884,-0.26725075,0.02019864
19.400000,0,RR_foot,3.12080050,-0.72860074,0.02200762
19.420000,0,FL_foot,3.55060506,-0.34248519,0.02234573
19.420000,0,FR_foot,3.46417069,-0.70426041,0.02020033
19.420000,0,RL_foot,3.06053662,-0.26722923,0.02020167
19.420000,0,RR_foot,3.11085296,-0.72454363,0.02320753
19.440000,0,FL_foot,3.53667879,-0.34555623,0.02292964
19.440000,0,FR_foot,3.46388721,-0.70426965,0.02019515
19.440000,0,RL_foot,3.06030560,-0.26721391,0.02019908
19.440000,0,RR_foot,3.09624553,-0.72025323,0.02438201
19.460000,0,FL_foot,3.52167487,-0.34680033,0.02308522
19.460000,0,FR_foot,3.46361804,-0.70424396,0.02020271
19.460000,0,RL_foot,3.06007886,-0.26720631,0.02020620
19.460000,0,RR_foot,3.07743669,-0.71689308,0.02528268
19.480000,0,FL_foot,3.50647068,-0.34669441,0.02314749
19.480000,0,FR_foot,3.46333075,-0.70421410,0.02020175
19.480000,0,RL_foot,3.05983043,-0.26719698,0.02020685
19.480000,0,RR_foot,3.05681920,-0.71597368,0.02560097
19.500000,0,FL_foot,3.49133539,-0.34584227,0.02333357
19.500000,0,FR_foot,3.46303940,-0.70417684,0.02019635
19.500000,0,RL_foot,3.05956769,-0.26718596,0.02020405
19.500000,0,RR_foot,3.03706360,-0.71770006,0.02524334
19.520000,0,FL_foot,3.47626972,-0.34446985,0.02367063
19.520000,0,FR_foot,3.46274066,-0.70411909,0.02020166
19.520000,0,RL_foot,3.05929613,-0.26718554,0.02021032
19.520000,0,RR_foot,3.01994371,-0.72121698,0.02428119
19.540000,0,FL_foot,3.46163893,-0.34237114,0.02400151
19.540000,0,FR_foot,3.46241617,-0.70408690,0.02020255
19.540000,0,RL_foot,3.05899906,-0.26719013,0.02021009
19.540000,0,RR_foot,3.00600600,-0.72524315,0.02278664
19.560000,0,FL_foot,3.44822884,-0.33929303,0.02418718
19.560000,0,FR_foot,3.46207380,-0.70406955,0.02020292
19.560000,0,RL_foot,3.05868745,-0.26721004,0.02020811
19.560000,0,RR_foot,2.99501348,-0.72883111,0.02072680
19.580000,0,FL_foot,3.43631911,-0.33610949,0.02271782
19.580000,0,FR_foot,3.46161151,-0.70431721,0.02021128
19.580000,0,RL_foot,3.05840802,-0.26726681,0.02022031
19.580000,0,RR_foot,2.99296451,-0.72945392,0.02021968
19.600000,0,FL_foot,3.43061495,-0.33207619,0.02017553
19.600000,0,FR_foot,3.46108460,-0.70454657,0.02021963
19.600000,0,RL_foot,3.05782843,-0.26739508,0.02032069
19.600000,0,RR_foot,2.99268007,-0.72946638,0.02015188
19.620000,0,FL_foot,3.43037176,-0.33207738,0.02024863
19.620000,0,FR_foot,3.45625257,-0.69943607,0.02273682
19.620000,0,RL_foot,3.05021524,-0.27129349,0.02100584
19.620000,0,RR_foot,2.99241376,-0.72952074,0.02020791
19.640000,0,FL_foot,3.43009138,-0.33210799,0.02025963
19.640000,0,FR_foot,3.44703555,-0.69142216,0.02611768
19.640000,0,RL_foot,3.03544259,-0.27832812,0.02215101
19.640000,0,RR_foot,2.99215698,-0.72954106,0.02021987
19.660000,0,FL_foot,3.42979431,-0.33213234,0.02025915
19.660000,0,FR_foot,3.43417788,-0.68541521,0.02857281
19.660000,0,RL_foot,3.01544356,-0.28248149,0.02309541
19.660000,0,RR_foot,2.99191642,-0.72955066,0.02021816
19.680000,0,FL_foot,3.42950153,-0.33217299,0.02026011
19.680000,0,FR_foot,3.41919923,-0.68252951,0.02971636
19.680000,0,RL_foot,2.99225807,-0.28244579,0.02345927
19.680000,0,RR_foot,2.99166703,-0.72956759,0.02022438
19.700000,0,FL_foot,3.42919111,-0.33218861,0.02025819
19.700000,0,FR_foot,3.40316987,-0.68210107,0.02982510
19.700000,0,RL_foot,2.96899009,-0.27949914,0.02342952
19.700000,0,RR_foot,2.99141455,-0.72956729,0.02022445
19.720000,0,FL_foot,3.42886877,-0.33218619,0.02026036
19.720000,0,FR_foot,3.38674164,-0.68338108,0.02932539
19.720000,0,RL_foot,2.94854283,-0.27465564,0.02291722
19.720000,0,RR_foot,2.99116135,-0.72953230,0.02022187
19.740000,0,FL_foot,3.42853498,-0.33219197,0.02026061
19.740000,0,FR_foot,3.37073302,-0.68575293,0.02865476
19.740000,0,RL_foot,2.93265152,-0.26928860,0.02172169
19.740000,0,RR_foot,2.99088931,-0.72949415,0.02022666
19.760000,0,FL_foot,3.42817044,-0.33207610,0.02034369
19.760000,0,FR_foot,3.35588765,-0.68853420,0.02784080
19.760000,0,RL_foot,2.92374802,-0.26610181,0.02006009
19.760000,0,RR_foot,2.99061179,-0.72942644,0.02023796
19.780000,0,FL_foot,3.42789555,-0.33211240,0.02028019
19.780000,0,FR_foot,3.34181738,-0.69115835,0.02513582
19.780000,0,RL_foot,2.92353988,-0.26595044,0.02019256
19.780000,0,RR_foot,2.99039888,-0.72928244,0.02023798
19.800000,0,FL_foot,3.42759037,-0.33212665,0.02027801
19.800000,0,FR_foot,3.33002329,-0.69619489,0.02160559
19.800000,0,RL_foot,2.92326379,-0.26583493,0.02020349
19.800000,0,RR_foot,2.99018073,-0.72916102,0.02024002
19.820000,0,FL_foot,3.42686582,-0.33119249,0.02029663
19.820000,0,FR_foot,3.32741523,-0.69798946,0.02018889
19.820000,0,RL_foot,2.92299485,-0.26578692,0.02020333
19.820000,0,RR_foot,2.98886800,-0.72865778,0.02075442
19.840000,0,FL_foot,3.42134118,-0.33328480,0.02126903
19.840000,0,FR_foot,3.32713008,-0.69801754,0.02018811
19.840000,0,RL_foot,2.92276597,-0.26577407,0.02019536
19.840000,0,RR_foot,2.98343325,-0.72541761,0.02175938
19.860000,0,FL_foot,3.41052079,-0.33758390,0.02254662
19.860000,0,FR_foot,3.32687545,-0.69802725,0.02020102
19.860000,0,RL_foot,2.92254114,-0.26576227,0.02020453
19.860000,0,RR_foot,2.97417331,-0.72141010,0.02291710
19.880000,0,FL_foot,3.39684892,-0.34104306,0.02333064
19.880000,0,FR_foot,3.32659483,-0.69803858,0.02020146
19.880000,0,RL_foot,2.92231631,-0.26575607,0.02021657
19.880000,0,RR_foot,2.96014643,-0.71714461,0.02408908
19.900000,0,FL_foot,3.38196158,-0.34253666,0.02352504
19.900000,0,FR_foot,3.32631302,-0.69803536,0.02019755
19.900000,0,RL_foot,2.92209363,-0.26576212,0.02020962
19.900000,0,RR_foot,2.94158387,-0.71373284,0.02500588
19.920000,0,FL_foot,3.36676574,-0.34255055,0.02356893
19.920000,0,FR_foot,3.32603955,-0.69799501,0.02020154
19.920000,0,RL_foot,2.92184806,-0.26576251,0.02020975
19.920000,0,RR_foot,2.92082763,-0.71280402,0.02532472
19.940000,0,FL_foot,3.35160041,-0.34176689,0.02373186
19.940000,0,FR_foot,3.32574582,-0.69796109,0.02020094
19.940000,0,RL_foot,2.92158794,-0.26576084,0.02021186
19.940000,0,RR_foot,2.90073276,-0.71460450,0.02494850
19.960000,0,FL_foot,3.33650064,-0.34045464,0.02403096
19.960000,0,FR_foot,3.32543874,-0.69792914,0.02019955
19.960000,0,RL_foot,2.92131662,-0.26577243,0.02020717
19.960000,0,RR_foot,2.88325095,-0.71826988,0.02394584
19.980000,0,FL_foot,3.32183599,-0.33840054,0.02433935
19.980000,0,FR_foot,3.32511902,-0.69788182,0.02020171
19.980000,0,RL_foot,2.92102098,-0.26578227,0.02021263
19.980000,0,RR_foot,2.86901569,-0.72246438,0.02238648
20.000000,0,FL_foot,3.30842304,-0.33532935,0.02448628
20.000000,0,FR_foot,3.32477164,-0.69786811,0.02020224
20.000000,0,RL_foot,2.92070889,-0.26580930,0.02021253
20.000000,0,RR_foot,2.85790515,-0.72615528,0.02024506
20.020000,0,FL_foot,3.29675531,-0.33188459,0.02234887
20.020000,0,FR_foot,3.32438588,-0.69812047,0.02020718
20.020000,0,RL_foot,2.92044330,-0.26589629,0.02020914
20.020000,0,RR_foot,2.85755968,-0.72621059,0.02022140
20.040000,0,FL_foot,3.29261041,-0.32828358,0.02021222
20.040000,0,FR_foot,3.32347894,-0.69859791,0.02023190
20.040000,0,RL_foot,2.91904259,-0.26602608,0.02040453
20.040000,0,RR_foot,2.85727739,-0.72623700,0.02017868
20.060000,0,FL_foot,3.29234529,-0.32831681,0.02025296
20.060000,0,FR_foot,3.31819296,-0.69303274,0.02280487
20.060000,0,RL_foot,2.90968895,-0.27041957,0.02110191
20.060000,0,RR_foot,2.85701108,-0.72625595,0.02020741
20.080000,0,FL_foot,3.29207897,-0.32837012,0.02026275
20.080000,0,FR_foot,3.30860472,-0.68510103,0.02613939
20.080000,0,RL_foot,2.89367580,-0.27724960,0.02227295
20.080000,0,RR_foot,2.85676098,-0.72628224,0.02021974
20.100000,0,FL_foot,3.29178047,-0.32839826,0.02026126
20.100000,0,FR_foot,3.29556346,-0.67953426,0.02845466
20.100000,0,RL_foot,2.87287688,-0.28077176,0.02314749
20.100000,0,RR_foot,2.85651612,-0.72630787,0.02022253
20.120000,0,FL_foot,3.29148293,-0.32842085,0.02026088
20.120000,0,FR_foot,3.28058386,-0.67705524,0.02946315
20.120000,0,RL_foot,2.84936500,-0.28041276,0.02350972
20.120000,0,RR_foot,2.85627818,-0.72630942,0.02021936
20.140000,0,FL_foot,3.29117799,-0.32845628,0.02026062
20.140000,0,FR_foot,3.26464415,-0.67698348,0.02947465
20.140000,0,RL_foot,2.82626867,-0.27730691,0.02348785
20.140000,0,RR_foot,2.85602617,-0.72630942,0.02022446
20.160000,0,FL_foot,3.29085732,-0.32845744,0.02025913
20.160000,0,FR_foot,3.24838185,-0.67858446,0.02890524
20.160000,0,RL_foot,2.80639505,-0.27237150,0.02293578
20.160000,0,RR_foot,2.85576653,-0.72628856,0.02022368
20.180000,0,FL_foot,3.29052448,-0.32843906,0.02026503
20.180000,0,FR_foot,3.23262787,-0.68114156,0.02822922
20.180000,0,RL_foot,2.79126501,-0.26723260,0.02169519
20.180000,0,RR_foot,2.85550237,-0.72622895,0.02022358
20.200000,0,FL_foot,3.28993869,-0.32809260,0.02025699
20.200000,0,FR_foot,3.21812773,-0.68408006,0.02729864
20.200000,0,RL_foot,2.78305149,-0.26428813,0.02014004
20.200000,0,RR_foot,2.85522294,-0.72616905,0.02024989
20.220000,0,FL_foot,3.28962183,-0.32811603,0.02027520
20.220000,0,FR_foot,3.20456743,-0.68703896,0.02458325
20.220000,0,RL_foot,2.78278232,-0.26414505,0.02019869
20.220000,0,RR_foot,2.85500574,-0.72603875,0.02023824
20.240000,0,FL_foot,3.28931093,-0.32812333,0.02027894
20.240000,0,FR_foot,3.19338489,-0.69233841,0.02091116
20.240000,0,RL_foot,2.78249669,-0.26403850,0.02020276
20.240000,0,RR_foot,2.85479641,-0.72591078,0.02023820
20.260000,0,FL_foot,3.28825235,-0.32711378,0.02029980
20.260000,0,FR_foot,3.19179153,-0.69314343,0.02019846
20.260000,0,RL_foot,2.78222394,-0.26399308,0.02019862
20.260000,0,RR_foot,2.85282087,-0.72520781,0.02098501
20.280000,0,FL_foot,3.28229976,-0.32955292,0.02125186
20.280000,0,FR_foot,3.19152784,-0.69315279,0.02019051
20.280000,0,RL_foot,2.78199577,-0.26396090,0.02019984
20.280000,0,RR_foot,2.84676933,-0.72214466,0.02205616
20.300000,0,FL_foot,3.27129054,-0.33372235,0.02234737
20.300000,0,FR_foot,3.19125724,-0.69317627,0.02020068
20.300000,0,RL_foot,2.78177810,-0.26394755,0.02021133
20.300000,0,RR_foot,2.83674955,-0.71843690,0.02328588
20.320000,0,FL_foot,3.25764823,-0.33682314,0.02289668
20.320000,0,FR_foot,3.19097900,-0.69318479,0.02019691
20.320000,0,RL_foot,2.78155041,-0.26393798,0.02020685
20.320000,0,RR_foot,2.82195997,-0.71455896,0.02449319
20.340000,0,FL_foot,3.24285126,-0.33811644,0.02302067
20.340000,0,FR_foot,3.19071651,-0.69315636,0.02020198
20.340000,0,RL_foot,2.78132153,-0.26392767,0.02020962
20.340000,0,RR_foot,2.80293870,-0.71166342,0.02541552
20.360000,0,FL_foot,3.22778583,-0.33805603,0.02305284
20.360000,0,FR_foot,3.19043183,-0.69312739,0.02020244
20.360000,0,RL_foot,2.78108072,-0.26392749,0.02020858
20.360000,0,RR_foot,2.78220415,-0.71120751,0.02576675
20.380000,0,FL_foot,3.21273327,-0.33726999,0.02322238
20.380000,0,FR_foot,3.19014502,-0.69308954,0.02019779
20.380000,0,RL_foot,2.78081679,-0.26392302,0.02020488
20.380000,0,RR_foot,2.76251507,-0.71335071,0.02544104
20.400000,0,FL_foot,3.19773102,-0.33596808,0.02354733
20.400000,0,FR_foot,3.18985009,-0.69303012,0.02020065
20.400000,0,RL_foot,2.78053808,-0.26391685,0.02021259
20.400000,0,RR_foot,2.74561429,-0.71717465,0.02450607
20.420000,0,FL_foot,3.18317318,-0.33393285,0.02384555
20.420000,0,FR_foot,3.18953085,-0.69299924,0.02020297
20.420000,0,RL_foot,2.78025103,-0.26393265,0.02021096
20.420000,0,RR_foot,2.73196292,-0.72136402,0.02304912
20.440000,0,FL_foot,3.16986704,-0.33090517,0.02397975
20.440000,0,FR_foot,3.18919039,-0.69298303,0.02020374
20.440000,0,RL_foot,2.77993631,-0.26395723,0.02020880
20.440000,0,RR_foot,2.72128153,-0.72505772,0.02101435
20.460000,0,FL_foot,3.15827560,-0.32761416,0.02256227
20.460000,0,FR_foot,3.18880248,-0.69306046,0.02020782
20.460000,0,RL_foot,2.77964354,-0.26402238,0.02020867
20.460000,0,RR_foot,2.71882892,-0.72597462,0.02022207
20.480000,0,FL_foot,3.15383530,-0.32404339,0.02018363
20.480000,0,FR_foot,3.18823934,-0.69331825,0.02022105
20.480000,0,RL_foot,2.77899623,-0.26415023,0.02035152
20.480000,0,RR_foot,2.71855593,-0.72601956,0.02014876
20.500000,0,FL_foot,3.15358448,-0.32409775,0.02025158
20.500000,0,FR_foot,3.18327212,-0.68809581,0.02274876
20.500000,0,RL_foot,2.77091551,-0.26820225,0.02110703
20.500000,0,RR_foot,2.71828818,-0.72604334,0.02020871
20.520000,0,FL_foot,3.15330935,-0.32412913,0.02026337
20.520000,0,FR_foot,3.17389917,-0.68033212,0.02607318
20.520000,0,RL_foot,2.75573492,-0.27497423,0.02229593
20.520000,0,RR_foot,2.71804118,-0.72606808,0.02021843
20.540000,0,FL_foot,3.15301681,-0.32415795,0.02025835
20.540000,0,FR_foot,3.16100740,-0.67471838,0.02845301
20.540000,0,RL_foot,2.73544502,-0.27875584,0.02322057
20.540000,0,RR_foot,2.71779823,-0.72609413,0.02021774
20.560000,0,FL_foot,3.15272951,-0.32420203,0.02026264
20.560000,0,FR_foot,3.14610314,-0.67223895,0.02951621
20.560000,0,RL_foot,2.71213460,-0.27862650,0.02361658
20.560000,0,RR_foot,2.71756339,-0.72610307,0.02022363
20.580000,0,FL_foot,3.15242076,-0.32422006,0.02026194
20.580000,0,FR_foot,3.13019013,-0.67215836,0.02957296
20.580000,0,RL_foot,2.68899107,-0.27572745,0.02364133
20.580000,0,RR_foot,2.71731210,-0.72610343,0.02022319
20.600000,0,FL_foot,3.15210152,-0.32422343,0.02025939
20.600000,0,FR_foot,3.11393213,-0.67373157,0.02905512
20.600000,0,RL_foot,2.66887069,-0.27095881,0.02316111
20.600000,0,RR_foot,2.71705294,-0.72608835,0.02022100
20.620000,0,FL_foot,3.15177035,-0.32423449,0.02026294
20.620000,0,FR_foot,3.09816241,-0.67629474,0.02840964
20.620000,0,RL_foot,2.65338588,-0.26580566,0.02200308
20.620000,0,RR_foot,2.71679115,-0.72603846,0.02022558
20.640000,0,FL_foot,3.15142560,-0.32419923,0.02029807
20.640000,0,FR_foot,3.08363628,-0.67939085,0.02782678
20.640000,0,RL_foot,2.64317012,-0.26228178,0.02009318
20.640000,0,RR_foot,2.71650720,-0.72597694,0.02021717
20.660000,0,FL_foot,3.15110064,-0.32407072,0.02027268
20.660000,0,FR_foot,3.06993365,-0.68203938,0.02522286
20.660000,0,RL_foot,2.64288068,-0.26214832,0.02019655
20.660000,0,RR_foot,2.71628594,-0.72584736,0.02022996
20.680000,0,FL_foot,3.15079045,-0.32410917,0.02028006
20.680000,0,FR_foot,3.05805016,-0.68686891,0.02185386
20.680000,0,RL_foot,2.64259505,-0.26203677,0.02019899
20.680000,0,RR_foot,2.71606827,-0.72572249,0.02023862
20.700000,0,FL_foot,3.15009618,-0.32336923,0.02030122
20.700000,0,FR_foot,3.05444026,-0.68909639,0.02016903
20.700000,0,RL_foot,2.64231586,-0.26199004,0.02018202
20.700000,0,RR_foot,2.71492910,-0.72535300,0.02071764
20.720000,0,FL_foot,3.14469647,-0.32497492,0.02103544
20.720000,0,FR_foot,3.05415106,-0.68912911,0.02018642
20.720000,0,RL_foot,2.64208198,-0.26197493,0.02019246
20.720000,0,RR_foot,2.70950413,-0.72233856,0.02182961
20.740000,0,FL_foot,3.13415408,-0.32882485,0.02207090
20.740000,0,FR_foot,3.05389547,-0.68913901,0.02019848
20.740000,0,RL_foot,2.64185500,-0.26196003,0.02020144
20.740000,0,RR_foot,2.70032716,-0.71883643,0.02301932
20.760000,0,FL_foot,3.12075472,-0.33222160,0.02274927
20.760000,0,FR_foot,3.05361772,-0.68915153,0.02020046
20.760000,0,RL_foot,2.64163041,-0.26195061,0.02021411
20.760000,0,RR_foot,2.68659449,-0.71508813,0.02422912
20.780000,0,FL_foot,3.10602713,-0.33391836,0.02294843
20.780000,0,FR_foot,3.05333686,-0.68914884,0.02019659
20.780000,0,RL_foot,2.64140868,-0.26195154,0.02020736
20.780000,0,RR_foot,2.66844082,-0.71195590,0.02522665
20.800000,0,FL_foot,3.09088755,-0.33417121,0.02303044
20.800000,0,FR_foot,3.05306530,-0.68910819,0.02020077
20.800000,0,RL_foot,2.64116430,-0.26194692,0.02020775
20.800000,0,RR_foot,2.64803672,-0.71108431,0.02566880
20.820000,0,FL_foot,3.07574034,-0.33359951,0.02323655
20.820000,0,FR_foot,3.05277371,-0.68907446,0.02020030
20.820000,0,RL_foot,2.64090443,-0.26194054,0.02021009
20.820000,0,RR_foot,2.62819076,-0.71287096,0.02542830
20.840000,0,FL_foot,3.06064129,-0.33249193,0.02358034
20.840000,0,FR_foot,3.05246925,-0.68904108,0.02019879
20.840000,0,RL_foot,2.64063406,-0.26194730,0.02020534
20.840000,0,RR_foot,2.61087847,-0.71652973,0.02455465
20.860000,0,FL_foot,3.04592085,-0.33068171,0.02394776
20.860000,0,FR_foot,3.05215383,-0.68899137,0.02020153
20.860000,0,RL_foot,2.64033985,-0.26195189,0.02021092
20.860000,0,RR_foot,2.59675932,-0.72074801,0.02311952
20.880000,0,FL_foot,3.03233695,-0.32789442,0.02416501
20.880000,0,FR_foot,3.05181384,-0.68897462,0.02020212
20.880000,0,RL_foot,2.64002991,-0.26197481,0.02021126
20.880000,0,RR_foot,2.58564329,-0.72451985,0.02111059
20.900000,0,FL_foot,3.02034235,-0.32486916,0.02304410
20.900000,0,FR_foot,3.05130601,-0.68926132,0.02020590
20.900000,0,RL_foot,2.63974595,-0.26204830,0.02021855
20.900000,0,RR_foot,2.58298063,-0.72550821,0.02021679
20.920000,0,FL_foot,3.01373959,-0.32024667,0.02017437
20.920000,0,FR_foot,3.05090284,-0.68934971,0.02024845
20.920000,0,RL_foot,2.63922572,-0.26216158,0.02030668
20.920000,0,RR_foot,2.58267927,-0.72553605,0.02015151
20.940000,0,FL_foot,3.01352119,-0.32026926,0.02024591
20.940000,0,FR_foot,3.04621792,-0.68483031,0.02241559
20.940000,0,RL_foot,2.63174844,-0.26583654,0.02106158
20.940000,0,RR_foot,2.58241057,-0.72557706,0.02020689
20.960000,0,FL_foot,3.01324034,-0.32030281,0.02025945
20.960000,0,FR_foot,3.03711605,-0.67720562,0.02563793
20.960000,0,RL_foot,2.61705399,-0.27284387,0.02224923
20.960000,0,RR_foot,2.58216524,-0.72559464,0.02021438
20.980000,0,FL_foot,3.01295662,-0.32035062,0.02026250
20.980000,0,FR_foot,3.02441144,-0.67145616,0.02810784
20.980000,0,RL_foot,2.59706402,-0.27724329,0.02321822
20.980000,0,RR_foot,2.58192062,-0.72562724,0.02022276
21.000000,0,FL_foot,3.01265359,-0.32037950,0.02026065
21.000000,0,FR_foot,3.00961804,-0.66885465,0.02928594
21.000000,0,RL_foot,2.57385445,-0.27771646,0.02364713
21.000000,0,RR_foot,2.58167529,-0.72565174,0.02022349
21.020000,0,FL_foot,3.01234651,-0.32039946,0.02026103
21.020000,0,FR_foot,2.99380088,-0.66874331,0.02942930
21.020000,0,RL_foot,2.55054474,-0.27534336,0.02369708
21.020000,0,RR_foot,2.58143091,-0.72564495,0.02022044
21.040000,0,FL_foot,3.01202750,-0.32042870,0.02026027
21.040000,0,FR_foot,2.97760010,-0.67033827,0.02898173
21.040000,0,RL_foot,2.53006029,-0.27097413,0.02324024
21.040000,0,RR_foot,2.58117080,-0.72563571,0.02022464
21.060000,0,FL_foot,3.01169538,-0.32042104,0.02026114
21.060000,0,FR_foot,2.96179700,-0.67299324,0.02835603
21.060000,0,RL_foot,2.51415610,-0.26599360,0.02209560
21.060000,0,RR_foot,2.58089972,-0.72560370,0.02022542
21.080000,0,FL_foot,3.01135254,-0.32039437,0.02027721
21.080000,0,FR_foot,2.94719672,-0.67621261,0.02781756
21.080000,0,RL_foot,2.50325632,-0.26234213,0.02016559
21.080000,0,RR_foot,2.58062243,-0.72553033,0.02022290
21.100000,0,FL_foot,3.01088905,-0.32034045,0.02027106
21.100000,0,FR_foot,2.93348813,-0.67896837,0.02533695
21.100000,0,RL_foot,2.50292659,-0.26221758,0.02019525
21.100000,0,RR_foot,2.58039403,-0.72542363,0.02023080
21.120000,0,FL_foot,3.01058364,-0.32035708,0.02027835
21.120000,0,FR_foot,2.92144394,-0.68394631,0.02199672
21.120000,0,RL_foot,2.50263953,-0.26210046,0.02020269
21.120000,0,RR_foot,2.58016825,-0.72530574,0.02024189
21.140000,0,FL_foot,3.00987196,-0.31960115,0.02030091
21.140000,0,FR_foot,2.91752720,-0.68653673,0.02016589
21.140000,0,RL_foot,2.50235486,-0.26206011,0.02017566
21.140000,0,RR_foot,2.57906699,-0.72497225,0.02068481
21.160000,0,FL_foot,3.00453711,-0.32113174,0.02101844
21.160000,0,FR_foot,2.91723585,-0.68657219,0.02018612
21.160000,0,RL_foot,2.50212574,-0.26202995,0.02019240
21.160000,0,RR_foot,2.57361412,-0.72198451,0.02179155
21.180000,0,FL_foot,2.99417019,-0.32497543,0.02201137
21.180000,0,FR_foot,2.91697979,-0.68658316,0.02019702
21.180000,0,RL_foot,2.50189543,-0.26201802,0.02020266
21.180000,0,RR_foot,2.56446218,-0.71852368,0.02299839
21.200000,0,FL_foot,2.98098111,-0.32844204,0.02263184
21.200000,0,FR_foot,2.91670132,-0.68660176,0.02020259
21.200000,0,RL_foot,2.50167441,-0.26201981,0.02020349
21.200000,0,RR_foot,2.55082417,-0.71486294,0.02424022
21.220000,0,FL_foot,2.96643424,-0.33030775,0.02282820
21.220000,0,FR_foot,2.91642046,-0.68660241,0.02019726
21.220000,0,RL_foot,2.50144196,-0.26201862,0.02020759
21.220000,0,RR_foot,2.53275561,-0.71182287,0.02526576
21.240000,0,FL_foot,2.95141077,-0.33073458,0.02290974
21.240000,0,FR_foot,2.91614985,-0.68656325,0.02020007
21.240000,0,RL_foot,2.50119877,-0.26201433,0.02020927
21.240000,0,RR_foot,2.51235843,-0.71095783,0.02574475
21.260000,0,FL_foot,2.93633580,-0.33031204,0.02309892
21.260000,0,FR_foot,2.91585851,-0.68653369,0.02020169
21.260000,0,RL_foot,2.50094557,-0.26201922,0.02020871
21.260000,0,RR_foot,2.49243140,-0.71274626,0.02555428
21.280000,0,FL_foot,2.92128253,-0.32935119,0.02343816
21.280000,0,FR_foot,2.91555619,-0.68650228,0.02019882
21.280000,0,RL_foot,2.50066662,-0.26202098,0.02020532
21.280000,0,RR_foot,2.47498655,-0.71646595,0.02471436
21.300000,0,FL_foot,2.90657234,-0.32768941,0.02380667
21.300000,0,FR_foot,2.91524220,-0.68645304,0.02020086
21.300000,0,RL_foot,2.50037336,-0.26202747,0.02021169
21.300000,0,RR_foot,2.46072364,-0.72076863,0.02331614
21.320000,0,FL_foot,2.89293838,-0.32504609,0.02402291
21.320000,0,FR_foot,2.91490364,-0.68644071,0.02020310
21.320000,0,RL_foot,2.50007105,-0.26206279,0.02021036
21.320000,0,RR_foot,2.44946957,-0.72464561,0.02135762
21.340000,0,FL_foot,2.88094139,-0.32200176,0.02308591
21.340000,0,FR_foot,2.91443872,-0.68668664,0.02023383
21.340000,0,RL_foot,2.49976754,-0.26211277,0.02023473
21.340000,0,RR_foot,2.44526482,-0.72617704,0.02020566
21.360000,0,FL_foot,2.87431479,-0.31758070,0.02017071
21.360000,0,FR_foot,2.91400123,-0.68681592,0.02023390
21.360000,0,RL_foot,2.49928141,-0.26221856,0.02031087
21.360000,0,RR_foot,2.44497156,-0.72622663,0.02015109
21.380000,0,FL_foot,2.87409210,-0.31759936,0.02024672
21.380000,0,FR_foot,2.90950418,-0.68243676,0.02244690
21.380000,0,RL_foot,2.49208736,-0.26564297,0.02101070
21.380000,0,RR_foot,2.44470096,-0.72626024,0.02020442
21.400000,0,FL_foot,2.87380934,-0.31763417,0.02025870
21.400000,0,FR_foot,2.90049982,-0.67490160,0.02572253
21.400000,0,RL_foot,2.47773504,-0.27260116,0.02212908
21.400000,0,RR_foot,2.44444489,-0.72629142,0.02021408
21.420000,0,FL_foot,2.87352276,-0.31768382,0.02026089
21.420000,0,FR_foot,2.88783097,-0.66914696,0.02827124
21.420000,0,RL_foot,2.45796323,-0.27721727,0.02305731
21.420000,0,RR_foot,2.44419551,-0.72632360,0.02022347
21.440000,0,FL_foot,2.87321711,-0.31770816,0.02026246
21.440000,0,FR_foot,2.87301779,-0.66656429,0.02950475
21.440000,0,RL_foot,2.43482780,-0.27792645,0.02344694
21.440000,0,RR_foot,2.44395447,-0.72633564,0.02022286
21.460000,0,FL_foot,2.87290716,-0.31772748,0.02026020
21.460000,0,FR_foot,2.85714269,-0.66648769,0.02969713
21.460000,0,RL_foot,2.41145825,-0.27575025,0.02344022
21.460000,0,RR_foot,2.44369793,-0.72634065,0.02022065
21.480000,0,FL_foot,2.87258458,-0.31775770,0.02025849
21.480000,0,FR_foot,2.84087133,-0.66813064,0.02928689
21.480000,0,RL_foot,2.39079857,-0.27156904,0.02293848
21.480000,0,RR_foot,2.44343376,-0.72633082,0.02022463
21.500000,0,FL_foot,2.87224889,-0.31774506,0.02026300
21.500000,0,FR_foot,2.82499671,-0.67086005,0.02867841
21.500000,0,RL_foot,2.37465310,-0.26668620,0.02175754
21.500000,0,RR_foot,2.44316864,-0.72628361,0.02022502
21.520000,0,FL_foot,2.87179422,-0.31756705,0.02031696
21.520000,0,FR_foot,2.81025767,-0.67396563,0.02794618
21.520000,0,RL_foot,2.36555576,-0.26371270,0.02004409
21.520000,0,RR_foot,2.44288445,-0.72622532,0.02023084
21.540000,0,FL_foot,2.87150478,-0.31761166,0.02027930
21.540000,0,FR_foot,2.79621792,-0.67680115,0.02536014
21.540000,0,RL_foot,2.36535382,-0.26356125,0.02019382
21.540000,0,RR_foot,2.44265938,-0.72609562,0.02023956
21.560000,0,FL_foot,2.87119865,-0.31763417,0.02027947
21.560000,0,FR_foot,2.78426838,-0.68194222,0.02194517
21.560000,0,RL_foot,2.36507177,-0.26345095,0.02020190
21.560000,0,RR_foot,2.44244528,-0.72597229,0.02023950
21.580000,0,FL_foot,2.86874223,-0.31707427,0.02030335
21.580000,0,FR_foot,2.77746868,-0.68532550,0.02015247
21.580000,0,RL_foot,2.36483717,-0.26336378,0.02017438
21.580000,0,RR_foot,2.44171047,-0.72564840,0.02028091
21.600000,0,FL_foot,2.86359859,-0.31557310,0.02029947
21.600000,0,FR_foot,2.77728200,-0.68536055,0.02017654
21.600000,0,RL_foot,2.36467028,-0.26330781,0.02019126
21.600000,0,RR_foot,2.43813276,-0.72376972,0.02026823
21.620000,0,FL_foot,2.85801649,-0.31460270,0.02032478
21.620000,0,FR_foot,2.77714801,-0.68536478,0.02017859
21.620000,0,RL_foot,2.36454153,-0.26329550,0.02019480
21.620000,0,RR_foot,2.43307304,-0.72132784,0.02025781
21.640000,0,FL_foot,2.85346937,-0.31351924,0.02029306
21.640000,0,FR_foot,2.77117872,-0.68696696,0.02019705
21.640000,0,RL_foot,2.36444712,-0.26330253,0.02018673
21.640000,0,RR_foot,2.43299294,-0.72132003,0.02024562
21.660000,0,FL_foot,2.85111785,-0.31210518,0.02025392
21.660000,0,FR_foot,2.76529288,-0.69076186,0.02019423
21.660000,0,RL_foot,2.36448312,-0.26328856,0.02018829
21.660000,0,RR_foot,2.43300939,-0.72130954,0.02024606
21.680000,0,FL_foot,2.85119939,-0.31179351,0.02028841
21.680000,0,FR_foot,2.76151991,-0.69594312,0.02019007
21.680000,0,RL_foot,2.36461616,-0.26326042,0.02018354
21.680000,0,RR_foot,2.43308973,-0.72131294,0.02025722
21.700000,0,FL_foot,2.85147190,-0.31186691,0.02027639
21.700000,0,FR_foot,2.75806785,-0.70239884,0.02028408
21.700000,0,RL_foot,2.36482906,-0.26324004,0.02019262
21.700000,0,RR_foot,2.43323445,-0.72131604,0.02024653
21.720000,0,FL_foot,2.85178065,-0.31193382,0.02026601
21.720000,0,FR_foot,2.75577521,-0.70767653,0.02112440
21.720000,0,RL_foot,2.36509085,-0.26324424,0.02020058
21.720000,0,RR_foot,2.43340802,-0.72133595,0.02023844
21.740000,0,FL_foot,2.85213685,-0.31202400,0.02025187
21.740000,0,FR_foot,2.75695944,-0.71021581,0.02269755
21.740000,0,RL_foot,2.36485863,-0.26396704,0.02021342
21.740000,0,RR_foot,2.43360186,-0.72135413,0.02023252
21.760000,0,FL_foot,2.85248947,-0.31207448,0.02028077
21.760000,0,FR_foot,2.76349783,-0.71025920,0.02481667
21.760000,0,RL_foot,2.36433911,-0.26824805,0.02016186
21.760000,0,RR_foot,2.43378830,-0.72137702,0.02024841
21.780000,0,FL_foot,2.85287118,-0.31216592,0.02024732
21.780000,0,FR_foot,2.77659607,-0.70765537,0.02693964
21.780000,0,RL_foot,2.36653924,-0.27827722,0.02081357
21.780000,0,RR_foot,2.43398523,-0.72135609,0.02022288
21.800000,0,FL_foot,2.85322118,-0.31224275,0.02024789
21.800000,0,FR_foot,2.79741669,-0.70789564,0.02858509
21.800000,0,RL_foot,2.37272024,-0.28891650,0.02046344
21.800000,0,RR_foot,2.43416786,-0.72137457,0.02022781
21.820000,0,FL_foot,2.85355115,-0.31231931,0.02023294
21.820000,0,FR_foot,2.82406259,-0.70942247,0.02950754
21.820000,0,RL_foot,2.37808537,-0.29541513,0.02025440
21.820000,0,RR_foot,2.43435335,-0.72137666,0.02022860
21.840000,0,FL_foot,2.85386920,-0.31239194,0.02023934
21.840000,0,FR_foot,2.85291052,-0.71111786,0.03111441
21.840000,0,RL_foot,2.38786697,-0.30335599,0.02022515
21.840000,0,RR_foot,2.43453240,-0.72138590,0.02021971
21.860000,0,FL_foot,2.85419083,-0.31249237,0.02023789
21.860000,0,FR_foot,2.88218832,-0.71390557,0.03242080
21.860000,0,RL_foot,2.39790320,-0.30800304,0.02023804
21.860000,0,RR_foot,2.43474531,-0.72140527,0.02022666
21.880000,0,FL_foot,2.85449433,-0.31258777,0.02023738
21.880000,0,FR_foot,2.90983009,-0.71700513,0.03430870
21.880000,0,RL_foot,2.41213036,-0.31337678,0.02035849
21.880000,0,RR_foot,2.43495083,-0.72143888,0.02022762
21.900000,0,FL_foot,2.85480642,-0.31270263,0.02022949
21.900000,0,FR_foot,2.93439198,-0.72057205,0.03651643
21.900000,0,RL_foot,2.42764878,-0.31773451,0.02031576
21.900000,0,RR_foot,2.43515110,-0.72147948,0.02022662
21.920000,0,FL_foot,2.85513830,-0.31285515,0.02023358
21.920000,0,FR_foot,2.95424104,-0.72421205,0.03842565
21.920000,0,RL_foot,2.44201851,-0.32099280,0.02044076
21.920000,0,RR_foot,2.43535709,-0.72151971,0.02022591
21.940000,0,FL_foot,2.85545778,-0.31300929,0.02022595
21.940000,0,FR_foot,2.96863461,-0.72806382,0.03927995
21.940000,0,RL_foot,2.45508361,-0.32354748,0.02089029
21.940000,0,RR_foot,2.43557119,-0.72155333,0.02022116
21.960000,0,FL_foot,2.85578370,-0.31316435,0.02021622
21.960000,0,FR_foot,2.97814059,-0.73238039,0.03867859
21.960000,0,RL_foot,2.46681952,-0.32577369,0.02182079
21.960000,0,RR_foot,2.43581295,-0.72156602,0.02020920
21.980000,0,FL_foot,2.85612273,-0.31333628,0.02021319
21.980000,0,FR_foot,2.98387480,-0.73707348,0.03663604
21.980000,0,RL_foot,2.47735953,-0.32771429,0.02320255
21.980000,0,RR_foot,2.43606687,-0.72158295,0.02020678
22.000000,0,FL_foot,2.85645080,-0.31349647,0.02020516
22.000000,0,FR_foot,2.98684931,-0.74171996,0.03330814
22.000000,0,RL_foot,2.48679805,-0.32912683,0.02485500
22.000000,0,RR_foot,2.43634653,-0.72160232,0.02020053
22.020000,0,FL_foot,2.85678434,-0.31365466,0.02019738
22.020000,0,FR_foot,2.98776484,-0.74571991,0.02885767
22.020000,0,RL_foot,2.49510503,-0.32964632,0.02656237
22.020000,0,RR_foot,2.43665385,-0.72161740,0.02018790
22.040000,0,FL_foot,2.85712647,-0.31383264,0.02019216
22.040000,0,FR_foot,2.98703718,-0.74847853,0.02338373
22.040000,0,RL_foot,2.50216627,-0.32868823,0.02804212
22.040000,0,RR_foot,2.43698597,-0.72166806,0.02018264
22.060000,0,FL_foot,2.85748911,-0.31403285,0.02021338
22.060000,0,FR_foot,2.98619795,-0.74932945,0.02027563
22.060000,0,RL_foot,2.50812173,-0.32676008,0.02758617
22.060000,0,RR_foot,2.43816781,-0.72287196,0.02023586
22.080000,0,FL_foot,2.85788894,-0.31428891,0.02018905
22.080000,0,FR_foot,2.98635006,-0.74961185,0.02026495
22.080000,0,RL_foot,2.51380444,-0.32485697,0.02434872
22.080000,0,RR_foot,2.43837166,-0.72291327,0.02018446
22.100000,0,FL_foot,2.85826182,-0.31453493,0.02018005
22.100000,0,FR_foot,2.98651409,-0.74986327,0.02025969
22.100000,0,RL_foot,2.51694894,-0.32298633,0.02117730
22.100000,0,RR_foot,2.43857121,-0.72296274,0.02018016
22.120000,0,FL_foot,2.86019516,-0.31495970,0.02065141
22.120000,0,FR_foot,2.98670459,-0.75008178,0.02025850
22.120000,0,RL_foot,2.51729727,-0.32309446,0.02024810
22.120000,0,RR_foot,2.43977427,-0.72224486,0.02054396
22.140000,0,FL_foot,2.87279272,-0.32456172,0.02236817
22.140000,0,FR_foot,2.98684907,-0.75026959,0.02025183
22.140000,0,RL_foot,2.51756048,-0.32321846,0.02022633
22.140000,0,RR_foot,2.44582081,-0.71353674,0.02127222
22.160000,0,FL_foot,2.89702606,-0.33580488,0.02502868
22.160000,0,FR_foot,2.98701358,-0.75043976,0.02025545
22.160000,0,RL_foot,2.51778865,-0.32334223,0.02023260
22.160000,0,RR_foot,2.45582342,-0.70028847,0.02164290
22.180000,0,FL_foot,2.92947292,-0.34198210,0.02783220
22.180000,0,FR_foot,2.98720384,-0.75059319,0.02025226
22.180000,0,RL_foot,2.51801252,-0.32343251,0.02024052
22.180000,0,RR_foot,2.46805120,-0.68798506,0.02140944
22.200000,0,FL_foot,2.96401811,-0.34337521,0.03074027
22.200000,0,FR_foot,2.98741293,-0.75072479,0.02024922
22.200000,0,RL_foot,2.51823282,-0.32352450,0.02024828
22.200000,0,RR_foot,2.48129225,-0.67912263,0.02051798
22.220000,0,FL_foot,2.99630904,-0.34231979,0.03318479
22.220000,0,FR_foot,2.98763466,-0.75085407,0.02024744
22.220000,0,RL_foot,2.51849365,-0.32364997,0.02025835
22.220000,0,RR_foot,2.49223185,-0.67401558,0.02018726
22.240000,0,FL_foot,3.02424765,-0.34057003,0.03518632
22.240000,0,FR_foot,2.98786712,-0.75096506,0.02023971
22.240000,0,RL_foot,2.51878166,-0.32379612,0.02024069
22.240000,0,RR_foot,2.50309014,-0.67132783,0.02024471
22.260000,0,FL_foot,3.04865193,-0.33782491,0.03692397
22.260000,0,FR_foot,2.98811865,-0.75105113,0.02023721
22.260000,0,RL_foot,2.51909685,-0.32393157,0.02024056
22.260000,0,RR_foot,2.51499581,-0.67029458,0.02020580
22.280000,0,FL_foot,3.06903195,-0.33489138,0.03815975
22.280000,0,FR_foot,2.98837376,-0.75113153,0.02023582
22.280000,0,RL_foot,2.51943922,-0.32408139,0.02023763
22.280000,0,RR_foot,2.52637935,-0.67074525,0.02021492
22.300000,0,FL_foot,3.08517218,-0.33191252,0.03845811
22.300000,0,FR_foot,2.98864007,-0.75119597,0.02022659
22.300000,0,RL_foot,2.51979256,-0.32423455,0.02021934
22.300000,0,RR_foot,2.53688025,-0.67233205,0.02024206
22.320000,0,FL_foot,3.09736252,-0.32916805,0.03757283
22.320000,0,FR_foot,2.98892117,-0.75124091,0.02022205
22.320000,0,RL_foot,2.52017522,-0.32437241,0.02021272
22.320000,0,RR_foot,2.54632139,-0.67495841,0.02024196
22.340000,0,FL_foot,3.10612440,-0.32700109,0.03537096
22.340000,0,FR_foot,2.98919368,-0.75128913,0.02021754
22.340000,0,RL_foot,2.52058792,-0.32450745,0.02020348
22.340000,0,RR_foot,2.55442023,-0.67851174,0.02026933
22.360000,0,FL_foot,3.11166644,-0.32551900,0.03171463
22.360000,0,FR_foot,2.98946500,-0.75133103,0.02020917
22.360000,0,RL_foot,2.52101898,-0.32462347,0.02018922
22.360000,0,RR_foot,2.56081343,-0.68304950,0.02027880
22.380000,0,FL_foot,3.11361933,-0.32465166,0.02642420
22.380000,0,FR_foot,2.98973846,-0.75135112,0.02020706
22.380000,0,RL_foot,2.52146554,-0.32469711,0.02018550
22.380000,0,RR_foot,2.56475902,-0.68858021,0.02027844
22.400000,0,FL_foot,3.11216426,-0.32424539,0.02017804
22.400000,0,FR_foot,2.98998809,-0.75135440,0.02012862
22.400000,0,RL_foot,2.52195978,-0.32467395,0.02038795
22.400000,0,RR_foot,2.56533289,-0.69415170,0.02022300
22.420000,0,FL_foot,3.11230254,-0.32400993,0.02026158
22.420000,0,FR_foot,2.99565196,-0.75072241,0.02081355
22.420000,0,RL_foot,2.53387046,-0.33379245,0.02311696
22.420000,0,RR_foot,2.56566453,-0.69399446,0.02016489
22.440000,0,FL_foot,3.11253715,-0.32391933,0.02025857
22.440000,0,FR_foot,3.01496720,-0.74671263,0.02273857
22.440000,0,RL_foot,2.55439162,-0.34798795,0.02718755
22.440000,0,RR_foot,2.56598306,-0.69385499,0.02015447
22.460000,0,FL_foot,3.11276674,-0.32386127,0.02025506
22.460000,0,FR_foot,3.04555058,-0.74706751,0.02460482
22.460000,0,RL_foot,2.57781458,-0.35900205,0.03086509
22.460000,0,RR_foot,2.56629848,-0.69374603,0.02016047
22.480000,0,FL_foot,3.11301136,-0.32380578,0.02025494
22.480000,0,FR_foot,3.07953620,-0.75160176,0.02657670
22.480000,0,RL_foot,2.60011840,-0.36606580,0.03377152
22.480000,0,RR_foot,2.56663251,-0.69362628,0.02017297
22.500000,0,FL_foot,3.11327100,-0.32376149,0.02025045
22.500000,0,FR_foot,3.10980177,-0.75920814,0.02817763
22.500000,0,RL_foot,2.61947083,-0.36931679,0.03544852
22.500000,0,RR_foot,2.56698203,-0.69356483,0.02017838
22.520000,0,FL_foot,3.11354351,-0.32373697,0.02024577
22.520000,0,FR_foot,3.13243866,-0.76830947,0.02862379
22.520000,0,RL_foot,2.63576531,-0.37061507,0.03678006
22.520000,0,RR_foot,2.56736207,-0.69350463,0.02018084
22.540000,0,FL_foot,3.11381292,-0.32370180,0.02024440
22.540000,0,FR_foot,3.14710760,-0.77716172,0.02745512
22.540000,0,RL_foot,2.64940453,-0.37060273,0.03797155
22.540000,0,RR_foot,2.56778145,-0.69344300,0.02017806
22.560000,0,FL_foot,3.11409140,-0.32368582,0.02023861
22.560000,0,FR_foot,3.15572023,-0.78440368,0.02470416
22.560000,0,RL_foot,2.66070724,-0.36936885,0.03885616
22.560000,0,RR_foot,2.56822062,-0.69339061,0.02016271
22.580000,0,FL_foot,3.11438274,-0.32370490,0.02023556
22.580000,0,FR_foot,3.16067553,-0.78936338,0.02067687
22.580000,0,RL_foot,2.66975427,-0.36702529,0.03936491
22.580000,0,RR_foot,2.56867528,-0.69335777,0.02015406
22.600000,0,FL_foot,3.11470723,-0.32379362,0.02023310
22.600000,0,FR_foot,3.16113448,-0.78975791,0.02028005
22.600000,0,RL_foot,2.67805886,-0.36457935,0.03671165
22.600000,0,RR_foot,2.56917906,-0.69398224,0.02017464
22.620000,0,FL_foot,3.11501503,-0.32388535,0.02022809
22.620000,0,FR_foot,3.16226077,-0.79060608,0.02028266
22.620000,0,RL_foot,2.68556428,-0.36125827,0.03320586
22.620000,0,RR_foot,2.56949782,-0.69388151,0.02015609
22.640000,0,FL_foot,3.11531019,-0.32398143,0.02022617
22.640000,0,FR_foot,3.16308403,-0.79104179,0.02027741
22.640000,0,RL_foot,2.69104004,-0.35775980,0.02950534
22.640000,0,RR_foot,2.56982446,-0.69378757,0.02015646
22.660000,0,FL_foot,3.11557937,-0.32406652,0.02022219
22.660000,0,FR_foot,3.16328740,-0.79121584,0.02027368
22.660000,0,RL_foot,2.69453526,-0.35389453,0.02546377
22.660000,0,RR_foot,2.57013226,-0.69370389,0.02014813
22.680000,0,FL_foot,3.11582851,-0.32413113,0.02021992
22.680000,0,FR_foot,3.16347671,-0.79136884,0.02027200
22.680000,0,RL_foot,2.69539762,-0.34928483,0.02083383
22.680000,0,RR_foot,2.57043409,-0.69364387,0.02014694
22.700000,0,FL_foot,3.11772728,-0.32425576,0.02107271
22.700000,0,FR_foot,3.16368794,-0.79148114,0.02027305
22.700000,0,RL_foot,2.69570589,-0.34944203,0.02027599
22.700000,0,RR_foot,2.57222199,-0.69297886,0.02041732
22.720000,0,FL_foot,3.12993383,-0.32915673,0.02268932
22.720000,0,FR_foot,3.16386271,-0.79156762,0.02027078
22.720000,0,RL_foot,2.69595671,-0.34955060,0.02025322
22.720000,0,RR_foot,2.58123112,-0.68731701,0.02186353
22.740000,0,FL_foot,3.15125322,-0.33515331,0.02491188
22.740000,0,FR_foot,3.16404271,-0.79164124,0.02026762
22.740000,0,RL_foot,2.69621015,-0.34963530,0.02024726
22.740000,0,RR_foot,2.59705973,-0.68108606,0.02302950
22.760000,0,FL_foot,3.17631721,-0.33916041,0.02748212
22.760000,0,FR_foot,3.16422820,-0.79172641,0.02026649
22.760000,0,RL_foot,2.69648242,-0.34973019,0.02026032
22.760000,0,RR_foot,2.61694765,-0.67608333,0.02398046
22.780000,0,FL_foot,3.20117784,-0.34066090,0.02992728
22.780000,0,FR_foot,3.16441941,-0.79181635,0.02026277
22.780000,0,RL_foot,2.69677138,-0.34980506,0.02026367
22.780000,0,RR_foot,2.63756394,-0.67302293,0.02506999
22.800000,0,FL_foot,3.22348857,-0.34026581,0.03187126
22.800000,0,FR_foot,3.16463256,-0.79189342,0.02025693
22.800000,0,RL_foot,2.69708371,-0.34990200,0.02025509
22.800000,0,RR_foot,2.65651131,-0.67201990,0.02631120
22.820000,0,FL_foot,3.24193501,-0.33868733,0.03297292
22.820000,0,FR_foot,3.16486025,-0.79197568,0.02025461
22.820000,0,RL_foot,2.69743633,-0.35002932,0.02026051
22.820000,0,RR_foot,2.67286158,-0.67290282,0.02753835
22.840000,0,FL_foot,3.25620413,-0.33651966,0.03295725
22.840000,0,FR_foot,3.16510677,-0.79205096,0.02024776
22.840000,0,RL_foot,2.69780636,-0.35016963,0.02023800
22.840000,0,RR_foot,2.68672037,-0.67520881,0.02864492
22.860000,0,FL_foot,3.26679182,-0.33426702,0.03179633
22.860000,0,FR_foot,3.16537595,-0.79211330,0.02024524
22.860000,0,RL_foot,2.69821525,-0.35032862,0.02023550
22.860000,0,RR_foot,2.69862628,-0.67838895,0.02960035
22.880000,0,FL_foot,3.27464414,-0.33231691,0.02953260
22.880000,0,FR_foot,3.16564536,-0.79217345,0.02024094
22.880000,0,RL_foot,2.69864869,-0.35048491,0.02022242
22.880000,0,RR_foot,2.70908523,-0.68213576,0.03043329
22.900000,0,FL_foot,3.28051019,-0.33102840,0.02623736
22.900000,0,FR_foot,3.16592169,-0.79222214,0.02023591
22.900000,0,RL_foot,2.69909978,-0.35062733,0.02020903
22.900000,0,RR_foot,2.71835876,-0.68633872,0.03118069
22.920000,0,FL_foot,3.28495884,-0.33063030,0.02195034
22.920000,0,FR_foot,3.16621375,-0.79224485,0.02023257
22.920000,0,RL_foot,2.69956946,-0.35074595,0.02020114
22.920000,0,RR_foot,2.72650504,-0.69098091,0.03190019
22.940000,0,FL_foot,3.28620481,-0.33066517,0.02024567
22.940000,0,FR_foot,3.16653371,-0.79221368,0.02023570
22.940000,0,RL_foot,2.70037413,-0.34993726,0.02027787
22.940000,0,RR_foot,2.73431182,-0.69507277,0.03063693
22.960000,0,FL_foot,3.28639412,-0.33047834,0.02025094
22.960000,0,FR_foot,3.16685510,-0.79215801,0.02022930
22.960000,0,RL_foot,2.70066476,-0.35011828,0.02019195
22.960000,0,RR_foot,2.74089885,-0.69973034,0.02693653
22.980000,0,FL_foot,3.28660488,-0.33034328,0.02025618
22.980000,0,FR_foot,3.16714549,-0.79211664,0.02023090
22.980000,0,RL_foot,2.70097470,-0.35020128,0.02018191
22.980000,0,RR_foot,2.74318862,-0.70460331,0.02221665
23.000000,0,FL_foot,3.28681755,-0.33023152,0.02025716
23.000000,0,FR_foot,3.16950035,-0.79291058,0.02066998
23.000000,0,RL_foot,2.70662880,-0.35445246,0.02112076
23.000000,0,RR_foot,2.74314117,-0.70591509,0.02021585
23.020000,0,FL_foot,3.28700709,-0.33016145,0.02025443
23.020000,0,FR_foot,3.18437314,-0.78640127,0.02228308
23.020000,0,RL_foot,2.72285867,-0.36704162,0.02539769
23.020000,0,RR_foot,2.74343348,-0.70578474,0.02016219
23.040000,0,FL_foot,3.28722930,-0.33010706,0.02024914
23.040000,0,FR_foot,3.21148229,-0.78218526,0.02415067
23.040000,0,RL_foot,2.74481320,-0.37590295,0.02855006
23.040000,0,RR_foot,2.74372673,-0.70570803,0.02016012
23.060000,0,FL_foot,3.28744435,-0.33006111,0.02024524
23.060000,0,FR_foot,3.24402976,-0.78199840,0.02651181
23.060000,0,RL_foot,2.76706767,-0.38210344,0.03139364
23.060000,0,RR_foot,2.74403143,-0.70563513,0.02016415
23.080000,0,FL_foot,3.28767323,-0.33003169,0.02024326
23.080000,0,FR_foot,3.27475595,-0.78525007,0.02880416
23.080000,0,RL_foot,2.78696585,-0.38521656,0.03340777
23.080000,0,RR_foot,2.74437833,-0.70555663,0.02017737
23.100000,0,FL_foot,3.28791881,-0.32999718,0.02023984
23.100000,0,FR_foot,3.29891276,-0.79089123,0.02997561
23.100000,0,RL_foot,2.80381632,-0.38658965,0.03522661
23.100000,0,RR_foot,2.74474525,-0.70552140,0.02018101
23.120000,0,FL_foot,3.28817153,-0.32996118,0.02023452
23.120000,0,FR_foot,3.31507778,-0.79764867,0.02924323
23.120000,0,RL_foot,2.81779075,-0.38668674,0.03694730
23.120000,0,RR_foot,2.74514627,-0.70548260,0.02016884
23.140000,0,FL_foot,3.28843904,-0.32994527,0.02023232
23.140000,0,FR_foot,3.32453609,-0.80385655,0.02658963
23.140000,0,RL_foot,2.82924294,-0.38550022,0.03836297
23.140000,0,RR_foot,2.74558592,-0.70544088,0.02016719
23.160000,0,FL_foot,3.28871226,-0.32993793,0.02022890
23.160000,0,FR_foot,3.32962441,-0.80829030,0.02234990
23.160000,0,RL_foot,2.83845115,-0.38305789,0.03933033
23.160000,0,RR_foot,2.74604797,-0.70541030,0.02015324
23.180000,0,FL_foot,3.28901052,-0.32998279,0.02023210
23.180000,0,FR_foot,3.33074617,-0.80912966,0.02027894
23.180000,0,RL_foot,2.84633732,-0.38026279,0.03783306
23.180000,0,RR_foot,2.74655437,-0.70617557,0.02022504
23.200000,0,FL_foot,3.28932071,-0.33006898,0.02022335
23.200000,0,FR_foot,3.33160114,-0.80982298,0.02028107
23.200000,0,RL_foot,2.85424662,-0.37734357,0.03444397
23.200000,0,RR_foot,2.74687386,-0.70607364,0.02016387
23.220000,0,FL_foot,3.28959918,-0.33014274,0.02022015
23.220000,0,FR_foot,3.33206344,-0.81012160,0.02027716
23.220000,0,RL_foot,2.86055183,-0.37420484,0.03100310
23.220000,0,RR_foot,2.74720573,-0.70597154,0.02015374
23.240000,0,FL_foot,3.28986907,-0.33021086,0.02021739
23.240000,0,FR_foot,3.33226228,-0.81028003,0.02027387
23.240000,0,RL_foot,2.86511731,-0.37063837,0.02732194
23.240000,0,RR_foot,2.74752307,-0.70587790,0.02014785
23.260000,0,FL_foot,3.29012752,-0.33027795,0.02021416
23.260000,0,FR_foot,3.33244896,-0.81043416,0.02027301
23.260000,0,RL_foot,2.86757684,-0.36675355,0.02333404
23.260000,0,RR_foot,2.74783540,-0.70579886,0.02014588
23.280000,0,FL_foot,3.29041338,-0.33025289,0.02029682
23.280000,0,FR_foot,3.33270478,-0.81054395,0.02025035
23.280000,0,RL_foot,2.86777711,-0.36429769,0.02011823
23.280000,0,RR_foot,2.74827218,-0.70600140,0.02013933
23.300000,0,FL_foot,3.29785371,-0.33407474,0.02160484
23.300000,0,FR_foot,3.33284783,-0.81063014,0.02026686
23.300000,0,RL_foot,2.86803317,-0.36436930,0.02023391
23.300000,0,RR_foot,2.75324702,-0.70289856,0.02158871
23.320000,0,FL_foot,3.31539416,-0.34121156,0.02334913
23.320000,0,FR_foot,3.33303618,-0.81069875,0.02026896
23.320000,0,RL_foot,2.86829352,-0.36448184,0.02024635
23.320000,0,RR_foot,2.76586390,-0.69719142,0.02328218
23.340000,0,FL_foot,3.33929729,-0.34739333,0.02564663
23.340000,0,FR_foot,3.33322692,-0.81076878,0.02026653
23.340000,0,RL_foot,2.86857581,-0.36455634,0.02025326
23.340000,0,RR_foot,2.78420615,-0.69184333,0.02465725
23.360000,0,FL_foot,3.36476636,-0.35086694,0.02803733
23.360000,0,FR_foot,3.33343029,-0.81084615,0.02026163
23.360000,0,RL_foot,2.86887622,-0.36463165,0.02025084
23.360000,0,RR_foot,2.80485535,-0.68811005,0.02602431
23.380000,0,FL_foot,3.38868713,-0.35180005,0.03000929
23.380000,0,FR_foot,3.33364344,-0.81092727,0.02025977
23.380000,0,RL_foot,2.86921048,-0.36473167,0.02026085
23.380000,0,RR_foot,2.82476830,-0.68657315,0.02746735
23.400000,0,FL_foot,3.40904641,-0.35105073,0.03112222
23.400000,0,FR_foot,3.33388257,-0.81099474,0.02025563
23.400000,0,RL_foot,2.86956573,-0.36482796,0.02026144
23.400000,0,RR_foot,2.84223986,-0.68718040,0.02888159
23.420000,0,FL_foot,3.42482829,-0.34946528,0.03099834
23.420000,0,FR_foot,3.33413386,-0.81106001,0.02024877
23.420000,0,RL_foot,2.86995673,-0.36495280,0.02023872
23.420000,0,RR_foot,2.85702395,-0.68944830,0.03018818
23.440000,0,FL_foot,3.43624115,-0.34766242,0.02954301
23.440000,0,FR_foot,3.33439994,-0.81112438,0.02024565
23.440000,0,RL_foot,2.87038350,-0.36510178,0.02023162
23.440000,0,RR_foot,2.86954403,-0.69269699,0.03134739
23.460000,0,FL_foot,3.44434524,-0.34605092,0.02680667
23.460000,0,FR_foot,3.33468604,-0.81117284,0.02024160
23.460000,0,RL_foot,2.87083626,-0.36524615,0.02022019
23.460000,0,RR_foot,2.88034654,-0.69657600,0.03236267
23.480000,0,FL_foot,3.45015216,-0.34502706,0.02290304
23.480000,0,FR_foot,3.33496976,-0.81121272,0.02023746
23.480000,0,RL_foot,2.87130761,-0.36537439,0.02020788
23.480000,0,RR_foot,2.88978887,-0.70097357,0.03328438
23.500000,0,FL_foot,3.45260549,-0.34486786,0.02025123
23.500000,0,FR_foot,3.33527660,-0.81120461,0.02023748
23.500000,0,RL_foot,2.87211680,-0.36458167,0.02025248
23.500000,0,RR_foot,2.89842534,-0.70499539,0.03288804
23.520000,0,FL_foot,3.45281577,-0.34469035,0.02024880
23.520000,0,FR_foot,3.33560681,-0.81115609,0.02023303
23.520000,0,RL_foot,2.87244272,-0.36474645,0.02019878
23.520000,0,RR_foot,2.90650296,-0.70902866,0.02948522
23.540000,0,FL_foot,3.45301986,-0.34454617,0.02025238
23.540000,0,FR_foot,3.33589077,-0.81111622,0.02023226
23.540000,0,RL_foot,2.87275052,-0.36486387,0.02018891
23.540000,0,RR_foot,2.91150165,-0.71343225,0.02546015
23.560000,0,FL_foot,3.45324039,-0.34443527,0.02025499
23.560000,0,FR_foot,3.33612990,-0.81108946,0.02023625
23.560000,0,RL_foot,2.87305880,-0.36491156,0.02018791
23.560000,0,RR_foot,2.91209364,-0.71835297,0.02033373
23.580000,0,FL_foot,3.45345211,-0.34434226,0.02025073
23.580000,0,FR_foot,3.34274030,-0.80899268,0.02161660
23.580000,0,RL_foot,2.88372612,-0.37339482,0.02251152
23.580000,0,RR_foot,2.91240478,-0.71822721,0.02017090
23.600000,0,FL_foot,3.45365310,-0.34427971,0.02024982
23.600000,0,FR_foot,3.36211371,-0.80208284,0.02353880
23.600000,0,RL_foot,2.90326953,-0.38475409,0.02611966
23.600000,0,RR_foot,2.91268468,-0.71811962,0.02015888
23.620000,0,FL_foot,3.45386505,-0.34422886,0.02024560
23.620000,0,FR_foot,3.39161134,-0.79843867,0.02578393
23.620000,0,RL_foot,2.92549491,-0.39223722,0.02894202
23.620000,0,RR_foot,2.91297483,-0.71803260,0.02015989
23.640000,0,FL_foot,3.45407724,-0.34418342,0.02024427
23.640000,0,FR_foot,3.42412949,-0.79893422,0.02834981
23.640000,0,RL_foot,2.94676828,-0.39698350,0.03142176
23.640000,0,RR_foot,2.91329527,-0.71793020,0.02016835
23.660000,0,FL_foot,3.45430732,-0.34415349,0.02024112
23.660000,0,FR_foot,3.45302653,-0.80255789,0.03050709
23.660000,0,RL_foot,2.96534991,-0.39925531,0.03333098
23.660000,0,RR_foot,2.91363645,-0.71789122,0.02017829
23.680000,0,FL_foot,3.45454383,-0.34411442,0.02023664
23.680000,0,FR_foot,3.47454643,-0.80828643,0.03116974
23.680000,0,RL_foot,2.98085380,-0.40008810,0.03513434
23.680000,0,RR_foot,2.91401100,-0.71785033,0.02017633
23.700000,0,FL_foot,3.45479035,-0.34407550,0.02023410
23.700000,0,FR_foot,3.48828650,-0.81465280,0.02981609
23.700000,0,RL_foot,2.99357009,-0.39962542,0.03673061
23.700000,0,RR_foot,2.91443038,-0.71780318,0.02017230
23.720000,0,FL_foot,3.45505595,-0.34406239,0.02022981
23.720000,0,FR_foot,3.49605227,-0.82000887,0.02659472
23.720000,0,RL_foot,3.00388145,-0.39787900,0.03792632
23.720000,0,RR_foot,2.91486216,-0.71778244,0.02016050
23.740000,0,FL_foot,3.45532465,-0.34405801,0.02022592
23.740000,0,FR_foot,3.50018525,-0.82334000,0.02189382
23.740000,0,RL_foot,3.01194882,-0.39476088,0.03855295
23.740000,0,RR_foot,2.91532612,-0.71776325,0.02014744
23.760000,0,FL_foot,3.45562434,-0.34411761,0.02022948
23.760000,0,FR_foot,3.50113225,-0.82391554,0.02027858
23.760000,0,RL_foot,3.01886463,-0.39160347,0.03626549
23.760000,0,RR_foot,2.91599751,-0.71865934,0.02021101
23.780000,0,FL_foot,3.45593166,-0.34421578,0.02022205
23.780000,0,FR_foot,3.50166965,-0.82432437,0.02027805
23.780000,0,RL_foot,3.02599025,-0.38865024,0.03265191
23.780000,0,RR_foot,2.91630960,-0.71857554,0.02016445
23.800000,0,FL_foot,3.45620918,-0.34430313,0.02021909
23.800000,0,FR_foot,3.50185895,-0.82451874,0.02027521
23.800000,0,RL_foot,3.03166676,-0.38550141,0.02906077
23.800000,0,RR_foot,2.91663098,-0.71848285,0.02015493
23.820000,0,FL_foot,3.45647740,-0.34438393,0.02021561
23.820000,0,FR_foot,3.50203943,-0.82469505,0.02027315
23.820000,0,RL_foot,3.03538036,-0.38193285,0.02521703
23.820000,0,RR_foot,2.91693854,-0.71839690,0.02014514
23.840000,0,FL_foot,3.45673680,-0.34445632,0.02021331
23.840000,0,FR_foot,3.50221205,-0.82484138,0.02027177
23.840000,0,RL_foot,3.03641820,-0.37769258,0.02079371
23.840000,0,RR_foot,2.91724277,-0.71833903,0.02014508
23.860000,0,FL_foot,3.45881271,-0.34517944,0.02110899
23.860000,0,FR_foot,3.50239873,-0.82496113,0.02027390
23.860000,0,RL_foot,3.03672814,-0.37785366,0.02027290
23.860000,0,RR_foot,2.91889238,-0.71775562,0.02050821
23.880000,0,FL_foot,3.47152472,-0.35105786,0.02257315
23.880000,0,FR_foot,3.50257969,-0.82504553,0.02027130
23.880000,0,RL_foot,3.03698230,-0.37796381,0.02025174
23.880000,0,RR_foot,2.92763662,-0.71247637,0.02218427
23.900000,0,FL_foot,3.49339676,-0.35805809,0.02464790
23.900000,0,FR_foot,3.50276160,-0.82512128,0.02026808
23.900000,0,RL_foot,3.03724456,-0.37804905,0.02024459
23.900000,0,RR_foot,2.94321918,-0.70668638,0.02361267
23.920000,0,FL_foot,3.51906037,-0.36292675,0.02713153
23.920000,0,FR_foot,3.50294518,-0.82520300,0.02026665
23.920000,0,RL_foot,3.03753090,-0.37814325,0.02025761
23.920000,0,RR_foot,2.96286702,-0.70202655,0.02488531
23.940000,0,FL_foot,3.54445481,-0.36514390,0.02950114
23.940000,0,FR_foot,3.50314021,-0.82529122,0.02026304
23.940000,0,RL_foot,3.03783441,-0.37821382,0.02026320
23.940000,0,RR_foot,2.98318124,-0.69933355,0.02625089
23.960000,0,FL_foot,3.56715131,-0.36529037,0.03126514
23.960000,0,FR_foot,3.50335050,-0.82537818,0.02025716
23.960000,0,RL_foot,3.03816628,-0.37830931,0.02024997
23.960000,0,RR_foot,3.00175142,-0.69882125,0.02766799
23.980000,0,FL_foot,3.58565354,-0.36417258,0.03200435
23.980000,0,FR_foot,3.50359130,-0.82545304,0.02025496
23.980000,0,RL_foot,3.03854418,-0.37843540,0.02025981
23.980000,0,RR_foot,3.01765656,-0.70035028,0.02898937
24.000000,0,FL_foot,3.59947419,-0.36250359,0.03142117
24.000000,0,FR_foot,3.50384235,-0.82552463,0.02024821
24.000000,0,RL_foot,3.03893876,-0.37857375,0.02023551
24.000000,0,RR_foot,3.03109765,-0.70320302,0.03019649
24.020000,0,FL_foot,3.60934401,-0.36076272,0.02951844
24.020000,0,FR_foot,3.50410652,-0.82559603,0.02024298
24.020000,0,RL_foot,3.03937316,-0.37872729,0.02021935
24.020000,0,RR_foot,3.04258466,-0.70683104,0.03126278
24.040000,0,FL_foot,3.61635900,-0.35938758,0.02640478
24.040000,0,FR_foot,3.50438857,-0.82564461,0.02023952
24.040000,0,RL_foot,3.03983021,-0.37887058,0.02021116
24.040000,0,RR_foot,3.05259490,-0.71100390,0.03220997
24.060000,0,FL_foot,3.62145209,-0.35872680,0.02218921
24.060000,0,FR_foot,3.50466824,-0.82568729,0.02023512
24.060000,0,RL_foot,3.04030466,-0.37899473,0.02020055
24.060000,0,RR_foot,3.06138444,-0.71562922,0.03310199
24.080000,0,FL_foot,3.62285638,-0.35870281,0.02024030
24.080000,0,FR_foot,3.50498009,-0.82567608,0.02023924
24.080000,0,RL_foot,3.04108715,-0.37824583,0.02028449
24.080000,0,RR_foot,3.06982803,-0.71975428,0.03211669
24.100000,0,FL_foot,3.62307477,-0.35850397,0.02024873
24.100000,0,FR_foot,3.50530958,-0.82562500,0.02023320
24.100000,0,RL_foot,3.04138684,-0.37843725,0.02019612
24.100000,0,RR_foot,3.07743859,-0.72422081,0.02869242
24.120000,0,FL_foot,3.62328434,-0.35837129,0.02025345
24.120000,0,FR_foot,3.50558639,-0.82559270,0.02023275
24.120000,0,RL_foot,3.04169655,-0.37855199,0.02018386
24.120000,0,RR_foot,3.08135128,-0.72887015,0.02439166
24.140000,0,FL_foot,3.62356663,-0.35829908,0.02022246
24.140000,0,FR_foot,3.50602841,-0.82577264,0.02029265
24.140000,0,RL_foot,3.04243851,-0.37882861,0.02030171
24.140000,0,RR_foot,3.08110762,-0.73274088,0.01996455
24.160000,0,FL_foot,3.62374473,-0.35822022,0.02025017
24.160000,0,FR_foot,3.51589823,-0.82089776,0.02227702
24.160000,0,RL_foot,3.05533051,-0.38891447,0.02328329
24.160000,0,RR_foot,3.08138609,-0.73270190,0.02014833
24.180000,0,FL_foot,3.62396359,-0.35816821,0.02024582
24.180000,0,FR_foot,3.53887868,-0.81520045,0.02430849
24.180000,0,RL_foot,3.07662773,-0.39908791,0.02642083
24.180000,0,RR_foot,3.08166790,-0.73259819,0.02015646
24.200000,0,FL_foot,3.62416959,-0.35812604,0.02024502
24.200000,0,FR_foot,3.56979156,-0.81296664,0.02678345
24.200000,0,RL_foot,3.09953976,-0.40636924,0.02928001
24.200000,0,RR_foot,3.08196974,-0.73247588,0.02016244
24.220000,0,FL_foot,3.62439227,-0.35808575,0.02024193
24.220000,0,FR_foot,3.60149908,-0.81457180,0.02943033
24.220000,0,RL_foot,3.12077427,-0.41064993,0.03157106
24.220000,0,RR_foot,3.08228898,-0.73242015,0.02017178
24.240000,0,FL_foot,3.62462544,-0.35804522,0.02023750
24.240000,0,FR_foot,3.62825584,-0.81910181,0.03128812
24.240000,0,RL_foot,3.13898325,-0.41269875,0.03347724
24.240000,0,RR_foot,3.08263898,-0.73236644,0.02017321
24.260000,0,FL_foot,3.62487411,-0.35801378,0.02023536
24.260000,0,FR_foot,3.64724970,-0.82543129,0.03139987
24.260000,0,RL_foot,3.15403485,-0.41334981,0.03532252
24.260000,0,RR_foot,3.08304000,-0.73230928,0.02018086
24.280000,0,FL_foot,3.62512398,-0.35797933,0.02023110
24.280000,0,FR_foot,3.65884924,-0.83185107,0.02947980
24.280000,0,RL_foot,3.16636062,-0.41267702,0.03690518
24.280000,0,RR_foot,3.08345079,-0.73227292,0.02016740
24.300000,0,FL_foot,3.62538624,-0.35795557,0.02022655
24.300000,0,FR_foot,3.66519046,-0.83688867,0.02579365
24.300000,0,RL_foot,3.17627001,-0.41067517,0.03805102
24.300000,0,RR_foot,3.08390164,-0.73223573,0.02015261
24.320000,0,FL_foot,3.62566471,-0.35797006,0.02022316
24.320000,0,FR_foot,3.66848636,-0.83970696,0.02072950
24.320000,0,RL_foot,3.18392825,-0.40721196,0.03856751
24.320000,0,RR_foot,3.08437181,-0.73222005,0.02014403
24.340000,0,FL_foot,3.62597561,-0.35805047,0.02022455
24.340000,0,FR_foot,3.66881299,-0.83993423,0.02028196
24.340000,0,RL_foot,3.19103622,-0.40400708,0.03538594
24.340000,0,RR_foot,3.08492208,-0.73315507,0.02017174
24.360000,0,FL_foot,3.62627435,-0.35813984,0.02021968
24.360000,0,FR_foot,3.66922379,-0.84025633,0.02027616
24.360000,0,RL_foot,3.19793606,-0.40094906,0.03191061
24.360000,0,RR_foot,3.08523989,-0.73306745,0.02016190
24.380000,0,FL_foot,3.62655973,-0.35822994,0.02021775
24.380000,0,FR_foot,3.66938114,-0.84043974,0.02027571
24.380000,0,RL_foot,3.20331502,-0.39765677,0.02828013
24.380000,0,RR_foot,3.08556056,-0.73297000,0.02015520
24.400000,0,FL_foot,3.62681961,-0.35831061,0.02021298
24.400000,0,FR_foot,3.66956306,-0.84061152,0.02027440
24.400000,0,RL_foot,3.20658851,-0.39403528,0.02439468
24.400000,0,RR_foot,3.08586693,-0.73288494,0.02014634
24.420000,0,FL_foot,3.62706137,-0.35837263,0.02021495
24.420000,0,FR_foot,3.66976500,-0.84074807,0.02027064
24.420000,0,RL_foot,3.20717072,-0.39057294,0.02031310
24.420000,0,RR_foot,3.08617187,-0.73281509,0.02014307
24.440000,0,FL_foot,3.63156009,-0.36039725,0.02142941
24.440000,0,FR_foot,3.66995859,-0.84085190,0.02026968
24.440000,0,RL_foot,3.20749092,-0.39081016,0.02024896
24.440000,0,RR_foot,3.08991027,-0.73094273,0.02087178
24.460000,0,FL_foot,3.64643574,-0.36706665,0.02312183
24.460000,0,FR_foot,3.67013693,-0.84093702,0.02026873
24.460000,0,RL_foot,3.20775104,-0.39090791,0.02024119
24.460000,0,RR_foot,3.10081697,-0.72520226,0.02243130
24.480000,0,FL_foot,3.66949344,-0.37402734,0.02540135
24.480000,0,FR_foot,3.67032099,-0.84102350,0.02026827
24.480000,0,RL_foot,3.20802331,-0.39101720,0.02025132
24.480000,0,RR_foot,3.11780930,-0.71959174,0.02372741
24.500000,0,FL_foot,3.69532704,-0.37857848,0.02795873
24.500000,0,FR_foot,3.67050958,-0.84111619,0.02026507
24.500000,0,RL_foot,3.20831513,-0.39109406,0.02025792
24.500000,0,RR_foot,3.13794208,-0.71539259,0.02501520
24.520000,0,FL_foot,3.72024965,-0.38053933,0.03025173
24.520000,0,FR_foot,3.67071319,-0.84120625,0.02025931
24.520000,0,RL_foot,3.20862937,-0.39118502,0.02025189
24.520000,0,RR_foot,3.15802670,-0.71332234,0.02640903
24.540000,0,FL_foot,3.74206400,-0.38061544,0.03184567
24.540000,0,FR_foot,3.67093301,-0.84129977,0.02025723
24.540000,0,RL_foot,3.20898390,-0.39130542,0.02026080
24.540000,0,RR_foot,3.17601919,-0.71344316,0.02781767
24.560000,0,FL_foot,3.75952840,-0.37956068,0.03230074
24.560000,0,FR_foot,3.67117190,-0.84138685,0.02025232
24.560000,0,RL_foot,3.20935869,-0.39143446,0.02025098
24.560000,0,RR_foot,3.19133425,-0.71545142,0.02912777
24.580000,0,FL_foot,3.77236962,-0.37808254,0.03142597
24.580000,0,FR_foot,3.67143607,-0.84146053,0.02024784
24.580000,0,RL_foot,3.20977712,-0.39159369,0.02023770
24.580000,0,RR_foot,3.20428371,-0.71859109,0.03028317
24.600000,0,FL_foot,3.78155136,-0.37661004,0.02925049
24.600000,0,FR_foot,3.67170310,-0.84153098,0.02024319
24.600000,0,RL_foot,3.21022034,-0.39175209,0.02022346
24.600000,0,RR_foot,3.21538091,-0.72241694,0.03127984
24.620000,0,FL_foot,3.78813434,-0.37557825,0.02588674
24.620000,0,FR_foot,3.67197633,-0.84159064,0.02023833
24.620000,0,RL_foot,3.21068072,-0.39189821,0.02020914
24.620000,0,RR_foot,3.22504759,-0.72675872,0.03216139
24.640000,0,FL_foot,3.79294038,-0.37531394,0.02143294
24.640000,0,FR_foot,3.67226648,-0.84162259,0.02023480
24.640000,0,RL_foot,3.21115804,-0.39201999,0.02020012
24.640000,0,RR_foot,3.23347592,-0.73155665,0.03300034
24.660000,0,FL_foot,3.79339743,-0.37523711,0.02024022
24.660000,0,FR_foot,3.67258382,-0.84159583,0.02023658
24.660000,0,RL_foot,3.21210909,-0.39089301,0.02027465
24.660000,0,RR_foot,3.24190474,-0.73553127,0.03135084
24.680000,0,FL_foot,3.79358435,-0.37506866,0.02025042
24.680000,0,FR_foot,3.67289352,-0.84154946,0.02023192
24.680000,0,RL_foot,3.21239376,-0.39107552,0.02019273
24.680000,0,RR_foot,3.24886370,-0.74017036,0.02766339
24.700000,0,FL_foot,3.79379725,-0.37494272,0.02025348
24.700000,0,FR_foot,3.67317319,-0.84151375,0.02023305
24.700000,0,RL_foot,3.21269917,-0.39116424,0.02018071
24.700000,0,RR_foot,3.25155640,-0.74497873,0.02303962
24.720000,0,FL_foot,3.79401779,-0.37483746,0.02025258
24.720000,0,FR_foot,3.67466593,-0.84198439,0.02091437
24.720000,0,RL_foot,3.21586108,-0.39361811,0.02055205
24.720000,0,RR_foot,3.25103211,-0.74785972,0.02021610
24.740000,0,FL_foot,3.79420400,-0.37477034,0.02024923
24.740000,0,FR_foot,3.68801832,-0.83512729,0.02271439
24.740000,0,RL_foot,3.23051977,-0.40606487,0.02430321
24.740000,0,RR_foot,3.25130320,-0.74775374,0.02016391
24.760000,0,FL_foot,3.79440284,-0.37472242,0.02024733
24.760000,0,FR_foot,3.71410155,-0.82994443,0.02464163
24.760000,0,RL_foot,3.25227785,-0.41567612,0.02735628
24.760000,0,RR_foot,3.25158739,-0.74763393,0.02015948
24.780000,0,FL_foot,3.79461098,-0.37468052,0.02024452
24.780000,0,FR_foot,3.74638438,-0.82884914,0.02709745
24.780000,0,RL_foot,3.27484441,-0.42265862,0.03025413
24.780000,0,RR_foot,3.25187898,-0.74757057,0.02016493
24.800000,0,FL_foot,3.79482770,-0.37464210,0.02024077
24.800000,0,FR_foot,3.77765846,-0.83136809,0.02960443
24.800000,0,RL_foot,3.29530787,-0.42647225,0.03239271
24.800000,0,RR_foot,3.25219631,-0.74751717,0.02017090
24.820000,0,FL_foot,3.79506469,-0.37461641,0.02023820
24.820000,0,FR_foot,3.80286264,-0.83653343,0.03109659
24.820000,0,RL_foot,3.31266356,-0.42828324,0.03427643
24.820000,0,RR_foot,3.25256658,-0.74745876,0.02018208
24.840000,0,FL_foot,3.79530811,-0.37458053,0.02023496
24.840000,0,FR_foot,3.82001591,-0.84311688,0.03069712
24.840000,0,RL_foot,3.32699656,-0.42872968,0.03607837
24.840000,0,RR_foot,3.25295305,-0.74742776,0.02017838
24.860000,0,FL_foot,3.79556179,-0.37455121,0.02023119
24.860000,0,FR_foot,3.83010268,-0.84941489,0.02828537
24.860000,0,RL_foot,3.33870745,-0.42783341,0.03757566
24.860000,0,RR_foot,3.25338340,-0.74738598,0.02016632
24.880000,0,FL_foot,3.79583192,-0.37454966,0.02022765
24.880000,0,FR_foot,3.83543348,-0.85406411,0.02420263
24.880000,0,RL_foot,3.34807992,-0.42561075,0.03861228
24.880000,0,RR_foot,3.25383568,-0.74735790,0.02015614
24.900000,0,FL_foot,3.79611397,-0.37456948,0.02023147
24.900000,0,FR_foot,3.83778596,-0.85600668,0.02025289
24.900000,0,RL_foot,3.35532165,-0.42250308,0.03846981
24.900000,0,RR_foot,3.25445557,-0.74808854,0.02015937
24.920000,0,FL_foot,3.79641986,-0.37466687,0.02022102
24.920000,0,FR_foot,3.83790731,-0.85625339,0.02028082
24.920000,0,RL_foot,3.36299872,-0.42002419,0.03472459
24.920000,0,RR_foot,3.25473237,-0.74847907,0.02015288
24.940000,0,FL_foot,3.79671669,-0.37477136,0.02021957
24.940000,0,FR_foot,3.83873034,-0.85674888,0.02027574
24.940000,0,RL_foot,3.36956811,-0.41736674,0.03128404
24.940000,0,RR_foot,3.25506186,-0.74840903,0.02016226
24.960000,0,FL_foot,3.79699373,-0.37486929,0.02021568
24.960000,0,FR_foot,3.83890414,-0.85694236,0.02027336
24.960000,0,RL_foot,3.37453246,-0.41412413,0.02755665
24.960000,0,RR_foot,3.25537300,-0.74833047,0.02015137
24.980000,0,FL_foot,3.79725552,-0.37495527,0.02021263
24.980000,0,FR_foot,3.83907366,-0.85711658,0.02027220
24.980000,0,RL_foot,3.37735391,-0.41043428,0.02352993
24.980000,0,RR_foot,3.25568056,-0.74826318,0.02014635
25.000000,0,FL_foot,3.79758525,-0.37496895,0.02025746
25.000000,0,FR_foot,3.83929157,-0.85725057,0.02025688
25.000000,0,RL_foot,3.37765384,-0.40802354,0.02013592
25.000000,0,RR_foot,3.25605726,-0.74838704,0.02018815
25.020000,0,FL_foot,3.80495667,-0.37920761,0.02171812
25.020000,0,FR_foot,3.83946037,-0.85734755,0.02026735
25.020000,0,RL_foot,3.37791419,-0.40810132,0.02023612
25.020000,0,RR_foot,3.26066160,-0.74591428,0.02136767
25.040000,0,FL_foot,3.82249212,-0.38667244,0.02359389
25.040000,0,FR_foot,3.83964396,-0.85742909,0.02026966
25.040000,0,RL_foot,3.37817240,-0.40822691,0.02024696
25.040000,0,RR_foot,3.27302980,-0.74032325,0.02297509
25.060000,0,FL_foot,3.84647799,-0.39323971,0.02603288
25.060000,0,FR_foot,3.83982873,-0.85751414,0.02026686
25.060000,0,RL_foot,3.37845230,-0.40831259,0.02025387
25.060000,0,RR_foot,3.29118609,-0.73513365,0.02422933
25.080000,0,FL_foot,3.87211037,-0.39713407,0.02859808
25.080000,0,FR_foot,3.84001994,-0.85760641,0.02026209
25.080000,0,RL_foot,3.37874627,-0.40839937,0.02025141
25.080000,0,RR_foot,3.31167269,-0.73156536,0.02548291
25.100000,0,FL_foot,3.89625216,-0.39850941,0.03078682
25.100000,0,FR_foot,3.84022284,-0.85770285,0.02025985
25.100000,0,RL_foot,3.37907600,-0.40851057,0.02026125
25.100000,0,RR_foot,3.33147883,-0.73015231,0.02683816
25.120000,0,FL_foot,3.91689563,-0.39818728,0.03216746
25.120000,0,FR_foot,3.84045291,-0.85778558,0.02025571
25.120000,0,RL_foot,3.37942600,-0.40861860,0.02026203
25.120000,0,RR_foot,3.34890985,-0.73081619,0.02819027
25.140000,0,FL_foot,3.93306661,-0.39693129,0.03234809
25.140000,0,FR_foot,3.84069753,-0.85786557,0.02024887
25.140000,0,RL_foot,3.37981057,-0.40875500,0.02023973
25.140000,0,RR_foot,3.36368370,-0.73316872,0.02942582
25.160000,0,FL_foot,3.94488239,-0.39537337,0.03122774
25.160000,0,FR_foot,3.84095550,-0.85794437,0.02024598
25.160000,0,RL_foot,3.38022995,-0.40891615,0.02023325
25.160000,0,RR_foot,3.37620091,-0.73651022,0.03051258
25.180000,0,FL_foot,3.95336103,-0.39391661,0.02885135
25.180000,0,FR_foot,3.84123302,-0.85800719,0.02024188
25.180000,0,RL_foot,3.38067412,-0.40907449,0.02022206
25.180000,0,RR_foot,3.38699985,-0.74045843,0.03145509
25.200000,0,FL_foot,3.95948982,-0.39297175,0.02533098
25.200000,0,FR_foot,3.84150767,-0.85806119,0.02023758
25.200000,0,RL_foot,3.38113618,-0.40921736,0.02020985
25.200000,0,RR_foot,3.39646435,-0.74488801,0.03230070
25.220000,0,FL_foot,3.96401954,-0.39284435,0.02074889
25.220000,0,FR_foot,3.84179091,-0.85809755,0.02023269
25.220000,0,RL_foot,3.38161397,-0.40933800,0.02019649
25.220000,0,RR_foot,3.40473342,-0.74974412,0.03312301
25.240000,0,FL_foot,3.96469712,-0.39263171,0.02024408
25.240000,0,FR_foot,3.84212637,-0.85805815,0.02023297
25.240000,0,RL_foot,3.38279748,-0.40818673,0.02026688
25.240000,0,RR_foot,3.41325641,-0.75353801,0.03090375
25.260000,0,FL_foot,3.96488810,-0.39245397,0.02025048
25.260000,0,FR_foot,3.84243536,-0.85800040,0.02023072
25.260000,0,RL_foot,3.38309550,-0.40834454,0.02019719
25.260000,0,RR_foot,3.41999722,-0.75785822,0.02717173
25.280000,0,FL_foot,3.96509933,-0.39231595,0.02025372
25.280000,0,FR_foot,3.84270477,-0.85795695,0.02023166
25.280000,0,RL_foot,3.38339615,-0.40842545,0.02018169
25.280000,0,RR_foot,3.42245579,-0.76262707,0.02245956
25.300000,0,FL_foot,3.96530390,-0.39220136,0.02025171
25.300000,0,FR_foot,3.84437895,-0.85817933,0.02080084
25.300000,0,RL_foot,3.38905692,-0.41269109,0.02090399
25.300000,0,RR_foot,3.42248011,-0.76388550,0.02019481
25.320000,0,FL_foot,3.96549654,-0.39212981,0.02025137
25.320000,0,FR_foot,3.85860658,-0.85111099,0.02256777
25.320000,0,RL_foot,3.40507340,-0.42523605,0.02499438
25.320000,0,RR_foot,3.42276359,-0.76374322,0.02016267
25.340000,0,FL_foot,3.96570492,-0.39208099,0.02024691
25.340000,0,FR_foot,3.88563156,-0.84629041,0.02453043
25.340000,0,RL_foot,3.42673326,-0.43419987,0.02806485
25.340000,0,RR_foot,3.42304969,-0.76365328,0.02015751
25.360000,0,FL_foot,3.96591330,-0.39203680,0.02024403
25.360000,0,FR_foot,3.91844535,-0.84559399,0.02703228
25.360000,0,RL_foot,3.44869471,-0.44053650,0.03084348
25.360000,0,RR_foot,3.42334652,-0.76357502,0.02016404
25.380000,0,FL_foot,3.96613288,-0.39199570,0.02024234
25.380000,0,FR_foot,3.94979239,-0.84838921,0.02954884
25.380000,0,RL_foot,3.46845722,-0.44383737,0.03282625
25.380000,0,RR_foot,3.42368555,-0.76349229,0.02017491
25.400000,0,FL_foot,3.96637177,-0.39196739,0.02023848
25.400000,0,FR_foot,3.97476125,-0.85367209,0.03101116
25.400000,0,RL_foot,3.48525953,-0.44535324,0.03460072
25.400000,0,RR_foot,3.42404366,-0.76346099,0.02018183
25.420000,0,FL_foot,3.96661592,-0.39193028,0.02023419
25.420000,0,FR_foot,3.99163246,-0.86024290,0.03055841
25.420000,0,RL_foot,3.49919128,-0.44558284,0.03629675
25.420000,0,RR_foot,3.42443609,-0.76342654,0.02017388
25.440000,0,FL_foot,3.96687055,-0.39189780,0.02023170
25.440000,0,FR_foot,4.00153780,-0.86643016,0.02811553
25.440000,0,RL_foot,3.51061249,-0.44450077,0.03769317
25.440000,0,RR_foot,3.42487049,-0.76338518,0.02016656
25.460000,0,FL_foot,3.96714211,-0.39189506,0.02022815
25.460000,0,FR_foot,4.00681496,-0.87092412,0.02402892
25.460000,0,RL_foot,3.51980209,-0.44216388,0.03865601
25.460000,0,RR_foot,3.42532372,-0.76335603,0.02015583
25.480000,0,FL_foot,3.96742463,-0.39191499,0.02023190
25.480000,0,FR_foot,4.00868225,-0.87236834,0.02028309
25.480000,0,RL_foot,3.52712202,-0.43897140,0.03823458
25.480000,0,RR_foot,3.42587185,-0.76424676,0.02017098
25.500000,0,FL_foot,3.96772885,-0.39200595,0.02022106
25.500000,0,FR_foot,4.00892639,-0.87263817,0.02028348
25.500000,0,RL_foot,3.53483915,-0.43624327,0.03452674
25.500000,0,RR_foot,3.42620206,-0.76446122,0.02014639
25.520000,0,FL_foot,3.96802282,-0.39210352,0.02022006
25.520000,0,FR_foot,4.00985289,-0.87315607,0.02027603
25.520000,0,RL_foot,3.54126549,-0.43347353,0.03115993
25.520000,0,RR_foot,3.42653394,-0.76438493,0.02016130
25.540000,0,FL_foot,3.96829700,-0.39219552,0.02021635
25.540000,0,FR_foot,4.01002979,-0.87334269,0.02027380
25.540000,0,RL_foot,3.54609966,-0.43015888,0.02745605
25.540000,0,RR_foot,3.42684484,-0.76430184,0.02015063
25.560000,0,FL_foot,3.96855927,-0.39227617,0.02021331
25.560000,0,FR_foot,4.01020241,-0.87351048,0.02027187
25.560000,0,RL_foot,3.54880071,-0.42642069,0.02344328
25.560000,0,RR_foot,3.42715478,-0.76423198,0.02014598
25.580000,0,FL_foot,3.96888542,-0.39227918,0.02026469
25.580000,0,FR_foot,4.01042271,-0.87364012,0.02025545
25.580000,0,RL_foot,3.54910398,-0.42401904,0.02010838
25.580000,0,RR_foot,3.42758894,-0.76447076,0.02013663
25.600000,0,FL_foot,3.97652531,-0.39642224,0.02166091
25.600000,0,FR_foot,4.01059294,-0.87373453,0.02026711
25.600000,0,RL_foot,3.54935956,-0.42410466,0.02023378
25.600000,0,RR_foot,3.43250418,-0.76152390,0.02160662
25.620000,0,FL_foot,3.99439216,-0.40381178,0.02348419
25.620000,0,FR_foot,4.01078081,-0.87381423,0.02026925
25.620000,0,RL_foot,3.54962301,-0.42422897,0.02024645
25.620000,0,RR_foot,3.44507980,-0.75600260,0.02329390
25.640000,0,FL_foot,4.01856136,-0.41022393,0.02586921
25.640000,0,FR_foot,4.01096821,-0.87389696,0.02026675
25.640000,0,RL_foot,3.54990506,-0.42431408,0.02025373
25.640000,0,RR_foot,3.46331477,-0.75090384,0.02462157
25.660000,0,FL_foot,4.04423285,-0.41393623,0.02835816
25.660000,0,FR_foot,4.01116610,-0.87398672,0.02026188
25.660000,0,RL_foot,3.55020452,-0.42439961,0.02025139
25.660000,0,RR_foot,3.48377943,-0.74744743,0.02591949
25.680000,0,FL_foot,4.06831932,-0.41513625,0.03044923
25.680000,0,FR_foot,4.01137304,-0.87408036,0.02025962
25.680000,0,RL_foot,3.55053735,-0.42450973,0.02026114
25.680000,0,RR_foot,3.50350332,-0.74614632,0.02729057
25.700000,0,FL_foot,4.08884764,-0.41465873,0.03171331
25.700000,0,FR_foot,4.01160765,-0.87415981,0.02025546
25.700000,0,RL_foot,3.55089116,-0.42461640,0.02026164
25.700000,0,RR_foot,3.52084064,-0.74691486,0.02863935
25.720000,0,FL_foot,4.10487080,-0.41328436,0.03176941
25.720000,0,FR_foot,4.01185560,-0.87423587,0.02024888
25.720000,0,RL_foot,3.55127907,-0.42475122,0.02023937
25.720000,0,RR_foot,3.53555131,-0.74932486,0.02987377
25.740000,0,FL_foot,4.11655760,-0.41164318,0.03052380
25.740000,0,FR_foot,4.01211834,-0.87431091,0.02024574
25.740000,0,RL_foot,3.55170202,-0.42491049,0.02023251
25.740000,0,RR_foot,3.54803610,-0.75269407,0.03096229
25.760000,0,FL_foot,4.12493944,-0.41013959,0.02802293
25.760000,0,FR_foot,4.01240063,-0.87436932,0.02024198
25.760000,0,RL_foot,3.55215096,-0.42506519,0.02022129
25.760000,0,RR_foot,3.55882525,-0.75666153,0.03191039
25.780000,0,FL_foot,4.13099909,-0.40917775,0.02437374
25.780000,0,FR_foot,4.01267862,-0.87441915,0.02023742
25.780000,0,RL_foot,3.55261612,-0.42520475,0.02020922
25.780000,0,RR_foot,3.56828380,-0.76111412,0.03276613
25.800000,0,FL_foot,4.13468075,-0.40911224,0.02018919
25.800000,0,FR_foot,4.01297712,-0.87444079,0.02018213
25.800000,0,RL_foot,3.55313706,-0.42520994,0.02038499
25.800000,0,RR_foot,3.57656169,-0.76574367,0.03334582
25.820000,0,FL_foot,4.13490820,-0.40891156,0.02025242
25.820000,0,FR_foot,4.01331520,-0.87439656,0.02023173
25.820000,0,RL_foot,3.55359101,-0.42458993,0.02018551
25.820000,0,RR_foot,3.58462024,-0.76958805,0.03031570
25.840000,0,FL_foot,4.13512802,-0.40876505,0.02025012
25.840000,0,FR_foot,4.01361132,-0.87435532,0.02023074
25.840000,0,RL_foot,3.55390763,-0.42474616,0.02018868
25.840000,0,RR_foot,3.59046650,-0.77410305,0.02649715
25.860000,0,FL_foot,4.13533545,-0.40864873,0.02025410
25.860000,0,FR_foot,4.01386547,-0.87432742,0.02023203
25.860000,0,RL_foot,3.55421829,-0.42482179,0.02018018
25.860000,0,RR_foot,3.59223604,-0.77903610,0.02159552
25.880000,0,FL_foot,4.13554001,-0.40855408,0.02025928
25.880000,0,FR_foot,4.01746798,-0.87430769,0.02166576
25.880000,0,RL_foot,3.56348848,-0.43199700,0.02111338
25.880000,0,RR_foot,3.59199715,-0.78048092,0.02022337
25.900000,0,FL_foot,4.13574982,-0.40849936,0.02025169
25.900000,0,FR_foot,4.03455162,-0.86789095,0.02380482
25.900000,0,RL_foot,3.58201408,-0.44495779,0.02465548
25.900000,0,RR_foot,3.59226632,-0.78035897,0.02016439
25.920000,0,FL_foot,4.13596773,-0.40845382,0.02024672
25.920000,0,FR_foot,4.06325197,-0.86385602,0.02613389
25.920000,0,RL_foot,3.60398245,-0.45346114,0.02747311
25.920000,0,RR_foot,3.59254193,-0.78028136,0.02016215
25.940000,0,FL_foot,4.13617039,-0.40841368,0.02024345
25.940000,0,FR_foot,4.09625340,-0.86383545,0.02886548
25.940000,0,RL_foot,3.62532258,-0.45907846,0.03007721
25.940000,0,RR_foot,3.59283233,-0.78020781,0.02016614
25.960000,0,FL_foot,4.13638973,-0.40837297,0.02024183
25.960000,0,FR_foot,4.12651682,-0.86715525,0.03134915
25.960000,0,RL_foot,3.64408159,-0.46179941,0.03198024
25.960000,0,RR_foot,3.59317327,-0.78013068,0.02017705
25.980000,0,FL_foot,4.13662481,-0.40834230,0.02023829
25.980000,0,FR_foot,4.14971352,-0.87280196,0.03250619
25.980000,0,RL_foot,3.65982032,-0.46293518,0.03376997
25.980000,0,RR_foot,3.59353232,-0.78009981,0.02018222
26.000000,0,FL_foot,4.13686657,-0.40830338,0.02023390
26.000000,0,FR_foot,4.16485596,-0.87937486,0.03164801
26.000000,0,RL_foot,3.67278481,-0.46278343,0.03542560
26.000000,0,RR_foot,3.59392691,-0.78006685,0.02017240
26.020000,0,FL_foot,4.13711548,-0.40827042,0.02023158
26.020000,0,FR_foot,4.17351532,-0.88517207,0.02884186
26.020000,0,RL_foot,3.68331814,-0.46130797,0.03672259
26.020000,0,RR_foot,3.59436202,-0.78002793,0.02016407
26.040000,0,FL_foot,4.13738489,-0.40827158,0.02022643
26.040000,0,FR_foot,4.17809105,-0.88902390,0.02447572
26.040000,0,RL_foot,3.69165254,-0.45853779,0.03751286
26.040000,0,RR_foot,3.59480619,-0.78001994,0.02015039
26.060000,0,FL_foot,4.13766766,-0.40828761,0.02023201
26.060000,0,FR_foot,4.18025160,-0.89034390,0.02026433
26.060000,0,RL_foot,3.69790983,-0.45486349,0.03715146
26.060000,0,RR_foot,3.59546590,-0.78072536,0.02012723
26.080000,0,FL_foot,4.13797426,-0.40838823,0.02022152
26.080000,0,FR_foot,4.18036604,-0.89059561,0.02028156
26.080000,0,RL_foot,3.70479155,-0.45239949,0.03333578
26.080000,0,RR_foot,3.59573984,-0.78102374,0.02015496
26.100000,0,FL_foot,4.13827181,-0.40850011,0.02021957
26.100000,0,FR_foot,4.18073559,-0.89088213,0.02027559
26.100000,0,RL_foot,3.71088457,-0.44983733,0.02984454
26.100000,0,RR_foot,3.59606624,-0.78095710,0.02016087
26.120000,0,FL_foot,4.13855028,-0.40860483,0.02021549
26.120000,0,FR_foot,4.18090868,-0.89108294,0.02027381
26.120000,0,RL_foot,3.71540236,-0.44658962,0.02605731
26.120000,0,RR_foot,3.59637356,-0.78088009,0.02014911
26.140000,0,FL_foot,4.13881207,-0.40869445,0.02021311
26.140000,0,FR_foot,4.18107271,-0.89125729,0.02027201
26.140000,0,RL_foot,3.71747494,-0.44275138,0.02182135
26.140000,0,RR_foot,3.59668016,-0.78082371,0.02014595
26.160000,0,FL_foot,4.14030218,-0.40919232,0.02085195
26.160000,0,FR_foot,4.18127108,-0.89140493,0.02027421
26.160000,0,RL_foot,3.71761799,-0.44137955,0.02027987
26.160000,0,RR_foot,3.59756112,-0.78073746,0.02036843
26.180000,0,FL_foot,4.15222597,-0.41508198,0.02208174
26.180000,0,FR_foot,4.18144178,-0.89150369,0.02027213
26.180000,0,RL_foot,3.71788526,-0.44148669,0.02025461
26.180000,0,RR_foot,3.60466909,-0.77594554,0.02222590
26.200000,0,FL_foot,4.17344332,-0.42270815,0.02396490
26.200000,0,FR_foot,4.18162060,-0.89158750,0.02026985
26.200000,0,RL_foot,3.71815300,-0.44157699,0.02025081
26.200000,0,RR_foot,3.61906648,-0.77037662,0.02385870
26.220000,0,FL_foot,4.19874859,-0.42835635,0.02633520
26.220000,0,FR_foot,4.18180323,-0.89167255,0.02026603
26.220000,0,RL_foot,3.71844053,-0.44165450,0.02024911
26.220000,0,RR_foot,3.63829446,-0.76575494,0.02520585
26.240000,0,FL_foot,4.22405386,-0.43122208,0.02865294
26.240000,0,FR_foot,4.18200064,-0.89176786,0.02026392
26.240000,0,RL_foot,3.71875739,-0.44175082,0.02026196
26.240000,0,RR_foot,3.65875101,-0.76304775,0.02657492
26.260000,0,FL_foot,4.24686480,-0.43179229,0.03040974
26.260000,0,FR_foot,4.18220854,-0.89185899,0.02025979
26.260000,0,RL_foot,3.71909189,-0.44184065,0.02026132
26.260000,0,RR_foot,3.67775989,-0.76249051,0.02800860
26.280000,0,FL_foot,4.26559973,-0.43092719,0.03115351
26.280000,0,FR_foot,4.18245125,-0.89193404,0.02025349
26.280000,0,RL_foot,3.71946168,-0.44195738,0.02024841
26.280000,0,RR_foot,3.69417238,-0.76396233,0.02936991
26.300000,0,FL_foot,4.27968788,-0.42942241,0.03061813
26.300000,0,FR_foot,4.18270302,-0.89201277,0.02025059
26.300000,0,RL_foot,3.71987057,-0.44210762,0.02024437
26.300000,0,RR_foot,3.70807338,-0.76680374,0.03063100
26.320000,0,FL_foot,4.28981495,-0.42778027,0.02876602
26.320000,0,FR_foot,4.18296766,-0.89208299,0.02024524
26.320000,0,RL_foot,3.72030497,-0.44226694,0.02022731
26.320000,0,RR_foot,3.71996808,-0.77041781,0.03175418
26.340000,0,FL_foot,4.29704094,-0.42643741,0.02570536
26.340000,0,FR_foot,4.18325329,-0.89213246,0.02023987
26.340000,0,RL_foot,3.72075319,-0.44239542,0.02021126
26.340000,0,RR_foot,3.73032975,-0.77457416,0.03273908
26.360000,0,FL_foot,4.30229998,-0.42575148,0.02153937
26.360000,0,FR_foot,4.18353844,-0.89217496,0.02023555
26.360000,0,RL_foot,3.72122884,-0.44252321,0.02020054
26.360000,0,RR_foot,3.73941541,-0.77918077,0.03365864
26.380000,0,FL_foot,4.30256891,-0.42560107,0.02024251
26.380000,0,FR_foot,4.18385887,-0.89214653,0.02023270
26.380000,0,RL_foot,3.72197104,-0.44156283,0.02037106
26.380000,0,RR_foot,3.74838758,-0.78313625,0.03223236
26.400000,0,FL_foot,4.30349255,-0.42447245,0.02028877
26.400000,0,FR_foot,4.18420172,-0.89209616,0.02022876
26.400000,0,RL_foot,3.72195077,-0.44267562,0.02014542
26.400000,0,RR_foot,3.75651240,-0.78807396,0.02854793
26.420000,0,FL_foot,4.30372429,-0.42431054,0.02025508
26.420000,0,FR_foot,4.18447161,-0.89206374,0.02023368
26.420000,0,RL_foot,3.72227430,-0.44277740,0.02018003
26.420000,0,RR_foot,3.76042509,-0.79270476,0.02445887
26.440000,0,FL_foot,4.30400181,-0.42423174,0.02022457
26.440000,0,FR_foot,4.18491697,-0.89219892,0.02026275
26.440000,0,RL_foot,3.72288990,-0.44314858,0.02033432
26.440000,0,RR_foot,3.76029158,-0.79662120,0.01999790
26.460000,0,FL_foot,4.30416346,-0.42413703,0.02025011
26.460000,0,FR_foot,4.19483757,-0.88716799,0.02215234
26.460000,0,RL_foot,3.73575211,-0.45315239,0.02332169
26.460000,0,RR_foot,3.76056767,-0.79658413,0.02015099
26.480000,0,FL_foot,4.30438185,-0.42408329,0.02024580
26.480000,0,FR_foot,4.21797419,-0.88133639,0.02409753
26.480000,0,RL_foot,3.75699592,-0.46336481,0.02653903
26.480000,0,RR_foot,3.76085448,-0.79648286,0.02015644
26.500000,0,FL_foot,4.30458927,-0.42404070,0.02024490
26.500000,0,FR_foot,4.24900103,-0.87907547,0.02650114
26.500000,0,RL_foot,3.77988100,-0.47069171,0.02946638
26.500000,0,RR_foot,3.76116300,-0.79636335,0.02016198
26.520000,0,FL_foot,4.30481386,-0.42400065,0.02024177
26.520000,0,FR_foot,4.28075361,-0.88069302,0.02908140
26.520000,0,RL_foot,3.80109596,-0.47500902,0.03180621
26.520000,0,RR_foot,3.76148677,-0.79631072,0.02017134
26.540000,0,FL_foot,4.30504751,-0.42396078,0.02023726
26.540000,0,FR_foot,4.30749702,-0.88523841,0.03086456
26.540000,0,RL_foot,3.81928158,-0.47709659,0.03375726
26.540000,0,RR_foot,3.76184130,-0.79625952,0.02017272
26.560000,0,FL_foot,4.30529785,-0.42393106,0.02023529
26.560000,0,FR_foot,4.32645226,-0.89156872,0.03088833
26.560000,0,RL_foot,3.83431077,-0.47776923,0.03563548
26.560000,0,RR_foot,3.76224566,-0.79620558,0.02018056
26.580000,0,FL_foot,4.30555153,-0.42389870,0.02023059
26.580000,0,FR_foot,4.33801699,-0.89795732,0.02887201
26.580000,0,RL_foot,3.84661555,-0.47709516,0.03723490
26.580000,0,RR_foot,3.76266241,-0.79617280,0.02016677
26.600000,0,FL_foot,4.30581570,-0.42387766,0.02022636
26.600000,0,FR_foot,4.34433222,-0.90292555,0.02508384
26.600000,0,RL_foot,3.85649276,-0.47506097,0.03837682
26.600000,0,RR_foot,3.76311564,-0.79613972,0.02015172
26.620000,0,FL_foot,4.30610371,-0.42391139,0.02021223
26.620000,0,FR_foot,4.34716558,-0.90510547,0.02019325
26.620000,0,RL_foot,3.86409402,-0.47164834,0.03874292
26.620000,0,RR_foot,3.76361966,-0.79617888,0.02024157
26.640000,0,FL_foot,4.30640745,-0.42398220,0.02022169
26.640000,0,FR_foot,4.34738350,-0.90537608,0.02028243
26.640000,0,RL_foot,3.87197685,-0.46938705,0.03551325
26.640000,0,RR_foot,3.76389694,-0.79692602,0.02015016
26.660000,0,FL_foot,4.30670500,-0.42406988,0.02021882
26.660000,0,FR_foot,4.34837151,-0.90595776,0.02027702
26.660000,0,RL_foot,3.87912464,-0.46652636,0.03217721
26.660000,0,RR_foot,3.76422715,-0.79684699,0.02015805
26.680000,0,FL_foot,4.30699348,-0.42416134,0.02021720
26.680000,0,FR_foot,4.34856462,-0.90613163,0.02027511
26.680000,0,RL_foot,3.88461113,-0.46313187,0.02847037
26.680000,0,RR_foot,3.76455283,-0.79674858,0.02015311
26.700000,0,FL_foot,4.30725479,-0.42424178,0.02021336
26.700000,0,FR_foot,4.34874010,-0.90630060,0.02027263
26.700000,0,RL_foot,3.88794994,-0.45931789,0.02446882
26.700000,0,RR_foot,3.76486492,-0.79666334,0.02014530
26.720000,0,FL_foot,4.30749750,-0.42430457,0.02021043
26.720000,0,FR_foot,4.34892559,-0.90643716,0.02027216
26.720000,0,RL_foot,3.88849616,-0.45549676,0.02017303
26.720000,0,RR_foot,3.76517177,-0.79660928,0.02014510
26.740000,0,FL_foot,4.31225586,-0.42669210,0.02159216
26.740000,0,FR_foot,4.34912777,-0.90654755,0.02026774
26.740000,0,RL_foot,3.88878846,-0.45564601,0.02023844
26.740000,0,RR_foot,3.76894426,-0.79463387,0.02086375
26.760000,0,FL_foot,4.32747412,-0.43349236,0.02331329
26.760000,0,FR_foot,4.34930325,-0.90663296,0.02027005
26.760000,0,RL_foot,3.88904834,-0.45575747,0.02024761
26.760000,0,RR_foot,3.78001547,-0.78889662,0.02241463
26.780000,0,FL_foot,4.35074759,-0.44050661,0.02560671
26.780000,0,FR_foot,4.34948921,-0.90671778,0.02026762
26.780000,0,RL_foot,3.88932109,-0.45583990,0.02025245
26.780000,0,RR_foot,3.79721355,-0.78334051,0.02369463
26.800000,0,FL_foot,4.37672949,-0.44510239,0.02815755
26.800000,0,FR_foot,4.34968042,-0.90680403,0.02026296
26.800000,0,RL_foot,3.88961267,-0.45592102,0.02025041
26.800000,0,RR_foot,3.81749725,-0.77924967,0.02497065
26.820000,0,FL_foot,4.40176678,-0.44710433,0.03045125
26.820000,0,FR_foot,4.34988070,-0.90689898,0.02026097
26.820000,0,RL_foot,3.88993573,-0.45602518,0.02026249
26.820000,0,RR_foot,3.83767915,-0.77729630,0.02637164
26.840000,0,FL_foot,4.42364693,-0.44719246,0.03202020
26.840000,0,FR_foot,4.35009861,-0.90698946,0.02025693
26.840000,0,RL_foot,3.89027953,-0.45612738,0.02026067
26.840000,0,RR_foot,3.85572648,-0.77750170,0.02780384
26.860000,0,FL_foot,4.44108057,-0.44615129,0.03242260
26.860000,0,FR_foot,4.35034847,-0.90706438,0.02025043
26.860000,0,RL_foot,3.89065671,-0.45625660,0.02024357
26.860000,0,RR_foot,3.87105775,-0.77960557,0.02913104
26.880000,0,FL_foot,4.45385218,-0.44467357,0.03148377
26.880000,0,FR_foot,4.35060406,-0.90714443,0.02024746
26.880000,0,RL_foot,3.89107323,-0.45641485,0.02023808
26.880000,0,RR_foot,3.88400698,-0.78284538,0.03031499
26.900000,0,FL_foot,4.46295166,-0.44317847,0.02922682
26.900000,0,FR_foot,4.35087252,-0.90721470,0.02024245
26.900000,0,RL_foot,3.89151478,-0.45657438,0.02022226
26.900000,0,RR_foot,3.89511418,-0.78674406,0.03134666
26.920000,0,FL_foot,4.46941948,-0.44211882,0.02577590
26.920000,0,FR_foot,4.35115576,-0.90726459,0.02023883
26.920000,0,RL_foot,3.89197636,-0.45671833,0.02021228
26.920000,0,RR_foot,3.90478325,-0.79115486,0.03225964
26.940000,0,FL_foot,4.47412348,-0.44183078,0.02123156
26.940000,0,FR_foot,4.35143995,-0.90730256,0.02023471
26.940000,0,RL_foot,3.89245653,-0.45684057,0.02020046
26.940000,0,RR_foot,3.91321063,-0.79601079,0.03313290
26.960000,0,FL_foot,4.47449493,-0.44173259,0.02024696
26.960000,0,FR_foot,4.35177326,-0.90726954,0.02023343
26.960000,0,RL_foot,3.89333105,-0.45593596,0.02021898
26.960000,0,RR_foot,3.92176342,-0.80006975,0.03130436
26.980000,0,FL_foot,4.47468758,-0.44156682,0.02025164
26.980000,0,FR_foot,4.35209036,-0.90721846,0.02023156
26.980000,0,RL_foot,3.89363003,-0.45608917,0.02019196
26.980000,0,RR_foot,3.92880678,-0.80467087,0.02772606
27.000000,0,FL_foot,4.47490358,-0.44144011,0.02025347
27.000000,0,FR_foot,4.35235882,-0.90718365,0.02023233
27.000000,0,RL_foot,3.89393663,-0.45619541,0.02018414
27.000000,0,RR_foot,3.93165493,-0.80947965,0.02314700
27.020000,0,FL_foot,4.47513008,-0.44133720,0.02024885
27.020000,0,FR_foot,4.35384178,-0.90763170,0.02080599
27.020000,0,RL_foot,3.89676547,-0.45849675,0.02057251
27.020000,0,RR_foot,3.93120146,-0.81236839,0.02019248
27.040000,0,FL_foot,4.47531462,-0.44126850,0.02025031
27.040000,0,FR_foot,4.36713123,-0.90082061,0.02256050
27.040000,0,RL_foot,3.91099691,-0.47078279,0.02439439
27.040000,0,RR_foot,3.93147540,-0.81226969,0.02016325
27.060000,0,FL_foot,4.47551394,-0.44122148,0.02024783
27.060000,0,FR_foot,4.39321184,-0.89568657,0.02443552
27.060000,0,RL_foot,3.93256235,-0.48040804,0.02747860
27.060000,0,RR_foot,3.93176079,-0.81215203,0.02015913
27.080000,0,FL_foot,4.47572374,-0.44118091,0.02024484
27.080000,0,FR_foot,4.42556763,-0.89463580,0.02685812
27.080000,0,RL_foot,3.95507383,-0.48745519,0.03038464
27.080000,0,RR_foot,3.93205428,-0.81209046,0.02016480
27.100000,0,FL_foot,4.47594357,-0.44114378,0.02024117
27.100000,0,FR_foot,4.45697737,-0.89719814,0.02935768
27.100000,0,RL_foot,3.97555661,-0.49134597,0.03252568
27.100000,0,RR_foot,3.93237376,-0.81203896,0.02017067
27.120000,0,FL_foot,4.47618103,-0.44111949,0.02023872
27.120000,0,FR_foot,4.48234701,-0.90240723,0.03086387
27.120000,0,RL_foot,3.99296212,-0.49321792,0.03440454
27.120000,0,RR_foot,3.93274283,-0.81198227,0.02018198
27.140000,0,FL_foot,4.47642374,-0.44108570,0.02023538
27.140000,0,FR_foot,4.49964905,-0.90904200,0.03048610
27.140000,0,RL_foot,4.00735617,-0.49372134,0.03620693
27.140000,0,RR_foot,3.93312860,-0.81195360,0.02017864
27.160000,0,FL_foot,4.47667789,-0.44105828,0.02023136
27.160000,0,FR_foot,4.50984097,-0.91540259,0.02809244
27.160000,0,RL_foot,4.01913214,-0.49287987,0.03771070
27.160000,0,RR_foot,3.93355942,-0.81191367,0.02016672
27.180000,0,FL_foot,4.47695065,-0.44105881,0.02022797
27.180000,0,FR_foot,4.51523209,-0.92011839,0.02402222
27.180000,0,RL_foot,4.02857590,-0.49071175,0.03875928
27.180000,0,RR_foot,3.93401289,-0.81188762,0.02015648
27.200000,0,FL_foot,4.47723246,-0.44108158,0.02023137
27.200000,0,FR_foot,4.51710272,-0.92167753,0.02028278
27.200000,0,RL_foot,4.03608513,-0.48763847,0.03839637
27.200000,0,RR_foot,3.93455887,-0.81278890,0.02016925
27.220000,0,FL_foot,4.47753763,-0.44117391,0.02022113
27.220000,0,FR_foot,4.51734304,-0.92194837,0.02028317
27.220000,0,RL_foot,4.04393339,-0.48498753,0.03471711
27.220000,0,RR_foot,3.93488884,-0.81300145,0.02014724
27.240000,0,FL_foot,4.47783136,-0.44127223,0.02022000
27.240000,0,FR_foot,4.51831055,-0.92249900,0.02027612
27.240000,0,RL_foot,4.05044079,-0.48226655,0.03136669
27.240000,0,RR_foot,3.93522048,-0.81292671,0.02016140
27.260000,0,FL_foot,4.47810459,-0.44136384,0.02021617
27.260000,0,FR_foot,4.51849985,-0.92267883,0.02027394
27.260000,0,RL_foot,4.05534649,-0.47899279,0.02768283
27.260000,0,RR_foot,3.93553138,-0.81284571,0.02015211
27.280000,0,FL_foot,4.47836685,-0.44144344,0.02021309
27.280000,0,FR_foot,4.51867962,-0.92285120,0.02027301
27.280000,0,RL_foot,4.05816460,-0.47528845,0.02369709
27.280000,0,RR_foot,3.93584132,-0.81277621,0.02014668
27.300000,0,FL_foot,4.47869253,-0.44144136,0.02026062
27.300000,0,FR_foot,4.51892805,-0.92297846,0.02025494
27.300000,0,RL_foot,4.05836058,-0.47236511,0.02013413
27.300000,0,RR_foot,3.93621135,-0.81288862,0.02019009
27.320000,0,FL_foot,4.48576641,-0.44544294,0.02169966
27.320000,0,FR_foot,4.51906824,-0.92307955,0.02026836
27.320000,0,RL_foot,4.05860186,-0.47236487,0.02024127
27.320000,0,RR_foot,3.94048285,-0.81057739,0.02130172
27.340000,0,FL_foot,4.50296831,-0.45279315,0.02351962
27.340000,0,FR_foot,4.51925325,-0.92315847,0.02026799
27.340000,0,RL_foot,4.05886126,-0.47246295,0.02024111
27.340000,0,RR_foot,3.95244122,-0.80497247,0.02292119
27.360000,0,FL_foot,4.52677202,-0.45941326,0.02589761
27.360000,0,FR_foot,4.51944017,-0.92324394,0.02026696
27.360000,0,RL_foot,4.05913877,-0.47257093,0.02025292
27.360000,0,RR_foot,3.97031069,-0.79974848,0.02419829
27.380000,0,FL_foot,4.55234623,-0.46337986,0.02841871
27.380000,0,FR_foot,4.51963234,-0.92333162,0.02026372
27.380000,0,RL_foot,4.05943346,-0.47264597,0.02026033
27.380000,0,RR_foot,3.99071884,-0.79610598,0.02547629
27.400000,0,FL_foot,4.57648993,-0.46481282,0.03055610
27.400000,0,FR_foot,4.51983929,-0.92342007,0.02025831
27.400000,0,RL_foot,4.05975485,-0.47273836,0.02025229
27.400000,0,RR_foot,4.01057100,-0.79461664,0.02684565
27.420000,0,FL_foot,4.59720230,-0.46452799,0.03190952
27.420000,0,FR_foot,4.52006054,-0.92350745,0.02025593
27.420000,0,RL_foot,4.06011581,-0.47286209,0.02025871
27.420000,0,RR_foot,4.02809954,-0.79522860,0.02820915
27.440000,0,FL_foot,4.61348963,-0.46327111,0.03209213
27.440000,0,FR_foot,4.52031326,-0.92357999,0.02025129
27.440000,0,RL_foot,4.06049347,-0.47299203,0.02025068
27.440000,0,RR_foot,4.04296780,-0.79752791,0.02946999
27.460000,0,FL_foot,4.62541008,-0.46167725,0.03096384
27.460000,0,FR_foot,4.52057076,-0.92365390,0.02024643
27.460000,0,RL_foot,4.06091118,-0.47315288,0.02023536
27.460000,0,RR_foot,4.05557823,-0.80081981,0.03058337
27.480000,0,FL_foot,4.63396645,-0.46017548,0.02858223
27.480000,0,FR_foot,4.52083731,-0.92372292,0.02023967
27.480000,0,RL_foot,4.06134224,-0.47329471,0.02021363
27.480000,0,RR_foot,4.06644678,-0.80473685,0.03154191
27.500000,0,FL_foot,4.64014435,-0.45917907,0.02505726
27.500000,0,FR_foot,4.52112246,-0.92376554,0.02023618
27.500000,0,RL_foot,4.06180382,-0.47343478,0.02020600
27.500000,0,RR_foot,4.07593918,-0.80914640,0.03240313
27.520000,0,FL_foot,4.64470863,-0.45899251,0.02046460
27.520000,0,FR_foot,4.52140760,-0.92380023,0.02023206
27.520000,0,RL_foot,4.06228161,-0.47355250,0.02019574
27.520000,0,RR_foot,4.08423185,-0.81399524,0.03324368
27.540000,0,FL_foot,4.64505196,-0.45885378,0.02024545
27.540000,0,FR_foot,4.52173471,-0.92375124,0.02023103
27.540000,0,RL_foot,4.06320286,-0.47266892,0.02021607
27.540000,0,RR_foot,4.09288025,-0.81774241,0.03085279
27.560000,0,FL_foot,4.64523935,-0.45868504,0.02025166
27.560000,0,FR_foot,4.52204847,-0.92369717,0.02023150
27.560000,0,RL_foot,4.06349230,-0.47284263,0.02019032
27.560000,0,RR_foot,4.09968472,-0.82239991,0.02717038
27.580000,0,FL_foot,4.64544964,-0.45855787,0.02025475
27.580000,0,FR_foot,4.52231169,-0.92365932,0.02023417
27.580000,0,RL_foot,4.06379986,-0.47292361,0.02018101
27.580000,0,RR_foot,4.10191488,-0.82729292,0.02239930
27.600000,0,FL_foot,4.64565754,-0.45845217,0.02025448
27.600000,0,FR_foot,4.52396965,-0.92388594,0.02080723
27.600000,0,RL_foot,4.06973362,-0.47745967,0.02102157
27.600000,0,RR_foot,4.10184288,-0.82858080,0.02020638
27.620000,0,FL_foot,4.64585352,-0.45838958,0.02025177
27.620000,0,FR_foot,4.53825665,-0.91684937,0.02248515
27.620000,0,RL_foot,4.08584738,-0.49006835,0.02519882
27.620000,0,RR_foot,4.10212612,-0.82844299,0.02016304
27.640000,0,FL_foot,4.64606380,-0.45834789,0.02024669
27.640000,0,FR_foot,4.56532621,-0.91218323,0.02438100
27.640000,0,RL_foot,4.10745621,-0.49903512,0.02831214
27.640000,0,RR_foot,4.10241413,-0.82835859,0.02015755
27.660000,0,FL_foot,4.64627504,-0.45831081,0.02024384
27.660000,0,FR_foot,4.59810400,-0.91168141,0.02681028
27.660000,0,RL_foot,4.12932110,-0.50539201,0.03111988
27.660000,0,RR_foot,4.10271168,-0.82828593,0.02016413
27.680000,0,FL_foot,4.64649916,-0.45827597,0.02024233
27.680000,0,FR_foot,4.62933636,-0.91466331,0.02923555
27.680000,0,RL_foot,4.14898491,-0.50872582,0.03312429
27.680000,0,RR_foot,4.10305119,-0.82820880,0.02017502
27.700000,0,FL_foot,4.64674187,-0.45825380,0.02023816
27.700000,0,FR_foot,4.65414762,-0.92009377,0.03058832
27.700000,0,RL_foot,4.16569948,-0.51029265,0.03492928
27.700000,0,RR_foot,4.10341120,-0.82818246,0.02018163
27.720000,0,FL_foot,4.64698839,-0.45822316,0.02023397
27.720000,0,FR_foot,4.67087030,-0.92675084,0.03001823
27.720000,0,RL_foot,4.17956352,-0.51055855,0.03664793
27.720000,0,RR_foot,4.10380697,-0.82815367,0.02017328
27.740000,0,FL_foot,4.64724159,-0.45819730,0.02023140
27.740000,0,FR_foot,4.68066549,-0.93295705,0.02745879
27.740000,0,RL_foot,4.19092846,-0.50949407,0.03805842
27.740000,0,RR_foot,4.10424089,-0.82811844,0.02016582
27.760000,0,FL_foot,4.64751482,-0.45820102,0.02022770
27.760000,0,FR_foot,4.68586874,-0.93740988,0.02325221
27.760000,0,RL_foot,4.20006466,-0.50713789,0.03901909
27.760000,0,RR_foot,4.10469723,-0.82809532,0.02015508
27.780000,0,FL_foot,4.64780521,-0.45824313,0.02022873
27.780000,0,FR_foot,4.68760443,-0.93877077,0.02028986
27.780000,0,RL_foot,4.20751381,-0.50413990,0.03806320
27.780000,0,RR_foot,4.10538530,-0.82916194,0.02011713
27.800000,0,FL_foot,4.64810896,-0.45833665,0.02022255
27.800000,0,FR_foot,4.68782806,-0.93901753,0.02027990
27.800000,0,RL_foot,4.21536541,-0.50142258,0.03435080
27.800000,0,RR_foot,4.10572529,-0.82909685,0.02015625
27.820000,0,FL_foot,4.64840221,-0.45843601,0.02021946
27.820000,0,FR_foot,4.68853378,-0.93944955,0.02027677
27.820000,0,RL_foot,4.22174311,-0.49862820,0.03091761
27.820000,0,RR_foot,4.10604572,-0.82903081,0.02015917
27.840000,0,FL_foot,4.64867258,-0.45852783,0.02021545
27.840000,0,FR_foot,4.68871737,-0.93963236,0.02027486
27.840000,0,RL_foot,4.22637177,-0.49530128,0.02720550
27.840000,0,RR_foot,4.10635948,-0.82895744,0.02015177
27.860000,0,FL_foot,4.64893007,-0.45860595,0.02021334
27.860000,0,FR_foot,4.68890619,-0.93979830,0.02027103
27.860000,0,RL_foot,4.22883701,-0.49155688,0.02318787
27.860000,0,RR_foot,4.10667181,-0.82887250,0.02014434
27.880000,0,FL_foot,4.64921761,-0.45860738,0.02037491
27.880000,0,FR_foot,4.68914557,-0.93992168,0.02025061
27.880000,0,RL_foot,4.22898626,-0.48909137,0.02014806
27.880000,0,RR_foot,4.10704613,-0.82915765,0.02017650
27.900000,0,FL_foot,4.65774727,-0.46315497,0.02156523
27.900000,0,FR_foot,4.68930626,-0.94001037,0.02026750
27.900000,0,RL_foot,4.22925377,-0.48916113,0.02023669
27.900000,0,RR_foot,4.11199093,-0.82620788,0.02179289
27.920000,0,FL_foot,4.67633963,-0.47083098,0.02331175
27.920000,0,FR_foot,4.68949842,-0.94008231,0.02026894
27.920000,0,RL_foot,4.22951365,-0.48928034,0.02024671
27.920000,0,RR_foot,4.12466478,-0.82070196,0.02357393
27.940000,0,FL_foot,4.70075512,-0.47725493,0.02563916
27.940000,0,FR_foot,4.68968773,-0.94015753,0.02026641
27.940000,0,RL_foot,4.22979832,-0.48935705,0.02025396
27.940000,0,RR_foot,4.14305925,-0.81566030,0.02494439
27.960000,0,FL_foot,4.72638512,-0.48089853,0.02804422
27.960000,0,FR_foot,4.68988991,-0.94024009,0.02026164
27.960000,0,RL_foot,4.23010063,-0.48943508,0.02025163
27.960000,0,RR_foot,4.16358995,-0.81230390,0.02627040
27.980000,0,FL_foot,4.75026846,-0.48201680,0.03001810
27.980000,0,FR_foot,4.69010210,-0.94032609,0.02025939
27.980000,0,RL_foot,4.23043728,-0.48953909,0.02026121
27.980000,0,RR_foot,4.18326426,-0.81111848,0.02766013
28.000000,0,FL_foot,4.77049446,-0.48146310,0.03112474
28.000000,0,FR_foot,4.69034290,-0.94039774,0.02025530
28.000000,0,RL_foot,4.23079586,-0.48964086,0.02026145
28.000000,0,RR_foot,4.20050049,-0.81199926,0.02902419
28.020000,0,FL_foot,4.78615713,-0.48003966,0.03099581
28.020000,0,FR_foot,4.69059896,-0.94046628,0.02024832
28.020000,0,RL_foot,4.23118639,-0.48977095,0.02023847
28.020000,0,RR_foot,4.21511364,-0.81446385,0.03028517
28.040000,0,FL_foot,4.79753017,-0.47836229,0.02954759
28.040000,0,FR_foot,4.69086552,-0.94053560,0.02024354
28.040000,0,RL_foot,4.23161316,-0.48992532,0.02022338
28.040000,0,RR_foot,4.22752762,-0.81785572,0.03140828
28.060000,0,FL_foot,4.80565834,-0.47684991,0.02684133
28.060000,0,FR_foot,4.69115114,-0.94058388,0.02024001
28.060000,0,RL_foot,4.23206520,-0.49007368,0.02021451
28.060000,0,RR_foot,4.23826981,-0.82185394,0.03239400
28.080000,0,FL_foot,4.81153059,-0.47590110,0.02297896
28.080000,0,FR_foot,4.69143581,-0.94062769,0.02023542
28.080000,0,RL_foot,4.23253584,-0.49020600,0.02020354
28.080000,0,RR_foot,4.24768877,-0.82634676,0.03329623
28.100000,0,FL_foot,4.81403828,-0.47577900,0.02024831
28.100000,0,FR_foot,4.69174528,-0.94062430,0.02024027
28.100000,0,RL_foot,4.23341799,-0.48928082,0.02018376
28.100000,0,RR_foot,4.25631285,-0.83053678,0.03298293
28.120000,0,FL_foot,4.81427765,-0.47558632,0.02024958
28.120000,0,FR_foot,4.69207573,-0.94058031,0.02023347
28.120000,0,RL_foot,4.23375607,-0.48943958,0.02019536
28.120000,0,RR_foot,4.26446724,-0.83471000,0.02954316
28.140000,0,FL_foot,4.81449318,-0.47544163,0.02025184
28.140000,0,FR_foot,4.69236803,-0.94053775,0.02023202
28.140000,0,RL_foot,4.23406839,-0.48955879,0.02018949
28.140000,0,RR_foot,4.26965904,-0.83914125,0.02553836
28.160000,0,FL_foot,4.81471729,-0.47532949,0.02025498
28.160000,0,FR_foot,4.69261599,-0.94051033,0.02023593
28.160000,0,RL_foot,4.23438120,-0.48961374,0.02018751
28.160000,0,RR_foot,4.27047491,-0.84407777,0.02044635
28.180000,0,FL_foot,4.81493425,-0.47523594,0.02025151
28.180000,0,FR_foot,4.69905949,-0.93862146,0.02152288
28.180000,0,RL_foot,4.24484015,-0.49811345,0.02244436
28.180000,0,RR_foot,4.27079344,-0.84394544,0.02017589
28.200000,0,FL_foot,4.81513453,-0.47517505,0.02024994
28.200000,0,FR_foot,4.71846628,-0.93180209,0.02340729
28.200000,0,RL_foot,4.26417685,-0.50989425,0.02614238
28.200000,0,RR_foot,4.27107573,-0.84383553,0.02015947
28.220000,0,FL_foot,4.81535149,-0.47512335,0.02024571
28.220000,0,FR_foot,4.74808645,-0.92837554,0.02560322
28.220000,0,RL_foot,4.28635311,-0.51773584,0.02901962
28.220000,0,RR_foot,4.27137089,-0.84375221,0.02015977
28.240000,0,FL_foot,4.81556416,-0.47508731,0.02024417
28.240000,0,FR_foot,4.78080368,-0.92914081,0.02813035
28.240000,0,RL_foot,4.30765867,-0.52281040,0.03155791
28.240000,0,RR_foot,4.27169609,-0.84365374,0.02016927
28.260000,0,FL_foot,4.81579447,-0.47505015,0.02024137
28.260000,0,FR_foot,4.80991459,-0.93302047,0.03026873
28.260000,0,RL_foot,4.32630205,-0.52532369,0.03349334
28.260000,0,RR_foot,4.27203655,-0.84361720,0.02017817
28.280000,0,FL_foot,4.81603384,-0.47501138,0.02023630
28.280000,0,FR_foot,4.83162928,-0.93896180,0.03092396
28.280000,0,RL_foot,4.34188795,-0.52635342,0.03531989
28.280000,0,RR_foot,4.27241325,-0.84357792,0.02017310
28.300000,0,FL_foot,4.81628561,-0.47498730,0.02023453
28.300000,0,FR_foot,4.84549236,-0.94549292,0.02956510
28.300000,0,RL_foot,4.35469055,-0.52605498,0.03694113
28.300000,0,RR_foot,4.27283287,-0.84353673,0.02017567
28.320000,0,FL_foot,4.81654644,-0.47496653,0.02023106
28.320000,0,FR_foot,4.85332346,-0.95097303,0.02631898
28.320000,0,RL_foot,4.36510086,-0.52442545,0.03815741
28.320000,0,RR_foot,4.27327728,-0.84350455,0.02016300
28.340000,0,FL_foot,4.81681776,-0.47496635,0.02022652
28.340000,0,FR_foot,4.85745955,-0.95439225,0.02157668
28.340000,0,RL_foot,4.37328196,-0.52141905,0.03880886
28.340000,0,RR_foot,4.27374220,-0.84348768,0.02014701
28.360000,0,FL_foot,4.81712341,-0.47502843,0.02023265
28.360000,0,FR_foot,4.85786915,-0.95465499,0.02028026
28.360000,0,RL_foot,4.38053226,-0.51841497,0.03634816
28.360000,0,RR_foot,4.27434206,-0.84461516,0.02022695
28.380000,0,FL_foot,4.81741905,-0.47512415,0.02022275
28.380000,0,FR_foot,4.85858202,-0.95518661,0.02027827
28.380000,0,RL_foot,4.38771343,-0.51542348,0.03280975
28.380000,0,RR_foot,4.27465057,-0.84451079,0.02016497
28.400000,0,FL_foot,4.81769562,-0.47520676,0.02021886
28.400000,0,FR_foot,4.85875559,-0.95537055,0.02027522
28.400000,0,RL_foot,4.39333248,-0.51223338,0.02921054
28.400000,0,RR_foot,4.27496672,-0.84442598,0.02015215
28.420000,0,FL_foot,4.81796551,-0.47529262,0.02021524
28.420000,0,FR_foot,4.85893536,-0.95554173,0.02027327
28.420000,0,RL_foot,4.39700222,-0.50864434,0.02537815
28.420000,0,RR_foot,4.27527714,-0.84434921,0.02014724
28.440000,0,FL_foot,4.81820869,-0.47535738,0.02021315
28.440000,0,FR_foot,4.85911131,-0.95568466,0.02027152
28.440000,0,RL_foot,4.39810038,-0.50445056,0.02102443
28.440000,0,RR_foot,4.27558374,-0.84427261,0.02014467
28.460000,0,FL_foot,4.82016802,-0.47602522,0.02090616
28.460000,0,FR_foot,4.85931492,-0.95580029,0.02026866
28.460000,0,RL_foot,4.39838886,-0.50467730,0.02024711
28.460000,0,RR_foot,4.27708387,-0.84403378,0.02048540
28.480000,0,FL_foot,4.83236027,-0.48194188,0.02237501
28.480000,0,FR_foot,4.85949469,-0.95588291,0.02026913
28.480000,0,RL_foot,4.39864445,-0.50477552,0.02024327
28.480000,0,RR_foot,4.28562498,-0.83910543,0.02220719
28.500000,0,FL_foot,4.85376310,-0.48916373,0.02445080
28.500000,0,FR_foot,4.85967541,-0.95595843,0.02026915
28.500000,0,RL_foot,4.39890528,-0.50489074,0.02024952
28.500000,0,RR_foot,4.30111551,-0.83347595,0.02367412
28.520000,0,FL_foot,4.87916756,-0.49432316,0.02694227
28.520000,0,FR_foot,4.85985994,-0.95604432,0.02026615
28.520000,0,RL_foot,4.39918709,-0.50496638,0.02025669
28.520000,0,RR_foot,4.32079315,-0.82890034,0.02494927
28.540000,0,FL_foot,4.90452051,-0.49681494,0.02932222
28.540000,0,FR_foot,4.86005688,-0.95613092,0.02026089
28.540000,0,RL_foot,4.39948988,-0.50505090,0.02025242
28.540000,0,RR_foot,4.34119511,-0.82629228,0.02629010
28.560000,0,FL_foot,4.92733479,-0.49719942,0.03114456
28.560000,0,FR_foot,4.86026621,-0.95622265,0.02025883
28.560000,0,RL_foot,4.39983034,-0.50516337,0.02026225
28.560000,0,RR_foot,4.35987711,-0.82585561,0.02768306
28.580000,0,FL_foot,4.94606543,-0.49623635,0.03195443
28.580000,0,FR_foot,4.86049700,-0.95630825,0.02025457
28.580000,0,RL_foot,4.40019131,-0.50528038,0.02025777
28.580000,0,RR_foot,4.37588835,-0.82742101,0.02899353
28.600000,0,FL_foot,4.96010733,-0.49467069,0.03146797
28.600000,0,FR_foot,4.86075687,-0.95638072,0.02024965
28.600000,0,RL_foot,4.40059757,-0.50543362,0.02024458
28.600000,0,RR_foot,4.38939619,-0.83031791,0.03017859
28.620000,0,FL_foot,4.97018337,-0.49299452,0.02966862
28.620000,0,FR_foot,4.86102009,-0.95645177,0.02024519
28.620000,0,RL_foot,4.40102911,-0.50559348,0.02022928
28.620000,0,RR_foot,4.40092421,-0.83399159,0.03121825
28.640000,0,FL_foot,4.97738552,-0.49164501,0.02665942
28.640000,0,FR_foot,4.86128998,-0.95651418,0.02024034
28.640000,0,RL_foot,4.40147972,-0.50574547,0.02021447
28.640000,0,RR_foot,4.41095924,-0.83820063,0.03213661
28.660000,0,FL_foot,4.98260927,-0.49098539,0.02254913
28.660000,0,FR_foot,4.86157846,-0.95655203,0.02023675
28.660000,0,RL_foot,4.40194988,-0.50587684,0.02020508
28.660000,0,RR_foot,4.41975164,-0.84286195,0.03299186
28.680000,0,FL_foot,4.98404503,-0.49097326,0.02024045
28.680000,0,FR_foot,4.86188459,-0.95654821,0.02023704
28.680000,0,RL_foot,4.40288353,-0.50467491,0.02017382
28.680000,0,RR_foot,4.42805958,-0.84702688,0.03225236
28.700000,0,FL_foot,4.98423862,-0.49080133,0.02024974
28.700000,0,FR_foot,4.86219454,-0.95651174,0.02023334
28.700000,0,RL_foot,4.40322733,-0.50481802,0.02019551
28.700000,0,RR_foot,4.43553829,-0.85124123,0.02867946
28.720000,0,FL_foot,4.98445320,-0.49066731,0.02025199
28.720000,0,FR_foot,4.86248732,-0.95647603,0.02023305
28.720000,0,RL_foot,4.40353918,-0.50491452,0.02019173
28.720000,0,RR_foot,4.43970203,-0.85568732,0.02446614
28.740000,0,FL_foot,4.98471451,-0.49058515,0.02023061
28.740000,0,FR_foot,4.86288691,-0.95658463,0.02021814
28.740000,0,RL_foot,4.40386724,-0.50491136,0.02029401
28.740000,0,RR_foot,4.43979025,-0.85934627,0.01998478
28.760000,0,FL_foot,4.98490191,-0.49050108,0.02024953
28.760000,0,FR_foot,4.87219954,-0.95205390,0.02176066
28.760000,0,RL_foot,4.41580677,-0.51547992,0.02392714
28.760000,0,RR_foot,4.44008684,-0.85929680,0.02014702
28.780000,0,FL_foot,4.98511553,-0.49044248,0.02024623
28.780000,0,FR_foot,4.89484406,-0.94617599,0.02344818
28.780000,0,RL_foot,4.43659687,-0.52587801,0.02734654
28.780000,0,RR_foot,4.44038153,-0.85920286,0.02015553
28.800000,0,FL_foot,4.98532152,-0.49039891,0.02024505
28.800000,0,FR_foot,4.92586374,-0.94403404,0.02563355
28.800000,0,RL_foot,4.45940590,-0.53341025,0.03033790
28.800000,0,RR_foot,4.44069386,-0.85908908,0.02016146
28.820000,0,FL_foot,4.98554754,-0.49036077,0.02024215
28.820000,0,FR_foot,4.95794153,-0.94577330,0.02809646
28.820000,0,RL_foot,4.48075104,-0.53796226,0.03270144
28.820000,0,RR_foot,4.44102001,-0.85904187,0.02017063
28.840000,0,FL_foot,4.98578310,-0.49032488,0.02023769
28.840000,0,FR_foot,4.98515320,-0.95036477,0.02986909
28.840000,0,RL_foot,4.49913931,-0.54023069,0.03462756
28.840000,0,RR_foot,4.44137573,-0.85899669,0.02017281
28.860000,0,FL_foot,4.98603535,-0.49030089,0.02023562
28.860000,0,FR_foot,5.00456095,-0.95672739,0.02993308
28.860000,0,RL_foot,4.51437664,-0.54106039,0.03647710
28.860000,0,RR_foot,4.44178104,-0.85894877,0.02018077
28.880000,0,FL_foot,4.98629141,-0.49027431,0.02023087
28.880000,0,FR_foot,5.01645756,-0.96320492,0.02795321
28.880000,0,RL_foot,4.52688074,-0.54053026,0.03805692
28.880000,0,RR_foot,4.44219637,-0.85892236,0.02016724
28.900000,0,FL_foot,4.98655844,-0.49025953,0.02022645
28.900000,0,FR_foot,5.02295351,-0.96831328,0.02417664
28.900000,0,RL_foot,4.53696489,-0.53862965,0.03919498
28.900000,0,RR_foot,4.44265079,-0.85889554,0.02015219
28.920000,0,FL_foot,4.98684692,-0.49028799,0.02023261
28.920000,0,FR_foot,5.02581644,-0.97062337,0.02026215
28.920000,0,RL_foot,4.54484892,-0.53577846,0.03922980
28.920000,0,RR_foot,4.44333792,-0.85955960,0.02012003
28.940000,0,FL_foot,4.98715162,-0.49038795,0.02022183
28.940000,0,FR_foot,5.02593279,-0.97087020,0.02028197
28.940000,0,RL_foot,4.55301714,-0.53345478,0.03543715
28.940000,0,RR_foot,4.44353819,-0.85985357,0.02015853
28.960000,0,FL_foot,4.98743963,-0.49048397,0.02021995
28.960000,0,FR_foot,5.02691412,-0.97147149,0.02027666
28.960000,0,RL_foot,4.55986738,-0.53085142,0.03196958
28.960000,0,RR_foot,4.44386911,-0.85978788,0.02016106
28.980000,0,FL_foot,4.98772573,-0.49058715,0.02021666
28.980000,0,FR_foot,5.02719879,-0.97169048,0.02027349
28.980000,0,RL_foot,4.56504440,-0.52765131,0.02825349
28.980000,0,RR_foot,4.44418478,-0.85971636,0.02015324
29.000000,0,FL_foot,4.98798990,-0.49067608,0.02021226
29.000000,0,FR_foot,5.02737999,-0.97186625,0.02027098
29.000000,0,RL_foot,4.56817627,-0.52397621,0.02424712
29.000000,0,RR_foot,4.44449568,-0.85964894,0.02014582
29.020000,0,FL_foot,4.98822594,-0.49074242,0.02022234
29.020000,0,FR_foot,5.02757311,-0.97200006,0.02026714
29.020000,0,RL_foot,4.56863832,-0.52054840,0.02015567
29.020000,0,RR_foot,4.44480562,-0.85959542,0.02015732
29.040000,0,FL_foot,4.99342012,-0.49367267,0.02144147
29.040000,0,FR_foot,5.02775764,-0.97210890,0.02026832
29.040000,0,RL_foot,4.56891441,-0.52063489,0.02024274
29.040000,0,RR_foot,4.44857407,-0.85750079,0.02122384
29.060000,0,FL_foot,5.00928307,-0.50091964,0.02307425
29.060000,0,FR_foot,5.02793980,-0.97219574,0.02026753
29.060000,0,RL_foot,4.56917572,-0.52072901,0.02024126
29.060000,0,RR_foot,4.45954895,-0.85203451,0.02291700
29.080000,0,FL_foot,5.03301716,-0.50804210,0.02534140
29.080000,0,FR_foot,5.02812243,-0.97227538,0.02026737
29.080000,0,RL_foot,4.56945133,-0.52083439,0.02025263
29.080000,0,RR_foot,4.47665691,-0.84681535,0.02424263
29.100000,0,FL_foot,5.05914259,-0.51262605,0.02788280
29.100000,0,FR_foot,5.02831888,-0.97236216,0.02026431
29.100000,0,RL_foot,4.56974506,-0.52090615,0.02026076
29.100000,0,RR_foot,4.49685144,-0.84306085,0.02549923
29.120000,0,FL_foot,5.08408022,-0.51458621,0.03012468
29.120000,0,FR_foot,5.02852106,-0.97245258,0.02025852
29.120000,0,RL_foot,4.57006073,-0.52099526,0.02025132
29.120000,0,RR_foot,4.51691628,-0.84140480,0.02684642
29.140000,0,FL_foot,5.10569048,-0.51469082,0.03163818
29.140000,0,FR_foot,5.02875042,-0.97253096,0.02025647
29.140000,0,RL_foot,4.57041597,-0.52111208,0.02026310
29.140000,0,RR_foot,4.53483057,-0.84184963,0.02821711
29.160000,0,FL_foot,5.12285519,-0.51366884,0.03197561
29.160000,0,FR_foot,5.02899599,-0.97260803,0.02025203
29.160000,0,RL_foot,4.57079220,-0.52123868,0.02025468
29.160000,0,RR_foot,4.55006409,-0.84409869,0.02951338
29.180000,0,FL_foot,5.13540983,-0.51217490,0.03095168
29.180000,0,FR_foot,5.02925634,-0.97268069,0.02024647
29.180000,0,RL_foot,4.57120991,-0.52139848,0.02023669
29.180000,0,RR_foot,4.56297255,-0.84741795,0.03067665
29.200000,0,FL_foot,5.14433336,-0.51066178,0.02861794
29.200000,0,FR_foot,5.02953768,-0.97273958,0.02024257
29.200000,0,RL_foot,4.57165289,-0.52155465,0.02022500
29.200000,0,RR_foot,4.57406235,-0.85138935,0.03169106
29.220000,0,FL_foot,5.15069294,-0.50958318,0.02509036
29.220000,0,FR_foot,5.02981615,-0.97279102,0.02023822
29.220000,0,RL_foot,4.57211447,-0.52169806,0.02021225
29.220000,0,RR_foot,4.58374071,-0.85586041,0.03259965
29.240000,0,FL_foot,5.15531063,-0.50928026,0.02046887
29.240000,0,FR_foot,5.03010082,-0.97282606,0.02023345
29.240000,0,RL_foot,4.57259083,-0.52182049,0.02019856
29.240000,0,RR_foot,4.59217262,-0.86076850,0.03347245
29.260000,0,FL_foot,5.15565872,-0.50913894,0.02024614
29.260000,0,FR_foot,5.03044081,-0.97277373,0.02023199
29.260000,0,RL_foot,4.57348204,-0.52092469,0.02021862
29.260000,0,RR_foot,4.60094213,-0.86460829,0.03109057
29.280000,0,FL_foot,5.15584755,-0.50896865,0.02025229
29.280000,0,FR_foot,5.03074265,-0.97272396,0.02023100
29.280000,0,RL_foot,4.57377195,-0.52110171,0.02019236
29.280000,0,RR_foot,4.60785389,-0.86929971,0.02744639
29.300000,0,FL_foot,5.15605927,-0.50884151,0.02025514
29.300000,0,FR_foot,5.03100681,-0.97269142,0.02023209
29.300000,0,RL_foot,4.57407856,-0.52118689,0.02018202
29.300000,0,RR_foot,4.61023664,-0.87418783,0.02272224
29.320000,0,FL_foot,5.15629005,-0.50874639,0.02024572
29.320000,0,FR_foot,5.03256464,-0.97304308,0.02071799
29.320000,0,RL_foot,4.57886696,-0.52461350,0.02068830
29.320000,0,RR_foot,4.61024809,-0.87542045,0.02015522
29.340000,0,FL_foot,5.15647793,-0.50868106,0.02025183
29.340000,0,FR_foot,5.04633379,-0.96653956,0.02271334
29.340000,0,RL_foot,4.59454870,-0.53687841,0.02454456
29.340000,0,RR_foot,4.61052370,-0.87527406,0.02016012
29.360000,0,FL_foot,5.15668583,-0.50863701,0.02024736
29.360000,0,FR_foot,5.07269764,-0.96197963,0.02487815
29.360000,0,RL_foot,4.61617136,-0.54594845,0.02744914
29.360000,0,RR_foot,4.61079979,-0.87517953,0.02015778
29.380000,0,FL_foot,5.15689373,-0.50859660,0.02024441
29.380000,0,FR_foot,5.10499525,-0.96139836,0.02755899
29.380000,0,RL_foot,4.63815451,-0.55240065,0.03008343
29.380000,0,RR_foot,4.61109114,-0.87509674,0.02016380
29.400000,0,FL_foot,5.15711069,-0.50855440,0.02024329
29.400000,0,FR_foot,5.13608122,-0.96432948,0.03024638
29.400000,0,RL_foot,4.65798855,-0.55588549,0.03200624
29.400000,0,RR_foot,4.61142302,-0.87500989,0.02017664
29.420000,0,FL_foot,5.15734148,-0.50851214,0.02023936
29.420000,0,FR_foot,5.16098976,-0.96976453,0.03189296
29.420000,0,RL_foot,4.67487955,-0.55754650,0.03372400
29.420000,0,RR_foot,4.61177254,-0.87497008,0.02017950
29.440000,0,FL_foot,5.15758657,-0.50848222,0.02023504
29.440000,0,FR_foot,5.17788887,-0.97647738,0.03165428
29.440000,0,RL_foot,4.68888950,-0.55792284,0.03538359
29.440000,0,RR_foot,4.61215925,-0.87493098,0.02017490
29.460000,0,FL_foot,5.15783691,-0.50844514,0.02023318
29.460000,0,FR_foot,5.18783951,-0.98279715,0.02944051
29.460000,0,RL_foot,4.70038271,-0.55698967,0.03676455
29.460000,0,RR_foot,4.61258698,-0.87488699,0.02017007
29.480000,0,FL_foot,5.15809822,-0.50842750,0.02022886
29.480000,0,FR_foot,5.19318199,-0.98745531,0.02559374
29.480000,0,RL_foot,4.70965815,-0.55483997,0.03774350
29.480000,0,RR_foot,4.61303425,-0.87485152,0.02015459
29.500000,0,FL_foot,5.15837526,-0.50844413,0.02022523
29.500000,0,FR_foot,5.19604063,-0.98989481,0.02049888
29.500000,0,RL_foot,4.71682644,-0.55132741,0.03814049
29.500000,0,RR_foot,4.61350203,-0.87483931,0.02014485
29.520000,0,FL_foot,5.15868330,-0.50852978,0.02022351
29.520000,0,FR_foot,5.19634867,-0.99012870,0.02028266
29.520000,0,RL_foot,4.72359371,-0.54840308,0.03473184
29.520000,0,RR_foot,4.61410284,-0.87572038,0.02016945
29.540000,0,FL_foot,5.15897942,-0.50862414,0.02022147
29.540000,0,FR_foot,5.19664240,-0.99038279,0.02027610
29.540000,0,RL_foot,4.73018169,-0.54551351,0.03120835
29.540000,0,RR_foot,4.61442709,-0.87563497,0.02016165
29.560000,0,FL_foot,5.15926456,-0.50872368,0.02021834
29.560000,0,FR_foot,5.19679499,-0.99057174,0.02027608
29.560000,0,RL_foot,4.73532057,-0.54235667,0.02758677
29.560000,0,RR_foot,4.61473846,-0.87555397,0.02015386
29.580000,0,FL_foot,5.15952492,-0.50881183,0.02021416
29.580000,0,FR_foot,5.19697380,-0.99074912,0.02027415
29.580000,0,RL_foot,4.73830462,-0.53879958,0.02367481
29.580000,0,RR_foot,4.61504984,-0.87548703,0.02014819
29.600000,0,FL_foot,5.15986443,-0.50880474,0.02025336
29.600000,0,FR_foot,5.19722033,-0.99088395,0.02025802
29.600000,0,RL_foot,4.73857069,-0.53597891,0.02013954
29.600000,0,RR_foot,4.61542177,-0.87561429,0.02018815
29.620000,0,FL_foot,5.16708279,-0.51264298,0.02168682
29.620000,0,FR_foot,5.19735765,-0.99098897,0.02026996
29.620000,0,RL_foot,4.73882723,-0.53597099,0.02024028
29.620000,0,RR_foot,4.61977339,-0.87331247,0.02135603
29.640000,0,FL_foot,5.18433285,-0.51987910,0.02349454
29.640000,0,FR_foot,5.19753790,-0.99107331,0.02026912
29.640000,0,RL_foot,4.73908663,-0.53607476,0.02024069
29.640000,0,RR_foot,4.63186789,-0.86785048,0.02303378
29.660000,0,FL_foot,5.20800400,-0.52644151,0.02583450
29.660000,0,FR_foot,5.19772387,-0.99116558,0.02026805
29.660000,0,RL_foot,4.73936653,-0.53618908,0.02025268
29.660000,0,RR_foot,4.64980888,-0.86281937,0.02438935
29.680000,0,FL_foot,5.23337650,-0.53038532,0.02828941
29.680000,0,FR_foot,5.19791365,-0.99126369,0.02026454
29.680000,0,RL_foot,4.73966742,-0.53627229,0.02025861
29.680000,0,RR_foot,4.67017794,-0.85939664,0.02573676
29.700000,0,FL_foot,5.25730610,-0.53180444,0.03034661
29.700000,0,FR_foot,5.19812059,-0.99135625,0.02025861
29.700000,0,RL_foot,4.73998880,-0.53637230,0.02025129
29.700000,0,RR_foot,4.68990707,-0.85814202,0.02713908
29.720000,0,FL_foot,5.27781677,-0.53150839,0.03161470
29.720000,0,FR_foot,5.19834757,-0.99145252,0.02025673
29.720000,0,RL_foot,4.74035215,-0.53650326,0.02025935
29.720000,0,RR_foot,4.70728540,-0.85898495,0.02850324
29.740000,0,FL_foot,5.29394150,-0.53026533,0.03171414
29.740000,0,FR_foot,5.19858980,-0.99154007,0.02024955
29.740000,0,RL_foot,4.74073458,-0.53664523,0.02023582
29.740000,0,RR_foot,4.72203541,-0.86145234,0.02975302
29.760000,0,FL_foot,5.30574989,-0.52873313,0.03054843
29.760000,0,FR_foot,5.19885635,-0.99161452,0.02024718
29.760000,0,RL_foot,4.74115562,-0.53680944,0.02023414
29.760000,0,RR_foot,4.73453569,-0.86487031,0.03084484
29.780000,0,FL_foot,5.31428099,-0.52730709,0.02814758
29.780000,0,FR_foot,5.19912720,-0.99168420,0.02024091
29.780000,0,RL_foot,4.74159050,-0.53695446,0.02021449
29.780000,0,RR_foot,4.74532700,-0.86887687,0.03178593
29.800000,0,FL_foot,5.32049847,-0.52639490,0.02461577
29.800000,0,FR_foot,5.19940519,-0.99174464,0.02023605
29.800000,0,RL_foot,4.74205542,-0.53710067,0.02020143
29.800000,0,RR_foot,4.75476980,-0.87335145,0.03263458
29.820000,0,FL_foot,5.32441711,-0.52636701,0.02015131
29.820000,0,FR_foot,5.19970131,-0.99177265,0.02019447
29.820000,0,RL_foot,4.74256325,-0.53717643,0.02027019
29.820000,0,RR_foot,4.76300335,-0.87817299,0.03337904
29.840000,0,FL_foot,5.32456970,-0.52613455,0.02025112
29.840000,0,FR_foot,5.20002651,-0.99173987,0.02023297
29.840000,0,RL_foot,4.74294233,-0.53622657,0.02019835
29.840000,0,RR_foot,4.77121830,-0.88173813,0.03058651
29.860000,0,FL_foot,5.32479382,-0.52598763,0.02024862
29.860000,0,FR_foot,5.20032644,-0.99170440,0.02023129
29.860000,0,RL_foot,4.74325562,-0.53636688,0.02018973
29.860000,0,RR_foot,4.77772903,-0.88615078,0.02696460
29.880000,0,FL_foot,5.32500124,-0.52586776,0.02025292
29.880000,0,FR_foot,5.20060062,-0.99167275,0.02023496
29.880000,0,RL_foot,4.74356556,-0.53647333,0.02018172
29.880000,0,RR_foot,4.78035736,-0.89098459,0.02229622
29.900000,0,FL_foot,5.32522821,-0.52577037,0.02025484
29.900000,0,FR_foot,5.20281029,-0.99202782,0.02077011
29.900000,0,RL_foot,4.75002718,-0.54168993,0.02111446
29.900000,0,RR_foot,4.78039885,-0.89228690,0.02021815
29.920000,0,FL_foot,5.32542372,-0.52571070,0.02025061
29.920000,0,FR_foot,5.21787786,-0.98475671,0.02230246
29.920000,0,RL_foot,4.76661921,-0.55485463,0.02542796
29.920000,0,RR_foot,4.78069067,-0.89216542,0.02016374
29.940000,0,FL_foot,5.32563305,-0.52567172,0.02024577
29.940000,0,FR_foot,5.24540997,-0.98015678,0.02405168
29.940000,0,RL_foot,4.78857470,-0.56400567,0.02866485
29.940000,0,RR_foot,4.78098106,-0.89209384,0.02015748
29.960000,0,FL_foot,5.32584763,-0.52563995,0.02024293
29.960000,0,FR_foot,5.27836800,-0.97992158,0.02631245
29.960000,0,RL_foot,4.81065893,-0.57049698,0.03164871
29.960000,0,RR_foot,4.78129101,-0.89203137,0.02016372
29.980000,0,FL_foot,5.32607555,-0.52561176,0.02024096
29.980000,0,FR_foot,5.30943012,-0.98316127,0.02851614
29.980000,0,RL_foot,4.83034515,-0.57387984,0.03379675
29.980000,0,RR_foot,4.78164053,-0.89196414,0.02017416
30.000000,0,FL_foot,5.32632208,-0.52559739,0.02023713
30.000000,0,FR_foot,5.33380842,-0.98876607,0.02956201
30.000000,0,RL_foot,4.84695339,-0.57548422,0.03574222
30.000000,0,RR_foot,4.78201056,-0.89194793,0.02018037
30.020000,0,FL_foot,5.32657433,-0.52557552,0.02023244
30.020000,0,FR_foot,5.35003328,-0.99544996,0.02861789
30.020000,0,RL_foot,4.86065435,-0.57570547,0.03754458
30.020000,0,RR_foot,4.78241444,-0.89192969,0.02017170
