time_s,segment,body,x_m,y_m,z_m
0.000000,0,FL_2,0.25695866,0.19500022,0.05937361
0.000000,0,FR_2,0.23416296,-0.25561067,0.05964667
0.000000,0,RL_2,-0.14478958,0.21722567,0.06067065
0.000000,0,RR_2,-0.18830325,-0.23125611,0.05962965
0.020000,0,FL_2,0.25363293,0.19258799,0.05937431
0.020000,0,FR_2,0.22597522,-0.25195622,0.05951066
0.020000,0,RL_2,-0.15387033,0.21358177,0.06020229
0.020000,0,RR_2,-0.19287011,-0.22846043,0.05931418
0.040000,0,FL_2,0.25366408,0.19261084,0.05936180
0.040000,0,FR_2,0.22629166,-0.25207633,0.05932080
0.040000,0,RL_2,-0.15563542,0.20930824,0.06010101
0.040000,0,RR_2,-0.19113769,-0.22596906,0.05920929
0.060000,0,FL_2,0.25362998,0.19266170,0.05939677
0.060000,0,FR_2,0.22750655,-0.25266936,0.05928002
0.060000,0,RL_2,-0.15568310,0.20884097,0.05964650
0.060000,0,RR_2,-0.19137390,-0.22662516,0.05935313
0.080000,0,FL_2,0.25347093,0.19281207,0.05935833
0.080000,0,FR_2,0.22759242,-0.25288430,0.05924905
0.080000,0,RL_2,-0.15548609,0.20869187,0.05962606
0.080000,0,RR_2,-0.19123782,-0.22693522,0.05931997
0.100000,0,FL_2,0.25373149,0.19259706,0.05930677
0.100000,0,FR_2,0.22760551,-0.25314915,0.05923028
0.100000,0,RL_2,-0.15530935,0.20860575,0.05963698
0.100000,0,RR_2,-0.19115287,-0.22708711,0.05925550
0.120000,0,FL_2,0.25389630,0.19244300,0.05928287
0.120000,0,FR_2,0.22769655,-0.25336295,0.05919729
0.120000,0,RL_2,-0.15513472,0.20846367,0.05959749
0.120000,0,RR_2,-0.19107753,-0.22729290,0.05924014
0.140000,0,FL_2,0.25408727,0.19228083,0.05924943
0.140000,0,FR_2,0.22775933,-0.25357765,0.05916903
0.140000,0,RL_2,-0.15496518,0.20835334,0.05957333
0.140000,0,RR_2,-0.19099875,-0.22746412,0.05920570
0.160000,0,FL_2,0.25426126,0.19212641,0.05921438
0.160000,0,FR_2,0.22781906,-0.25378194,0.05913969
0.160000,0,RL_2,-0.15479499,0.20824341,0.05955040
0.160000,0,RR_2,-0.19091719,-0.22762854,0.05917607
0.180000,0,FL_2,0.25443190,0.19198705,0.05918103
0.180000,0,FR_2,0.22787525,-0.25396645,0.05911281
0.180000,0,RL_2,-0.15464529,0.20814911,0.05952834
0.180000,0,RR_2,-0.19084451,-0.22777492,0.05914596
0.200000,0,FL_2,0.25457725,0.19186728,0.05915247
0.200000,0,FR_2,0.22794177,-0.25412944,0.05908551
0.200000,0,RL_2,-0.15449965,0.20805982,0.05950360
0.200000,0,RR_2,-0.19077535,-0.22791220,0.05912187
0.220000,0,FL_2,0.25471362,0.19176014,0.05912381
0.220000,0,FR_2,0.22799473,-0.25427550,0.05906206
0.220000,0,RL_2,-0.15437317,0.20798925,0.05948451
0.220000,0,RR_2,-0.19070950,-0.22802645,0.05909511
0.240000,0,FL_2,0.25484425,0.19167461,0.05909773
0.240000,0,FR_2,0.22804734,-0.25439462,0.05904062
0.240000,0,RL_2,-0.15426195,0.20793456,0.05946602
0.240000,0,RR_2,-0.19064616,-0.22812058,0.05907249
0.260000,0,FL_2,0.25494391,0.19160922,0.05907608
0.260000,0,FR_2,0.22810091,-0.25449216,0.05902003
0.260000,0,RL_2,-0.15415570,0.20788722,0.05944603
0.260000,0,RR_2,-0.19058128,-0.22820219,0.05905553
0.280000,0,FL_2,0.25503874,0.19155397,0.05905488
0.280000,0,FR_2,0.22814696,-0.25457528,0.05900325
0.280000,0,RL_2,-0.15406838,0.20785688,0.05943208
0.280000,0,RR_2,-0.19052546,-0.22826388,0.05903558
0.300000,0,FL_2,0.25511774,0.19151780,0.05903731
0.300000,0,FR_2,0.22819312,-0.25463614,0.05898789
0.300000,0,RL_2,-0.15399358,0.20783736,0.05941826
0.300000,0,RR_2,-0.19047290,-0.22831097,0.05902016
0.320000,0,FL_2,0.25518069,0.19150023,0.05902300
0.320000,0,FR_2,0.22823894,-0.25467536,0.05897450
0.320000,0,RL_2,-0.15393211,0.20783027,0.05940577
0.320000,0,RR_2,-0.19042483,-0.22834221,0.05900858
0.340000,0,FL_2,0.25523221,0.19149843,0.05901118
0.340000,0,FR_2,0.22828951,-0.25469527,0.05896253
0.340000,0,RL_2,-0.15388390,0.20783724,0.05939642
0.340000,0,RR_2,-0.19037926,-0.22835574,0.05899762
0.360000,0,FL_2,0.25526795,0.19151165,0.05900246
0.360000,0,FR_2,0.22833040,-0.25469723,0.05895450
0.360000,0,RL_2,-0.15384677,0.20785424,0.05938786
0.360000,0,RR_2,-0.19033903,-0.22835599,0.05899109
0.380000,0,FL_2,0.25529525,0.19153446,0.05899580
0.380000,0,FR_2,0.22836591,-0.25468653,0.05894845
0.380000,0,RL_2,-0.15382059,0.20788018,0.05938230
0.380000,0,RR_2,-0.19030242,-0.22834395,0.05898499
0.400000,0,FL_2,0.25531131,0.19156583,0.05899150
0.400000,0,FR_2,0.22839825,-0.25466466,0.05894391
0.400000,0,RL_2,-0.15380371,0.20791094,0.05937783
0.400000,0,RR_2,-0.19027063,-0.22832383,0.05898130
0.420000,0,FL_2,0.25531900,0.19160195,0.05898909
0.420000,0,FR_2,0.22842629,-0.25463536,0.05894122
0.420000,0,RL_2,-0.15379500,0.20794517,0.05937479
0.420000,0,RR_2,-0.19024420,-0.22829770,0.05897922
0.440000,0,FL_2,0.25532201,0.19164264,0.05898724
0.440000,0,FR_2,0.22844934,-0.25459963,0.05894014
0.440000,0,RL_2,-0.15378349,0.20798431,0.05937292
0.440000,0,RR_2,-0.19021356,-0.22826339,0.05897663
0.460000,0,FL_2,0.25531706,0.19168609,0.05898806
0.460000,0,FR_2,0.22847466,-0.25456044,0.05893828
0.460000,0,RL_2,-0.15378380,0.20801897,0.05936999
0.460000,0,RR_2,-0.19019391,-0.22823326,0.05897842
0.480000,0,FL_2,0.25531307,0.19172351,0.05898812
0.480000,0,FR_2,0.22849207,-0.25452572,0.05893829
0.480000,0,RL_2,-0.15378717,0.20805341,0.05936997
0.480000,0,RR_2,-0.19017741,-0.22820213,0.05897805
0.500000,0,FL_2,0.25530756,0.19175614,0.05898876
0.500000,0,FR_2,0.22850543,-0.25449458,0.05893872
0.500000,0,RL_2,-0.15379208,0.20808244,0.05937011
0.500000,0,RR_2,-0.19016494,-0.22817491,0.05897840
0.520000,0,FL_2,0.25530005,0.19178315,0.05899005
0.520000,0,FR_2,0.22851530,-0.25446820,0.05893910
0.520000,0,RL_2,-0.15379809,0.20810533,0.05937012
0.520000,0,RR_2,-0.19015728,-0.22815283,0.05897981
0.540000,0,FL_2,0.25529292,0.19180298,0.05899135
0.540000,0,FR_2,0.22852035,-0.25444806,0.05894005
0.540000,0,RL_2,-0.15380429,0.20812255,0.05937098
0.540000,0,RR_2,-0.19015302,-0.22813518,0.05898053
0.560000,0,FL_2,0.25528571,0.19181614,0.05899271
0.560000,0,FR_2,0.22852185,-0.25443381,0.05894111
0.560000,0,RL_2,-0.15381101,0.20813340,0.05937184
0.560000,0,RR_2,-0.19015232,-0.22812338,0.05898160
0.580000,0,FL_2,0.25527889,0.19182263,0.05899400
0.580000,0,FR_2,0.22851962,-0.25442573,0.05894222
0.580000,0,RL_2,-0.15381695,0.20813806,0.05937272
0.580000,0,RR_2,-0.19015509,-0.22811669,0.05898287
0.600000,0,FL_2,0.25527310,0.19182318,0.05899556
0.600000,0,FR_2,0.22851443,-0.25442308,0.05894366
0.600000,0,RL_2,-0.15382287,0.20813799,0.05937419
0.600000,0,RR_2,-0.19016004,-0.22811469,0.05898390
0.620000,0,FL_2,0.25526798,0.19181858,0.05899662
0.620000,0,FR_2,0.22850727,-0.25442520,0.05894489
0.620000,0,RL_2,-0.15382820,0.20813297,0.05937532
0.620000,0,RR_2,-0.19016705,-0.22811699,0.05898497
0.640000,0,FL_2,0.25526360,0.19181015,0.05899784
0.640000,0,FR_2,0.22849877,-0.25443134,0.05894607
0.640000,0,RL_2,-0.15383255,0.20812476,0.05937653
0.640000,0,RR_2,-0.19017567,-0.22812244,0.05898594
0.660000,0,FL_2,0.25526002,0.19179851,0.05899902
0.660000,0,FR_2,0.22848922,-0.25444034,0.05894727
0.660000,0,RL_2,-0.15383616,0.20811391,0.05937777
0.660000,0,RR_2,-0.19018495,-0.22813031,0.05898688
0.680000,0,FL_2,0.25525770,0.19178544,0.05899982
0.680000,0,FR_2,0.22847913,-0.25445110,0.05894825
0.680000,0,RL_2,-0.15383919,0.20810145,0.05937891
0.680000,0,RR_2,-0.19019455,-0.22814010,0.05898756
0.700000,0,FL_2,0.25525567,0.19177134,0.05900030
0.700000,0,FR_2,0.22846916,-0.25446284,0.05894907
0.700000,0,RL_2,-0.15384156,0.20808853,0.05937983
0.700000,0,RR_2,-0.19020388,-0.22815029,0.05898811
0.720000,0,FL_2,0.25525430,0.19175753,0.05900125
0.720000,0,FR_2,0.22845992,-0.25447461,0.05894991
0.720000,0,RL_2,-0.15384325,0.20807588,0.05938064
0.720000,0,RR_2,-0.19021243,-0.22816065,0.05898849
0.740000,0,FL_2,0.25525337,0.19174451,0.05900156
0.740000,0,FR_2,0.22845155,-0.25448570,0.05895051
0.740000,0,RL_2,-0.15384457,0.20806411,0.05938139
0.740000,0,RR_2,-0.19022024,-0.22817035,0.05898890
0.760000,0,FL_2,0.25525269,0.19173312,0.05900197
0.760000,0,FR_2,0.22844444,-0.25449550,0.05895098
0.760000,0,RL_2,-0.15384576,0.20805371,0.05938202
0.760000,0,RR_2,-0.19022669,-0.22817914,0.05898924
0.780000,0,FL_2,0.25525224,0.19172384,0.05900220
0.780000,0,FR_2,0.22843860,-0.25450376,0.05895135
0.780000,0,RL_2,-0.15384626,0.20804513,0.05938251
0.780000,0,RR_2,-0.19023235,-0.22818637,0.05898962
0.800000,0,FL_2,0.25525188,0.19171663,0.05900244
0.800000,0,FR_2,0.22843429,-0.25450993,0.05895181
0.800000,0,RL_2,-0.15384674,0.20803857,0.05938277
0.800000,0,RR_2,-0.19023645,-0.22819181,0.05898987
0.820000,0,FL_2,0.25525171,0.19171177,0.05900257
0.820000,0,FR_2,0.22843121,-0.25451425,0.05895201
0.820000,0,RL_2,-0.15384731,0.20803398,0.05938282
0.820000,0,RR_2,-0.19023916,-0.22819552,0.05899002
0.840000,0,FL_2,0.25525168,0.19170927,0.05900279
0.840000,0,FR_2,0.22842968,-0.25451642,0.05895203
0.840000,0,RL_2,-0.15384732,0.20803161,0.05938314
0.840000,0,RR_2,-0.19024089,-0.22819754,0.05899010
0.860000,0,FL_2,0.25525144,0.19170853,0.05900272
0.860000,0,FR_2,0.22842917,-0.25451705,0.05895212
0.860000,0,RL_2,-0.15384750,0.20803101,0.05938303
0.860000,0,RR_2,-0.19024140,-0.22819793,0.05899002
0.880000,0,FL_2,0.25525120,0.19170965,0.05900281
0.880000,0,FR_2,0.22842953,-0.25451586,0.05895210
0.880000,0,RL_2,-0.15384774,0.20803197,0.05938319
0.880000,0,RR_2,-0.19024101,-0.22819710,0.05899005
0.900000,0,FL_2,0.25525108,0.19171214,0.05900284
0.900000,0,FR_2,0.22843088,-0.25451362,0.05895204
0.900000,0,RL_2,-0.15384789,0.20803407,0.05938305
0.900000,0,RR_2,-0.19024001,-0.22819513,0.05899015
0.920000,0,FL_2,0.25525087,0.19171572,0.05900294
0.920000,0,FR_2,0.22843274,-0.25451046,0.05895195
0.920000,0,RL_2,-0.15384799,0.20803720,0.05938299
0.920000,0,RR_2,-0.19023806,-0.22819239,0.05899017
0.940000,0,FL_2,0.25525060,0.19171993,0.05900287
0.940000,0,FR_2,0.22843492,-0.25450659,0.05895199
0.940000,0,RL_2,-0.15384801,0.20804103,0.05938288
0.940000,0,RR_2,-0.19023620,-0.22818901,0.05899024
0.960000,0,FL_2,0.25525022,0.19172445,0.05900258
0.960000,0,FR_2,0.22843757,-0.25450245,0.05895182
0.960000,0,RL_2,-0.15384814,0.20804495,0.05938251
0.960000,0,RR_2,-0.19023390,-0.22818574,0.05899023
0.980000,0,FL_2,0.25525019,0.19172882,0.05900276
0.980000,0,FR_2,0.22843993,-0.25449839,0.05895170
0.980000,0,RL_2,-0.15384804,0.20804903,0.05938257
0.980000,0,RR_2,-0.19023161,-0.22818211,0.05899021
1.000000,0,FL_2,0.25525007,0.19173311,0.05900272
1.000000,0,FR_2,0.22844225,-0.25449473,0.05895163
1.000000,0,RL_2,-0.15384796,0.20805283,0.05938228
1.000000,0,RR_2,-0.19022946,-0.22817874,0.05899010
1.020000,0,FL_2,0.25525013,0.19173683,0.05900251
1.020000,0,FR_2,0.22844446,-0.25449136,0.05895146
1.020000,0,RL_2,-0.15384798,0.20805624,0.05938219
1.020000,0,RR_2,-0.19022757,-0.22817597,0.05898998
1.040000,0,FL_2,0.25525019,0.19173999,0.05900253
1.040000,0,FR_2,0.22844633,-0.25448868,0.05895126
1.040000,0,RL_2,-0.15384769,0.20805900,0.05938198
1.040000,0,RR_2,-0.19022575,-0.22817363,0.05898996
1.060000,0,FL_2,0.25525036,0.19174238,0.05900244
1.060000,0,FR_2,0.22844791,-0.25448659,0.05895125
1.060000,0,RL_2,-0.15384756,0.20806117,0.05938193
1.060000,0,RR_2,-0.19022427,-0.22817181,0.05898988
1.080000,0,FL_2,0.25525057,0.19174391,0.05900243
1.080000,0,FR_2,0.22844885,-0.25448519,0.05895098
1.080000,0,RL_2,-0.15384702,0.20806272,0.05938192
1.080000,0,RR_2,-0.19022325,-0.22817054,0.05898964
1.100000,0,FL_2,0.25525102,0.19174480,0.05900228
1.100000,0,FR_2,0.22844982,-0.25448453,0.05895095
1.100000,0,RL_2,-0.15384689,0.20806341,0.05938180
1.100000,0,RR_2,-0.19022249,-0.22816998,0.05898971
1.120000,0,FL_2,0.25525123,0.19174506,0.05900225
1.120000,0,FR_2,0.22845007,-0.25448444,0.05895089
1.120000,0,RL_2,-0.15384649,0.20806380,0.05938169
1.120000,0,RR_2,-0.19022198,-0.22816992,0.05898955
1.140000,0,FL_2,0.25525168,0.19174460,0.05900200
1.140000,0,FR_2,0.22845039,-0.25448516,0.05895087
1.140000,0,RL_2,-0.15384614,0.20806350,0.05938153
1.140000,0,RR_2,-0.19022170,-0.22817022,0.05898951
1.160000,0,FL_2,0.25525221,0.19174381,0.05900200
1.160000,0,FR_2,0.22845010,-0.25448588,0.05895086
1.160000,0,RL_2,-0.15384565,0.20806281,0.05938153
1.160000,0,RR_2,-0.19022182,-0.22817102,0.05898947
1.180000,0,FL_2,0.25525254,0.19174263,0.05900185
1.180000,0,FR_2,0.22844994,-0.25448716,0.05895071
1.180000,0,RL_2,-0.15384534,0.20806175,0.05938140
1.180000,0,RR_2,-0.19022208,-0.22817209,0.05898945
1.200000,0,FL_2,0.25525302,0.19174124,0.05900187
1.200000,0,FR_2,0.22844946,-0.25448853,0.05895060
1.200000,0,RL_2,-0.15384498,0.20806070,0.05938153
1.200000,0,RR_2,-0.19022235,-0.22817312,0.05898922
1.220000,0,FL_2,0.25525352,0.19173965,0.05900173
1.220000,0,FR_2,0.22844891,-0.25448999,0.05895056
1.220000,0,RL_2,-0.15384468,0.20805949,0.05938146
1.220000,0,RR_2,-0.19022273,-0.22817443,0.05898924
1.240000,0,FL_2,0.25525364,0.19173805,0.05900148
1.240000,0,FR_2,0.22844841,-0.25449142,0.05895062
1.240000,0,RL_2,-0.15384445,0.20805807,0.05938141
1.240000,0,RR_2,-0.19022337,-0.22817582,0.05898942
1.260000,0,FL_2,0.25525415,0.19173685,0.05900163
1.260000,0,FR_2,0.22844790,-0.25449279,0.05895049
1.260000,0,RL_2,-0.15384409,0.20805700,0.05938154
1.260000,0,RR_2,-0.19022366,-0.22817671,0.05898908
1.280000,0,FL_2,0.25525427,0.19173555,0.05900155
1.280000,0,FR_2,0.22844756,-0.25449401,0.05895052
1.280000,0,RL_2,-0.15384394,0.20805584,0.05938141
1.280000,0,RR_2,-0.19022420,-0.22817792,0.05898916
1.300000,0,FL_2,0.25525439,0.19173449,0.05900150
1.300000,0,FR_2,0.22844696,-0.25449491,0.05895075
1.300000,0,RL_2,-0.15384376,0.20805483,0.05938149
1.300000,0,RR_2,-0.19022466,-0.22817883,0.05898938
1.320000,0,FL_2,0.25525466,0.19173385,0.05900154
1.320000,0,FR_2,0.22844666,-0.25449568,0.05895061
1.320000,0,RL_2,-0.15384367,0.20805424,0.05938155
1.320000,0,RR_2,-0.19022481,-0.22817937,0.05898906
1.340000,0,FL_2,0.25525469,0.19173336,0.05900156
1.340000,0,FR_2,0.22844650,-0.25449601,0.05895053
1.340000,0,RL_2,-0.15384373,0.20805375,0.05938156
1.340000,0,RR_2,-0.19022520,-0.22817968,0.05898910
1.360000,0,FL_2,0.25525463,0.19173300,0.05900161
1.360000,0,FR_2,0.22844614,-0.25449637,0.05895055
1.360000,0,RL_2,-0.15384376,0.20805354,0.05938147
1.360000,0,RR_2,-0.19022527,-0.22817987,0.05898909
1.380000,0,FL_2,0.25525445,0.19173305,0.05900163
1.380000,0,FR_2,0.22844619,-0.25449643,0.05895064
1.380000,0,RL_2,-0.15384376,0.20805350,0.05938156
1.380000,0,RR_2,-0.19022551,-0.22817996,0.05898919
1.400000,0,FL_2,0.25525433,0.19173308,0.05900168
1.400000,0,FR_2,0.22844607,-0.25449616,0.05895078
1.400000,0,RL_2,-0.15384361,0.20805359,0.05938151
1.400000,0,RR_2,-0.19022554,-0.22817980,0.05898921
1.420000,0,FL_2,0.25525427,0.19173330,0.05900156
1.420000,0,FR_2,0.22844596,-0.25449595,0.05895074
1.420000,0,RL_2,-0.15384376,0.20805387,0.05938156
1.420000,0,RR_2,-0.19022544,-0.22817957,0.05898920
1.440000,0,FL_2,0.25525385,0.19173385,0.05900171
1.440000,0,FR_2,0.22844633,-0.25449547,0.05895082
1.440000,0,RL_2,-0.15384416,0.20805411,0.05938153
1.440000,0,RR_2,-0.19022539,-0.22817913,0.05898938
1.460000,0,FL_2,0.25525382,0.19173433,0.05900160
1.460000,0,FR_2,0.22844636,-0.25449502,0.05895072
1.460000,0,RL_2,-0.15384425,0.20805451,0.05938156
1.460000,0,RR_2,-0.19022532,-0.22817887,0.05898937
1.480000,0,FL_2,0.25525379,0.19173484,0.05900159
1.480000,0,FR_2,0.22844648,-0.25449446,0.05895079
1.480000,0,RL_2,-0.15384443,0.20805503,0.05938158
1.480000,0,RR_2,-0.19022503,-0.22817841,0.05898932
1.500000,0,FL_2,0.25525361,0.19173536,0.05900174
1.500000,0,FR_2,0.22844675,-0.25449404,0.05895076
1.500000,0,RL_2,-0.15384458,0.20805536,0.05938157
1.500000,0,RR_2,-0.19022492,-0.22817793,0.05898938
1.520000,0,FL_2,0.25525346,0.19173586,0.05900174
1.520000,0,FR_2,0.22844681,-0.25449350,0.05895085
1.520000,0,RL_2,-0.15384468,0.20805585,0.05938161
1.520000,0,RR_2,-0.19022486,-0.22817753,0.05898929
1.540000,0,FL_2,0.25525331,0.19173624,0.05900174
1.540000,0,FR_2,0.22844681,-0.25449309,0.05895074
1.540000,0,RL_2,-0.15384482,0.20805615,0.05938156
1.540000,0,RR_2,-0.19022475,-0.22817720,0.05898936
1.560000,0,FL_2,0.25525317,0.19173670,0.05900177
1.560000,0,FR_2,0.22844730,-0.25449273,0.05895068
1.560000,0,RL_2,-0.15384497,0.20805652,0.05938159
1.560000,0,RR_2,-0.19022451,-0.22817676,0.05898933
1.580000,0,FL_2,0.25525308,0.19173689,0.05900182
1.580000,0,FR_2,0.22844715,-0.25449234,0.05895074
1.580000,0,RL_2,-0.15384482,0.20805685,0.05938173
1.580000,0,RR_2,-0.19022457,-0.22817655,0.05898947
1.600000,0,FL_2,0.25525314,0.19173703,0.05900178
1.600000,0,FR_2,0.22844712,-0.25449228,0.05895083
1.600000,0,RL_2,-0.15384500,0.20805684,0.05938155
1.600000,0,RR_2,-0.19022457,-0.22817649,0.05898966
1.620000,0,FL_2,0.25525308,0.19173709,0.05900191
1.620000,0,FR_2,0.22844711,-0.25449219,0.05895052
1.620000,0,RL_2,-0.15384521,0.20805715,0.05938163
1.620000,0,RR_2,-0.19022459,-0.22817630,0.05898919
1.640000,0,FL_2,0.25525302,0.19173712,0.05900167
1.640000,0,FR_2,0.22844714,-0.25449213,0.05895081
1.640000,0,RL_2,-0.15384519,0.20805682,0.05938156
1.640000,0,RR_2,-0.19022462,-0.22817644,0.05898948
1.660000,0,FL_2,0.25525296,0.19173706,0.05900183
1.660000,0,FR_2,0.22844738,-0.25449225,0.05895085
1.660000,0,RL_2,-0.15384501,0.20805682,0.05938159
1.660000,0,RR_2,-0.19022442,-0.22817652,0.05898934
1.680000,0,FL_2,0.25525314,0.19173698,0.05900178
1.680000,0,FR_2,0.22844714,-0.25449225,0.05895085
1.680000,0,RL_2,-0.15384497,0.20805673,0.05938148
1.680000,0,RR_2,-0.19022474,-0.22817655,0.05898946
1.700000,0,FL_2,0.25525331,0.19173671,0.05900193
1.700000,0,FR_2,0.22844714,-0.25449246,0.05895071
1.700000,0,RL_2,-0.15384504,0.20805682,0.05938172
1.700000,0,RR_2,-0.19022463,-0.22817647,0.05898923
1.720000,0,FL_2,0.25525311,0.19173673,0.05900187
1.720000,0,FR_2,0.22844714,-0.25449252,0.05895075
1.720000,0,RL_2,-0.15384501,0.20805654,0.05938153
1.720000,0,RR_2,-0.19022469,-0.22817682,0.05898939
1.740000,0,FL_2,0.25525326,0.19173649,0.05900194
1.740000,0,FR_2,0.22844699,-0.25449291,0.05895093
1.740000,0,RL_2,-0.15384489,0.20805651,0.05938169
1.740000,0,RR_2,-0.19022480,-0.22817689,0.05898929
1.760000,0,FL_2,0.25525331,0.19173630,0.05900192
1.760000,0,FR_2,0.22844706,-0.25449300,0.05895071
1.760000,0,RL_2,-0.15384491,0.20805630,0.05938164
1.760000,0,RR_2,-0.19022468,-0.22817695,0.05898922
1.780000,0,FL_2,0.25525323,0.19173612,0.05900176
1.780000,0,FR_2,0.22844680,-0.25449312,0.05895079
1.780000,0,RL_2,-0.15384468,0.20805618,0.05938151
1.780000,0,RR_2,-0.19022484,-0.22817728,0.05898942
1.800000,0,FL_2,0.25525320,0.19173606,0.05900181
1.800000,0,FR_2,0.22844674,-0.25449327,0.05895075
1.800000,0,RL_2,-0.15384485,0.20805621,0.05938156
1.800000,0,RR_2,-0.19022495,-0.22817737,0.05898933
1.820000,0,FL_2,0.25525349,0.19173585,0.05900174
1.820000,0,FR_2,0.22844662,-0.25449342,0.05895076
1.820000,0,RL_2,-0.15384461,0.20805600,0.05938159
1.820000,0,RR_2,-0.19022503,-0.22817744,0.05898920
1.840000,0,FL_2,0.25525337,0.19173579,0.05900179
1.840000,0,FR_2,0.22844669,-0.25449345,0.05895076
1.840000,0,RL_2,-0.15384474,0.20805578,0.05938161
1.840000,0,RR_2,-0.19022502,-0.22817750,0.05898937
1.860000,0,FL_2,0.25525331,0.19173574,0.05900175
1.860000,0,FR_2,0.22844699,-0.25449356,0.05895077
1.860000,0,RL_2,-0.15384482,0.20805566,0.05938159
1.860000,0,RR_2,-0.19022498,-0.22817767,0.05898939
1.880000,0,FL_2,0.25525340,0.19173566,0.05900181
1.880000,0,FR_2,0.22844663,-0.25449368,0.05895070
1.880000,0,RL_2,-0.15384471,0.20805576,0.05938148
1.880000,0,RR_2,-0.19022503,-0.22817752,0.05898913
1.900000,0,FL_2,0.25525337,0.19173563,0.05900166
1.900000,0,FR_2,0.22844678,-0.25449368,0.05895084
1.900000,0,RL_2,-0.15384470,0.20805568,0.05938148
1.900000,0,RR_2,-0.19022518,-0.22817770,0.05898941
1.920000,0,FL_2,0.25525337,0.19173567,0.05900173
1.920000,0,FR_2,0.22844675,-0.25449374,0.05895080
1.920000,0,RL_2,-0.15384473,0.20805581,0.05938164
1.920000,0,RR_2,-0.19022487,-0.22817759,0.05898944
1.940000,0,FL_2,0.25525346,0.19173573,0.05900174
1.940000,0,FR_2,0.22844680,-0.25449347,0.05895064
1.940000,0,RL_2,-0.15384467,0.20805579,0.05938163
1.940000,0,RR_2,-0.19022490,-0.22817741,0.05898939
1.960000,0,FL_2,0.25525349,0.19173582,0.05900185
1.960000,0,FR_2,0.22844668,-0.25449350,0.05895067
1.960000,0,RL_2,-0.15384491,0.20805593,0.05938169
1.960000,0,RR_2,-0.19022477,-0.22817744,0.05898914
1.980000,0,FL_2,0.25525337,0.19173592,0.05900169
1.980000,0,FR_2,0.22844675,-0.25449347,0.05895083
1.980000,0,RL_2,-0.15384483,0.20805584,0.05938154
1.980000,0,RR_2,-0.19022490,-0.22817752,0.05898932
2.000000,0,FL_2,0.25525340,0.19173586,0.05900188
2.000000,0,FR_2,0.22844690,-0.25449347,0.05895078
2.000000,0,RL_2,-0.15384462,0.20805593,0.05938169
2.000000,0,RR_2,-0.19022475,-0.22817746,0.05898930
2.020000,0,FL_2,0.25525323,0.19173592,0.05900178
2.020000,0,FR_2,0.22844690,-0.25449324,0.05895080
2.020000,0,RL_2,-0.15384477,0.20805605,0.05938173
2.020000,0,RR_2,-0.19022468,-0.22817728,0.05898932
2.040000,0,FL_2,0.25525334,0.19173600,0.05900183
2.040000,0,FR_2,0.22844692,-0.25449330,0.05895076
2.040000,0,RL_2,-0.15384474,0.20805614,0.05938154
2.040000,0,RR_2,-0.19022489,-0.22817735,0.05898941
2.060000,0,FL_2,0.25525331,0.19173618,0.05900182
2.060000,0,FR_2,0.22844695,-0.25449324,0.05895063
2.060000,0,RL_2,-0.15384476,0.20805617,0.05938150
2.060000,0,RR_2,-0.19022477,-0.22817725,0.05898914
2.080000,0,FL_2,0.25525329,0.19173610,0.05900177
2.080000,0,FR_2,0.22844701,-0.25449321,0.05895076
2.080000,0,RL_2,-0.15384483,0.20805597,0.05938158
2.080000,0,RR_2,-0.19022477,-0.22817728,0.05898931
2.100000,0,FL_2,0.25525340,0.19173618,0.05900173
2.100000,0,FR_2,0.22844690,-0.25449327,0.05895089
2.100000,0,RL_2,-0.15384477,0.20805608,0.05938166
2.100000,0,RR_2,-0.19022484,-0.22817723,0.05898942
2.120000,0,FL_2,0.25525329,0.19173618,0.05900183
2.120000,0,FR_2,0.22844702,-0.25449312,0.05895067
2.120000,0,RL_2,-0.15384495,0.20805620,0.05938175
2.120000,0,RR_2,-0.19022477,-0.22817720,0.05898945
2.140000,0,FL_2,0.25525329,0.19173627,0.05900184
2.140000,0,FR_2,0.22844702,-0.25449318,0.05895074
2.140000,0,RL_2,-0.15384477,0.20805620,0.05938160
2.140000,0,RR_2,-0.19022469,-0.22817710,0.05898924
2.160000,0,FL_2,0.25525349,0.19173616,0.05900189
2.160000,0,FR_2,0.22844693,-0.25449312,0.05895063
2.160000,0,RL_2,-0.15384479,0.20805632,0.05938164
2.160000,0,RR_2,-0.19022478,-0.22817716,0.05898926
2.180000,0,FL_2,0.25525329,0.19173627,0.05900175
2.180000,0,FR_2,0.22844699,-0.25449315,0.05895071
2.180000,0,RL_2,-0.15384480,0.20805614,0.05938160
2.180000,0,RR_2,-0.19022474,-0.22817720,0.05898936
2.200000,0,FL_2,0.25525334,0.19173618,0.05900182
2.200000,0,FR_2,0.22844692,-0.25449321,0.05895083
2.200000,0,RL_2,-0.15384498,0.20805618,0.05938168
2.200000,0,RR_2,-0.19022481,-0.22817725,0.05898925
2.220000,0,FL_2,0.25525331,0.19173612,0.05900177
2.220000,0,FR_2,0.22844693,-0.25449318,0.05895073
2.220000,0,RL_2,-0.15384476,0.20805603,0.05938158
2.220000,0,RR_2,-0.19022475,-0.22817726,0.05898945
2.240000,0,FL_2,0.25525329,0.19173606,0.05900175
2.240000,0,FR_2,0.22844692,-0.25449327,0.05895090
2.240000,0,RL_2,-0.15384483,0.20805606,0.05938160
2.240000,0,RR_2,-0.19022481,-0.22817731,0.05898944
2.260000,0,FL_2,0.25525329,0.19173610,0.05900184
2.260000,0,FR_2,0.22844693,-0.25449318,0.05895068
2.260000,0,RL_2,-0.15384470,0.20805621,0.05938154
2.260000,0,RR_2,-0.19022484,-0.22817720,0.05898935
2.280000,0,FL_2,0.25525343,0.19173609,0.05900172
2.280000,0,FR_2,0.22844689,-0.25449330,0.05895071
2.280000,0,RL_2,-0.15384492,0.20805606,0.05938164
2.280000,0,RR_2,-0.19022490,-0.22817732,0.05898931
2.300000,0,FL_2,0.25525346,0.19173607,0.05900184
2.300000,0,FR_2,0.22844696,-0.25449321,0.05895076
2.300000,0,RL_2,-0.15384465,0.20805609,0.05938167
2.300000,0,RR_2,-0.19022483,-0.22817725,0.05898920
2.320000,0,FL_2,0.25525331,0.19173607,0.05900184
2.320000,0,FR_2,0.22844687,-0.25449327,0.05895081
2.320000,0,RL_2,-0.15384482,0.20805600,0.05938150
2.320000,0,RR_2,-0.19022490,-0.22817738,0.05898938
2.340000,0,FL_2,0.25525329,0.19173597,0.05900169
2.340000,0,FR_2,0.22844672,-0.25449321,0.05895076
2.340000,0,RL_2,-0.15384486,0.20805602,0.05938154
2.340000,0,RR_2,-0.19022495,-0.22817747,0.05898938
2.360000,0,FL_2,0.25525334,0.19173600,0.05900194
2.360000,0,FR_2,0.22844672,-0.25449318,0.05895067
2.360000,0,RL_2,-0.15384477,0.20805612,0.05938170
2.360000,0,RR_2,-0.19022489,-0.22817734,0.05898928
2.380000,0,FL_2,0.25525343,0.19173603,0.05900177
2.380000,0,FR_2,0.22844684,-0.25449321,0.05895061
2.380000,0,RL_2,-0.15384468,0.20805605,0.05938170
2.380000,0,RR_2,-0.19022499,-0.22817731,0.05898932
2.400000,0,FL_2,0.25525337,0.19173601,0.05900190
2.400000,0,FR_2,0.22844681,-0.25449330,0.05895083
2.400000,0,RL_2,-0.15384486,0.20805600,0.05938165
2.400000,0,RR_2,-0.19022498,-0.22817731,0.05898933
2.420000,0,FL_2,0.25525331,0.19173601,0.05900166
2.420000,0,FR_2,0.22844690,-0.25449336,0.05895086
2.420000,0,RL_2,-0.15384483,0.20805591,0.05938148
2.420000,0,RR_2,-0.19022489,-0.22817744,0.05898947
2.440000,0,FL_2,0.25525323,0.19173594,0.05900171
2.440000,0,FR_2,0.22844692,-0.25449336,0.05895075
2.440000,0,RL_2,-0.15384483,0.20805602,0.05938162
2.440000,0,RR_2,-0.19022477,-0.22817740,0.05898929
2.460000,0,FL_2,0.25525329,0.19173601,0.05900183
2.460000,0,FR_2,0.22844686,-0.25449327,0.05895079
2.460000,0,RL_2,-0.15384477,0.20805596,0.05938162
2.460000,0,RR_2,-0.19022481,-0.22817741,0.05898926
2.480000,0,FL_2,0.25525352,0.19173603,0.05900200
2.480000,0,FR_2,0.22844698,-0.25449333,0.05895076
2.480000,0,RL_2,-0.15384485,0.20805618,0.05938169
2.480000,0,RR_2,-0.19022471,-0.22817732,0.05898920
2.500000,0,FL_2,0.25525340,0.19173606,0.05900176
2.500000,0,FR_2,0.22844686,-0.25449330,0.05895068
2.500000,0,RL_2,-0.15384482,0.20805602,0.05938161
2.500000,0,RR_2,-0.19022478,-0.22817731,0.05898933
2.520000,0,FL_2,0.25525329,0.19173598,0.05900170
2.520000,0,FR_2,0.22844687,-0.25449333,0.05895078
2.520000,0,RL_2,-0.15384483,0.20805609,0.05938160
2.520000,0,RR_2,-0.19022481,-0.22817732,0.05898937
2.540000,0,FL_2,0.25525334,0.19173609,0.05900188
2.540000,0,FR_2,0.22844687,-0.25449321,0.05895077
2.540000,0,RL_2,-0.15384500,0.20805602,0.05938157
2.540000,0,RR_2,-0.19022486,-0.22817731,0.05898929
2.560000,0,FL_2,0.25525329,0.19173600,0.05900174
2.560000,0,FR_2,0.22844666,-0.25449327,0.05895075
2.560000,0,RL_2,-0.15384476,0.20805608,0.05938163
2.560000,0,RR_2,-0.19022484,-0.22817740,0.05898945
2.580000,0,FL_2,0.25525337,0.19173615,0.05900196
2.580000,0,FR_2,0.22844690,-0.25449318,0.05895083
2.580000,0,RL_2,-0.15384479,0.20805612,0.05938170
2.580000,0,RR_2,-0.19022468,-0.22817723,0.05898930
2.600000,0,FL_2,0.25525334,0.19173616,0.05900173
2.600000,0,FR_2,0.22844687,-0.25449324,0.05895072
2.600000,0,RL_2,-0.15384464,0.20805608,0.05938168
2.600000,0,RR_2,-0.19022493,-0.22817723,0.05898946
2.620000,0,FL_2,0.25525334,0.19173601,0.05900183
2.620000,0,FR_2,0.22844684,-0.25449324,0.05895073
2.620000,0,RL_2,-0.15384497,0.20805617,0.05938168
2.620000,0,RR_2,-0.19022469,-0.22817731,0.05898939
2.640000,0,FL_2,0.25525320,0.19173604,0.05900173
2.640000,0,FR_2,0.22844684,-0.25449333,0.05895073
2.640000,0,RL_2,-0.15384492,0.20805597,0.05938153
2.640000,0,RR_2,-0.19022493,-0.22817740,0.05898931
2.660000,0,FL_2,0.25525323,0.19173607,0.05900178
2.660000,0,FR_2,0.22844680,-0.25449321,0.05895074
2.660000,0,RL_2,-0.15384483,0.20805603,0.05938162
2.660000,0,RR_2,-0.19022480,-0.22817726,0.05898945
2.680000,0,FL_2,0.25525331,0.19173604,0.05900189
2.680000,0,FR_2,0.22844686,-0.25449321,0.05895074
2.680000,0,RL_2,-0.15384494,0.20805608,0.05938172
2.680000,0,RR_2,-0.19022480,-0.22817725,0.05898923
2.700000,0,FL_2,0.25525349,0.19173613,0.05900177
2.700000,0,FR_2,0.22844687,-0.25449321,0.05895076
2.700000,0,RL_2,-0.15384482,0.20805611,0.05938160
2.700000,0,RR_2,-0.19022484,-0.22817740,0.05898930
2.720000,0,FL_2,0.25525329,0.19173609,0.05900161
2.720000,0,FR_2,0.22844689,-0.25449318,0.05895080
2.720000,0,RL_2,-0.15384470,0.20805603,0.05938148
2.720000,0,RR_2,-0.19022478,-0.22817740,0.05898933
2.740000,0,FL_2,0.25525320,0.19173595,0.05900172
2.740000,0,FR_2,0.22844703,-0.25449321,0.05895074
2.740000,0,RL_2,-0.15384482,0.20805597,0.05938165
2.740000,0,RR_2,-0.19022483,-0.22817732,0.05898935
2.760000,0,FL_2,0.25525343,0.19173607,0.05900176
2.760000,0,FR_2,0.22844684,-0.25449333,0.05895075
2.760000,0,RL_2,-0.15384467,0.20805608,0.05938162
2.760000,0,RR_2,-0.19022469,-0.22817734,0.05898940
2.780000,0,FL_2,0.25525340,0.19173610,0.05900190
2.780000,0,FR_2,0.22844701,-0.25449315,0.05895069
2.780000,0,RL_2,-0.15384474,0.20805618,0.05938166
2.780000,0,RR_2,-0.19022492,-0.22817712,0.05898922
2.800000,0,FL_2,0.25525355,0.19173609,0.05900182
2.800000,0,FR_2,0.22844669,-0.25449312,0.05895074
2.800000,0,RL_2,-0.15384470,0.20805602,0.05938156
2.800000,0,RR_2,-0.19022483,-0.22817735,0.05898931
2.820000,0,FL_2,0.25525343,0.19173616,0.05900192
2.820000,0,FR_2,0.22844684,-0.25449321,0.05895080
2.820000,0,RL_2,-0.15384491,0.20805611,0.05938165
2.820000,0,RR_2,-0.19022484,-0.22817723,0.05898920
2.840000,0,FL_2,0.25525334,0.19173601,0.05900174
2.840000,0,FR_2,0.22844675,-0.25449330,0.05895073
2.840000,0,RL_2,-0.15384473,0.20805611,0.05938156
2.840000,0,RR_2,-0.19022480,-0.22817731,0.05898941
2.860000,0,FL_2,0.25525346,0.19173607,0.05900161
2.860000,0,FR_2,0.22844695,-0.25449333,0.05895076
2.860000,0,RL_2,-0.15384477,0.20805605,0.05938164
2.860000,0,RR_2,-0.19022480,-0.22817729,0.05898924
2.880000,0,FL_2,0.25525358,0.19173604,0.05900184
2.880000,0,FR_2,0.22844693,-0.25449324,0.05895079
2.880000,0,RL_2,-0.15384479,0.20805608,0.05938167
2.880000,0,RR_2,-0.19022486,-0.22817743,0.05898938
2.900000,0,FL_2,0.25525334,0.19173598,0.05900163
2.900000,0,FR_2,0.22844702,-0.25449339,0.05895071
2.900000,0,RL_2,-0.15384462,0.20805605,0.05938163
2.900000,0,RR_2,-0.19022489,-0.22817728,0.05898939
2.920000,0,FL_2,0.25525352,0.19173597,0.05900175
2.920000,0,FR_2,0.22844699,-0.25449327,0.05895079
2.920000,0,RL_2,-0.15384477,0.20805600,0.05938163
2.920000,0,RR_2,-0.19022480,-0.22817738,0.05898945
2.940000,0,FL_2,0.25525352,0.19173606,0.05900179
2.940000,0,FR_2,0.22844693,-0.25449321,0.05895071
2.940000,0,RL_2,-0.15384480,0.20805599,0.05938151
2.940000,0,RR_2,-0.19022495,-0.22817734,0.05898938
2.960000,0,FL_2,0.25525346,0.19173610,0.05900174
2.960000,0,FR_2,0.22844683,-0.25449318,0.05895066
2.960000,0,RL_2,-0.15384479,0.20805614,0.05938155
2.960000,0,RR_2,-0.19022501,-0.22817737,0.05898925
2.980000,0,FL_2,0.25525358,0.19173609,0.05900171
2.980000,0,FR_2,0.22844677,-0.25449330,0.05895079
2.980000,0,RL_2,-0.15384483,0.20805621,0.05938164
2.980000,0,RR_2,-0.19022484,-0.22817728,0.05898934
3.000000,0,FL_2,0.25525323,0.19173616,0.05900174
3.000000,0,FR_2,0.22844696,-0.25449315,0.05895065
3.000000,0,RL_2,-0.15384479,0.20805605,0.05938147
3.000000,0,RR_2,-0.19022501,-0.22817729,0.05898924
3.020000,0,FL_2,0.25525340,0.19173609,0.05900183
3.020000,0,FR_2,0.22844681,-0.25449321,0.05895072
3.020000,0,RL_2,-0.15384476,0.20805618,0.05938171
3.020000,0,RR_2,-0.19022492,-0.22817726,0.05898933
3.040000,0,FL_2,0.25525355,0.19173606,0.05900180
3.040000,0,FR_2,0.22844684,-0.25449324,0.05895077
3.040000,0,RL_2,-0.15384461,0.20805603,0.05938162
3.040000,0,RR_2,-0.19022463,-0.22817726,0.05898928
3.060000,0,FL_2,0.25525326,0.19173610,0.05900173
3.060000,0,FR_2,0.22844696,-0.25449324,0.05895070
3.060000,0,RL_2,-0.15384474,0.20805603,0.05938167
3.060000,0,RR_2,-0.19022483,-0.22817737,0.05898936
3.080000,0,FL_2,0.25525349,0.19173600,0.05900177
3.080000,0,FR_2,0.22844678,-0.25449327,0.05895076
3.080000,0,RL_2,-0.15384488,0.20805608,0.05938165
3.080000,0,RR_2,-0.19022483,-0.22817732,0.05898947
3.100000,0,FL_2,0.25525355,0.19173604,0.05900174
3.100000,0,FR_2,0.22844677,-0.25449327,0.05895077
3.100000,0,RL_2,-0.15384485,0.20805599,0.05938151
3.100000,0,RR_2,-0.19022474,-0.22817731,0.05898930
3.120000,0,FL_2,0.25525334,0.19173610,0.05900192
3.120000,0,FR_2,0.22844686,-0.25449318,0.05895069
3.120000,0,RL_2,-0.15384479,0.20805612,0.05938171
3.120000,0,RR_2,-0.19022480,-0.22817717,0.05898928
3.140000,0,FL_2,0.25525340,0.19173600,0.05900175
3.140000,0,FR_2,0.22844708,-0.25449327,0.05895077
3.140000,0,RL_2,-0.15384470,0.20805597,0.05938166
3.140000,0,RR_2,-0.19022480,-0.22817729,0.05898939
3.160000,0,FL_2,0.25525331,0.19173607,0.05900173
3.160000,0,FR_2,0.22844674,-0.25449333,0.05895070
3.160000,0,RL_2,-0.15384486,0.20805602,0.05938160
3.160000,0,RR_2,-0.19022481,-0.22817738,0.05898933
3.180000,0,FL_2,0.25525326,0.19173601,0.05900172
3.180000,0,FR_2,0.22844693,-0.25449321,0.05895080
3.180000,0,RL_2,-0.15384482,0.20805606,0.05938156
3.180000,0,RR_2,-0.19022477,-0.22817741,0.05898947
3.200000,0,FL_2,0.25525340,0.19173600,0.05900178
3.200000,0,FR_2,0.22844681,-0.25449333,0.05895073
3.200000,0,RL_2,-0.15384482,0.20805611,0.05938161
3.200000,0,RR_2,-0.19022484,-0.22817728,0.05898942
3.220000,0,FL_2,0.25525326,0.19173601,0.05900163
3.220000,0,FR_2,0.22844696,-0.25449330,0.05895074
3.220000,0,RL_2,-0.15384455,0.20805605,0.05938159
3.220000,0,RR_2,-0.19022471,-0.22817725,0.05898936
3.240000,0,FL_2,0.25525337,0.19173604,0.05900185
3.240000,0,FR_2,0.22844672,-0.25449327,0.05895072
3.240000,0,RL_2,-0.15384476,0.20805605,0.05938164
3.240000,0,RR_2,-0.19022480,-0.22817732,0.05898921
3.260000,0,FL_2,0.25525334,0.19173601,0.05900170
3.260000,0,FR_2,0.22844687,-0.25449324,0.05895083
3.260000,0,RL_2,-0.15384465,0.20805594,0.05938157
3.260000,0,RR_2,-0.19022484,-0.22817726,0.05898945
3.280000,0,FL_2,0.25525343,0.19173601,0.05900171
3.280000,0,FR_2,0.22844702,-0.25449333,0.05895074
3.280000,0,RL_2,-0.15384486,0.20805605,0.05938167
3.280000,0,RR_2,-0.19022495,-0.22817728,0.05898945
3.300000,0,FL_2,0.25525329,0.19173606,0.05900183
3.300000,0,FR_2,0.22844684,-0.25449318,0.05895079
3.300000,0,RL_2,-0.15384489,0.20805596,0.05938156
3.300000,0,RR_2,-0.19022480,-0.22817734,0.05898939
3.320000,0,FL_2,0.25525340,0.19173609,0.05900171
3.320000,0,FR_2,0.22844671,-0.25449318,0.05895074
3.320000,0,RL_2,-0.15384477,0.20805608,0.05938167
3.320000,0,RR_2,-0.19022480,-0.22817726,0.05898937
3.340000,0,FL_2,0.25525340,0.19173597,0.05900176
3.340000,0,FR_2,0.22844702,-0.25449327,0.05895080
3.340000,0,RL_2,-0.15384482,0.20805599,0.05938165
3.340000,0,RR_2,-0.19022489,-0.22817737,0.05898927
3.360000,0,FL_2,0.25525334,0.19173606,0.05900184
3.360000,0,FR_2,0.22844681,-0.25449324,0.05895077
3.360000,0,RL_2,-0.15384480,0.20805608,0.05938155
3.360000,0,RR_2,-0.19022480,-0.22817728,0.05898932
3.380000,0,FL_2,0.25525326,0.19173604,0.05900171
3.380000,0,FR_2,0.22844696,-0.25449321,0.05895067
3.380000,0,RL_2,-0.15384491,0.20805609,0.05938158
3.380000,0,RR_2,-0.19022477,-0.22817740,0.05898942
3.400000,0,FL_2,0.25525334,0.19173604,0.05900178
3.400000,0,FR_2,0.22844701,-0.25449324,0.05895066
3.400000,0,RL_2,-0.15384471,0.20805602,0.05938156
3.400000,0,RR_2,-0.19022475,-0.22817737,0.05898931
3.420000,0,FL_2,0.25525340,0.19173610,0.05900183
3.420000,0,FR_2,0.22844696,-0.25449324,0.05895070
3.420000,0,RL_2,-0.15384457,0.20805614,0.05938167
3.420000,0,RR_2,-0.19022471,-0.22817726,0.05898922
3.440000,0,FL_2,0.25525323,0.19173603,0.05900159
3.440000,0,FR_2,0.22844690,-0.25449327,0.05895078
3.440000,0,RL_2,-0.15384503,0.20805596,0.05938161
3.440000,0,RR_2,-0.19022489,-0.22817737,0.05898941
3.460000,0,FL_2,0.25525343,0.19173609,0.05900190
3.460000,0,FR_2,0.22844705,-0.25449318,0.05895071
3.460000,0,RL_2,-0.15384477,0.20805624,0.05938172
3.460000,0,RR_2,-0.19022483,-0.22817720,0.05898939
3.480000,0,FL_2,0.25525329,0.19173604,0.05900180
3.480000,0,FR_2,0.22844702,-0.25449333,0.05895077
3.480000,0,RL_2,-0.15384483,0.20805608,0.05938153
3.480000,0,RR_2,-0.19022483,-0.22817726,0.05898938
3.500000,0,FL_2,0.25525326,0.19173606,0.05900175
3.500000,0,FR_2,0.22844699,-0.25449327,0.05895086
3.500000,0,RL_2,-0.15384483,0.20805599,0.05938147
3.500000,0,RR_2,-0.19022472,-0.22817737,0.05898932
3.520000,0,FL_2,0.25525337,0.19173604,0.05900179
3.520000,0,FR_2,0.22844690,-0.25449324,0.05895084
3.520000,0,RL_2,-0.15384483,0.20805596,0.05938170
3.520000,0,RR_2,-0.19022495,-0.22817740,0.05898947
3.540000,0,FL_2,0.25525334,0.19173609,0.05900194
3.540000,0,FR_2,0.22844681,-0.25449318,0.05895073
3.540000,0,RL_2,-0.15384480,0.20805599,0.05938166
3.540000,0,RR_2,-0.19022489,-0.22817728,0.05898920
3.560000,0,FL_2,0.25525334,0.19173597,0.05900193
3.560000,0,FR_2,0.22844681,-0.25449324,0.05895077
3.560000,0,RL_2,-0.15384495,0.20805599,0.05938155
3.560000,0,RR_2,-0.19022486,-0.22817729,0.05898931
3.580000,0,FL_2,0.25525323,0.19173615,0.05900170
3.580000,0,FR_2,0.22844692,-0.25449321,0.05895086
3.580000,0,RL_2,-0.15384479,0.20805600,0.05938163
3.580000,0,RR_2,-0.19022498,-0.22817743,0.05898946
3.600000,0,FL_2,0.25525340,0.19173601,0.05900175
3.600000,0,FR_2,0.22844695,-0.25449330,0.05895069
3.600000,0,RL_2,-0.15384486,0.20805600,0.05938154
3.600000,0,RR_2,-0.19022486,-0.22817729,0.05898935
3.620000,0,FL_2,0.25525329,0.19173603,0.05900167
3.620000,0,FR_2,0.22844687,-0.25449330,0.05895094
3.620000,0,RL_2,-0.15384473,0.20805609,0.05938162
3.620000,0,RR_2,-0.19022487,-0.22817734,0.05898951
3.640000,0,FL_2,0.25525329,0.19173606,0.05900184
3.640000,0,FR_2,0.22844681,-0.25449336,0.05895076
3.640000,0,RL_2,-0.15384480,0.20805596,0.05938153
3.640000,0,RR_2,-0.19022481,-0.22817728,0.05898934
3.660000,0,FL_2,0.25525358,0.19173612,0.05900159
3.660000,0,FR_2,0.22844678,-0.25449327,0.05895077
3.660000,0,RL_2,-0.15384474,0.20805611,0.05938146
3.660000,0,RR_2,-0.19022489,-0.22817738,0.05898935
3.680000,0,FL_2,0.25525346,0.19173612,0.05900169
3.680000,0,FR_2,0.22844684,-0.25449327,0.05895080
3.680000,0,RL_2,-0.15384497,0.20805603,0.05938161
3.680000,0,RR_2,-0.19022475,-0.22817732,0.05898944
3.700000,0,FL_2,0.25525358,0.19173603,0.05900185
3.700000,0,FR_2,0.22844681,-0.25449327,0.05895071
3.700000,0,RL_2,-0.15384476,0.20805605,0.05938167
3.700000,0,RR_2,-0.19022489,-0.22817735,0.05898937
3.720000,0,FL_2,0.25525334,0.19173597,0.05900167
3.720000,0,FR_2,0.22844678,-0.25449336,0.05895081
3.720000,0,RL_2,-0.15384483,0.20805605,0.05938162
3.720000,0,RR_2,-0.19022489,-0.22817734,0.05898941
3.740000,0,FL_2,0.25525334,0.19173603,0.05900178
3.740000,0,FR_2,0.22844695,-0.25449327,0.05895071
3.740000,0,RL_2,-0.15384473,0.20805606,0.05938163
3.740000,0,RR_2,-0.19022487,-0.22817737,0.05898935
3.760000,0,FL_2,0.25525343,0.19173616,0.05900187
3.760000,0,FR_2,0.22844689,-0.25449330,0.05895076
3.760000,0,RL_2,-0.15384470,0.20805606,0.05938172
3.760000,0,RR_2,-0.19022475,-0.22817717,0.05898925
3.780000,0,FL_2,0.25525337,0.19173592,0.05900180
3.780000,0,FR_2,0.22844690,-0.25449321,0.05895079
3.780000,0,RL_2,-0.15384486,0.20805609,0.05938163
3.780000,0,RR_2,-0.19022490,-0.22817722,0.05898926
3.800000,0,FL_2,0.25525355,0.19173613,0.05900185
3.800000,0,FR_2,0.22844683,-0.25449312,0.05895066
3.800000,0,RL_2,-0.15384480,0.20805599,0.05938170
3.800000,0,RR_2,-0.19022489,-0.22817734,0.05898931
3.820000,0,FL_2,0.25525343,0.19173606,0.05900178
3.820000,0,FR_2,0.22844695,-0.25449327,0.05895081
3.820000,0,RL_2,-0.15384486,0.20805614,0.05938167
3.820000,0,RR_2,-0.19022492,-0.22817740,0.05898936
3.840000,0,FL_2,0.25525349,0.19173606,0.05900180
3.840000,0,FR_2,0.22844689,-0.25449321,0.05895079
3.840000,0,RL_2,-0.15384480,0.20805603,0.05938159
3.840000,0,RR_2,-0.19022492,-0.22817735,0.05898937
3.860000,0,FL_2,0.25525340,0.19173606,0.05900182
3.860000,0,FR_2,0.22844687,-0.25449333,0.05895079
3.860000,0,RL_2,-0.15384480,0.20805612,0.05938159
3.860000,0,RR_2,-0.19022480,-0.22817720,0.05898933
3.880000,0,FL_2,0.25525331,0.19173607,0.05900182
3.880000,0,FR_2,0.22844683,-0.25449327,0.05895079
3.880000,0,RL_2,-0.15384491,0.20805602,0.05938166
3.880000,0,RR_2,-0.19022475,-0.22817734,0.05898941
3.900000,0,FL_2,0.25525346,0.19173609,0.05900181
3.900000,0,FR_2,0.22844686,-0.25449318,0.05895067
3.900000,0,RL_2,-0.15384480,0.20805606,0.05938167
3.900000,0,RR_2,-0.19022492,-0.22817722,0.05898930
3.920000,0,FL_2,0.25525317,0.19173601,0.05900179
3.920000,0,FR_2,0.22844690,-0.25449327,0.05895078
3.920000,0,RL_2,-0.15384483,0.20805609,0.05938165
3.920000,0,RR_2,-0.19022480,-0.22817723,0.05898933
3.940000,0,FL_2,0.25525331,0.19173604,0.05900180
3.940000,0,FR_2,0.22844687,-0.25449333,0.05895078
3.940000,0,RL_2,-0.15384494,0.20805599,0.05938168
3.940000,0,RR_2,-0.19022483,-0.22817734,0.05898941
3.960000,0,FL_2,0.25525323,0.19173601,0.05900179
3.960000,0,FR_2,0.22844683,-0.25449330,0.05895074
3.960000,0,RL_2,-0.15384477,0.20805597,0.05938156
3.960000,0,RR_2,-0.19022478,-0.22817732,0.05898934
3.980000,0,FL_2,0.25525334,0.19173601,0.05900175
3.980000,0,FR_2,0.22844684,-0.25449330,0.05895078
3.980000,0,RL_2,-0.15384458,0.20805605,0.05938156
3.980000,0,RR_2,-0.19022483,-0.22817729,0.05898938
4.000000,0,FL_2,0.25525337,0.19173606,0.05900187
4.000000,0,FR_2,0.22844690,-0.25449318,0.05895076
4.000000,0,RL_2,-0.15384473,0.20805606,0.05938162
4.000000,0,RR_2,-0.19022490,-0.22817725,0.05898933
4.020000,0,FL_2,0.25525349,0.19173613,0.05900171
4.020000,0,FR_2,0.22844683,-0.25449312,0.05895071
4.020000,0,RL_2,-0.15384473,0.20805600,0.05938159
4.020000,0,RR_2,-0.19022487,-0.22817735,0.05898940
4.040000,0,FL_2,0.25525343,0.19173606,0.05900185
4.040000,0,FR_2,0.22844693,-0.25449324,0.05895069
4.040000,0,RL_2,-0.15384479,0.20805599,0.05938165
4.040000,0,RR_2,-0.19022486,-0.22817726,0.05898939
4.060000,0,FL_2,0.25525343,0.19173604,0.05900187
4.060000,0,FR_2,0.22844684,-0.25449315,0.05895076
4.060000,0,RL_2,-0.15384461,0.20805605,0.05938166
4.060000,0,RR_2,-0.19022483,-0.22817723,0.05898924
4.080000,0,FL_2,0.25525326,0.19173609,0.05900173
4.080000,0,FR_2,0.22844690,-0.25449330,0.05895084
4.080000,0,RL_2,-0.15384479,0.20805600,0.05938149
4.080000,0,RR_2,-0.19022499,-0.22817744,0.05898951
4.100000,0,FL_2,0.25525326,0.19173604,0.05900156
4.100000,0,FR_2,0.22844687,-0.25449333,0.05895076
4.100000,0,RL_2,-0.15384486,0.20805594,0.05938170
4.100000,0,RR_2,-0.19022480,-0.22817729,0.05898933
4.120000,0,FL_2,0.25525331,0.19173607,0.05900173
4.120000,0,FR_2,0.22844699,-0.25449327,0.05895080
4.120000,0,RL_2,-0.15384486,0.20805605,0.05938164
4.120000,0,RR_2,-0.19022478,-0.22817735,0.05898929
4.140000,0,FL_2,0.25525326,0.19173606,0.05900162
4.140000,0,FR_2,0.22844702,-0.25449330,0.05895076
4.140000,0,RL_2,-0.15384476,0.20805596,0.05938152
4.140000,0,RR_2,-0.19022487,-0.22817741,0.05898939
4.160000,0,FL_2,0.25525355,0.19173604,0.05900189
4.160000,0,FR_2,0.22844672,-0.25449327,0.05895079
4.160000,0,RL_2,-0.15384477,0.20805617,0.05938163
4.160000,0,RR_2,-0.19022490,-0.22817725,0.05898933
4.180000,0,FL_2,0.25525334,0.19173601,0.05900169
4.180000,0,FR_2,0.22844683,-0.25449324,0.05895076
4.180000,0,RL_2,-0.15384480,0.20805590,0.05938153
4.180000,0,RR_2,-0.19022489,-0.22817741,0.05898936
4.200000,0,FL_2,0.25525331,0.19173604,0.05900172
4.200000,0,FR_2,0.22844678,-0.25449315,0.05895083
4.200000,0,RL_2,-0.15384479,0.20805603,0.05938159
4.200000,0,RR_2,-0.19022489,-0.22817735,0.05898944
4.220000,0,FL_2,0.25525343,0.19173610,0.05900182
4.220000,0,FR_2,0.22844674,-0.25449318,0.05895067
4.220000,0,RL_2,-0.15384480,0.20805615,0.05938154
4.220000,0,RR_2,-0.19022486,-0.22817723,0.05898925
4.240000,0,FL_2,0.25525349,0.19173607,0.05900171
4.240000,0,FR_2,0.22844687,-0.25449330,0.05895079
4.240000,0,RL_2,-0.15384476,0.20805593,0.05938164
4.240000,0,RR_2,-0.19022490,-0.22817731,0.05898936
4.260000,0,FL_2,0.25525343,0.19173612,0.05900174
4.260000,0,FR_2,0.22844703,-0.25449321,0.05895072
4.260000,0,RL_2,-0.15384480,0.20805596,0.05938160
4.260000,0,RR_2,-0.19022492,-0.22817738,0.05898942
4.280000,0,FL_2,0.25525340,0.19173610,0.05900183
4.280000,0,FR_2,0.22844678,-0.25449321,0.05895074
4.280000,0,RL_2,-0.15384483,0.20805597,0.05938169
4.280000,0,RR_2,-0.19022480,-0.22817737,0.05898933
4.300000,0,FL_2,0.25525326,0.19173606,0.05900168
4.300000,0,FR_2,0.22844702,-0.25449333,0.05895079
4.300000,0,RL_2,-0.15384497,0.20805615,0.05938170
4.300000,0,RR_2,-0.19022486,-0.22817732,0.05898938
4.320000,0,FL_2,0.25525323,0.19173601,0.05900177
4.320000,0,FR_2,0.22844680,-0.25449312,0.05895079
4.320000,0,RL_2,-0.15384465,0.20805606,0.05938171
4.320000,0,RR_2,-0.19022475,-0.22817728,0.05898938
4.340000,0,FL_2,0.25525329,0.19173613,0.05900168
4.340000,0,FR_2,0.22844693,-0.25449315,0.05895070
4.340000,0,RL_2,-0.15384470,0.20805602,0.05938148
4.340000,0,RR_2,-0.19022486,-0.22817735,0.05898938
4.360000,0,FL_2,0.25525334,0.19173595,0.05900171
4.360000,0,FR_2,0.22844683,-0.25449333,0.05895085
4.360000,0,RL_2,-0.15384480,0.20805603,0.05938168
4.360000,0,RR_2,-0.19022483,-0.22817731,0.05898933
4.380000,0,FL_2,0.25525334,0.19173607,0.05900179
4.380000,0,FR_2,0.22844698,-0.25449327,0.05895072
4.380000,0,RL_2,-0.15384497,0.20805599,0.05938162
4.380000,0,RR_2,-0.19022474,-0.22817747,0.05898946
4.400000,0,FL_2,0.25525337,0.19173609,0.05900157
4.400000,0,FR_2,0.22844686,-0.25449327,0.05895074
4.400000,0,RL_2,-0.15384479,0.20805605,0.05938168
4.400000,0,RR_2,-0.19022498,-0.22817728,0.05898933
4.420000,0,FL_2,0.25525349,0.19173601,0.05900179
4.420000,0,FR_2,0.22844687,-0.25449333,0.05895070
4.420000,0,RL_2,-0.15384486,0.20805614,0.05938165
4.420000,0,RR_2,-0.19022483,-0.22817729,0.05898935
4.440000,0,FL_2,0.25525329,0.19173606,0.05900177
4.440000,0,FR_2,0.22844690,-0.25449327,0.05895078
4.440000,0,RL_2,-0.15384468,0.20805614,0.05938166
4.440000,0,RR_2,-0.19022490,-0.22817728,0.05898937
4.460000,0,FL_2,0.25525320,0.19173607,0.05900185
4.460000,0,FR_2,0.22844696,-0.25449324,0.05895070
4.460000,0,RL_2,-0.15384468,0.20805609,0.05938156
4.460000,0,RR_2,-0.19022492,-0.22817728,0.05898929
4.480000,0,FL_2,0.25525337,0.19173607,0.05900178
4.480000,0,FR_2,0.22844677,-0.25449336,0.05895060
4.480000,0,RL_2,-0.15384473,0.20805608,0.05938163
4.480000,0,RR_2,-0.19022487,-0.22817728,0.05898928
4.500000,0,FL_2,0.25525349,0.19173603,0.05900172
4.500000,0,FR_2,0.22844693,-0.25449324,0.05895056
4.500000,0,RL_2,-0.15384504,0.20805606,0.05938175
4.500000,0,RR_2,-0.19022492,-0.22817725,0.05898933
4.520000,0,FL_2,0.25525337,0.19173601,0.05900179
4.520000,0,FR_2,0.22844692,-0.25449330,0.05895066
4.520000,0,RL_2,-0.15384464,0.20805608,0.05938172
4.520000,0,RR_2,-0.19022493,-0.22817725,0.05898929
4.540000,0,FL_2,0.25525331,0.19173604,0.05900180
4.540000,0,FR_2,0.22844678,-0.25449330,0.05895061
4.540000,0,RL_2,-0.15384486,0.20805608,0.05938173
4.540000,0,RR_2,-0.19022493,-0.22817725,0.05898935
4.560000,0,FL_2,0.25525337,0.19173610,0.05900189
4.560000,0,FR_2,0.22844698,-0.25449324,0.05895067
4.560000,0,RL_2,-0.15384480,0.20805614,0.05938163
4.560000,0,RR_2,-0.19022465,-0.22817725,0.05898923
4.580000,0,FL_2,0.25525331,0.19173597,0.05900159
4.580000,0,FR_2,0.22844683,-0.25449324,0.05895070
4.580000,0,RL_2,-0.15384492,0.20805606,0.05938153
4.580000,0,RR_2,-0.19022487,-0.22817744,0.05898939
4.600000,0,FL_2,0.25525334,0.19173595,0.05900177
4.600000,0,FR_2,0.22844690,-0.25449333,0.05895085
4.600000,0,RL_2,-0.15384482,0.20805599,0.05938153
4.600000,0,RR_2,-0.19022471,-0.22817737,0.05898926
4.620000,0,FL_2,0.25525323,0.19173607,0.05900180
4.620000,0,FR_2,0.22844708,-0.25449330,0.05895080
4.620000,0,RL_2,-0.15384483,0.20805602,0.05938156
4.620000,0,RR_2,-0.19022495,-0.22817749,0.05898950
4.640000,0,FL_2,0.25525326,0.19173600,0.05900159
4.640000,0,FR_2,0.22844702,-0.25449339,0.05895075
4.640000,0,RL_2,-0.15384482,0.20805594,0.05938154
4.640000,0,RR_2,-0.19022483,-0.22817743,0.05898942
4.660000,0,FL_2,0.25525329,0.19173609,0.05900175
4.660000,0,FR_2,0.22844684,-0.25449333,0.05895071
4.660000,0,RL_2,-0.15384479,0.20805600,0.05938167
4.660000,0,RR_2,-0.19022480,-0.22817731,0.05898947
4.680000,0,FL_2,0.25525343,0.19173601,0.05900186
4.680000,0,FR_2,0.22844677,-0.25449318,0.05895073
4.680000,0,RL_2,-0.15384471,0.20805603,0.05938153
4.680000,0,RR_2,-0.19022484,-0.22817734,0.05898935
4.700000,0,FL_2,0.25525329,0.19173610,0.05900181
4.700000,0,FR_2,0.22844701,-0.25449324,0.05895073
4.700000,0,RL_2,-0.15384483,0.20805602,0.05938155
4.700000,0,RR_2,-0.19022481,-0.22817729,0.05898944
4.720000,0,FL_2,0.25525343,0.19173610,0.05900176
4.720000,0,FR_2,0.22844693,-0.25449333,0.05895085
4.720000,0,RL_2,-0.15384482,0.20805611,0.05938164
4.720000,0,RR_2,-0.19022468,-0.22817728,0.05898939
4.740000,0,FL_2,0.25525337,0.19173615,0.05900185
4.740000,0,FR_2,0.22844695,-0.25449321,0.05895087
4.740000,0,RL_2,-0.15384494,0.20805618,0.05938165
4.740000,0,RR_2,-0.19022484,-0.22817726,0.05898934
4.760000,0,FL_2,0.25525320,0.19173601,0.05900171
4.760000,0,FR_2,0.22844690,-0.25449321,0.05895078
4.760000,0,RL_2,-0.15384473,0.20805596,0.05938159
4.760000,0,RR_2,-0.19022475,-0.22817740,0.05898938
4.780000,0,FL_2,0.25525326,0.19173612,0.05900156
4.780000,0,FR_2,0.22844702,-0.25449327,0.05895073
4.780000,0,RL_2,-0.15384470,0.20805603,0.05938151
4.780000,0,RR_2,-0.19022480,-0.22817740,0.05898941
4.800000,0,FL_2,0.25525329,0.19173604,0.05900176
4.800000,0,FR_2,0.22844687,-0.25449318,0.05895074
4.800000,0,RL_2,-0.15384492,0.20805600,0.05938148
4.800000,0,RR_2,-0.19022487,-0.22817743,0.05898941
4.820000,0,FL_2,0.25525334,0.19173589,0.05900169
4.820000,0,FR_2,0.22844693,-0.25449333,0.05895080
4.820000,0,RL_2,-0.15384482,0.20805594,0.05938165
4.820000,0,RR_2,-0.19022483,-0.22817726,0.05898946
4.840000,0,FL_2,0.25525320,0.19173591,0.05900178
4.840000,0,FR_2,0.22844681,-0.25449321,0.05895087
4.840000,0,RL_2,-0.15384474,0.20805612,0.05938148
4.840000,0,RR_2,-0.19022492,-0.22817729,0.05898929
4.860000,0,FL_2,0.25525329,0.19173612,0.05900201
4.860000,0,FR_2,0.22844699,-0.25449321,0.05895066
4.860000,0,RL_2,-0.15384465,0.20805599,0.05938164
4.860000,0,RR_2,-0.19022483,-0.22817728,0.05898924
4.880000,0,FL_2,0.25525334,0.19173592,0.05900172
4.880000,0,FR_2,0.22844686,-0.25449339,0.05895079
4.880000,0,RL_2,-0.15384479,0.20805600,0.05938164
4.880000,0,RR_2,-0.19022496,-0.22817734,0.05898954
4.900000,0,FL_2,0.25525343,0.19173603,0.05900171
4.900000,0,FR_2,0.22844690,-0.25449330,0.05895076
4.900000,0,RL_2,-0.15384483,0.20805606,0.05938155
4.900000,0,RR_2,-0.19022477,-0.22817737,0.05898923
4.920000,0,FL_2,0.25525329,0.19173612,0.05900200
4.920000,0,FR_2,0.22844686,-0.25449318,0.05895077
4.920000,0,RL_2,-0.15384471,0.20805603,0.05938169
4.920000,0,RR_2,-0.19022493,-0.22817728,0.05898931
4.940000,0,FL_2,0.25525323,0.19173601,0.05900176
4.940000,0,FR_2,0.22844693,-0.25449318,0.05895072
4.940000,0,RL_2,-0.15384468,0.20805611,0.05938173
4.940000,0,RR_2,-0.19022490,-0.22817729,0.05898932
4.960000,0,FL_2,0.25525355,0.19173609,0.05900181
4.960000,0,FR_2,0.22844678,-0.25449318,0.05895077
4.960000,0,RL_2,-0.15384477,0.20805609,0.05938157
4.960000,0,RR_2,-0.19022483,-0.22817716,0.05898929
4.980000,0,FL_2,0.25525331,0.19173610,0.05900176
4.980000,0,FR_2,0.22844687,-0.25449324,0.05895073
4.980000,0,RL_2,-0.15384473,0.20805597,0.05938153
4.980000,0,RR_2,-0.19022490,-0.22817725,0.05898928
5.000000,0,FL_2,0.25525349,0.19173606,0.05900174
5.000000,0,FR_2,0.22844668,-0.25449324,0.05895069
5.000000,0,RL_2,-0.15384468,0.20805611,0.05938163
5.000000,0,RR_2,-0.19022481,-0.22817726,0.05898923
5.020000,0,FL_2,0.25525331,0.19173607,0.05900181
5.020000,0,FR_2,0.22844698,-0.25449327,0.05895074
5.020000,0,RL_2,-0.15384489,0.20805612,0.05938147
5.020000,0,RR_2,-0.19022468,-0.22817737,0.05898931
5.040000,0,FL_2,0.25525329,0.19173609,0.05900187
5.040000,0,FR_2,0.22844696,-0.25449318,0.05895075
5.040000,0,RL_2,-0.15384477,0.20805615,0.05938170
5.040000,0,RR_2,-0.19022468,-0.22817719,0.05898923
5.060000,0,FL_2,0.25525323,0.19173600,0.05900171
5.060000,0,FR_2,0.22844687,-0.25449327,0.05895083
5.060000,0,RL_2,-0.15384485,0.20805597,0.05938160
5.060000,0,RR_2,-0.19022477,-0.22817734,0.05898928
5.080000,0,FL_2,0.25525331,0.19173607,0.05900168
5.080000,0,FR_2,0.22844693,-0.25449330,0.05895076
5.080000,0,RL_2,-0.15384482,0.20805600,0.05938156
5.080000,0,RR_2,-0.19022492,-0.22817738,0.05898935
5.100000,0,FL_2,0.25525326,0.19173597,0.05900171
5.100000,0,FR_2,0.22844681,-0.25449336,0.05895084
5.100000,0,RL_2,-0.15384480,0.20805594,0.05938156
5.100000,0,RR_2,-0.19022492,-0.22817743,0.05898937
5.120000,0,FL_2,0.25525343,0.19173597,0.05900165
5.120000,0,FR_2,0.22844689,-0.25449339,0.05895077
5.120000,0,RL_2,-0.15384507,0.20805609,0.05938154
5.120000,0,RR_2,-0.19022501,-0.22817734,0.05898943
5.140000,0,FL_2,0.25525340,0.19173594,0.05900186
5.140000,0,FR_2,0.22844680,-0.25449327,0.05895078
5.140000,0,RL_2,-0.15384459,0.20805603,0.05938166
5.140000,0,RR_2,-0.19022490,-0.22817726,0.05898928
5.160000,0,FL_2,0.25525323,0.19173600,0.05900180
5.160000,0,FR_2,0.22844696,-0.25449327,0.05895076
5.160000,0,RL_2,-0.15384479,0.20805596,0.05938166
5.160000,0,RR_2,-0.19022483,-0.22817740,0.05898944
5.180000,0,FL_2,0.25525340,0.19173609,0.05900164
5.180000,0,FR_2,0.22844681,-0.25449330,0.05895072
5.180000,0,RL_2,-0.15384474,0.20805600,0.05938150
5.180000,0,RR_2,-0.19022489,-0.22817731,0.05898928
5.200000,0,FL_2,0.25525331,0.19173603,0.05900182
5.200000,0,FR_2,0.22844695,-0.25449324,0.05895080
5.200000,0,RL_2,-0.15384461,0.20805591,0.05938163
5.200000,0,RR_2,-0.19022468,-0.22817734,0.05898932
5.220000,0,FL_2,0.25525349,0.19173612,0.05900192
5.220000,0,FR_2,0.22844693,-0.25449324,0.05895064
5.220000,0,RL_2,-0.15384471,0.20805623,0.05938168
5.220000,0,RR_2,-0.19022486,-0.22817720,0.05898920
5.240000,0,FL_2,0.25525370,0.19173607,0.05900183
5.240000,0,FR_2,0.22844671,-0.25449327,0.05895085
5.240000,0,RL_2,-0.15384476,0.20805609,0.05938169
5.240000,0,RR_2,-0.19022489,-0.22817722,0.05898932
5.260000,0,FL_2,0.25525320,0.19173603,0.05900181
5.260000,0,FR_2,0.22844689,-0.25449318,0.05895090
5.260000,0,RL_2,-0.15384488,0.20805599,0.05938160
5.260000,0,RR_2,-0.19022493,-0.22817743,0.05898959
5.280000,0,FL_2,0.25525320,0.19173589,0.05900182
5.280000,0,FR_2,0.22844678,-0.25449327,0.05895073
5.280000,0,RL_2,-0.15384474,0.20805608,0.05938168
5.280000,0,RR_2,-0.19022483,-0.22817722,0.05898928
5.300000,0,FL_2,0.25525326,0.19173604,0.05900182
5.300000,0,FR_2,0.22844699,-0.25449324,0.05895085
5.300000,0,RL_2,-0.15384467,0.20805606,0.05938157
5.300000,0,RR_2,-0.19022480,-0.22817725,0.05898936
5.320000,0,FL_2,0.25525331,0.19173613,0.05900184
5.320000,0,FR_2,0.22844689,-0.25449318,0.05895076
5.320000,0,RL_2,-0.15384465,0.20805600,0.05938160
5.320000,0,RR_2,-0.19022486,-0.22817726,0.05898930
5.340000,0,FL_2,0.25525343,0.19173610,0.05900175
5.340000,0,FR_2,0.22844681,-0.25449315,0.05895066
5.340000,0,RL_2,-0.15384485,0.20805608,0.05938166
5.340000,0,RR_2,-0.19022492,-0.22817725,0.05898926
5.360000,0,FL_2,0.25525317,0.19173615,0.05900175
5.360000,0,FR_2,0.22844699,-0.25449318,0.05895080
5.360000,0,RL_2,-0.15384494,0.20805603,0.05938156
5.360000,0,RR_2,-0.19022480,-0.22817722,0.05898923
5.380000,0,FL_2,0.25525358,0.19173609,0.05900163
5.380000,0,FR_2,0.22844684,-0.25449324,0.05895082
5.380000,0,RL_2,-0.15384491,0.20805603,0.05938158
5.380000,0,RR_2,-0.19022489,-0.22817743,0.05898942
5.400000,0,FL_2,0.25525329,0.19173610,0.05900197
5.400000,0,FR_2,0.22844687,-0.25449315,0.05895071
5.400000,0,RL_2,-0.15384468,0.20805603,0.05938168
5.400000,0,RR_2,-0.19022484,-0.22817726,0.05898926
5.420000,0,FL_2,0.25525352,0.19173604,0.05900177
5.420000,0,FR_2,0.22844684,-0.25449333,0.05895087
5.420000,0,RL_2,-0.15384474,0.20805606,0.05938158
5.420000,0,RR_2,-0.19022484,-0.22817740,0.05898948
5.440000,0,FL_2,0.25525329,0.19173603,0.05900171
5.440000,0,FR_2,0.22844680,-0.25449333,0.05895085
5.440000,0,RL_2,-0.15384477,0.20805605,0.05938156
5.440000,0,RR_2,-0.19022483,-0.22817731,0.05898942
5.460000,0,FL_2,0.25525320,0.19173609,0.05900188
5.460000,0,FR_2,0.22844681,-0.25449312,0.05895073
5.460000,0,RL_2,-0.15384479,0.20805606,0.05938175
5.460000,0,RR_2,-0.19022478,-0.22817732,0.05898932
5.480000,0,FL_2,0.25525334,0.19173612,0.05900203
5.480000,0,FR_2,0.22844669,-0.25449309,0.05895065
5.480000,0,RL_2,-0.15384465,0.20805614,0.05938163
5.480000,0,RR_2,-0.19022486,-0.22817726,0.05898922
5.500000,0,FL_2,0.25525326,0.19173607,0.05900177
5.500000,0,FR_2,0.22844684,-0.25449318,0.05895074
5.500000,0,RL_2,-0.15384486,0.20805614,0.05938153
5.500000,0,RR_2,-0.19022490,-0.22817717,0.05898926
5.520000,0,FL_2,0.25525329,0.19173606,0.05900182
5.520000,0,FR_2,0.22844698,-0.25449315,0.05895081
5.520000,0,RL_2,-0.15384489,0.20805606,0.05938150
5.520000,0,RR_2,-0.19022489,-0.22817738,0.05898933
5.540000,0,FL_2,0.25525334,0.19173607,0.05900181
5.540000,0,FR_2,0.22844681,-0.25449318,0.05895074
5.540000,0,RL_2,-0.15384462,0.20805609,0.05938159
5.540000,0,RR_2,-0.19022480,-0.22817713,0.05898928
5.560000,0,FL_2,0.25525323,0.19173601,0.05900182
5.560000,0,FR_2,0.22844689,-0.25449330,0.05895079
5.560000,0,RL_2,-0.15384494,0.20805602,0.05938170
5.560000,0,RR_2,-0.19022481,-0.22817732,0.05898935
5.580000,0,FL_2,0.25525311,0.19173606,0.05900157
5.580000,0,FR_2,0.22844677,-0.25449321,0.05895077
5.580000,0,RL_2,-0.15384467,0.20805591,0.05938161
5.580000,0,RR_2,-0.19022475,-0.22817743,0.05898944
5.600000,0,FL_2,0.25525326,0.19173610,0.05900180
5.600000,0,FR_2,0.22844683,-0.25449324,0.05895074
5.600000,0,RL_2,-0.15384467,0.20805608,0.05938155
5.600000,0,RR_2,-0.19022483,-0.22817728,0.05898937
5.620000,0,FL_2,0.25525329,0.19173607,0.05900169
5.620000,0,FR_2,0.22844690,-0.25449324,0.05895073
5.620000,0,RL_2,-0.15384476,0.20805608,0.05938170
5.620000,0,RR_2,-0.19022498,-0.22817731,0.05898929
5.640000,0,FL_2,0.25525346,0.19173610,0.05900188
5.640000,0,FR_2,0.22844675,-0.25449318,0.05895070
5.640000,0,RL_2,-0.15384470,0.20805605,0.05938151
5.640000,0,RR_2,-0.19022492,-0.22817726,0.05898928
5.660000,0,FL_2,0.25525329,0.19173597,0.05900175
5.660000,0,FR_2,0.22844696,-0.25449330,0.05895085
5.660000,0,RL_2,-0.15384462,0.20805597,0.05938170
5.660000,0,RR_2,-0.19022483,-0.22817725,0.05898941
5.680000,0,FL_2,0.25525337,0.19173621,0.05900190
5.680000,0,FR_2,0.22844702,-0.25449321,0.05895081
5.680000,0,RL_2,-0.15384489,0.20805605,0.05938167
5.680000,0,RR_2,-0.19022492,-0.22817732,0.05898930
5.700000,0,FL_2,0.25525331,0.19173616,0.05900201
5.700000,0,FR_2,0.22844702,-0.25449318,0.05895068
5.700000,0,RL_2,-0.15384464,0.20805618,0.05938169
5.700000,0,RR_2,-0.19022487,-0.22817719,0.05898924
5.720000,0,FL_2,0.25525349,0.19173607,0.05900168
5.720000,0,FR_2,0.22844680,-0.25449330,0.05895074
5.720000,0,RL_2,-0.15384473,0.20805600,0.05938166
5.720000,0,RR_2,-0.19022480,-0.22817734,0.05898942
5.740000,0,FL_2,0.25525346,0.19173604,0.05900173
5.740000,0,FR_2,0.22844686,-0.25449327,0.05895065
5.740000,0,RL_2,-0.15384467,0.20805608,0.05938155
5.740000,0,RR_2,-0.19022489,-0.22817729,0.05898929
5.760000,0,FL_2,0.25525326,0.19173601,0.05900177
5.760000,0,FR_2,0.22844687,-0.25449327,0.05895068
5.760000,0,RL_2,-0.15384483,0.20805606,0.05938163
5.760000,0,RR_2,-0.19022484,-0.22817734,0.05898936
5.780000,0,FL_2,0.25525331,0.19173604,0.05900169
5.780000,0,FR_2,0.22844693,-0.25449318,0.05895074
5.780000,0,RL_2,-0.15384464,0.20805603,0.05938165
5.780000,0,RR_2,-0.19022484,-0.22817737,0.05898933
5.800000,0,FL_2,0.25525343,0.19173598,0.05900169
5.800000,0,FR_2,0.22844669,-0.25449327,0.05895086
5.800000,0,RL_2,-0.15384468,0.20805594,0.05938162
5.800000,0,RR_2,-0.19022486,-0.22817734,0.05898942
5.820000,0,FL_2,0.25525337,0.19173601,0.05900179
5.820000,0,FR_2,0.22844672,-0.25449321,0.05895083
5.820000,0,RL_2,-0.15384474,0.20805597,0.05938159
5.820000,0,RR_2,-0.19022480,-0.22817732,0.05898950
5.840000,0,FL_2,0.25525331,0.19173598,0.05900167
5.840000,0,FR_2,0.22844678,-0.25449330,0.05895069
5.840000,0,RL_2,-0.15384485,0.20805602,0.05938165
5.840000,0,RR_2,-0.19022498,-0.22817738,0.05898939
5.860000,0,FL_2,0.25525311,0.19173601,0.05900174
5.860000,0,FR_2,0.22844696,-0.25449330,0.05895076
5.860000,0,RL_2,-0.15384474,0.20805600,0.05938159
5.860000,0,RR_2,-0.19022475,-0.22817738,0.05898944
5.880000,0,FL_2,0.25525349,0.19173616,0.05900175
5.880000,0,FR_2,0.22844672,-0.25449321,0.05895059
5.880000,0,RL_2,-0.15384471,0.20805609,0.05938166
5.880000,0,RR_2,-0.19022490,-0.22817735,0.05898920
5.900000,0,FL_2,0.25525337,0.19173610,0.05900189
5.900000,0,FR_2,0.22844690,-0.25449324,0.05895068
5.900000,0,RL_2,-0.15384491,0.20805611,0.05938158
5.900000,0,RR_2,-0.19022480,-0.22817726,0.05898923
5.920000,0,FL_2,0.25525329,0.19173609,0.05900200
5.920000,0,FR_2,0.22844669,-0.25449318,0.05895076
5.920000,0,RL_2,-0.15384467,0.20805606,0.05938172
5.920000,0,RR_2,-0.19022493,-0.22817722,0.05898913
5.940000,0,FL_2,0.25525349,0.19173613,0.05900185
5.940000,0,FR_2,0.22844690,-0.25449321,0.05895064
5.940000,0,RL_2,-0.15384480,0.20805605,0.05938173
5.940000,0,RR_2,-0.19022496,-0.22817729,0.05898923
5.960000,0,FL_2,0.25525334,0.19173615,0.05900196
5.960000,0,FR_2,0.22844689,-0.25449321,0.05895073
5.960000,0,RL_2,-0.15384468,0.20805612,0.05938169
5.960000,0,RR_2,-0.19022486,-0.22817719,0.05898915
5.980000,0,FL_2,0.25525326,0.19173607,0.05900175
5.980000,0,FR_2,0.22844684,-0.25449321,0.05895076
5.980000,0,RL_2,-0.15384473,0.20805603,0.05938155
5.980000,0,RR_2,-0.19022486,-0.22817731,0.05898946
6.000000,0,FL_2,0.25525352,0.19173597,0.05900165
6.000000,0,FR_2,0.22844684,-0.25449336,0.05895073
6.000000,0,RL_2,-0.15384465,0.20805606,0.05938157
6.000000,0,RR_2,-0.19022489,-0.22817738,0.05898937
6.020000,0,FL_2,0.25525331,0.19173595,0.05900190
6.020000,0,FR_2,0.22844684,-0.25449327,0.05895083
6.020000,0,RL_2,-0.15384468,0.20805600,0.05938163
6.020000,0,RR_2,-0.19022495,-0.22817735,0.05898936
6.040000,0,FL_2,0.25525323,0.19173600,0.05900184
6.040000,0,FR_2,0.22844701,-0.25449327,0.05895077
6.040000,0,RL_2,-0.15384480,0.20805591,0.05938146
6.040000,0,RR_2,-0.19022487,-0.22817738,0.05898935
6.060000,0,FL_2,0.25525334,0.19173603,0.05900184
6.060000,0,FR_2,0.22844681,-0.25449321,0.05895071
6.060000,0,RL_2,-0.15384470,0.20805605,0.05938163
6.060000,0,RR_2,-0.19022492,-0.22817716,0.05898931
6.080000,0,FL_2,0.25525326,0.19173601,0.05900185
6.080000,0,FR_2,0.22844696,-0.25449330,0.05895074
6.080000,0,RL_2,-0.15384471,0.20805608,0.05938165
6.080000,0,RR_2,-0.19022481,-0.22817728,0.05898932
6.100000,0,FL_2,0.25525331,0.19173613,0.05900193
6.100000,0,FR_2,0.22844698,-0.25449324,0.05895063
6.100000,0,RL_2,-0.15384470,0.20805609,0.05938162
6.100000,0,RR_2,-0.19022495,-0.22817732,0.05898923
6.120000,0,FL_2,0.25525331,0.19173606,0.05900188
6.120000,0,FR_2,0.22844689,-0.25449324,0.05895075
6.120000,0,RL_2,-0.15384467,0.20805624,0.05938170
6.120000,0,RR_2,-0.19022487,-0.22817725,0.05898922
6.140000,0,FL_2,0.25525340,0.19173609,0.05900168
6.140000,0,FR_2,0.22844692,-0.25449327,0.05895068
6.140000,0,RL_2,-0.15384479,0.20805597,0.05938157
6.140000,0,RR_2,-0.19022490,-0.22817740,0.05898935
6.160000,0,FL_2,0.25525329,0.19173601,0.05900169
6.160000,0,FR_2,0.22844703,-0.25449321,0.05895066
6.160000,0,RL_2,-0.15384477,0.20805602,0.05938166
6.160000,0,RR_2,-0.19022489,-0.22817728,0.05898948
6.180000,0,FL_2,0.25525326,0.19173604,0.05900184
6.180000,0,FR_2,0.22844680,-0.25449327,0.05895077
6.180000,0,RL_2,-0.15384476,0.20805608,0.05938174
6.180000,0,RR_2,-0.19022480,-0.22817716,0.05898942
6.200000,0,FL_2,0.25525337,0.19173604,0.05900191
6.200000,0,FR_2,0.22844689,-0.25449315,0.05895061
6.200000,0,RL_2,-0.15384486,0.20805620,0.05938171
6.200000,0,RR_2,-0.19022480,-0.22817729,0.05898914
6.220000,0,FL_2,0.25525334,0.19173609,0.05900183
6.220000,0,FR_2,0.22844698,-0.25449324,0.05895066
6.220000,0,RL_2,-0.15384473,0.20805620,0.05938158
6.220000,0,RR_2,-0.19022496,-0.22817725,0.05898928
6.240000,0,FL_2,0.25525340,0.19173594,0.05900177
6.240000,0,FR_2,0.22844690,-0.25449333,0.05895086
6.240000,0,RL_2,-0.15384482,0.20805602,0.05938174
6.240000,0,RR_2,-0.19022487,-0.22817734,0.05898925
6.260000,0,FL_2,0.25525337,0.19173619,0.05900193
6.260000,0,FR_2,0.22844686,-0.25449321,0.05895077
6.260000,0,RL_2,-0.15384479,0.20805614,0.05938164
6.260000,0,RR_2,-0.19022475,-0.22817731,0.05898937
6.280000,0,FL_2,0.25525340,0.19173600,0.05900183
6.280000,0,FR_2,0.22844695,-0.25449327,0.05895087
6.280000,0,RL_2,-0.15384465,0.20805615,0.05938155
6.280000,0,RR_2,-0.19022474,-0.22817717,0.05898927
6.300000,0,FL_2,0.25525349,0.19173616,0.05900177
6.300000,0,FR_2,0.22844684,-0.25449312,0.05895079
6.300000,0,RL_2,-0.15384473,0.20805605,0.05938160
6.300000,0,RR_2,-0.19022499,-0.22817732,0.05898930
6.320000,0,FL_2,0.25525326,0.19173598,0.05900168
6.320000,0,FR_2,0.22844695,-0.25449336,0.05895070
6.320000,0,RL_2,-0.15384477,0.20805602,0.05938169
6.320000,0,RR_2,-0.19022492,-0.22817738,0.05898939
6.340000,0,FL_2,0.25525340,0.19173610,0.05900176
6.340000,0,FR_2,0.22844703,-0.25449321,0.05895068
6.340000,0,RL_2,-0.15384474,0.20805605,0.05938160
6.340000,0,RR_2,-0.19022489,-0.22817738,0.05898935
6.360000,0,FL_2,0.25525337,0.19173606,0.05900187
6.360000,0,FR_2,0.22844696,-0.25449324,0.05895067
6.360000,0,RL_2,-0.15384480,0.20805609,0.05938156
6.360000,0,RR_2,-0.19022484,-0.22817725,0.05898923
6.380000,0,FL_2,0.25525352,0.19173606,0.05900184
6.380000,0,FR_2,0.22844684,-0.25449333,0.05895063
6.380000,0,RL_2,-0.15384468,0.20805617,0.05938168
6.380000,0,RR_2,-0.19022483,-0.22817713,0.05898920
6.400000,0,FL_2,0.25525364,0.19173607,0.05900188
6.400000,0,FR_2,0.22844695,-0.25449324,0.05895080
6.400000,0,RL_2,-0.15384471,0.20805605,0.05938149
6.400000,0,RR_2,-0.19022492,-0.22817738,0.05898928
6.420000,0,FL_2,0.25525337,0.19173600,0.05900177
6.420000,0,FR_2,0.22844669,-0.25449327,0.05895080
6.420000,0,RL_2,-0.15384483,0.20805602,0.05938156
6.420000,0,RR_2,-0.19022472,-0.22817728,0.05898941
6.440000,0,FL_2,0.25525337,0.19173595,0.05900178
6.440000,0,FR_2,0.22844672,-0.25449333,0.05895079
6.440000,0,RL_2,-0.15384483,0.20805612,0.05938160
6.440000,0,RR_2,-0.19022490,-0.22817723,0.05898935
6.460000,0,FL_2,0.25525329,0.19173606,0.05900187
6.460000,0,FR_2,0.22844681,-0.25449327,0.05895080
6.460000,0,RL_2,-0.15384483,0.20805609,0.05938168
6.460000,0,RR_2,-0.19022475,-0.22817720,0.05898941
6.480000,0,FL_2,0.25525337,0.19173603,0.05900192
6.480000,0,FR_2,0.22844696,-0.25449324,0.05895077
6.480000,0,RL_2,-0.15384467,0.20805608,0.05938170
6.480000,0,RR_2,-0.19022493,-0.22817732,0.05898940
6.500000,0,FL_2,0.25525349,0.19173601,0.05900204
6.500000,0,FR_2,0.22844687,-0.25449327,0.05895074
6.500000,0,RL_2,-0.15384454,0.20805621,0.05938175
6.500000,0,RR_2,-0.19022477,-0.22817720,0.05898926
6.520000,0,FL_2,0.25525343,0.19173607,0.05900185
6.520000,0,FR_2,0.22844687,-0.25449324,0.05895076
6.520000,0,RL_2,-0.15384468,0.20805602,0.05938149
6.520000,0,RR_2,-0.19022503,-0.22817735,0.05898938
6.540000,0,FL_2,0.25525343,0.19173603,0.05900191
6.540000,0,FR_2,0.22844681,-0.25449330,0.05895078
6.540000,0,RL_2,-0.15384480,0.20805605,0.05938171
6.540000,0,RR_2,-0.19022483,-0.22817728,0.05898924
6.560000,0,FL_2,0.25525346,0.19173598,0.05900190
6.560000,0,FR_2,0.22844689,-0.25449318,0.05895076
6.560000,0,RL_2,-0.15384488,0.20805608,0.05938165
6.560000,0,RR_2,-0.19022480,-0.22817731,0.05898923
6.580000,0,FL_2,0.25525334,0.19173603,0.05900176
6.580000,0,FR_2,0.22844680,-0.25449324,0.05895078
6.580000,0,RL_2,-0.15384471,0.20805609,0.05938147
6.580000,0,RR_2,-0.19022475,-0.22817735,0.05898927
6.600000,0,FL_2,0.25525326,0.19173598,0.05900174
6.600000,0,FR_2,0.22844683,-0.25449330,0.05895081
6.600000,0,RL_2,-0.15384476,0.20805612,0.05938159
6.600000,0,RR_2,-0.19022493,-0.22817731,0.05898935
6.620000,0,FL_2,0.25525352,0.19173601,0.05900172
6.620000,0,FR_2,0.22844690,-0.25449324,0.05895074
6.620000,0,RL_2,-0.15384485,0.20805596,0.05938169
6.620000,0,RR_2,-0.19022490,-0.22817732,0.05898939
6.640000,0,FL_2,0.25525326,0.19173606,0.05900197
6.640000,0,FR_2,0.22844681,-0.25449321,0.05895079
6.640000,0,RL_2,-0.15384464,0.20805599,0.05938152
6.640000,0,RR_2,-0.19022489,-0.22817741,0.05898937
6.660000,0,FL_2,0.25525352,0.19173612,0.05900182
6.660000,0,FR_2,0.22844690,-0.25449327,0.05895066
6.660000,0,RL_2,-0.15384485,0.20805608,0.05938169
6.660000,0,RR_2,-0.19022483,-0.22817722,0.05898914
6.680000,0,FL_2,0.25525343,0.19173604,0.05900180
6.680000,0,FR_2,0.22844699,-0.25449321,0.05895074
6.680000,0,RL_2,-0.15384486,0.20805611,0.05938164
6.680000,0,RR_2,-0.19022508,-0.22817720,0.05898937
6.700000,0,FL_2,0.25525340,0.19173612,0.05900200
6.700000,0,FR_2,0.22844683,-0.25449321,0.05895069
6.700000,0,RL_2,-0.15384488,0.20805621,0.05938173
6.700000,0,RR_2,-0.19022477,-0.22817717,0.05898929
6.720000,0,FL_2,0.25525346,0.19173607,0.05900185
6.720000,0,FR_2,0.22844677,-0.25449321,0.05895083
6.720000,0,RL_2,-0.15384486,0.20805603,0.05938172
6.720000,0,RR_2,-0.19022468,-0.22817728,0.05898937
6.740000,0,FL_2,0.25525334,0.19173604,0.05900192
6.740000,0,FR_2,0.22844699,-0.25449318,0.05895068
6.740000,0,RL_2,-0.15384476,0.20805615,0.05938173
6.740000,0,RR_2,-0.19022483,-0.22817732,0.05898922
6.760000,0,FL_2,0.25525326,0.19173612,0.05900179
6.760000,0,FR_2,0.22844689,-0.25449330,0.05895078
6.760000,0,RL_2,-0.15384457,0.20805599,0.05938148
6.760000,0,RR_2,-0.19022474,-0.22817740,0.05898948
6.780000,0,FL_2,0.25525340,0.19173606,0.05900186
6.780000,0,FR_2,0.22844681,-0.25449327,0.05895082
6.780000,0,RL_2,-0.15384480,0.20805609,0.05938154
6.780000,0,RR_2,-0.19022465,-0.22817728,0.05898932
6.800000,0,FL_2,0.25525334,0.19173615,0.05900177
6.800000,0,FR_2,0.22844696,-0.25449315,0.05895071
6.800000,0,RL_2,-0.15384473,0.20805609,0.05938160
6.800000,0,RR_2,-0.19022492,-0.22817726,0.05898931
6.820000,0,FL_2,0.25525346,0.19173606,0.05900175
6.820000,0,FR_2,0.22844701,-0.25449318,0.05895075
6.820000,0,RL_2,-0.15384479,0.20805614,0.05938155
6.820000,0,RR_2,-0.19022490,-0.22817734,0.05898932
6.840000,0,FL_2,0.25525355,0.19173610,0.05900186
6.840000,0,FR_2,0.22844690,-0.25449321,0.05895069
6.840000,0,RL_2,-0.15384477,0.20805626,0.05938160
6.840000,0,RR_2,-0.19022490,-0.22817725,0.05898932
6.860000,0,FL_2,0.25525331,0.19173604,0.05900175
6.860000,0,FR_2,0.22844690,-0.25449321,0.05895079
6.860000,0,RL_2,-0.15384468,0.20805602,0.05938150
6.860000,0,RR_2,-0.19022492,-0.22817741,0.05898939
6.880000,0,FL_2,0.25525340,0.19173603,0.05900178
6.880000,0,FR_2,0.22844684,-0.25449324,0.05895080
6.880000,0,RL_2,-0.15384473,0.20805621,0.05938169
6.880000,0,RR_2,-0.19022462,-0.22817713,0.05898921
6.900000,0,FL_2,0.25525343,0.19173604,0.05900178
6.900000,0,FR_2,0.22844690,-0.25449336,0.05895080
6.900000,0,RL_2,-0.15384465,0.20805603,0.05938160
6.900000,0,RR_2,-0.19022477,-0.22817737,0.05898935
6.920000,0,FL_2,0.25525346,0.19173607,0.05900193
6.920000,0,FR_2,0.22844692,-0.25449324,0.05895066
6.920000,0,RL_2,-0.15384477,0.20805612,0.05938178
6.920000,0,RR_2,-0.19022489,-0.22817728,0.05898931
6.940000,0,FL_2,0.25525326,0.19173600,0.05900171
6.940000,0,FR_2,0.22844677,-0.25449321,0.05895070
6.940000,0,RL_2,-0.15384471,0.20805611,0.05938172
6.940000,0,RR_2,-0.19022492,-0.22817729,0.05898927
6.960000,0,FL_2,0.25525343,0.19173610,0.05900197
6.960000,0,FR_2,0.22844681,-0.25449318,0.05895073
6.960000,0,RL_2,-0.15384477,0.20805605,0.05938172
6.960000,0,RR_2,-0.19022483,-0.22817723,0.05898926
6.980000,0,FL_2,0.25525352,0.19173600,0.05900168
6.980000,0,FR_2,0.22844687,-0.25449333,0.05895070
6.980000,0,RL_2,-0.15384489,0.20805602,0.05938157
6.980000,0,RR_2,-0.19022483,-0.22817734,0.05898936
7.000000,0,FL_2,0.25525340,0.19173613,0.05900192
7.000000,0,FR_2,0.22844684,-0.25449324,0.05895065
7.000000,0,RL_2,-0.15384486,0.20805617,0.05938161
7.000000,0,RR_2,-0.19022480,-0.22817725,0.05898930
7.020000,0,FL_2,0.25525337,0.19173609,0.05900187
7.020000,0,FR_2,0.22844705,-0.25449324,0.05895070
7.020000,0,RL_2,-0.15384483,0.20805606,0.05938168
7.020000,0,RR_2,-0.19022483,-0.22817728,0.05898931
7.040000,0,FL_2,0.25525331,0.19173598,0.05900174
7.040000,0,FR_2,0.22844684,-0.25449327,0.05895093
7.040000,0,RL_2,-0.15384486,0.20805605,0.05938157
7.040000,0,RR_2,-0.19022471,-0.22817734,0.05898939
7.060000,0,FL_2,0.25525337,0.19173609,0.05900186
7.060000,0,FR_2,0.22844687,-0.25449312,0.05895080
7.060000,0,RL_2,-0.15384459,0.20805611,0.05938162
7.060000,0,RR_2,-0.19022486,-0.22817728,0.05898929
7.080000,0,FL_2,0.25525343,0.19173616,0.05900187
7.080000,0,FR_2,0.22844689,-0.25449324,0.05895069
7.080000,0,RL_2,-0.15384492,0.20805608,0.05938167
7.080000,0,RR_2,-0.19022489,-0.22817722,0.05898930
7.100000,0,FL_2,0.25525334,0.19173606,0.05900180
7.100000,0,FR_2,0.22844677,-0.25449327,0.05895068
7.100000,0,RL_2,-0.15384461,0.20805599,0.05938169
7.100000,0,RR_2,-0.19022503,-0.22817725,0.05898929
7.120000,0,FL_2,0.25525340,0.19173607,0.05900180
7.120000,0,FR_2,0.22844690,-0.25449327,0.05895072
7.120000,0,RL_2,-0.15384486,0.20805608,0.05938163
7.120000,0,RR_2,-0.19022486,-0.22817726,0.05898937
7.140000,0,FL_2,0.25525331,0.19173604,0.05900175
7.140000,0,FR_2,0.22844683,-0.25449318,0.05895073
7.140000,0,RL_2,-0.15384474,0.20805615,0.05938178
7.140000,0,RR_2,-0.19022492,-0.22817729,0.05898933
7.160000,0,FL_2,0.25525329,0.19173609,0.05900185
7.160000,0,FR_2,0.22844696,-0.25449318,0.05895058
7.160000,0,RL_2,-0.15384458,0.20805609,0.05938172
7.160000,0,RR_2,-0.19022489,-0.22817728,0.05898931
7.180000,0,FL_2,0.25525352,0.19173598,0.05900186
7.180000,0,FR_2,0.22844677,-0.25449321,0.05895063
7.180000,0,RL_2,-0.15384488,0.20805620,0.05938179
7.180000,0,RR_2,-0.19022486,-0.22817720,0.05898921
7.200000,0,FL_2,0.25525323,0.19173600,0.05900192
7.200000,0,FR_2,0.22844684,-0.25449321,0.05895069
7.200000,0,RL_2,-0.15384483,0.20805612,0.05938161
7.200000,0,RR_2,-0.19022484,-0.22817725,0.05898922
7.220000,0,FL_2,0.25525343,0.19173598,0.05900167
7.220000,0,FR_2,0.22844675,-0.25449330,0.05895079
7.220000,0,RL_2,-0.15384470,0.20805597,0.05938161
7.220000,0,RR_2,-0.19022486,-0.22817732,0.05898931
7.240000,0,FL_2,0.25525337,0.19173598,0.05900179
7.240000,0,FR_2,0.22844693,-0.25449333,0.05895080
7.240000,0,RL_2,-0.15384479,0.20805606,0.05938149
7.240000,0,RR_2,-0.19022496,-0.22817735,0.05898945
7.260000,0,FL_2,0.25525334,0.19173604,0.05900179
7.260000,0,FR_2,0.22844680,-0.25449327,0.05895078
7.260000,0,RL_2,-0.15384497,0.20805596,0.05938168
7.260000,0,RR_2,-0.19022478,-0.22817735,0.05898928
7.280000,0,FL_2,0.25525343,0.19173600,0.05900183
7.280000,0,FR_2,0.22844693,-0.25449324,0.05895080
7.280000,0,RL_2,-0.15384465,0.20805605,0.05938158
7.280000,0,RR_2,-0.19022489,-0.22817738,0.05898924
7.300000,0,FL_2,0.25525329,0.19173603,0.05900172
7.300000,0,FR_2,0.22844687,-0.25449330,0.05895095
7.300000,0,RL_2,-0.15384486,0.20805597,0.05938155
7.300000,0,RR_2,-0.19022492,-0.22817746,0.05898952
7.320000,0,FL_2,0.25525349,0.19173610,0.05900162
7.320000,0,FR_2,0.22844684,-0.25449330,0.05895083
7.320000,0,RL_2,-0.15384477,0.20805587,0.05938164
7.320000,0,RR_2,-0.19022490,-0.22817737,0.05898942
7.340000,0,FL_2,0.25525346,0.19173598,0.05900168
7.340000,0,FR_2,0.22844693,-0.25449336,0.05895090
7.340000,0,RL_2,-0.15384497,0.20805611,0.05938155
7.340000,0,RR_2,-0.19022483,-0.22817728,0.05898940
7.360000,0,FL_2,0.25525334,0.19173598,0.05900175
7.360000,0,FR_2,0.22844677,-0.25449324,0.05895073
7.360000,0,RL_2,-0.15384471,0.20805615,0.05938165
7.360000,0,RR_2,-0.19022480,-0.22817720,0.05898931
7.380000,0,FL_2,0.25525320,0.19173609,0.05900184
7.380000,0,FR_2,0.22844690,-0.25449330,0.05895074
7.380000,0,RL_2,-0.15384476,0.20805609,0.05938160
7.380000,0,RR_2,-0.19022498,-0.22817731,0.05898931
7.400000,0,FL_2,0.25525355,0.19173612,0.05900186
7.400000,0,FR_2,0.22844693,-0.25449333,0.05895076
7.400000,0,RL_2,-0.15384485,0.20805609,0.05938179
7.400000,0,RR_2,-0.19022480,-0.22817726,0.05898936
7.420000,0,FL_2,0.25525349,0.19173603,0.05900181
7.420000,0,FR_2,0.22844681,-0.25449324,0.05895076
7.420000,0,RL_2,-0.15384473,0.20805611,0.05938146
7.420000,0,RR_2,-0.19022477,-0.22817731,0.05898926
7.440000,0,FL_2,0.25525331,0.19173603,0.05900177
7.440000,0,FR_2,0.22844681,-0.25449333,0.05895077
7.440000,0,RL_2,-0.15384486,0.20805612,0.05938152
7.440000,0,RR_2,-0.19022486,-0.22817732,0.05898936
7.460000,0,FL_2,0.25525320,0.19173604,0.05900182
7.460000,0,FR_2,0.22844681,-0.25449318,0.05895073
7.460000,0,RL_2,-0.15384479,0.20805609,0.05938166
7.460000,0,RR_2,-0.19022480,-0.22817716,0.05898942
7.480000,0,FL_2,0.25525320,0.19173603,0.05900180
7.480000,0,FR_2,0.22844692,-0.25449333,0.05895086
7.480000,0,RL_2,-0.15384483,0.20805597,0.05938147
7.480000,0,RR_2,-0.19022486,-0.22817728,0.05898938
7.500000,0,FL_2,0.25525323,0.19173615,0.05900186
7.500000,0,FR_2,0.22844689,-0.25449321,0.05895063
7.500000,0,RL_2,-0.15384480,0.20805603,0.05938157
7.500000,0,RR_2,-0.19022480,-0.22817725,0.05898929
7.520000,0,FL_2,0.25525352,0.19173612,0.05900184
7.520000,0,FR_2,0.22844684,-0.25449321,0.05895074
7.520000,0,RL_2,-0.15384474,0.20805618,0.05938169
7.520000,0,RR_2,-0.19022483,-0.22817726,0.05898935
7.540000,0,FL_2,0.25525343,0.19173604,0.05900176
7.540000,0,FR_2,0.22844683,-0.25449327,0.05895078
7.540000,0,RL_2,-0.15384492,0.20805594,0.05938160
7.540000,0,RR_2,-0.19022483,-0.22817725,0.05898933
7.560000,0,FL_2,0.25525305,0.19173609,0.05900168
7.560000,0,FR_2,0.22844701,-0.25449318,0.05895077
7.560000,0,RL_2,-0.15384480,0.20805600,0.05938157
7.560000,0,RR_2,-0.19022486,-0.22817735,0.05898940
7.580000,0,FL_2,0.25525311,0.19173603,0.05900171
7.580000,0,FR_2,0.22844696,-0.25449330,0.05895066
7.580000,0,RL_2,-0.15384480,0.20805605,0.05938154
7.580000,0,RR_2,-0.19022498,-0.22817738,0.05898926
7.600000,0,FL_2,0.25525331,0.19173607,0.05900180
7.600000,0,FR_2,0.22844695,-0.25449324,0.05895075
7.600000,0,RL_2,-0.15384470,0.20805606,0.05938168
7.600000,0,RR_2,-0.19022478,-0.22817738,0.05898931
7.620000,0,FL_2,0.25525314,0.19173601,0.05900165
7.620000,0,FR_2,0.22844698,-0.25449324,0.05895081
7.620000,0,RL_2,-0.15384483,0.20805597,0.05938141
7.620000,0,RR_2,-0.19022486,-0.22817743,0.05898939
7.640000,0,FL_2,0.25525340,0.19173604,0.05900180
7.640000,0,FR_2,0.22844684,-0.25449327,0.05895081
7.640000,0,RL_2,-0.15384500,0.20805599,0.05938170
7.640000,0,RR_2,-0.19022475,-0.22817732,0.05898935
7.660000,0,FL_2,0.25525329,0.19173613,0.05900175
7.660000,0,FR_2,0.22844678,-0.25449312,0.05895081
7.660000,0,RL_2,-0.15384470,0.20805608,0.05938168
7.660000,0,RR_2,-0.19022480,-0.22817737,0.05898924
7.680000,0,FL_2,0.25525323,0.19173615,0.05900195
7.680000,0,FR_2,0.22844701,-0.25449327,0.05895074
7.680000,0,RL_2,-0.15384476,0.20805609,0.05938167
7.680000,0,RR_2,-0.19022490,-0.22817729,0.05898928
7.700000,0,FL_2,0.25525343,0.19173609,0.05900172
7.700000,0,FR_2,0.22844687,-0.25449321,0.05895068
7.700000,0,RL_2,-0.15384488,0.20805611,0.05938154
7.700000,0,RR_2,-0.19022480,-0.22817732,0.05898941
7.720000,0,FL_2,0.25525343,0.19173603,0.05900185
7.720000,0,FR_2,0.22844669,-0.25449330,0.05895083
7.720000,0,RL_2,-0.15384480,0.20805603,0.05938150
7.720000,0,RR_2,-0.19022475,-0.22817734,0.05898932
7.740000,0,FL_2,0.25525358,0.19173610,0.05900168
7.740000,0,FR_2,0.22844690,-0.25449336,0.05895071
7.740000,0,RL_2,-0.15384482,0.20805609,0.05938163
7.740000,0,RR_2,-0.19022505,-0.22817728,0.05898932
7.760000,0,FL_2,0.25525352,0.19173606,0.05900197
7.760000,0,FR_2,0.22844690,-0.25449318,0.05895081
7.760000,0,RL_2,-0.15384462,0.20805621,0.05938175
7.760000,0,RR_2,-0.19022481,-0.22817728,0.05898924
7.780000,0,FL_2,0.25525343,0.19173612,0.05900174
7.780000,0,FR_2,0.22844678,-0.25449318,0.05895067
7.780000,0,RL_2,-0.15384483,0.20805602,0.05938157
7.780000,0,RR_2,-0.19022477,-0.22817732,0.05898928
7.800000,0,FL_2,0.25525334,0.19173600,0.05900182
7.800000,0,FR_2,0.22844703,-0.25449330,0.05895066
7.800000,0,RL_2,-0.15384474,0.20805611,0.05938168
7.800000,0,RR_2,-0.19022480,-0.22817725,0.05898922
7.820000,0,FL_2,0.25525323,0.19173607,0.05900194
7.820000,0,FR_2,0.22844681,-0.25449321,0.05895080
7.820000,0,RL_2,-0.15384461,0.20805606,0.05938167
7.820000,0,RR_2,-0.19022486,-0.22817731,0.05898934
7.840000,0,FL_2,0.25525340,0.19173600,0.05900181
7.840000,0,FR_2,0.22844684,-0.25449330,0.05895069
7.840000,0,RL_2,-0.15384482,0.20805606,0.05938163
7.840000,0,RR_2,-0.19022475,-0.22817731,0.05898937
7.860000,0,FL_2,0.25525337,0.19173604,0.05900172
7.860000,0,FR_2,0.22844680,-0.25449330,0.05895070
7.860000,0,RL_2,-0.15384474,0.20805615,0.05938167
7.860000,0,RR_2,-0.19022483,-0.22817731,0.05898932
7.880000,0,FL_2,0.25525346,0.19173604,0.05900172
7.880000,0,FR_2,0.22844689,-0.25449330,0.05895067
7.880000,0,RL_2,-0.15384459,0.20805600,0.05938150
7.880000,0,RR_2,-0.19022475,-0.22817729,0.05898922
7.900000,0,FL_2,0.25525329,0.19173601,0.05900172
7.900000,0,FR_2,0.22844687,-0.25449330,0.05895075
7.900000,0,RL_2,-0.15384482,0.20805596,0.05938139
7.900000,0,RR_2,-0.19022475,-0.22817743,0.05898935
7.920000,0,FL_2,0.25525343,0.19173609,0.05900167
7.920000,0,FR_2,0.22844675,-0.25449336,0.05895074
7.920000,0,RL_2,-0.15384471,0.20805597,0.05938166
7.920000,0,RR_2,-0.19022489,-0.22817729,0.05898937
7.940000,0,FL_2,0.25525334,0.19173610,0.05900164
7.940000,0,FR_2,0.22844687,-0.25449342,0.05895084
7.940000,0,RL_2,-0.15384473,0.20805593,0.05938155
7.940000,0,RR_2,-0.19022474,-0.22817737,0.05898941
7.960000,0,FL_2,0.25525355,0.19173607,0.05900181
7.960000,0,FR_2,0.22844699,-0.25449327,0.05895056
7.960000,0,RL_2,-0.15384467,0.20805617,0.05938156
7.960000,0,RR_2,-0.19022486,-0.22817728,0.05898926
7.980000,0,FL_2,0.25525346,0.19173609,0.05900187
7.980000,0,FR_2,0.22844696,-0.25449327,0.05895065
7.980000,0,RL_2,-0.15384479,0.20805624,0.05938172
7.980000,0,RR_2,-0.19022483,-0.22817731,0.05898922
8.000000,0,FL_2,0.25525343,0.19173618,0.05900194
8.000000,0,FR_2,0.22844683,-0.25449318,0.05895067
8.000000,0,RL_2,-0.15384474,0.20805611,0.05938170
8.000000,0,RR_2,-0.19022483,-0.22817722,0.05898921
8.020000,0,FL_2,0.25525355,0.19173606,0.05900175
8.020000,0,FR_2,0.22844675,-0.25449327,0.05895083
8.020000,0,RL_2,-0.15384468,0.20805590,0.05938159
8.020000,0,RR_2,-0.19022498,-0.22817732,0.05898949
8.040000,0,FL_2,0.25525343,0.19173597,0.05900171
8.040000,0,FR_2,0.22844692,-0.25449330,0.05895088
8.040000,0,RL_2,-0.15384489,0.20805602,0.05938157
8.040000,0,RR_2,-0.19022477,-0.22817732,0.05898946
8.060000,0,FL_2,0.25525323,0.19173597,0.05900168
8.060000,0,FR_2,0.22844698,-0.25449330,0.05895080
8.060000,0,RL_2,-0.15384474,0.20805605,0.05938152
8.060000,0,RR_2,-0.19022468,-0.22817731,0.05898935
8.080000,0,FL_2,0.25525337,0.19173609,0.05900172
8.080000,0,FR_2,0.22844693,-0.25449327,0.05895072
8.080000,0,RL_2,-0.15384480,0.20805609,0.05938152
8.080000,0,RR_2,-0.19022487,-0.22817732,0.05898940
8.100000,0,FL_2,0.25525349,0.19173600,0.05900180
8.100000,0,FR_2,0.22844696,-0.25449327,0.05895077
8.100000,0,RL_2,-0.15384477,0.20805614,0.05938163
8.100000,0,RR_2,-0.19022490,-0.22817726,0.05898933
8.120000,0,FL_2,0.25525334,0.19173612,0.05900180
8.120000,0,FR_2,0.22844695,-0.25449333,0.05895081
8.120000,0,RL_2,-0.15384476,0.20805603,0.05938146
8.120000,0,RR_2,-0.19022486,-0.22817735,0.05898937
8.140000,0,FL_2,0.25525331,0.19173598,0.05900164
8.140000,0,FR_2,0.22844687,-0.25449327,0.05895086
8.140000,0,RL_2,-0.15384509,0.20805614,0.05938157
8.140000,0,RR_2,-0.19022483,-0.22817741,0.05898951
8.160000,0,FL_2,0.25525317,0.19173600,0.05900172
8.160000,0,FR_2,0.22844687,-0.25449333,0.05895081
8.160000,0,RL_2,-0.15384465,0.20805590,0.05938151
8.160000,0,RR_2,-0.19022474,-0.22817729,0.05898933
8.180000,0,FL_2,0.25525323,0.19173610,0.05900165
8.180000,0,FR_2,0.22844699,-0.25449333,0.05895074
8.180000,0,RL_2,-0.15384476,0.20805600,0.05938162
8.180000,0,RR_2,-0.19022484,-0.22817744,0.05898956
8.200000,0,FL_2,0.25525331,0.19173603,0.05900180
8.200000,0,FR_2,0.22844678,-0.25449330,0.05895087
8.200000,0,RL_2,-0.15384480,0.20805599,0.05938167
8.200000,0,RR_2,-0.19022477,-0.22817728,0.05898942
8.220000,0,FL_2,0.25525337,0.19173613,0.05900186
8.220000,0,FR_2,0.22844693,-0.25449318,0.05895068
8.220000,0,RL_2,-0.15384467,0.20805606,0.05938164
8.220000,0,RR_2,-0.19022471,-0.22817728,0.05898912
8.240000,0,FL_2,0.25525352,0.19173615,0.05900180
8.240000,0,FR_2,0.22844696,-0.25449324,0.05895056
8.240000,0,RL_2,-0.15384482,0.20805617,0.05938166
8.240000,0,RR_2,-0.19022477,-0.22817723,0.05898921
8.260000,0,FL_2,0.25525329,0.19173601,0.05900169
8.260000,0,FR_2,0.22844675,-0.25449324,0.05895080
8.260000,0,RL_2,-0.15384470,0.20805602,0.05938160
8.260000,0,RR_2,-0.19022477,-0.22817740,0.05898952
8.280000,0,FL_2,0.25525349,0.19173606,0.05900179
8.280000,0,FR_2,0.22844681,-0.25449327,0.05895070
8.280000,0,RL_2,-0.15384471,0.20805611,0.05938166
8.280000,0,RR_2,-0.19022486,-0.22817726,0.05898940
8.300000,0,FL_2,0.25525331,0.19173604,0.05900181
8.300000,0,FR_2,0.22844680,-0.25449318,0.05895071
8.300000,0,RL_2,-0.15384465,0.20805600,0.05938162
8.300000,0,RR_2,-0.19022483,-0.22817720,0.05898922
8.320000,0,FL_2,0.25525326,0.19173604,0.05900177
8.320000,0,FR_2,0.22844692,-0.25449324,0.05895066
8.320000,0,RL_2,-0.15384474,0.20805614,0.05938160
8.320000,0,RR_2,-0.19022493,-0.22817734,0.05898930
8.340000,0,FL_2,0.25525329,0.19173607,0.05900179
8.340000,0,FR_2,0.22844695,-0.25449324,0.05895073
8.340000,0,RL_2,-0.15384468,0.20805600,0.05938172
8.340000,0,RR_2,-0.19022474,-0.22817723,0.05898927
8.360000,0,FL_2,0.25525323,0.19173612,0.05900163
8.360000,0,FR_2,0.22844693,-0.25449318,0.05895074
8.360000,0,RL_2,-0.15384483,0.20805596,0.05938154
8.360000,0,RR_2,-0.19022495,-0.22817731,0.05898931
8.380000,0,FL_2,0.25525346,0.19173607,0.05900176
8.380000,0,FR_2,0.22844698,-0.25449324,0.05895074
8.380000,0,RL_2,-0.15384492,0.20805603,0.05938156
8.380000,0,RR_2,-0.19022480,-0.22817729,0.05898930
8.400000,0,FL_2,0.25525337,0.19173607,0.05900184
8.400000,0,FR_2,0.22844681,-0.25449309,0.05895075
8.400000,0,RL_2,-0.15384477,0.20805605,0.05938167
8.400000,0,RR_2,-0.19022475,-0.22817725,0.05898923
8.420000,0,FL_2,0.25525334,0.19173613,0.05900193
8.420000,0,FR_2,0.22844696,-0.25449318,0.05895066
8.420000,0,RL_2,-0.15384494,0.20805618,0.05938171
8.420000,0,RR_2,-0.19022474,-0.22817720,0.05898934
8.440000,0,FL_2,0.25525337,0.19173601,0.05900185
8.440000,0,FR_2,0.22844672,-0.25449327,0.05895086
8.440000,0,RL_2,-0.15384471,0.20805602,0.05938162
8.440000,0,RR_2,-0.19022475,-0.22817738,0.05898948
8.460000,0,FL_2,0.25525340,0.19173603,0.05900176
8.460000,0,FR_2,0.22844699,-0.25449327,0.05895079
8.460000,0,RL_2,-0.15384482,0.20805608,0.05938156
8.460000,0,RR_2,-0.19022501,-0.22817728,0.05898925
8.480000,0,FL_2,0.25525317,0.19173603,0.05900175
8.480000,0,FR_2,0.22844690,-0.25449327,0.05895078
8.480000,0,RL_2,-0.15384462,0.20805599,0.05938159
8.480000,0,RR_2,-0.19022481,-0.22817737,0.05898929
8.500000,0,FL_2,0.25525340,0.19173616,0.05900185
8.500000,0,FR_2,0.22844678,-0.25449315,0.05895066
8.500000,0,RL_2,-0.15384489,0.20805623,0.05938172
8.500000,0,RR_2,-0.19022487,-0.22817726,0.05898935
8.520000,0,FL_2,0.25525334,0.19173598,0.05900173
8.520000,0,FR_2,0.22844690,-0.25449324,0.05895081
8.520000,0,RL_2,-0.15384479,0.20805609,0.05938161
8.520000,0,RR_2,-0.19022484,-0.22817725,0.05898931
8.540000,0,FL_2,0.25525331,0.19173612,0.05900183
8.540000,0,FR_2,0.22844686,-0.25449321,0.05895071
8.540000,0,RL_2,-0.15384494,0.20805602,0.05938156
8.540000,0,RR_2,-0.19022468,-0.22817729,0.05898930
8.560000,0,FL_2,0.25525337,0.19173603,0.05900192
8.560000,0,FR_2,0.22844696,-0.25449330,0.05895075
8.560000,0,RL_2,-0.15384480,0.20805600,0.05938165
8.560000,0,RR_2,-0.19022480,-0.22817729,0.05898933
8.580000,0,FL_2,0.25525329,0.19173604,0.05900171
8.580000,0,FR_2,0.22844680,-0.25449327,0.05895080
8.580000,0,RL_2,-0.15384492,0.20805599,0.05938170
8.580000,0,RR_2,-0.19022483,-0.22817729,0.05898934
8.600000,0,FL_2,0.25525337,0.19173609,0.05900174
8.600000,0,FR_2,0.22844698,-0.25449324,0.05895080
8.600000,0,RL_2,-0.15384471,0.20805597,0.05938157
8.600000,0,RR_2,-0.19022480,-0.22817734,0.05898942
8.620000,0,FL_2,0.25525331,0.19173603,0.05900176
8.620000,0,FR_2,0.22844677,-0.25449315,0.05895052
8.620000,0,RL_2,-0.15384486,0.20805603,0.05938160
8.620000,0,RR_2,-0.19022495,-0.22817720,0.05898933
8.640000,0,FL_2,0.25525343,0.19173616,0.05900168
8.640000,0,FR_2,0.22844687,-0.25449327,0.05895072
8.640000,0,RL_2,-0.15384486,0.20805608,0.05938166
8.640000,0,RR_2,-0.19022489,-0.22817732,0.05898933
8.660000,0,FL_2,0.25525329,0.19173612,0.05900178
8.660000,0,FR_2,0.22844683,-0.25449327,0.05895074
8.660000,0,RL_2,-0.15384489,0.20805599,0.05938162
8.660000,0,RR_2,-0.19022480,-0.22817732,0.05898925
8.680000,0,FL_2,0.25525373,0.19173604,0.05900199
8.680000,0,FR_2,0.22844677,-0.25449321,0.05895076
8.680000,0,RL_2,-0.15384485,0.20805612,0.05938160
8.680000,0,RR_2,-0.19022480,-0.22817725,0.05898914
8.700000,0,FL_2,0.25525337,0.19173604,0.05900190
8.700000,0,FR_2,0.22844686,-0.25449318,0.05895087
8.700000,0,RL_2,-0.15384476,0.20805606,0.05938170
8.700000,0,RR_2,-0.19022477,-0.22817731,0.05898930
8.720000,0,FL_2,0.25525346,0.19173600,0.05900169
8.720000,0,FR_2,0.22844689,-0.25449321,0.05895074
8.720000,0,RL_2,-0.15384480,0.20805603,0.05938157
8.720000,0,RR_2,-0.19022481,-0.22817729,0.05898932
8.740000,0,FL_2,0.25525346,0.19173606,0.05900163
8.740000,0,FR_2,0.22844681,-0.25449321,0.05895070
8.740000,0,RL_2,-0.15384492,0.20805609,0.05938168
8.740000,0,RR_2,-0.19022492,-0.22817728,0.05898937
8.760000,0,FL_2,0.25525326,0.19173600,0.05900175
8.760000,0,FR_2,0.22844672,-0.25449336,0.05895074
8.760000,0,RL_2,-0.15384485,0.20805599,0.05938171
8.760000,0,RR_2,-0.19022481,-0.22817728,0.05898944
8.780000,0,FL_2,0.25525352,0.19173612,0.05900194
8.780000,0,FR_2,0.22844680,-0.25449318,0.05895072
8.780000,0,RL_2,-0.15384480,0.20805611,0.05938157
8.780000,0,RR_2,-0.19022475,-0.22817726,0.05898913
8.800000,0,FL_2,0.25525334,0.19173600,0.05900170
8.800000,0,FR_2,0.22844674,-0.25449327,0.05895084
8.800000,0,RL_2,-0.15384471,0.20805600,0.05938144
8.800000,0,RR_2,-0.19022490,-0.22817732,0.05898935
8.820000,0,FL_2,0.25525337,0.19173600,0.05900187
8.820000,0,FR_2,0.22844674,-0.25449330,0.05895081
8.820000,0,RL_2,-0.15384459,0.20805620,0.05938154
8.820000,0,RR_2,-0.19022495,-0.22817734,0.05898926
8.840000,0,FL_2,0.25525334,0.19173619,0.05900189
8.840000,0,FR_2,0.22844696,-0.25449321,0.05895070
8.840000,0,RL_2,-0.15384483,0.20805605,0.05938164
8.840000,0,RR_2,-0.19022493,-0.22817728,0.05898934
8.860000,0,FL_2,0.25525355,0.19173610,0.05900195
8.860000,0,FR_2,0.22844681,-0.25449321,0.05895075
8.860000,0,RL_2,-0.15384471,0.20805617,0.05938162
8.860000,0,RR_2,-0.19022472,-0.22817728,0.05898928
8.880000,0,FL_2,0.25525361,0.19173609,0.05900191
8.880000,0,FR_2,0.22844684,-0.25449315,0.05895072
8.880000,0,RL_2,-0.15384479,0.20805608,0.05938166
8.880000,0,RR_2,-0.19022492,-0.22817725,0.05898928
8.900000,0,FL_2,0.25525337,0.19173610,0.05900179
8.900000,0,FR_2,0.22844680,-0.25449324,0.05895079
8.900000,0,RL_2,-0.15384467,0.20805621,0.05938162
8.900000,0,RR_2,-0.19022474,-0.22817726,0.05898928
8.920000,0,FL_2,0.25525302,0.19173601,0.05900176
8.920000,0,FR_2,0.22844702,-0.25449333,0.05895080
8.920000,0,RL_2,-0.15384482,0.20805591,0.05938161
8.920000,0,RR_2,-0.19022480,-0.22817741,0.05898947
8.940000,0,FL_2,0.25524026,0.19171271,0.05898399
8.940000,0,FR_2,0.23460370,-0.24697682,0.06102262
8.940000,0,RL_2,-0.14748999,0.20272368,0.06098043
8.940000,0,RR_2,-0.19021153,-0.22808957,0.05893357
8.960000,0,FL_2,0.25526205,0.19185698,0.05897848
8.960000,0,FR_2,0.24493346,-0.23991011,0.06316164
8.960000,0,RL_2,-0.13340497,0.19386929,0.06432960
8.960000,0,RR_2,-0.19006626,-0.22796218,0.05892883
8.980000,0,FL_2,0.25534284,0.19214810,0.05895550
8.980000,0,FR_2,0.25398922,-0.23641828,0.06454641
8.980000,0,RL_2,-0.11834055,0.18793735,0.06682898
8.980000,0,RR_2,-0.18983603,-0.22786233,0.05890690
9.000000,0,FL_2,0.25551176,0.19247739,0.05890842
9.000000,0,FR_2,0.26135188,-0.23608023,0.06510001
9.000000,0,RL_2,-0.10501336,0.18915920,0.06649744
9.000000,0,RR_2,-0.18952349,-0.22780897,0.05885585
9.020000,0,FL_2,0.25575769,0.19279341,0.05883734
9.020000,0,FR_2,0.26681420,-0.23759817,0.06518887
9.020000,0,RL_2,-0.09425259,0.19551688,0.06417846
9.020000,0,RR_2,-0.18916021,-0.22780658,0.05878215
9.040000,0,FL_2,0.25608194,0.19310904,0.05874472
9.040000,0,FR_2,0.27041745,-0.24080919,0.06453530
9.040000,0,RL_2,-0.08640841,0.20411994,0.06134803
9.040000,0,RR_2,-0.18871598,-0.22779885,0.05868409
9.060000,0,FL_2,0.25264722,0.18809627,0.05853812
9.060000,0,FR_2,0.27262011,-0.24308136,0.06138521
9.060000,0,RL_2,-0.08519269,0.20684908,0.06030447
9.060000,0,RR_2,-0.18768923,-0.22754906,0.05861395
9.080000,0,FL_2,0.24853103,0.17196342,0.06182910
9.080000,0,FR_2,0.27300414,-0.24325462,0.05942278
9.080000,0,RL_2,-0.08462605,0.20711322,0.06025453
9.080000,0,RR_2,-0.18594465,-0.22814782,0.06003553
9.100000,0,FL_2,0.25029472,0.14946596,0.07125901
9.100000,0,FR_2,0.27358708,-0.24330707,0.05930352
9.100000,0,RL_2,-0.08397489,0.20733880,0.06014326
9.100000,0,RR_2,-0.18366919,-0.22806340,0.06182080
9.120000,0,FL_2,0.25703272,0.12957577,0.08343225
9.120000,0,FR_2,0.27414340,-0.24339870,0.05920127
9.120000,0,RL_2,-0.08339041,0.20755124,0.06007276
9.120000,0,RR_2,-0.18174495,-0.22874683,0.06289053
9.140000,0,FL_2,0.26606578,0.11549149,0.09478062
9.140000,0,FR_2,0.27464250,-0.24353878,0.05909799
9.140000,0,RL_2,-0.08283065,0.20772633,0.05999525
9.140000,0,RR_2,-0.18036631,-0.22946246,0.06338377
9.160000,0,FL_2,0.27545083,0.10551909,0.10447404
9.160000,0,FR_2,0.27511233,-0.24372408,0.05899197
9.160000,0,RL_2,-0.08232535,0.20787570,0.05992258
9.160000,0,RR_2,-0.17912932,-0.23028331,0.06346082
9.180000,0,FL_2,0.28445336,0.09832582,0.11235856
9.180000,0,FR_2,0.27554828,-0.24392572,0.05888592
9.180000,0,RL_2,-0.08184753,0.20797585,0.05984936
9.180000,0,RR_2,-0.17798877,-0.23134056,0.06333364
9.200000,0,FL_2,0.29265648,0.09290034,0.11853025
9.200000,0,FR_2,0.27596462,-0.24414307,0.05877698
9.200000,0,RL_2,-0.08136232,0.20798340,0.05977485
9.200000,0,RR_2,-0.17692430,-0.23277214,0.06328315
9.220000,0,FL_2,0.30033123,0.08877178,0.12349737
9.220000,0,FR_2,0.27639884,-0.24434195,0.05866446
9.220000,0,RL_2,-0.08092368,0.20795681,0.05970552
9.220000,0,RR_2,-0.17623022,-0.23433770,0.06318255
9.240000,0,FL_2,0.30766776,0.08540857,0.12743768
9.240000,0,FR_2,0.27680638,-0.24454136,0.05855108
9.240000,0,RL_2,-0.08047636,0.20787549,0.05962944
9.240000,0,RR_2,-0.17567934,-0.23597081,0.06318520
9.260000,0,FL_2,0.31484738,0.08267995,0.13041681
9.260000,0,FR_2,0.27721801,-0.24473986,0.05843541
9.260000,0,RL_2,-0.08006055,0.20777053,0.05955966
9.260000,0,RR_2,-0.17524728,-0.23762843,0.06324032
9.280000,0,FL_2,0.32206884,0.08044362,0.13259825
9.280000,0,FR_2,0.27759600,-0.24493921,0.05832298
9.280000,0,RL_2,-0.07959712,0.20764811,0.05948307
9.280000,0,RR_2,-0.17484710,-0.23903525,0.06329495
9.300000,0,FL_2,0.32938901,0.07861075,0.13393383
9.300000,0,FR_2,0.27797869,-0.24514534,0.05820468
9.300000,0,RL_2,-0.07923090,0.20753206,0.05940965
9.300000,0,RR_2,-0.17441207,-0.24032161,0.06336758
9.320000,0,FL_2,0.33698532,0.07723336,0.13455448
9.320000,0,FR_2,0.27834457,-0.24534316,0.05809003
9.320000,0,RL_2,-0.07883640,0.20743279,0.05933350
9.320000,0,RR_2,-0.17393246,-0.24136730,0.06329469
9.340000,0,FL_2,0.34486133,0.07631162,0.13429788
9.340000,0,FR_2,0.27870429,-0.24553664,0.05797231
9.340000,0,RL_2,-0.07842903,0.20732754,0.05925136
9.340000,0,RR_2,-0.17312320,-0.24237005,0.06313594
9.360000,0,FL_2,0.35324076,0.07585222,0.13336615
9.360000,0,FR_2,0.27908552,-0.24571523,0.05785237
9.360000,0,RL_2,-0.07804830,0.20726010,0.05917177
9.360000,0,RR_2,-0.17214322,-0.24312776,0.06279296
9.380000,0,FL_2,0.36229223,0.07594392,0.13168253
9.380000,0,FR_2,0.27945441,-0.24587193,0.05773194
9.380000,0,RL_2,-0.07765901,0.20722537,0.05908680
9.380000,0,RR_2,-0.17094636,-0.24381259,0.06223886
9.400000,0,FL_2,0.37201226,0.07664084,0.12902763
9.400000,0,FR_2,0.27983931,-0.24601881,0.05760719
9.400000,0,RL_2,-0.07728706,0.20721395,0.05900044
9.400000,0,RR_2,-0.16928832,-0.24462847,0.06153560
9.420000,0,FL_2,0.38236487,0.07824259,0.12498857
9.420000,0,FR_2,0.28022936,-0.24615432,0.05748126
9.420000,0,RL_2,-0.07688599,0.20719464,0.05890803
9.420000,0,RR_2,-0.16685896,-0.24563268,0.06079022
9.440000,0,FL_2,0.39341897,0.08111164,0.11920132
9.440000,0,FR_2,0.28061453,-0.24629763,0.05735079
9.440000,0,RL_2,-0.07648163,0.20717260,0.05880931
9.440000,0,RR_2,-0.16322407,-0.24665143,0.06000410
9.460000,0,FL_2,0.40540403,0.08548322,0.11145870
9.460000,0,FR_2,0.28100890,-0.24646030,0.05721410
9.460000,0,RL_2,-0.07601999,0.20711434,0.05869646
9.460000,0,RR_2,-0.15770450,-0.24705495,0.05947848
9.480000,0,FL_2,0.41869467,0.09188358,0.10134280
9.480000,0,FR_2,0.28135428,-0.24666236,0.05708419
9.480000,0,RL_2,-0.07552359,0.20699939,0.05857285
9.480000,0,RR_2,-0.14926106,-0.24513814,0.05981553
9.500000,0,FL_2,0.43280998,0.09998488,0.08990882
9.500000,0,FR_2,0.28166553,-0.24690139,0.05695368
9.500000,0,RL_2,-0.07495528,0.20684089,0.05842470
9.500000,0,RR_2,-0.13774675,-0.23963544,0.06169765
9.520000,0,FL_2,0.44510823,0.10888506,0.07842498
9.520000,0,FR_2,0.28193396,-0.24718437,0.05682783
9.520000,0,RL_2,-0.07434377,0.20659451,0.05826085
9.520000,0,RR_2,-0.12256861,-0.22427586,0.06816149
9.540000,0,FL_2,0.45486596,0.11632791,0.06824270
9.540000,0,FR_2,0.28215677,-0.24749939,0.05669580
9.540000,0,RL_2,-0.07365675,0.20637384,0.05806085
9.540000,0,RR_2,-0.10598826,-0.20643155,0.07902469
9.560000,0,FL_2,0.46277478,0.12098110,0.05962922
9.560000,0,FR_2,0.28240606,-0.24778756,0.05655519
9.560000,0,RL_2,-0.07291863,0.20622584,0.05783702
9.560000,0,RR_2,-0.09166197,-0.19175319,0.09168262
9.580000,0,FL_2,0.46104491,0.11811185,0.05938530
9.580000,0,FR_2,0.28278852,-0.24781790,0.05646073
9.580000,0,RL_2,-0.07136320,0.20714965,0.05776250
9.580000,0,RR_2,-0.07914011,-0.17943445,0.10226504
9.600000,0,FL_2,0.46118978,0.11830211,0.05935264
9.600000,0,FR_2,0.28308600,-0.24782541,0.05635054
9.600000,0,RL_2,-0.07112449,0.20717584,0.05765087
9.600000,0,RR_2,-0.06733616,-0.17073566,0.10997883
9.620000,0,FL_2,0.46139702,0.11839478,0.05933034
9.620000,0,FR_2,0.28330228,-0.24786648,0.05627201
9.620000,0,RL_2,-0.07093147,0.20718110,0.05758815
9.620000,0,RR_2,-0.05721678,-0.16430616,0.11664648
9.640000,0,FL_2,0.46157280,0.11844414,0.05932091
9.640000,0,FR_2,0.28345886,-0.24792536,0.05620465
9.640000,0,RL_2,-0.07078134,0.20716713,0.05753602
9.640000,0,RR_2,-0.04872299,-0.15970199,0.12199342
9.660000,0,FL_2,0.46172741,0.11844350,0.05932076
9.660000,0,FR_2,0.28357893,-0.24800634,0.05615076
9.660000,0,RL_2,-0.07064641,0.20714048,0.05748971
9.660000,0,RR_2,-0.04146927,-0.15641043,0.12610456
9.680000,0,FL_2,0.46196464,0.11843083,0.05933027
9.680000,0,FR_2,0.28365058,-0.24809861,0.05610546
9.680000,0,RL_2,-0.07054186,0.20710619,0.05744966
9.680000,0,RR_2,-0.03509946,-0.15410918,0.12909567
9.700000,0,FL_2,0.46238357,0.11843393,0.05934681
9.700000,0,FR_2,0.28368983,-0.24820583,0.05606810
9.700000,0,RL_2,-0.07045199,0.20707145,0.05741612
9.700000,0,RR_2,-0.02944667,-0.15255326,0.13106143
9.720000,0,FL_2,0.46324685,0.11846895,0.05939047
9.720000,0,FR_2,0.28370437,-0.24832553,0.05603556
9.720000,0,RL_2,-0.07037073,0.20704229,0.05738886
9.720000,0,RR_2,-0.02444647,-0.15160443,0.13205729
9.740000,0,FL_2,0.46507350,0.11855526,0.05944926
9.740000,0,FR_2,0.28369659,-0.24846172,0.05600829
9.740000,0,RL_2,-0.07029369,0.20702045,0.05736015
9.740000,0,RR_2,-0.01986685,-0.15122084,0.13207772
9.760000,0,FL_2,0.46749079,0.11871457,0.05952967
9.760000,0,FR_2,0.28368062,-0.24861103,0.05598429
9.760000,0,RL_2,-0.07020330,0.20701784,0.05733091
9.760000,0,RR_2,-0.01541147,-0.15138242,0.13102680
9.780000,0,FL_2,0.46998164,0.11890605,0.05961015
9.780000,0,FR_2,0.28366768,-0.24876532,0.05595667
9.780000,0,RL_2,-0.07011109,0.20703445,0.05729885
9.780000,0,RR_2,-0.01059574,-0.15226167,0.12871331
9.800000,0,FL_2,0.47227311,0.11908270,0.05968303
9.800000,0,FR_2,0.28366166,-0.24892031,0.05592747
9.800000,0,RL_2,-0.07000999,0.20706619,0.05726378
9.800000,0,RR_2,-0.00504538,-0.15405966,0.12499508
9.820000,0,FL_2,0.47410265,0.11920698,0.05974305
9.820000,0,FR_2,0.28366268,-0.24907255,0.05589611
9.820000,0,RL_2,-0.06990156,0.20711088,0.05722571
9.820000,0,RR_2,0.00143375,-0.15701385,0.11981439
9.840000,0,FL_2,0.47528404,0.11925453,0.05978084
9.840000,0,FR_2,0.28367358,-0.24921691,0.05586363
9.840000,0,RL_2,-0.06978104,0.20716484,0.05718672
9.840000,0,RR_2,0.00885605,-0.16141382,0.11323076
9.860000,0,FL_2,0.47593737,0.11925194,0.05980664
9.860000,0,FR_2,0.28370377,-0.24934311,0.05582660
9.860000,0,RL_2,-0.06966232,0.20723049,0.05714392
9.860000,0,RR_2,0.01709765,-0.16768911,0.10532179
9.880000,0,FL_2,0.47624660,0.11922193,0.05981112
9.880000,0,FR_2,0.28375995,-0.24944320,0.05578830
9.880000,0,RL_2,-0.06953926,0.20731840,0.05709701
9.880000,0,RR_2,0.02589770,-0.17623976,0.09637018
9.900000,0,FL_2,0.47642964,0.11921433,0.05980616
9.900000,0,FR_2,0.28385246,-0.24950635,0.05574390
9.900000,0,RL_2,-0.06940371,0.20742978,0.05704859
9.900000,0,RR_2,0.03474393,-0.18734583,0.08690663
9.920000,0,FL_2,0.47661290,0.11926899,0.05979279
9.920000,0,FR_2,0.28401279,-0.24953304,0.05568966
9.920000,0,RL_2,-0.06925102,0.20755084,0.05699424
9.920000,0,RR_2,0.04267323,-0.20093419,0.07764828
9.940000,0,FL_2,0.47680911,0.11939043,0.05976783
9.940000,0,FR_2,0.28423324,-0.24952108,0.05561198
9.940000,0,RL_2,-0.06905715,0.20765571,0.05692168
9.940000,0,RR_2,0.04851567,-0.21633196,0.06924304
9.960000,0,FL_2,0.47702417,0.11953843,0.05973687
9.960000,0,FR_2,0.28450909,-0.24951315,0.05552063
9.960000,0,RL_2,-0.06882959,0.20775360,0.05683809
9.960000,0,RR_2,0.05099760,-0.23178981,0.06207176
9.980000,0,FL_2,0.47716734,0.11966985,0.05968919
9.980000,0,FR_2,0.28788295,-0.24913643,0.05568885
9.980000,0,RL_2,-0.06521906,0.20629926,0.05695901
9.980000,0,RR_2,0.05061736,-0.23529223,0.06034223
10.000000,0,FL_2,0.47749466,0.11970711,0.05966680
10.000000,0,FR_2,0.30053166,-0.23723303,0.06047925
10.000000,0,RL_2,-0.06019543,0.20407535,0.05710490
10.000000,0,RR_2,0.05078709,-0.23534989,0.06034493
10.020000,0,FL_2,0.47790521,0.11969340,0.05964491
10.020000,0,FR_2,0.32276985,-0.21855696,0.07133827
10.020000,0,RL_2,-0.05703674,0.20353472,0.05713397
10.020000,0,RR_2,0.05099116,-0.23539506,0.06034304
10.040000,0,FL_2,0.47822788,0.11979477,0.05960887
10.040000,0,FR_2,0.34782344,-0.20673686,0.08208905
10.040000,0,RL_2,-0.05630646,0.20357439,0.05705335
10.040000,0,RR_2,0.05122162,-0.23541239,0.06033490
10.060000,0,FL_2,0.47852457,0.11997554,0.05955812
10.060000,0,FR_2,0.37010276,-0.20049714,0.09026124
10.060000,0,RL_2,-0.05604714,0.20373318,0.05695106
10.060000,0,RR_2,0.05147532,-0.23541997,0.06032445
10.080000,0,FL_2,0.47878715,0.12020855,0.05950335
10.080000,0,FR_2,0.38815871,-0.19670671,0.09648336
10.080000,0,RL_2,-0.05578088,0.20387506,0.05684623
10.080000,0,RR_2,0.05173731,-0.23544221,0.06031336
10.100000,0,FL_2,0.47905135,0.12045421,0.05944478
10.100000,0,FR_2,0.40289575,-0.19397511,0.10151228
10.100000,0,RL_2,-0.05550604,0.20400518,0.05673810
10.100000,0,RR_2,0.05200475,-0.23547319,0.06030100
10.120000,0,FL_2,0.47931662,0.12070066,0.05938450
10.120000,0,FR_2,0.41544586,-0.19186220,0.10570312
10.120000,0,RL_2,-0.05522729,0.20413652,0.05662889
10.120000,0,RR_2,0.05228230,-0.23549336,0.06028857
10.140000,0,FL_2,0.47960863,0.12092309,0.05932244
10.140000,0,FR_2,0.42660776,-0.19019312,0.10930865
10.140000,0,RL_2,-0.05494260,0.20426045,0.05651533
10.140000,0,RR_2,0.05254744,-0.23552306,0.06027574
10.160000,0,FL_2,0.47989464,0.12112344,0.05926505
10.160000,0,FR_2,0.43691307,-0.18902984,0.11235614
10.160000,0,RL_2,-0.05464657,0.20437230,0.05639460
10.160000,0,RR_2,0.05280733,-0.23556505,0.06026092
10.180000,0,FL_2,0.48019406,0.12129156,0.05921020
10.180000,0,FR_2,0.44669706,-0.18832478,0.11492544
10.180000,0,RL_2,-0.05433647,0.20446619,0.05626785
10.180000,0,RR_2,0.05307250,-0.23561977,0.06024249
10.200000,0,FL_2,0.48050582,0.12142858,0.05915831
10.200000,0,FR_2,0.45625749,-0.18809909,0.11700518
10.200000,0,RL_2,-0.05401120,0.20454158,0.05613405
10.200000,0,RR_2,0.05332144,-0.23569848,0.06022297
10.220000,0,FL_2,0.48085296,0.12151541,0.05910867
10.220000,0,FR_2,0.46584630,-0.18840025,0.11859903
10.220000,0,RL_2,-0.05366781,0.20458965,0.05599194
10.220000,0,RR_2,0.05356404,-0.23580629,0.06020162
10.240000,0,FL_2,0.48119611,0.12157380,0.05906443
10.240000,0,FR_2,0.47556314,-0.18926856,0.11967553
10.240000,0,RL_2,-0.05330947,0.20461197,0.05584297
10.240000,0,RR_2,0.05381124,-0.23593590,0.06017698
10.260000,0,FL_2,0.48156765,0.12159089,0.05902174
10.260000,0,FR_2,0.48537824,-0.19065335,0.12030123
10.260000,0,RL_2,-0.05292301,0.20459253,0.05568290
10.260000,0,RR_2,0.05404595,-0.23611279,0.06014694
10.280000,0,FL_2,0.48194474,0.12156937,0.05898169
10.280000,0,FR_2,0.49529848,-0.19279435,0.12033218
10.280000,0,RL_2,-0.05251754,0.20453417,0.05551489
10.280000,0,RR_2,0.05427587,-0.23632768,0.06011293
10.300000,0,FL_2,0.48233652,0.12151600,0.05894572
10.300000,0,FR_2,0.50529444,-0.19572455,0.11977838
10.300000,0,RL_2,-0.05208410,0.20444074,0.05533151
10.300000,0,RR_2,0.05451372,-0.23657766,0.06007255
10.320000,0,FL_2,0.48276275,0.12142529,0.05890636
10.320000,0,FR_2,0.51539814,-0.19963802,0.11853726
10.320000,0,RL_2,-0.05162291,0.20431416,0.05513658
10.320000,0,RR_2,0.05474532,-0.23686205,0.06002802
10.340000,0,FL_2,0.48320335,0.12131305,0.05886452
10.340000,0,FR_2,0.52548432,-0.20490175,0.11636879
10.340000,0,RL_2,-0.05111661,0.20415804,0.05492846
10.340000,0,RR_2,0.05498233,-0.23717858,0.05998024
10.360000,0,FL_2,0.48364314,0.12120102,0.05881901
10.360000,0,FR_2,0.53548157,-0.21211098,0.11285675
10.360000,0,RL_2,-0.05059146,0.20397002,0.05470710
10.360000,0,RR_2,0.05523248,-0.23752299,0.05992484
10.380000,0,FL_2,0.48407796,0.12111461,0.05877369
10.380000,0,FR_2,0.54538339,-0.22189090,0.10752122
10.380000,0,RL_2,-0.04910349,0.20372930,0.05452149
10.380000,0,RR_2,0.05553158,-0.23785397,0.05985898
10.400000,0,FL_2,0.48450968,0.12105346,0.05871134
10.400000,0,FR_2,0.55435413,-0.23400517,0.10058299
10.400000,0,RL_2,-0.04554194,0.20329800,0.05448430
10.400000,0,RR_2,0.05588476,-0.23817392,0.05978656
10.420000,0,FL_2,0.48495445,0.12101564,0.05863936
10.420000,0,FR_2,0.56137049,-0.24711058,0.09286019
10.420000,0,RL_2,-0.03828516,0.20186903,0.05469568
10.420000,0,RR_2,0.05633810,-0.23844090,0.05970596
10.440000,0,FL_2,0.48540020,0.12101752,0.05855045
10.440000,0,FR_2,0.56438488,-0.25878838,0.08462124
10.440000,0,RL_2,-0.02098713,0.19251062,0.05570448
10.440000,0,RR_2,0.05691121,-0.23857974,0.05961927
10.460000,0,FL_2,0.48582286,0.12107141,0.05847049
10.460000,0,FR_2,0.56385410,-0.26563752,0.07807114
10.460000,0,RL_2,0.01206773,0.16825278,0.06062303
10.460000,0,RR_2,0.05748421,-0.23862942,0.05954740
10.480000,0,FL_2,0.48623002,0.12112382,0.05839579
10.480000,0,FR_2,0.56302404,-0.26953313,0.07374237
10.480000,0,RL_2,0.04929355,0.14264748,0.07141983
10.480000,0,RR_2,0.05796343,-0.23873988,0.05948142
10.500000,0,FL_2,0.48667601,0.12112647,0.05831933
10.500000,0,FR_2,0.56356162,-0.27359343,0.07076853
10.500000,0,RL_2,0.07949933,0.12269380,0.08439596
10.500000,0,RR_2,0.05840637,-0.23887138,0.05941131
10.520000,0,FL_2,0.48718619,0.12105754,0.05823178
10.520000,0,FR_2,0.56489933,-0.27820894,0.06812788
10.520000,0,RL_2,0.10056408,0.10863912,0.09616823
10.520000,0,RR_2,0.05884906,-0.23901793,0.05933274
10.540000,0,FL_2,0.48770308,0.12094964,0.05813975
10.540000,0,FR_2,0.56599259,-0.28239602,0.06527858
10.540000,0,RL_2,0.11480269,0.09926343,0.10548259
10.540000,0,RR_2,0.05934191,-0.23917884,0.05923746
10.560000,0,FL_2,0.48823979,0.12082139,0.05804235
10.560000,0,FR_2,0.56646812,-0.28556946,0.06198720
10.560000,0,RL_2,0.12482199,0.09309486,0.11236659
10.560000,0,RR_2,0.05988149,-0.23938228,0.05912315
10.580000,0,FL_2,0.48877871,0.12061500,0.05796493
10.580000,0,FR_2,0.56676841,-0.28654775,0.06040248
10.580000,0,RL_2,0.13291304,0.08868726,0.11668290
10.580000,0,RR_2,0.06044608,-0.23971200,0.05904099
10.600000,0,FL_2,0.48933801,0.12034506,0.05787030
10.600000,0,FR_2,0.56707072,-0.28714374,0.06035391
10.600000,0,RL_2,0.14026929,0.08458437,0.11986975
10.600000,0,RR_2,0.06076413,-0.23995306,0.05894383
10.620000,0,FL_2,0.48987556,0.12008655,0.05778143
10.620000,0,FR_2,0.56733704,-0.28767058,0.06030266
10.620000,0,RL_2,0.14715548,0.08146106,0.12190823
10.620000,0,RR_2,0.06110759,-0.24017838,0.05885989
10.640000,0,FL_2,0.49037650,0.11983722,0.05768593
10.640000,0,FR_2,0.56759274,-0.28817350,0.06025125
10.640000,0,RL_2,0.15359157,0.07937928,0.12265838
10.640000,0,RR_2,0.06139428,-0.24038303,0.05877146
10.660000,0,FL_2,0.49087685,0.11960582,0.05758765
10.660000,0,FR_2,0.56785214,-0.28863943,0.06019720
10.660000,0,RL_2,0.15992448,0.07809399,0.12227102
10.660000,0,RR_2,0.06172269,-0.24057692,0.05868888
10.680000,0,FL_2,0.49134973,0.11939775,0.05748456
10.680000,0,FR_2,0.56811464,-0.28907257,0.06014445
10.680000,0,RL_2,0.16656120,0.07745448,0.12094042
10.680000,0,RR_2,0.06201350,-0.24075235,0.05860060
10.700000,0,FL_2,0.49182552,0.11921493,0.05737475
10.700000,0,FR_2,0.56838554,-0.28946617,0.06009191
10.700000,0,RL_2,0.17371720,0.07737401,0.11878417
10.700000,0,RR_2,0.06233097,-0.24090719,0.05851442
10.720000,0,FL_2,0.49227580,0.11905963,0.05726296
10.720000,0,FR_2,0.56866509,-0.28982258,0.06004024
10.720000,0,RL_2,0.18157247,0.07786837,0.11584046
10.720000,0,RR_2,0.06264684,-0.24104789,0.05843084
10.740000,0,FL_2,0.49273342,0.11892311,0.05714475
10.740000,0,FR_2,0.56900603,-0.29016539,0.05999277
10.740000,0,RL_2,0.19024548,0.07909712,0.11209644
10.740000,0,RR_2,0.06297781,-0.24115291,0.05834730
10.760000,0,FL_2,0.49318019,0.11880498,0.05702326
10.760000,0,FR_2,0.56928235,-0.29045895,0.05994415
10.760000,0,RL_2,0.19980012,0.08137232,0.10731049
10.760000,0,RR_2,0.06330666,-0.24124174,0.05826505
10.780000,0,FL_2,0.49360579,0.11869527,0.05690339
10.780000,0,FR_2,0.56966406,-0.29076758,0.05989958
10.780000,0,RL_2,0.21048461,0.08509752,0.10130922
10.780000,0,RR_2,0.06363266,-0.24133943,0.05818446
10.800000,0,FL_2,0.49403951,0.11857652,0.05678265
10.800000,0,FR_2,0.56990355,-0.29104450,0.05985234
10.800000,0,RL_2,0.22246808,0.09089255,0.09407456
10.800000,0,RR_2,0.06395644,-0.24143107,0.05810286
10.820000,0,FL_2,0.49445397,0.11844397,0.05666452
10.820000,0,FR_2,0.57016295,-0.29132086,0.05979950
10.820000,0,RL_2,0.23565897,0.09965357,0.08562689
10.820000,0,RR_2,0.06432356,-0.24153867,0.05802121
10.840000,0,FL_2,0.49488059,0.11828978,0.05655160
10.840000,0,FR_2,0.57048512,-0.29172048,0.05975937
10.840000,0,RL_2,0.24934754,0.11261599,0.07626855
10.840000,0,RR_2,0.06460962,-0.24170639,0.05793021
10.860000,0,FL_2,0.49529338,0.11813597,0.05642952
10.860000,0,FR_2,0.57076967,-0.29201111,0.05970491
10.860000,0,RL_2,0.26082346,0.12781119,0.06802128
10.860000,0,RR_2,0.06490224,-0.24190135,0.05783371
10.880000,0,FL_2,0.49576360,0.11798526,0.05628048
10.880000,0,FR_2,0.57107812,-0.29228976,0.05963504
10.880000,0,RL_2,0.26538274,0.14418492,0.06059761
10.880000,0,RR_2,0.06524096,-0.24203768,0.05772999
10.900000,0,FL_2,0.49990544,0.10990487,0.05962430
10.900000,0,FR_2,0.57139856,-0.29247171,0.05958007
10.900000,0,RL_2,0.26574734,0.14440674,0.06047410
10.900000,0,RR_2,0.06633043,-0.24232942,0.05768994
10.920000,0,FL_2,0.51004499,0.09107064,0.06787926
10.920000,0,FR_2,0.57174021,-0.29263362,0.05953535
10.920000,0,RL_2,0.26607746,0.14463361,0.06046730
10.920000,0,RR_2,0.06675685,-0.24237637,0.05759433
10.940000,0,FL_2,0.52531278,0.07171389,0.07894413
10.940000,0,FR_2,0.57206643,-0.29282233,0.05948133
10.940000,0,RL_2,0.26644614,0.14480475,0.06045292
10.940000,0,RR_2,0.06717928,-0.24240762,0.05748926
10.960000,0,FL_2,0.54123968,0.05739968,0.08950295
10.960000,0,FR_2,0.57236379,-0.29305086,0.05941848
10.960000,0,RL_2,0.26680833,0.14495252,0.06043325
10.960000,0,RR_2,0.06757173,-0.24245447,0.05737958
10.980000,0,FL_2,0.55542737,0.04707378,0.09866860
10.980000,0,FR_2,0.57263964,-0.29330000,0.05934993
10.980000,0,RL_2,0.26724958,0.14505523,0.06039701
10.980000,0,RR_2,0.06793952,-0.24251206,0.05726968
11.000000,0,FL_2,0.56752694,0.03943573,0.10641639
11.000000,0,FR_2,0.57290506,-0.29355821,0.05928431
11.000000,0,RL_2,0.26756543,0.14521568,0.06039216
11.000000,0,RR_2,0.06830825,-0.24256785,0.05716317
11.020000,0,FL_2,0.57791078,0.03354372,0.11295782
11.020000,0,FR_2,0.57318354,-0.29379866,0.05921758
11.020000,0,RL_2,0.26791838,0.14534357,0.06037331
11.020000,0,RR_2,0.06867322,-0.24262655,0.05705158
11.040000,0,FL_2,0.58700597,0.02886268,0.11858039
11.040000,0,FR_2,0.57345837,-0.29401782,0.05915247
11.040000,0,RL_2,0.26825219,0.14546247,0.06035320
11.040000,0,RR_2,0.06903427,-0.24269253,0.05693800
11.060000,0,FL_2,0.59520912,0.02508177,0.12338108
11.060000,0,FR_2,0.57374883,-0.29421657,0.05908724
11.060000,0,RL_2,0.26856959,0.14557363,0.06033350
11.060000,0,RR_2,0.06939181,-0.24276429,0.05682108
11.080000,0,FL_2,0.60279179,0.02201692,0.12731326
11.080000,0,FR_2,0.57403487,-0.29441160,0.05902242
11.080000,0,RL_2,0.26889536,0.14564764,0.06031329
11.080000,0,RR_2,0.06977421,-0.24285656,0.05670256
11.100000,0,FL_2,0.61019284,0.01944693,0.13058805
11.100000,0,FR_2,0.57432586,-0.29459789,0.05895519
11.100000,0,RL_2,0.26920015,0.14573060,0.06029245
11.100000,0,RR_2,0.07012492,-0.24294275,0.05658003
11.120000,0,FL_2,0.61756551,0.01739715,0.13312677
11.120000,0,FR_2,0.57464045,-0.29476386,0.05888761
11.120000,0,RL_2,0.26950106,0.14582092,0.06027047
11.120000,0,RR_2,0.07048719,-0.24302265,0.05645258
11.140000,0,FL_2,0.62500876,0.01584238,0.13493468
11.140000,0,FR_2,0.57495916,-0.29490912,0.05882166
11.140000,0,RL_2,0.26980028,0.14592825,0.06024657
11.140000,0,RR_2,0.07086548,-0.24308729,0.05632083
11.160000,0,FL_2,0.63254774,0.01476140,0.13581422
11.160000,0,FR_2,0.57529074,-0.29504955,0.05875382
11.160000,0,RL_2,0.27012137,0.14602688,0.06021941
11.160000,0,RR_2,0.07129657,-0.24314842,0.05618597
11.180000,0,FL_2,0.64046007,0.01401306,0.13598572
11.180000,0,FR_2,0.57561672,-0.29518321,0.05868571
11.180000,0,RL_2,0.27043450,0.14616209,0.06018960
11.180000,0,RR_2,0.07172716,-0.24317652,0.05604960
11.200000,0,FL_2,0.64897060,0.01368950,0.13525964
11.200000,0,FR_2,0.57595772,-0.29530519,0.05861580
11.200000,0,RL_2,0.27075940,0.14632796,0.06015449
11.200000,0,RR_2,0.07216065,-0.24318528,0.05591125
11.220000,0,FL_2,0.65816414,0.01383479,0.13361391
11.220000,0,FR_2,0.57628971,-0.29541433,0.05854735
11.220000,0,RL_2,0.27109584,0.14653364,0.06011363
11.220000,0,RR_2,0.07261217,-0.24316961,0.05576787
11.240000,0,FL_2,0.66811764,0.01466578,0.13060459
11.240000,0,FR_2,0.57662863,-0.29552403,0.05847628
11.240000,0,RL_2,0.27147070,0.14674702,0.06006417
11.240000,0,RR_2,0.07322958,-0.24331504,0.05562584
11.260000,0,FL_2,0.67892843,0.01642074,0.12628889
11.260000,0,FR_2,0.57695878,-0.29563060,0.05840733
11.260000,0,RL_2,0.27184477,0.14700346,0.06001138
11.260000,0,RR_2,0.07397701,-0.24351382,0.05548695
11.280000,0,FL_2,0.69069993,0.01939539,0.12042677
11.280000,0,FR_2,0.57729769,-0.29573393,0.05833888
11.280000,0,RL_2,0.27224788,0.14729773,0.05994685
11.280000,0,RR_2,0.07494869,-0.24413842,0.05534358
11.300000,0,FL_2,0.70365149,0.02396093,0.11272094
11.300000,0,FR_2,0.57762802,-0.29583970,0.05826471
11.300000,0,RL_2,0.27271426,0.14755926,0.05987422
11.300000,0,RR_2,0.07737116,-0.24564141,0.05528098
11.320000,0,FL_2,0.71725297,0.03034631,0.10349227
11.320000,0,FR_2,0.57795644,-0.29596829,0.05818645
11.320000,0,RL_2,0.27317947,0.14773089,0.05980802
11.320000,0,RR_2,0.08454739,-0.24609719,0.05549232
11.340000,0,FL_2,0.73022020,0.03866277,0.09333203
11.340000,0,FR_2,0.57824790,-0.29614130,0.05810626
11.340000,0,RL_2,0.27364156,0.14770524,0.05976076
11.340000,0,RR_2,0.10207905,-0.23641136,0.05860185
11.360000,0,FL_2,0.74043059,0.04675213,0.08473277
11.360000,0,FR_2,0.57847923,-0.29635963,0.05801675
11.360000,0,RL_2,0.27411950,0.14758858,0.05971043
11.360000,0,RR_2,0.12628523,-0.22074746,0.06626739
11.380000,0,FL_2,0.74847490,0.05330556,0.07849450
11.380000,0,FR_2,0.57873714,-0.29658079,0.05791808
11.380000,0,RL_2,0.27458718,0.14751060,0.05965354
11.380000,0,RR_2,0.14893909,-0.20696107,0.07663446
11.400000,0,FL_2,0.75392395,0.05849982,0.07396299
11.400000,0,FR_2,0.57905066,-0.29677716,0.05781974
11.400000,0,RL_2,0.27506042,0.14745849,0.05959171
11.400000,0,RR_2,0.16772079,-0.19574454,0.08812219
11.420000,0,FL_2,0.75765580,0.06265268,0.07017318
11.420000,0,FR_2,0.57940978,-0.29694861,0.05770959
11.420000,0,RL_2,0.27555192,0.14741875,0.05952405
11.420000,0,RR_2,0.18296644,-0.18770857,0.09898142
11.440000,0,FL_2,0.76046097,0.06585475,0.06666861
11.440000,0,FR_2,0.57982373,-0.29709783,0.05759361
11.440000,0,RL_2,0.27605724,0.14738344,0.05944829
11.440000,0,RR_2,0.19549838,-0.18210153,0.10876790
11.460000,0,FL_2,0.76291227,0.06832327,0.06321713
11.460000,0,FR_2,0.58024979,-0.29722133,0.05747515
11.460000,0,RL_2,0.27661321,0.14734849,0.05936025
11.460000,0,RR_2,0.20614484,-0.17825004,0.11727532
11.480000,0,FL_2,0.76488769,0.06970941,0.06010437
11.480000,0,FR_2,0.58071887,-0.29730737,0.05730598
11.480000,0,RL_2,0.27717733,0.14736810,0.05935050
11.480000,0,RR_2,0.21556234,-0.17554341,0.12450191
11.500000,0,FL_2,0.76542681,0.07017322,0.06013606
11.500000,0,FR_2,0.58127904,-0.29727748,0.05724169
11.500000,0,RL_2,0.27750719,0.14771916,0.05920776
11.500000,0,RR_2,0.22515738,-0.17407128,0.12844457
11.520000,0,FL_2,0.76576227,0.07049077,0.06009182
11.520000,0,FR_2,0.58181381,-0.29724255,0.05712375
11.520000,0,RL_2,0.27782738,0.14772315,0.05914462
11.520000,0,RR_2,0.23415875,-0.17354766,0.13112396
11.540000,0,FL_2,0.76611835,0.07077049,0.06004834
11.540000,0,FR_2,0.58229846,-0.29721731,0.05700798
11.540000,0,RL_2,0.27814111,0.14769155,0.05908837
11.540000,0,RR_2,0.24265546,-0.17371254,0.13268390
11.560000,0,FL_2,0.76668221,0.07103322,0.06001378
11.560000,0,FR_2,0.58276403,-0.29721385,0.05688940
11.560000,0,RL_2,0.27842578,0.14762792,0.05903768
11.560000,0,RR_2,0.25086266,-0.17448422,0.13321991
11.580000,0,FL_2,0.76748109,0.07125652,0.05999026
11.580000,0,FR_2,0.58318055,-0.29723051,0.05677206
11.580000,0,RL_2,0.27870965,0.14753678,0.05898974
11.580000,0,RR_2,0.25886038,-0.17581232,0.13272138
11.600000,0,FL_2,0.76857316,0.07148425,0.05997725
11.600000,0,FR_2,0.58358145,-0.29727620,0.05665349
11.600000,0,RL_2,0.27897575,0.14742337,0.05894348
11.600000,0,RR_2,0.26682332,-0.17773795,0.13110024
11.620000,0,FL_2,0.76976335,0.07167076,0.05997017
11.620000,0,FR_2,0.58393931,-0.29734331,0.05653611
11.620000,0,RL_2,0.27925101,0.14730543,0.05889686
11.620000,0,RR_2,0.27505770,-0.18041135,0.12811375
11.640000,0,FL_2,0.77109933,0.07184228,0.05996958
11.640000,0,FR_2,0.58429253,-0.29742941,0.05641627
11.640000,0,RL_2,0.27951354,0.14717270,0.05885227
11.640000,0,RR_2,0.28385076,-0.18408623,0.12363978
11.660000,0,FL_2,0.77244800,0.07198692,0.05997144
11.660000,0,FR_2,0.58461767,-0.29752415,0.05629800
11.660000,0,RL_2,0.27974647,0.14707007,0.05880670
11.660000,0,RR_2,0.29343408,-0.18913761,0.11747343
11.680000,0,FL_2,0.77364296,0.07209722,0.05997204
11.680000,0,FR_2,0.58494347,-0.29762974,0.05617948
11.680000,0,RL_2,0.28000206,0.14692259,0.05876425
11.680000,0,RR_2,0.30395985,-0.19608022,0.10950239
11.700000,0,FL_2,0.77459991,0.07215440,0.05996794
11.700000,0,FR_2,0.58525121,-0.29772857,0.05606109
11.700000,0,RL_2,0.28023154,0.14682427,0.05871699
11.700000,0,RR_2,0.31539807,-0.20562984,0.09972224
11.720000,0,FL_2,0.77505976,0.07216605,0.05994924
11.720000,0,FR_2,0.58556211,-0.29781133,0.05594308
11.720000,0,RL_2,0.28048295,0.14670241,0.05867308
11.720000,0,RR_2,0.32739750,-0.21840143,0.08872399
11.740000,0,FL_2,0.77527434,0.07225408,0.05992642
11.740000,0,FR_2,0.58591270,-0.29786465,0.05582307
11.740000,0,RL_2,0.28073645,0.14658509,0.05862589
11.740000,0,RR_2,0.33883908,-0.23422974,0.07783903
11.760000,0,FL_2,0.77548224,0.07239168,0.05989756
11.760000,0,FR_2,0.58628935,-0.29788065,0.05569679
11.760000,0,RL_2,0.28098860,0.14646849,0.05857481
11.760000,0,RR_2,0.34797475,-0.25186440,0.06830589
11.780000,0,FL_2,0.77571422,0.07256316,0.05986286
11.780000,0,FR_2,0.58672446,-0.29788306,0.05555394
11.780000,0,RL_2,0.28127030,0.14636128,0.05850878
11.780000,0,RR_2,0.35341728,-0.26941785,0.06056507
11.800000,0,FL_2,0.77593493,0.07274395,0.05980990
11.800000,0,FR_2,0.58808666,-0.29832011,0.05549488
11.800000,0,RL_2,0.28249872,0.14675462,0.05851953
11.800000,0,RR_2,0.35377571,-0.26989281,0.06008066
11.820000,0,FL_2,0.77615631,0.07281896,0.05977411
11.820000,0,FR_2,0.60000515,-0.28978583,0.05922020
11.820000,0,RL_2,0.28418967,0.14534466,0.05849231
11.820000,0,RR_2,0.35391271,-0.27008024,0.06006144
11.840000,0,FL_2,0.77650231,0.07280883,0.05975007
11.840000,0,FR_2,0.62269056,-0.27310532,0.06867409
11.840000,0,RL_2,0.28448498,0.14542034,0.05841686
11.840000,0,RR_2,0.35408878,-0.27021626,0.06005146
11.860000,0,FL_2,0.77675390,0.07289333,0.05971802
11.860000,0,FR_2,0.64834297,-0.26148987,0.07895686
11.860000,0,RL_2,0.28468791,0.14549936,0.05834812
11.860000,0,RR_2,0.35430166,-0.27030778,0.06003878
11.880000,0,FL_2,0.77699512,0.07303552,0.05967622
11.880000,0,FR_2,0.67138708,-0.25536400,0.08718520
11.880000,0,RL_2,0.28491282,0.14560699,0.05827757
11.880000,0,RR_2,0.35452962,-0.27036434,0.06003140
11.900000,0,FL_2,0.77723932,0.07321168,0.05962878
11.900000,0,FR_2,0.69039053,-0.25163582,0.09371431
11.900000,0,RL_2,0.28512287,0.14573452,0.05820446
11.900000,0,RR_2,0.35477734,-0.27039486,0.06002644
11.920000,0,FL_2,0.77746838,0.07341228,0.05957738
11.920000,0,FR_2,0.70590234,-0.24891099,0.09909188
11.920000,0,RL_2,0.28534231,0.14587145,0.05813080
11.920000,0,RR_2,0.35502020,-0.27041927,0.06002026
11.940000,0,FL_2,0.77769661,0.07362252,0.05952488
11.940000,0,FR_2,0.71885467,-0.24675129,0.10357273
11.940000,0,RL_2,0.28557521,0.14600672,0.05805516
11.940000,0,RR_2,0.35526738,-0.27043927,0.06001464
11.960000,0,FL_2,0.77792692,0.07383133,0.05946887
11.960000,0,FR_2,0.73005211,-0.24502636,0.10729213
11.960000,0,RL_2,0.28581530,0.14614537,0.05797771
11.960000,0,RR_2,0.35554570,-0.27044559,0.06000230
11.980000,0,FL_2,0.77816230,0.07403811,0.05941530
11.980000,0,FR_2,0.74008483,-0.24367188,0.11040397
11.980000,0,RL_2,0.28605887,0.14628154,0.05789663
11.980000,0,RR_2,0.35577857,-0.27046332,0.05999988
12.000000,0,FL_2,0.77842778,0.07422315,0.05935846
12.000000,0,FR_2,0.74939352,-0.24267909,0.11296628
12.000000,0,RL_2,0.28630987,0.14641085,0.05781136
12.000000,0,RR_2,0.35603130,-0.27048433,0.05999188
12.020000,0,FL_2,0.77869022,0.07439096,0.05930310
12.020000,0,FR_2,0.75829279,-0.24210288,0.11502540
12.020000,0,RL_2,0.28656963,0.14653341,0.05772080
12.020000,0,RR_2,0.35628402,-0.27052176,0.05998139
12.040000,0,FL_2,0.77896565,0.07454095,0.05924719
12.040000,0,FR_2,0.76698792,-0.24199845,0.11649746
12.040000,0,RL_2,0.28684616,0.14664552,0.05762690
12.040000,0,RR_2,0.35655037,-0.27056143,0.05996767
12.060000,0,FL_2,0.77925754,0.07466789,0.05919110
12.060000,0,FR_2,0.77560377,-0.24234027,0.11744876
12.060000,0,RL_2,0.28714672,0.14673214,0.05752790
12.060000,0,RR_2,0.35680783,-0.27063134,0.05995033
12.080000,0,FL_2,0.77958345,0.07475623,0.05913461
12.080000,0,FR_2,0.78433633,-0.24343896,0.11758258
12.080000,0,RL_2,0.28744751,0.14679463,0.05742329
12.080000,0,RR_2,0.35706758,-0.27073249,0.05992895
12.100000,0,FL_2,0.77991456,0.07481089,0.05907949
12.100000,0,FR_2,0.79309934,-0.24526845,0.11708109
12.100000,0,RL_2,0.28779683,0.14682214,0.05731387
12.100000,0,RR_2,0.35733977,-0.27086401,0.05990046
12.120000,0,FL_2,0.78026724,0.07483618,0.05902515
12.120000,0,FR_2,0.80190080,-0.24783126,0.11599375
12.120000,0,RL_2,0.28817412,0.14681941,0.05719515
12.120000,0,RR_2,0.35760430,-0.27103218,0.05986769
12.140000,0,FL_2,0.78065377,0.07483220,0.05896666
12.140000,0,FR_2,0.81081933,-0.25127536,0.11426552
12.140000,0,RL_2,0.28857553,0.14679559,0.05706548
12.140000,0,RR_2,0.35787648,-0.27123329,0.05982835
12.160000,0,FL_2,0.78106105,0.07479242,0.05890784
12.160000,0,FR_2,0.81986892,-0.25593850,0.11169142
12.160000,0,RL_2,0.28900802,0.14673924,0.05692663
12.160000,0,RR_2,0.35817033,-0.27146399,0.05978115
12.180000,0,FL_2,0.78149164,0.07473986,0.05884332
12.180000,0,FR_2,0.82904744,-0.26233059,0.10787547
12.180000,0,RL_2,0.28947413,0.14664894,0.05677815
12.180000,0,RR_2,0.35846764,-0.27173197,0.05972736
12.200000,0,FL_2,0.78191495,0.07468910,0.05877661
12.200000,0,FR_2,0.83843362,-0.27119333,0.10239225
12.200000,0,RL_2,0.29002404,0.14649060,0.05662936
12.200000,0,RR_2,0.35878548,-0.27203375,0.05965767
12.220000,0,FL_2,0.78232324,0.07467030,0.05870653
12.220000,0,FR_2,0.84741032,-0.28266513,0.09538317
12.220000,0,RL_2,0.29161224,0.14646563,0.05652387
12.220000,0,RR_2,0.35914668,-0.27233806,0.05958647
12.240000,0,FL_2,0.78267986,0.07472917,0.05862976
12.240000,0,FR_2,0.85395640,-0.29591992,0.08701386
12.240000,0,RL_2,0.30511314,0.13812354,0.05759791
12.240000,0,RR_2,0.35956475,-0.27252850,0.05952463
12.260000,0,FL_2,0.78302127,0.07483595,0.05854473
12.260000,0,FR_2,0.85677958,-0.30763683,0.07972556
12.260000,0,RL_2,0.33015943,0.11843462,0.06329343
12.260000,0,RR_2,0.36003894,-0.27257544,0.05947490
12.280000,0,FL_2,0.78340423,0.07493038,0.05845734
12.280000,0,FR_2,0.85799730,-0.31718576,0.07427204
12.280000,0,RL_2,0.35833472,0.09686205,0.07383959
12.280000,0,RR_2,0.36040610,-0.27259925,0.05943605
12.300000,0,FL_2,0.78381395,0.07497489,0.05837379
12.300000,0,FR_2,0.85843658,-0.32423785,0.07055324
12.300000,0,RL_2,0.38204330,0.07977718,0.08556916
12.300000,0,RR_2,0.36082664,-0.27263528,0.05939874
12.320000,0,FL_2,0.78428310,0.07496661,0.05828309
12.320000,0,FR_2,0.85860544,-0.33000842,0.06733902
12.320000,0,RL_2,0.39935836,0.06764949,0.09607022
12.320000,0,RR_2,0.36123294,-0.27269393,0.05934953
12.340000,0,FL_2,0.78473163,0.07493333,0.05818431
12.340000,0,FR_2,0.85826355,-0.33445144,0.06409507
12.340000,0,RL_2,0.41151476,0.05938048,0.10451314
12.340000,0,RR_2,0.36171222,-0.27278045,0.05928000
12.360000,0,FL_2,0.78518283,0.07489271,0.05808404
12.360000,0,FR_2,0.85750914,-0.33751565,0.06053419
12.360000,0,RL_2,0.42039761,0.05378386,0.11105642
12.360000,0,RR_2,0.36222726,-0.27291733,0.05919468
12.380000,0,FL_2,0.78568089,0.07474360,0.05799537
12.380000,0,FR_2,0.85785234,-0.33804387,0.06044569
12.380000,0,RL_2,0.42814642,0.04911049,0.11509423
12.380000,0,RR_2,0.36265865,-0.27320823,0.05914070
12.400000,0,FL_2,0.78611672,0.07460822,0.05790722
12.400000,0,FR_2,0.85812753,-0.33843318,0.06041162
12.400000,0,RL_2,0.43484253,0.04530544,0.11824960
12.400000,0,RR_2,0.36296383,-0.27336839,0.05908316
12.420000,0,FL_2,0.78656596,0.07447297,0.05781483
12.420000,0,FR_2,0.85839701,-0.33880237,0.06037811
12.420000,0,RL_2,0.44102681,0.04238272,0.12038806
12.420000,0,RR_2,0.36329156,-0.27351758,0.05902334
12.440000,0,FL_2,0.78699583,0.07433863,0.05771988
12.440000,0,FR_2,0.85865736,-0.33916092,0.06034385
12.440000,0,RL_2,0.44691819,0.04030257,0.12149563
12.440000,0,RR_2,0.36357170,-0.27365497,0.05895852
12.460000,0,FL_2,0.78743422,0.07420719,0.05762062
12.460000,0,FR_2,0.85891986,-0.33950308,0.06030827
12.460000,0,RL_2,0.45271701,0.03891213,0.12160149
12.460000,0,RR_2,0.36386761,-0.27379099,0.05889513
12.480000,0,FL_2,0.78785771,0.07407878,0.05751814
12.480000,0,FR_2,0.85917896,-0.33983493,0.06027067
12.480000,0,RL_2,0.45878357,0.03809204,0.12091612
12.480000,0,RR_2,0.36417836,-0.27389967,0.05883131
12.500000,0,FL_2,0.78829509,0.07395811,0.05741042
12.500000,0,FR_2,0.85944521,-0.34014812,0.06023283
12.500000,0,RL_2,0.46531847,0.03773687,0.11942670
12.500000,0,RR_2,0.36448112,-0.27400875,0.05876818
12.520000,0,FL_2,0.78872001,0.07384510,0.05729812
12.520000,0,FR_2,0.85971409,-0.34044817,0.06019357
12.520000,0,RL_2,0.47248977,0.03783476,0.11727136
12.520000,0,RR_2,0.36480266,-0.27409112,0.05870422
12.540000,0,FL_2,0.78915995,0.07374121,0.05718051
12.540000,0,FR_2,0.85998994,-0.34072858,0.06015517
12.540000,0,RL_2,0.48040238,0.03844955,0.11433277
12.540000,0,RR_2,0.36511916,-0.27417189,0.05864131
12.560000,0,FL_2,0.78958797,0.07364321,0.05705855
12.560000,0,FR_2,0.86026317,-0.34099606,0.06011525
12.560000,0,RL_2,0.48917195,0.03973944,0.11064205
12.560000,0,RR_2,0.36545470,-0.27421972,0.05857799
12.580000,0,FL_2,0.79003084,0.07354708,0.05693153
12.580000,0,FR_2,0.86053705,-0.34125060,0.06007670
12.580000,0,RL_2,0.49885505,0.04203346,0.10588728
12.580000,0,RR_2,0.36578783,-0.27426615,0.05851447
12.600000,0,FL_2,0.79052758,0.07344200,0.05682424
12.600000,0,FR_2,0.85517383,-0.33961639,0.05990470
12.600000,0,RL_2,0.50459230,0.05531957,0.09006986
12.600000,0,RR_2,0.36609307,-0.27462831,0.05841269
12.620000,0,FL_2,0.79090643,0.07335877,0.05671196
12.620000,0,FR_2,0.85123575,-0.33947903,0.05978536
12.620000,0,RL_2,0.50021607,0.07113270,0.07490768
12.620000,0,RR_2,0.36638126,-0.27508074,0.05828483
12.640000,0,FL_2,0.79114789,0.07333492,0.05663117
12.640000,0,FR_2,0.85163337,-0.33959782,0.05973027
12.640000,0,RL_2,0.49690109,0.08417687,0.06442621
12.640000,0,RR_2,0.36656374,-0.27545661,0.05819521
12.660000,0,FL_2,0.79167312,0.07351179,0.05663033
12.660000,0,FR_2,0.85192853,-0.33964857,0.05969595
12.660000,0,RL_2,0.49581268,0.09190360,0.05904983
12.660000,0,RR_2,0.36672065,-0.27614036,0.05814913
12.680000,0,FL_2,0.79807353,0.07097421,0.05689341
12.680000,0,FR_2,0.85209244,-0.33956319,0.05969559
12.680000,0,RL_2,0.49576059,0.09163614,0.05926457
12.680000,0,RR_2,0.36511505,-0.27972668,0.05816079
12.700000,0,FL_2,0.80771071,0.05921288,0.06119470
12.700000,0,FR_2,0.85239458,-0.33932891,0.05969114
12.700000,0,RL_2,0.49562976,0.09122778,0.05933603
12.700000,0,RR_2,0.36308911,-0.28232157,0.05850608
12.720000,0,FL_2,0.82030278,0.04213521,0.07039391
12.720000,0,FR_2,0.85270572,-0.33912152,0.05968507
12.720000,0,RL_2,0.49550062,0.09085122,0.05942071
12.720000,0,RR_2,0.36169553,-0.28445527,0.05845595
12.740000,0,FL_2,0.83256555,0.02778687,0.08110806
12.740000,0,FR_2,0.85294342,-0.33903801,0.05967360
12.740000,0,RL_2,0.49539798,0.09048538,0.05950719
12.740000,0,RR_2,0.36041963,-0.28655839,0.05783417
12.760000,0,FL_2,0.84353232,0.01635132,0.09186509
12.760000,0,FR_2,0.85317785,-0.33899623,0.05965082
12.760000,0,RL_2,0.49531186,0.09006914,0.05959083
12.760000,0,RR_2,0.36021680,-0.28745186,0.05775227
12.780000,0,FL_2,0.85256922,0.00781239,0.10162551
12.780000,0,FR_2,0.85337812,-0.33897403,0.05963278
12.780000,0,RL_2,0.49521205,0.08964223,0.05967107
12.780000,0,RR_2,0.36018533,-0.28840628,0.05768530
12.800000,0,FL_2,0.85983139,0.00149615,0.11012274
12.800000,0,FR_2,0.85357845,-0.33895478,0.05960558
12.800000,0,RL_2,0.49512357,0.08921988,0.05974365
12.800000,0,RR_2,0.36017925,-0.28942081,0.05759091
12.820000,0,FL_2,0.86548638,-0.00324956,0.11753640
12.820000,0,FR_2,0.85378611,-0.33892941,0.05958132
12.820000,0,RL_2,0.49504113,0.08881846,0.05981199
12.820000,0,RR_2,0.36017349,-0.29032725,0.05750617
12.840000,0,FL_2,0.86983991,-0.00680645,0.12403891
12.840000,0,FR_2,0.85399902,-0.33888361,0.05955893
12.840000,0,RL_2,0.49495798,0.08844662,0.05987133
12.840000,0,RR_2,0.36017323,-0.29115933,0.05741701
12.860000,0,FL_2,0.87314016,-0.00932416,0.12958673
12.860000,0,FR_2,0.85421765,-0.33881059,0.05953763
12.860000,0,RL_2,0.49488106,0.08810717,0.05992366
12.860000,0,RR_2,0.36016756,-0.29197851,0.05733235
12.880000,0,FL_2,0.87563890,-0.01100220,0.13428929
12.880000,0,FR_2,0.85444576,-0.33870849,0.05951834
12.880000,0,RL_2,0.49480340,0.08780167,0.05996612
12.880000,0,RR_2,0.36015919,-0.29270488,0.05726354
12.900000,0,FL_2,0.87763411,-0.01197187,0.13825297
12.900000,0,FR_2,0.85470283,-0.33856940,0.05949857
12.900000,0,RL_2,0.49472582,0.08753130,0.06000731
12.900000,0,RR_2,0.36014831,-0.29346415,0.05717905
12.920000,0,FL_2,0.87932456,-0.01229396,0.14152610
12.920000,0,FR_2,0.85496134,-0.33839461,0.05948121
12.920000,0,RL_2,0.49464625,0.08729991,0.06004228
12.920000,0,RR_2,0.36015937,-0.29414275,0.05709733
12.940000,0,FL_2,0.88088393,-0.01204248,0.14407961
12.940000,0,FR_2,0.85522705,-0.33818620,0.05946597
12.940000,0,RL_2,0.49456671,0.08711399,0.06007206
12.940000,0,RR_2,0.36018690,-0.29472160,0.05701184
12.960000,0,FL_2,0.88241720,-0.01116284,0.14588389
12.960000,0,FR_2,0.85552579,-0.33793595,0.05944512
12.960000,0,RL_2,0.49448329,0.08696369,0.06009395
12.960000,0,RR_2,0.36023685,-0.29520211,0.05693062
12.980000,0,FL_2,0.88400185,-0.00961231,0.14693260
12.980000,0,FR_2,0.85583496,-0.33764532,0.05942518
12.980000,0,RL_2,0.49439368,0.08684775,0.06011426
12.980000,0,RR_2,0.36034223,-0.29555854,0.05684051
13.000000,0,FL_2,0.88573951,-0.00730561,0.14705515
13.000000,0,FR_2,0.85614020,-0.33734673,0.05940516
13.000000,0,RL_2,0.49430177,0.08676808,0.06013370
13.000000,0,RR_2,0.36048529,-0.29578704,0.05675499
13.020000,0,FL_2,0.88762558,-0.00415158,0.14615604
13.020000,0,FR_2,0.85650027,-0.33696648,0.05937928
13.020000,0,RL_2,0.49420384,0.08671436,0.06014632
13.020000,0,RR_2,0.36064550,-0.29606569,0.05668122
13.040000,0,FL_2,0.88970232,-0.00001613,0.14411318
13.040000,0,FR_2,0.85690498,-0.33654177,0.05934998
13.040000,0,RL_2,0.49411252,0.08667663,0.06015807
13.040000,0,RR_2,0.36083153,-0.29651007,0.05660230
13.060000,0,FL_2,0.89217895,0.00193797,0.14155447
13.060000,0,FR_2,0.85715342,-0.33636466,0.05927937
13.060000,0,RL_2,0.49415451,0.08686095,0.06011961
13.060000,0,RR_2,0.36221486,-0.29751664,0.05667029
13.080000,0,FL_2,0.89923710,0.00512224,0.13424301
13.080000,0,FR_2,0.85709238,-0.33648011,0.05932304
13.080000,0,RL_2,0.49445069,0.08718668,0.06006836
13.080000,0,RR_2,0.36294472,-0.29850897,0.05676330
13.100000,0,FL_2,0.90744954,0.00932153,0.12502831
13.100000,0,FR_2,0.85697871,-0.33672741,0.05932395
13.100000,0,RL_2,0.49476504,0.08754861,0.06000885
13.100000,0,RR_2,0.36346266,-0.29915702,0.05686161
13.120000,0,FL_2,0.91579485,0.01530103,0.11377133
13.120000,0,FR_2,0.85678518,-0.33711526,0.05932438
13.120000,0,RL_2,0.49510899,0.08782402,0.05995217
13.120000,0,RR_2,0.36561808,-0.29697013,0.05831443
13.140000,0,FL_2,0.92310226,0.02212875,0.10204884
13.140000,0,FR_2,0.85651201,-0.33762497,0.05932801
13.140000,0,RL_2,0.49554345,0.08793563,0.05991160
13.140000,0,RR_2,0.37007773,-0.28980991,0.06269879
13.160000,0,FL_2,0.92925262,0.02885437,0.09114784
13.160000,0,FR_2,0.85619485,-0.33822349,0.05930673
13.160000,0,RL_2,0.49589771,0.08789914,0.05987721
13.160000,0,RR_2,0.37838426,-0.27432114,0.07312709
13.180000,0,FL_2,0.93331063,0.03323913,0.08267879
13.180000,0,FR_2,0.85580504,-0.33889309,0.05929025
13.180000,0,RL_2,0.49630114,0.08785488,0.05984271
13.180000,0,RR_2,0.38863406,-0.25851163,0.08651739
13.200000,0,FL_2,0.93626410,0.03529236,0.07645963
13.200000,0,FR_2,0.85540211,-0.33958638,0.05926801
13.200000,0,RL_2,0.49676067,0.08784159,0.05980349
13.200000,0,RR_2,0.39726031,-0.24590436,0.09966035
13.220000,0,FL_2,0.93809730,0.03629253,0.07152762
13.220000,0,FR_2,0.85501510,-0.34030971,0.05921843
13.220000,0,RL_2,0.49712062,0.08789526,0.05974844
13.220000,0,RR_2,0.40292981,-0.23592457,0.11151560
13.240000,0,FL_2,0.93936163,0.03605498,0.06773049
13.240000,0,FR_2,0.85464132,-0.34105679,0.05916062
13.240000,0,RL_2,0.49753016,0.08798674,0.05968988
13.240000,0,RR_2,0.40650913,-0.22832406,0.12126686
13.260000,0,FL_2,0.94041222,0.03436333,0.06501581
13.260000,0,FR_2,0.85426372,-0.34180462,0.05909222
13.260000,0,RL_2,0.49794647,0.08809713,0.05962076
13.260000,0,RR_2,0.40886241,-0.22252147,0.12890449
13.280000,0,FL_2,0.94141215,0.03147673,0.06308655
13.280000,0,FR_2,0.85388350,-0.34255934,0.05901573
13.280000,0,RL_2,0.49835983,0.08824518,0.05955343
13.280000,0,RR_2,0.41038838,-0.21800381,0.13460922
13.300000,0,FL_2,0.94243282,0.02754726,0.06176949
13.300000,0,FR_2,0.85350311,-0.34331852,0.05892746
13.300000,0,RL_2,0.49876279,0.08840725,0.05947888
13.300000,0,RR_2,0.41127923,-0.21448848,0.13854118
13.320000,0,FL_2,0.94351453,0.02268850,0.06099042
13.320000,0,FR_2,0.85311133,-0.34406549,0.05883013
13.320000,0,RL_2,0.49917045,0.08856054,0.05939610
13.320000,0,RR_2,0.41169536,-0.21180806,0.14085582
13.340000,0,FL_2,0.94475192,0.01715560,0.06057214
13.340000,0,FR_2,0.85271353,-0.34480223,0.05872275
13.340000,0,RL_2,0.49956745,0.08872207,0.05931663
13.340000,0,RR_2,0.41176635,-0.20975012,0.14189155
13.360000,0,FL_2,0.94623727,0.01114966,0.06041172
13.360000,0,FR_2,0.85230905,-0.34553006,0.05861632
13.360000,0,RL_2,0.49994797,0.08887448,0.05923913
13.360000,0,RR_2,0.41157648,-0.20826128,0.14182378
13.380000,0,FL_2,0.94799161,0.00481132,0.06048703
13.380000,0,FR_2,0.85189795,-0.34622595,0.05849950
13.380000,0,RL_2,0.50032318,0.08899776,0.05915585
13.380000,0,RR_2,0.41118780,-0.20734030,0.14073230
13.400000,0,FL_2,0.95005167,-0.00174055,0.06073013
13.400000,0,FR_2,0.85148871,-0.34690484,0.05838123
13.400000,0,RL_2,0.50067574,0.08912332,0.05908313
13.400000,0,RR_2,0.41065866,-0.20693800,0.13870296
13.420000,0,FL_2,0.95249480,-0.00840462,0.06113342
13.420000,0,FR_2,0.85106921,-0.34754914,0.05826193
13.420000,0,RL_2,0.50100076,0.08924147,0.05900985
13.420000,0,RR_2,0.41002193,-0.20710301,0.13572994
13.440000,0,FL_2,0.95527291,-0.01519952,0.06168979
13.440000,0,FR_2,0.85066026,-0.34816125,0.05813431
13.440000,0,RL_2,0.50131744,0.08934055,0.05893200
13.440000,0,RR_2,0.40925762,-0.20796032,0.13174941
13.460000,0,FL_2,0.95840061,-0.02201887,0.06237525
13.460000,0,FR_2,0.85023451,-0.34873849,0.05801899
13.460000,0,RL_2,0.50159526,0.08945059,0.05886776
13.460000,0,RR_2,0.40836197,-0.20951656,0.12681963
13.480000,0,FL_2,0.96181411,-0.02878232,0.06313223
13.480000,0,FR_2,0.84981370,-0.34928748,0.05789730
13.480000,0,RL_2,0.50184894,0.08956513,0.05879885
13.480000,0,RR_2,0.40715927,-0.21201609,0.12063237
13.500000,0,FL_2,0.96544224,-0.03521051,0.06381357
13.500000,0,FR_2,0.84941715,-0.34974864,0.05777146
13.500000,0,RL_2,0.50209057,0.08969373,0.05872513
13.500000,0,RR_2,0.40527081,-0.21587381,0.11269420
13.520000,0,FL_2,0.96915513,-0.04107559,0.06417839
13.520000,0,FR_2,0.84896159,-0.35025337,0.05765356
13.520000,0,RL_2,0.50230229,0.08987113,0.05865581
13.520000,0,RR_2,0.40230078,-0.22165328,0.10272481
13.540000,0,FL_2,0.97264403,-0.04589229,0.06397419
13.540000,0,FR_2,0.84846020,-0.35075304,0.05753015
13.540000,0,RL_2,0.50249565,0.09009890,0.05857829
13.540000,0,RR_2,0.39807567,-0.22976281,0.09094851
13.560000,0,FL_2,0.97576892,-0.04890831,0.06285128
13.560000,0,FR_2,0.84790742,-0.35127369,0.05739278
13.560000,0,RL_2,0.50266439,0.09039408,0.05849051
13.560000,0,RR_2,0.39298359,-0.23926793,0.07878485
13.580000,0,FL_2,0.97840869,-0.04979339,0.06064224
13.580000,0,FR_2,0.84725142,-0.35182288,0.05723767
13.580000,0,RL_2,0.50278717,0.09077623,0.05839317
13.580000,0,RR_2,0.38775659,-0.24858709,0.06759410
13.600000,0,FL_2,0.97943842,-0.04984100,0.05852545
13.600000,0,FR_2,0.84650719,-0.35238272,0.05705284
13.600000,0,RL_2,0.50286198,0.09122781,0.05834729
13.600000,0,RR_2,0.38313556,-0.25606894,0.05814624
13.620000,0,FL_2,0.97931659,-0.05011400,0.05868686
13.620000,0,FR_2,0.84519899,-0.35451844,0.05705359
13.620000,0,RL_2,0.50278205,0.09157202,0.05833486
13.620000,0,RR_2,0.38303915,-0.25592968,0.05755456
13.640000,0,FL_2,0.97935820,-0.05039476,0.05872028
13.640000,0,FR_2,0.84302026,-0.35450035,0.05971986
13.640000,0,RL_2,0.50091523,0.09209418,0.05822110
13.640000,0,RR_2,0.38296881,-0.25567430,0.05762640
13.660000,0,FL_2,0.97954416,-0.05090576,0.05881336
13.660000,0,FR_2,0.84599054,-0.34715447,0.07016863
13.660000,0,RL_2,0.50095397,0.09259795,0.05814817
13.660000,0,RR_2,0.38284940,-0.25538325,0.05770117
13.680000,0,FL_2,0.97976917,-0.05152667,0.05893284
13.680000,0,FR_2,0.85422719,-0.33986127,0.08373266
13.680000,0,RL_2,0.50089586,0.09324275,0.05813266
13.680000,0,RR_2,0.38278109,-0.25513834,0.05780872
13.700000,0,FL_2,0.97998643,-0.05212404,0.05903450
13.700000,0,FR_2,0.86208951,-0.33588749,0.09540966
13.700000,0,RL_2,0.50074875,0.09412401,0.05800008
13.700000,0,RR_2,0.38271433,-0.25491178,0.05789046
13.720000,0,FL_2,0.98021239,-0.05270081,0.05913308
13.720000,0,FR_2,0.86805892,-0.33411196,0.10456274
13.720000,0,RL_2,0.50065219,0.09530515,0.05796521
13.720000,0,RR_2,0.38268876,-0.25469747,0.05796849
13.740000,0,FL_2,0.98045713,-0.05329400,0.05921556
13.740000,0,FR_2,0.87252891,-0.33370909,0.11153626
13.740000,0,RL_2,0.50042754,0.09728529,0.05789141
13.740000,0,RR_2,0.38270319,-0.25449738,0.05803094
13.760000,0,FL_2,0.98069060,-0.05389728,0.05930100
13.760000,0,FR_2,0.87600964,-0.33432621,0.11675739
13.760000,0,RL_2,0.49994597,0.10004324,0.05786771
13.760000,0,RR_2,0.38274336,-0.25429901,0.05807899
13.780000,0,FL_2,0.98092604,-0.05453343,0.05938470
13.780000,0,FR_2,0.87880218,-0.33571947,0.12055470
13.780000,0,RL_2,0.49940091,0.10335661,0.05791306
13.780000,0,RR_2,0.38279897,-0.25410330,0.05812593
13.800000,0,FL_2,0.98114288,-0.05519104,0.05946887
13.800000,0,FR_2,0.88107914,-0.33781141,0.12318514
13.800000,0,RL_2,0.49898028,0.10711081,0.05793746
13.800000,0,RR_2,0.38284960,-0.25391388,0.05816837
13.820000,0,FL_2,0.98135644,-0.05588689,0.05954317
13.820000,0,FR_2,0.88290679,-0.34055540,0.12482890
13.820000,0,RL_2,0.49867570,0.11111657,0.05794431
13.820000,0,RR_2,0.38288930,-0.25373232,0.05821398
13.840000,0,FL_2,0.98155302,-0.05659864,0.05961819
13.840000,0,FR_2,0.88429397,-0.34393135,0.12562194
13.840000,0,RL_2,0.49851584,0.11522181,0.05793894
13.840000,0,RR_2,0.38291577,-0.25355372,0.05825762
13.860000,0,FL_2,0.98174584,-0.05733301,0.05968612
13.860000,0,FR_2,0.88525635,-0.34796938,0.12555748
13.860000,0,RL_2,0.49861342,0.11917416,0.05792058
13.860000,0,RR_2,0.38292083,-0.25337061,0.05830533
13.880000,0,FL_2,0.98192638,-0.05807227,0.05975038
13.880000,0,FR_2,0.88580590,-0.35280028,0.12463151
13.880000,0,RL_2,0.49900526,0.12279245,0.05788737
13.880000,0,RR_2,0.38291293,-0.25318733,0.05835441
13.900000,0,FL_2,0.98211092,-0.05882697,0.05979945
13.900000,0,FR_2,0.88597828,-0.35860911,0.12267998
13.900000,0,RL_2,0.49966410,0.12586722,0.05785586
13.900000,0,RR_2,0.38287941,-0.25298876,0.05839631
13.920000,0,FL_2,0.98228645,-0.05957142,0.05985020
13.920000,0,FR_2,0.88571835,-0.36561885,0.11968911
13.920000,0,RL_2,0.50053614,0.12837873,0.05780289
13.920000,0,RR_2,0.38285860,-0.25279909,0.05846190
13.940000,0,FL_2,0.98247439,-0.06031627,0.05988509
13.940000,0,FR_2,0.88487637,-0.37405086,0.11555481
13.940000,0,RL_2,0.50163054,0.13019098,0.05772503
13.940000,0,RR_2,0.38282821,-0.25260743,0.05851897
13.960000,0,FL_2,0.98266971,-0.06106610,0.05991226
13.960000,0,FR_2,0.88315910,-0.38423637,0.11017458
13.960000,0,RL_2,0.50299805,0.13116366,0.05768336
13.960000,0,RR_2,0.38279268,-0.25241327,0.05857383
13.980000,0,FL_2,0.98286843,-0.06181815,0.05993078
13.980000,0,FR_2,0.88042742,-0.39664987,0.10334803
13.980000,0,RL_2,0.50465947,0.13187473,0.05764017
13.980000,0,RR_2,0.38276857,-0.25226048,0.05861730
14.000000,0,FL_2,0.98308277,-0.06258239,0.05993506
14.000000,0,FR_2,0.87658989,-0.41205290,0.09487436
14.000000,0,RL_2,0.50788981,0.13227123,0.05766159
14.000000,0,RR_2,0.38278288,-0.25210777,0.05864779
14.020000,0,FL_2,0.98329586,-0.06332557,0.05993066
14.020000,0,FR_2,0.87128854,-0.42934063,0.08607125
14.020000,0,RL_2,0.51498020,0.13115473,0.05780245
14.020000,0,RR_2,0.38284093,-0.25196207,0.05867898
14.040000,0,FL_2,0.98352325,-0.06405817,0.05991575
14.040000,0,FR_2,0.86470145,-0.44643307,0.07843088
14.040000,0,RL_2,0.52632987,0.12401858,0.05964088
14.040000,0,RR_2,0.38296977,-0.25175285,0.05870917
14.060000,0,FL_2,0.98376310,-0.06473559,0.05989067
14.060000,0,FR_2,0.85646713,-0.46174449,0.07181405
14.060000,0,RL_2,0.53984559,0.10253828,0.06867878
14.060000,0,RR_2,0.38324618,-0.25142103,0.05874990
14.080000,0,FL_2,0.98398614,-0.06536889,0.05985579
14.080000,0,FR_2,0.84801894,-0.47191447,0.06690697
14.080000,0,RL_2,0.55519819,0.07683663,0.08324119
14.080000,0,RR_2,0.38353422,-0.25107202,0.05878004
14.100000,0,FL_2,0.98418349,-0.06599762,0.05981876
14.100000,0,FR_2,0.84070677,-0.47866380,0.06309855
14.100000,0,RL_2,0.56789821,0.05760730,0.09727918
14.100000,0,RR_2,0.38382745,-0.25080350,0.05880044
14.120000,0,FL_2,0.98439330,-0.06668639,0.05978167
14.120000,0,FR_2,0.83580470,-0.48191589,0.06044339
14.120000,0,RL_2,0.57672286,0.04505052,0.10853109
14.120000,0,RR_2,0.38410658,-0.25057599,0.05885447
14.140000,0,FL_2,0.98457545,-0.06739586,0.05972698
14.140000,0,FR_2,0.83530110,-0.48240796,0.06045684
14.140000,0,RL_2,0.58344471,0.03616813,0.11656814
14.140000,0,RR_2,0.38430285,-0.25033334,0.05884747
14.160000,0,FL_2,0.98473400,-0.06805274,0.05967338
14.160000,0,FR_2,0.83486259,-0.48284736,0.06044190
14.160000,0,RL_2,0.58861041,0.02990186,0.12274325
14.160000,0,RR_2,0.38448018,-0.25010276,0.05886653
14.180000,0,FL_2,0.98486805,-0.06867666,0.05962079
14.180000,0,FR_2,0.83443952,-0.48323765,0.06044137
14.180000,0,RL_2,0.59289408,0.02536465,0.12751533
14.180000,0,RR_2,0.38464963,-0.24987787,0.05888981
14.200000,0,FL_2,0.98499811,-0.06929158,0.05956304
14.200000,0,FR_2,0.83403105,-0.48361027,0.06042881
14.200000,0,RL_2,0.59672743,0.02201018,0.13112301
14.200000,0,RR_2,0.38480863,-0.24965784,0.05890930
14.220000,0,FL_2,0.98511159,-0.06989779,0.05950093
14.220000,0,FR_2,0.83351988,-0.48401275,0.06040598
14.220000,0,RL_2,0.60052341,0.01949147,0.13375592
14.220000,0,RR_2,0.38496974,-0.24942487,0.05892802
14.240000,0,FL_2,0.98522991,-0.07049631,0.05943497
14.240000,0,FR_2,0.83294243,-0.48441058,0.06037748
14.240000,0,RL_2,0.60437483,0.01757920,0.13552277
14.240000,0,RR_2,0.38512683,-0.24919917,0.05894795
14.260000,0,FL_2,0.98534042,-0.07109141,0.05936251
14.260000,0,FR_2,0.83222169,-0.48475310,0.06035914
14.260000,0,RL_2,0.60834146,0.01630094,0.13645732
14.260000,0,RR_2,0.38529167,-0.24896288,0.05897000
14.280000,0,FL_2,0.98545057,-0.07169279,0.05928485
14.280000,0,FR_2,0.83083957,-0.48493716,0.06032319
14.280000,0,RL_2,0.61258310,0.01557424,0.13649784
14.280000,0,RR_2,0.38545322,-0.24872260,0.05898829
14.300000,0,FL_2,0.98557025,-0.07231191,0.05919944
14.300000,0,FR_2,0.82870173,-0.48492658,0.06028151
14.300000,0,RL_2,0.61714739,0.01539308,0.13566664
14.300000,0,RR_2,0.38561118,-0.24846634,0.05900995
14.320000,0,FL_2,0.98567271,-0.07292994,0.05910896
14.320000,0,FR_2,0.82582718,-0.48475388,0.06023301
14.320000,0,RL_2,0.62215245,0.01583572,0.13390650
14.320000,0,RR_2,0.38576198,-0.24819680,0.05903338
14.340000,0,FL_2,0.98578060,-0.07355621,0.05901240
14.340000,0,FR_2,0.82228190,-0.48448297,0.06018144
14.340000,0,RL_2,0.62769759,0.01709574,0.13108414
14.340000,0,RR_2,0.38590798,-0.24790356,0.05905966
14.360000,0,FL_2,0.98586345,-0.07417273,0.05891347
14.360000,0,FR_2,0.81788701,-0.48419213,0.06013269
14.360000,0,RL_2,0.63398921,0.01937350,0.12699981
14.360000,0,RR_2,0.38603914,-0.24759187,0.05908968
14.380000,0,FL_2,0.98594034,-0.07479018,0.05881150
14.380000,0,FR_2,0.81244576,-0.48387244,0.06008527
14.380000,0,RL_2,0.64113688,0.02292560,0.12157801
14.380000,0,RR_2,0.38614854,-0.24726279,0.05912481
14.400000,0,FL_2,0.98598486,-0.07540134,0.05870839
14.400000,0,FR_2,0.80560303,-0.48356834,0.06004301
14.400000,0,RL_2,0.64943367,0.02826364,0.11457323
14.400000,0,RR_2,0.38621029,-0.24691992,0.05916801
14.420000,0,FL_2,0.98601401,-0.07602187,0.05860205
14.420000,0,FR_2,0.79665810,-0.48322734,0.06000432
14.420000,0,RL_2,0.65926474,0.03625443,0.10566455
14.420000,0,RR_2,0.38621688,-0.24659806,0.05921777
14.440000,0,FL_2,0.98600394,-0.07665914,0.05849180
14.440000,0,FR_2,0.78481865,-0.48298860,0.05996431
14.440000,0,RL_2,0.67136592,0.04842135,0.09460903
14.440000,0,RR_2,0.38612443,-0.24627237,0.05927835
14.460000,0,FL_2,0.98597503,-0.07734734,0.05836911
14.460000,0,FR_2,0.76930660,-0.48318481,0.05990555
14.460000,0,RL_2,0.68508571,0.06559785,0.08273733
14.460000,0,RR_2,0.38592538,-0.24596834,0.05934767
14.480000,0,FL_2,0.98592156,-0.07808354,0.05822824
14.480000,0,FR_2,0.74972653,-0.48436308,0.05977165
14.480000,0,RL_2,0.69611043,0.08406498,0.07313736
14.480000,0,RR_2,0.38566977,-0.24564698,0.05942034
14.500000,0,FL_2,0.98587298,-0.07885285,0.05806839
14.500000,0,FR_2,0.72694349,-0.48590180,0.05951342
14.500000,0,RL_2,0.70275098,0.10013717,0.06658319
14.500000,0,RR_2,0.38544157,-0.24531548,0.05949225
14.520000,0,FL_2,0.98582083,-0.07969155,0.05788312
14.520000,0,FR_2,0.70755726,-0.48615032,0.05965932
14.520000,0,RL_2,0.70365626,0.11743008,0.06177119
14.520000,0,RR_2,0.38533673,-0.24491261,0.05955428
14.540000,0,FL_2,0.98083287,-0.08407919,0.05789715
14.540000,0,FR_2,0.69583356,-0.48500749,0.05953955
14.540000,0,RL_2,0.70123261,0.12656248,0.05968070
14.540000,0,RR_2,0.38577020,-0.24375495,0.05957372
14.560000,0,FL_2,0.96362293,-0.09633058,0.05925163
14.560000,0,FR_2,0.69224989,-0.48469532,0.05879144
14.560000,0,RL_2,0.70169789,0.12664178,0.05961167
14.560000,0,RR_2,0.38738754,-0.24083896,0.06012537
14.580000,0,FL_2,0.94235706,-0.12743455,0.06889667
14.580000,0,FR_2,0.69181305,-0.48486432,0.05885220
14.580000,0,RL_2,0.70209312,0.12681085,0.05961756
14.580000,0,RR_2,0.38944626,-0.23692663,0.06099575
14.600000,0,FL_2,0.93070292,-0.15730770,0.08331731
14.600000,0,FR_2,0.69132674,-0.48507455,0.05890813
14.600000,0,RL_2,0.70250833,0.12689196,0.05959932
14.600000,0,RR_2,0.38791853,-0.23395003,0.06157655
14.620000,0,FL_2,0.92477143,-0.18041536,0.09789427
14.620000,0,FR_2,0.69070691,-0.48532939,0.05897455
14.620000,0,RL_2,0.70294160,0.12694731,0.05957337
14.620000,0,RR_2,0.38424578,-0.23078021,0.06170891
14.640000,0,FL_2,0.92227465,-0.19791816,0.11021104
14.640000,0,FR_2,0.69000614,-0.48561698,0.05904187
14.640000,0,RL_2,0.70336163,0.12700848,0.05954737
14.640000,0,RR_2,0.38046744,-0.22738098,0.06154856
14.660000,0,FL_2,0.92152047,-0.21160772,0.12002170
14.660000,0,FR_2,0.68925601,-0.48589540,0.05911069
14.660000,0,RL_2,0.70374888,0.12706791,0.05952116
14.660000,0,RR_2,0.37747744,-0.22406179,0.06118927
14.680000,0,FL_2,0.92148316,-0.22267976,0.12769061
14.680000,0,FR_2,0.68849027,-0.48616317,0.05917180
14.680000,0,RL_2,0.70409989,0.12712049,0.05949579
14.680000,0,RR_2,0.37532839,-0.22107583,0.06067005
14.700000,0,FL_2,0.92167127,-0.23189388,0.13362482
14.700000,0,FR_2,0.68771636,-0.48642039,0.05923203
14.700000,0,RL_2,0.70440912,0.12717879,0.05947421
14.700000,0,RR_2,0.37376794,-0.21829610,0.06003565
14.720000,0,FL_2,0.92185044,-0.23976101,0.13823511
14.720000,0,FR_2,0.68692458,-0.48664671,0.05929659
14.720000,0,RL_2,0.70468128,0.12723367,0.05946552
14.720000,0,RR_2,0.37264284,-0.21601570,0.05930542
14.740000,0,FL_2,0.92168224,-0.24657361,0.14112933
14.740000,0,FR_2,0.68619698,-0.48687896,0.05932278
14.740000,0,RL_2,0.70492476,0.12719044,0.05942687
14.740000,0,RR_2,0.37262452,-0.21544148,0.05935683
14.760000,0,FL_2,0.92163730,-0.25264332,0.14302811
14.760000,0,FR_2,0.68548089,-0.48709446,0.05934916
14.760000,0,RL_2,0.70516169,0.12714764,0.05939068
14.760000,0,RR_2,0.37249237,-0.21471760,0.05937601
14.780000,0,FL_2,0.92168599,-0.25823554,0.14412306
14.780000,0,FR_2,0.68477756,-0.48730120,0.05936689
14.780000,0,RL_2,0.70539588,0.12710288,0.05935616
14.780000,0,RR_2,0.37231231,-0.21398163,0.05939564
14.800000,0,FL_2,0.92181075,-0.26339704,0.14445636
14.800000,0,FR_2,0.68408072,-0.48750433,0.05938186
14.800000,0,RL_2,0.70563120,0.12705894,0.05932219
14.800000,0,RR_2,0.37204659,-0.21311651,0.05940330
14.820000,0,FL_2,0.92207992,-0.26820752,0.14398929
14.820000,0,FR_2,0.68338424,-0.48769149,0.05938967
14.820000,0,RL_2,0.70586586,0.12702359,0.05928656
14.820000,0,RR_2,0.37173262,-0.21218380,0.05941121
14.840000,0,FL_2,0.92261910,-0.27273330,0.14263895
14.840000,0,FR_2,0.68269622,-0.48787406,0.05938905
14.840000,0,RL_2,0.70611966,0.12700357,0.05924973
14.840000,0,RR_2,0.37142399,-0.21121657,0.05941783
14.860000,0,FL_2,0.92361301,-0.27696416,0.14030538
14.860000,0,FR_2,0.68201715,-0.48803127,0.05938593
14.860000,0,RL_2,0.70638484,0.12700157,0.05921441
14.860000,0,RR_2,0.37127420,-0.21040463,0.05942600
14.880000,0,FL_2,0.92539376,-0.28088245,0.13664877
14.880000,0,FR_2,0.68136889,-0.48817557,0.05937374
14.880000,0,RL_2,0.70667374,0.12701441,0.05917532
14.880000,0,RR_2,0.37128425,-0.20991273,0.05943598
14.900000,0,FL_2,0.92844880,-0.28441185,0.13122533
14.900000,0,FR_2,0.68075174,-0.48830965,0.05936318
14.900000,0,RL_2,0.70700121,0.12706858,0.05913700
14.900000,0,RR_2,0.37138030,-0.20955268,0.05943714
14.920000,0,FL_2,0.93358737,-0.28744954,0.12342428
14.920000,0,FR_2,0.68017483,-0.48842445,0.05934899
14.920000,0,RL_2,0.70740336,0.12717462,0.05909323
14.920000,0,RR_2,0.37160981,-0.20928907,0.05942934
14.940000,0,FL_2,0.94133103,-0.28957000,0.11308464
14.940000,0,FR_2,0.67965543,-0.48854464,0.05932609
14.940000,0,RL_2,0.70792443,0.12735027,0.05903330
14.940000,0,RR_2,0.37180135,-0.20877101,0.05939930
14.960000,0,FL_2,0.95178127,-0.29039603,0.10088561
14.960000,0,FR_2,0.67919505,-0.48869330,0.05929373
14.960000,0,RL_2,0.70857435,0.12754542,0.05894530
14.960000,0,RR_2,0.37125039,-0.20661254,0.05932330
14.980000,0,FL_2,0.96340150,-0.29051730,0.08859985
14.980000,0,FR_2,0.67882597,-0.48890579,0.05925026
14.980000,0,RL_2,0.70916599,0.12756035,0.05883547
14.980000,0,RR_2,0.37598723,-0.19017404,0.06094397
15.000000,0,FL_2,0.97192985,-0.29144701,0.07910466
15.000000,0,FR_2,0.67841208,-0.48907679,0.05921583
15.000000,0,RL_2,0.70961744,0.12746222,0.05874370
15.000000,0,RR_2,0.38961166,-0.16513735,0.06832963
15.020000,0,FL_2,0.97820890,-0.29343018,0.07174718
15.020000,0,FR_2,0.67792517,-0.48921570,0.05916950
15.020000,0,RL_2,0.71004248,0.12736529,0.05864105
15.020000,0,RR_2,0.40764681,-0.14155497,0.08194382
15.040000,0,FL_2,0.98292476,-0.29610202,0.06578114
15.040000,0,FR_2,0.67736667,-0.48933792,0.05912926
15.040000,0,RL_2,0.71051979,0.12731540,0.05853987
15.040000,0,RR_2,0.42265841,-0.12418577,0.09703435
15.060000,0,FL_2,0.98581171,-0.29895842,0.06098936
15.060000,0,FR_2,0.67680293,-0.48945239,0.05908318
15.060000,0,RL_2,0.71102923,0.12732635,0.05843140
15.060000,0,RR_2,0.43351561,-0.11114822,0.11094330
15.080000,0,FL_2,0.98668242,-0.30060276,0.05882907
15.080000,0,FR_2,0.67633611,-0.48952270,0.05909224
15.080000,0,RL_2,0.71191829,0.12748629,0.05837285
15.080000,0,RR_2,0.44173536,-0.10120112,0.12201585
15.100000,0,FL_2,0.98665524,-0.30084133,0.05883207
15.100000,0,FR_2,0.67603046,-0.48951665,0.05904236
15.100000,0,RL_2,0.71228004,0.12778646,0.05832086
15.100000,0,RR_2,0.44766185,-0.09471723,0.12849422
15.120000,0,FL_2,0.98689902,-0.30103377,0.05883951
15.120000,0,FR_2,0.67591393,-0.48943320,0.05905723
15.120000,0,RL_2,0.71247673,0.12790047,0.05830947
15.120000,0,RR_2,0.44812486,-0.09128389,0.13009378
15.140000,0,FL_2,0.98716056,-0.30044922,0.05883470
15.140000,0,FR_2,0.67613757,-0.48940217,0.05907276
15.140000,0,RL_2,0.71238172,0.12784657,0.05832240
15.140000,0,RR_2,0.44545045,-0.09108166,0.12895241
15.160000,0,FL_2,0.98754466,-0.29936704,0.05880344
15.160000,0,FR_2,0.67654383,-0.48941961,0.05908931
15.160000,0,RL_2,0.71211207,0.12765560,0.05835198
15.160000,0,RR_2,0.44354525,-0.09300011,0.12881568
15.180000,0,FL_2,0.98783916,-0.29705104,0.05880837
15.180000,0,FR_2,0.67698830,-0.48942807,0.05910339
15.180000,0,RL_2,0.71174741,0.12740889,0.05839768
15.180000,0,RR_2,0.44321376,-0.09615496,0.12979791
15.200000,0,FL_2,0.98834121,-0.29360858,0.05883337
15.200000,0,FR_2,0.67749304,-0.48944256,0.05911607
15.200000,0,RL_2,0.71132946,0.12713848,0.05844480
15.200000,0,RR_2,0.44335401,-0.10011941,0.13065951
15.220000,0,FL_2,0.98910433,-0.28912121,0.05889230
15.220000,0,FR_2,0.67805183,-0.48943728,0.05913109
15.220000,0,RL_2,0.71085978,0.12687071,0.05850154
15.220000,0,RR_2,0.44335172,-0.10457788,0.13093778
15.240000,0,FL_2,0.99024987,-0.28373089,0.05897695
15.240000,0,FR_2,0.67869306,-0.48942679,0.05914575
15.240000,0,RL_2,0.71035415,0.12660787,0.05856884
15.240000,0,RR_2,0.44308373,-0.10954849,0.13041310
15.260000,0,FL_2,0.99176961,-0.27747270,0.05908268
15.260000,0,FR_2,0.67936838,-0.48937926,0.05916083
15.260000,0,RL_2,0.70981836,0.12637354,0.05862651
15.260000,0,RR_2,0.44255158,-0.11526427,0.12869433
15.280000,0,FL_2,0.99338925,-0.27016300,0.05920582
15.280000,0,FR_2,0.68011296,-0.48930740,0.05917290
15.280000,0,RL_2,0.70926923,0.12617280,0.05869715
15.280000,0,RR_2,0.44158000,-0.12202083,0.12541240
15.300000,0,FL_2,0.99508244,-0.26199025,0.05931299
15.300000,0,FR_2,0.68089372,-0.48919055,0.05918704
15.300000,0,RL_2,0.70871747,0.12601450,0.05877612
15.300000,0,RR_2,0.43986678,-0.13030414,0.12005499
15.320000,0,FL_2,0.99648905,-0.25328633,0.05944679
15.320000,0,FR_2,0.68169057,-0.48902699,0.05919927
15.320000,0,RL_2,0.70816773,0.12590255,0.05883891
15.320000,0,RR_2,0.43664283,-0.14076555,0.11210801
15.340000,0,FL_2,0.99759454,-0.24422674,0.05952786
15.340000,0,FR_2,0.68250012,-0.48882458,0.05921238
15.340000,0,RL_2,0.70762980,0.12583241,0.05891792
15.340000,0,RR_2,0.43080220,-0.15440172,0.10136272
15.360000,0,FL_2,0.99863005,-0.23467329,0.05962194
15.360000,0,FR_2,0.68328661,-0.48856458,0.05922741
15.360000,0,RL_2,0.70711643,0.12583028,0.05899309
15.360000,0,RR_2,0.42163903,-0.17199010,0.08866034
15.380000,0,FL_2,1.00022650,-0.22356358,0.05978353
15.380000,0,FR_2,0.68405747,-0.48826736,0.05924102
15.380000,0,RL_2,0.70663136,0.12595069,0.05908538
15.380000,0,RR_2,0.40984619,-0.19236934,0.07642680
15.400000,0,FL_2,1.00202215,-0.20898548,0.05989634
15.400000,0,FR_2,0.68482614,-0.48792756,0.05924844
15.400000,0,RL_2,0.70613980,0.12616959,0.05918657
15.400000,0,RR_2,0.39728820,-0.21187252,0.06711149
15.420000,0,FL_2,1.00319660,-0.19102582,0.06051983
15.420000,0,FR_2,0.68562692,-0.48757061,0.05923707
15.420000,0,RL_2,0.70559710,0.12649597,0.05927619
15.420000,0,RR_2,0.38494506,-0.22447377,0.06069497
15.440000,0,FL_2,1.00339413,-0.17699952,0.05976269
15.440000,0,FR_2,0.68630308,-0.48731393,0.05923083
15.440000,0,RL_2,0.70250779,0.12303355,0.05945238
15.440000,0,RR_2,0.38234830,-0.22629391,0.05957947
15.460000,0,FL_2,1.00344825,-0.17543486,0.05977838
15.460000,0,FR_2,0.69352210,-0.47668064,0.06131169
15.460000,0,RL_2,0.69728440,0.11958762,0.05999006
15.460000,0,RR_2,0.38248998,-0.22621395,0.05956836
15.480000,0,FL_2,1.00353730,-0.17438902,0.05980289
15.480000,0,FR_2,0.70930755,-0.45705947,0.06991814
15.480000,0,RL_2,0.69446361,0.11774261,0.05973285
15.480000,0,RR_2,0.38246730,-0.22629227,0.05960765
15.500000,0,FL_2,1.00363946,-0.17375906,0.05984245
15.500000,0,FR_2,0.72800618,-0.44037420,0.08198307
15.500000,0,RL_2,0.69237900,0.11809973,0.05975826
15.500000,0,RR_2,0.38255987,-0.22635338,0.05955736
15.520000,0,FL_2,1.00374675,-0.17304806,0.05983713
15.520000,0,FR_2,0.74443191,-0.43071526,0.09314394
15.520000,0,RL_2,0.69130486,0.11833481,0.05979020
15.520000,0,RR_2,0.38267604,-0.22639720,0.05952524
15.540000,0,FL_2,1.00385094,-0.17238459,0.05983817
15.540000,0,FR_2,0.75809425,-0.42575961,0.10192779
15.540000,0,RL_2,0.69113702,0.11847231,0.05981503
15.540000,0,RR_2,0.38279060,-0.22641952,0.05950722
15.560000,0,FL_2,1.00396395,-0.17178698,0.05982907
15.560000,0,FR_2,0.76925772,-0.42327407,0.10839567
15.560000,0,RL_2,0.69100320,0.11860344,0.05984071
15.560000,0,RR_2,0.38291207,-0.22644043,0.05948589
15.580000,0,FL_2,1.00407112,-0.17124097,0.05981199
15.580000,0,FR_2,0.77834159,-0.42196620,0.11299677
15.580000,0,RL_2,0.69091415,0.11868426,0.05986144
15.580000,0,RR_2,0.38303083,-0.22648187,0.05946288
15.600000,0,FL_2,1.00417519,-0.17072923,0.05979349
15.600000,0,FR_2,0.78597778,-0.42131299,0.11618257
15.600000,0,RL_2,0.69081104,0.11873674,0.05987862
15.600000,0,RR_2,0.38312063,-0.22655718,0.05943982
15.620000,0,FL_2,1.00426805,-0.17025891,0.05977269
15.620000,0,FR_2,0.79273725,-0.42115080,0.11841810
15.620000,0,RL_2,0.69069964,0.11874589,0.05989335
15.620000,0,RR_2,0.38318199,-0.22666653,0.05941641
15.640000,0,FL_2,1.00433874,-0.16982086,0.05975264
15.640000,0,FR_2,0.79889131,-0.42138398,0.11992732
15.640000,0,RL_2,0.69057524,0.11871091,0.05990569
15.640000,0,RR_2,0.38321888,-0.22681399,0.05939218
15.660000,0,FL_2,1.00440371,-0.16942029,0.05973202
15.660000,0,FR_2,0.80456972,-0.42195141,0.12081829
15.660000,0,RL_2,0.69043857,0.11862472,0.05991423
15.660000,0,RR_2,0.38321760,-0.22699820,0.05936773
15.680000,0,FL_2,1.00445652,-0.16906197,0.05971230
15.680000,0,FR_2,0.80980623,-0.42286170,0.12116045
15.680000,0,RL_2,0.69028449,0.11849539,0.05992014
15.680000,0,RR_2,0.38318521,-0.22721978,0.05934289
15.700000,0,FL_2,1.00449014,-0.16873206,0.05969457
15.700000,0,FR_2,0.81462151,-0.42411631,0.12091482
15.700000,0,RL_2,0.69010866,0.11833274,0.05992320
15.700000,0,RR_2,0.38312730,-0.22748338,0.05931564
15.720000,0,FL_2,1.00452638,-0.16843608,0.05967759
15.720000,0,FR_2,0.81906986,-0.42578408,0.12003325
15.720000,0,RL_2,0.68994802,0.11810908,0.05992098
15.720000,0,RR_2,0.38303950,-0.22778541,0.05928560
15.740000,0,FL_2,1.00455928,-0.16817462,0.05966168
15.740000,0,FR_2,0.82313645,-0.42795464,0.11847188
15.740000,0,RL_2,0.68977427,0.11785733,0.05991383
15.740000,0,RR_2,0.38293314,-0.22812527,0.05925180
15.760000,0,FL_2,1.00459242,-0.16795066,0.05964681
15.760000,0,FR_2,0.82677615,-0.43065915,0.11624576
15.760000,0,RL_2,0.68960565,0.11756872,0.05990053
15.760000,0,RR_2,0.38280764,-0.22850227,0.05921285
15.780000,0,FL_2,1.00462961,-0.16776575,0.05963337
15.780000,0,FR_2,0.82993883,-0.43395665,0.11334324
15.780000,0,RL_2,0.68943655,0.11725135,0.05987848
15.780000,0,RR_2,0.38266334,-0.22891891,0.05916703
15.800000,0,FL_2,1.00466347,-0.16760717,0.05962281
15.800000,0,FR_2,0.83255053,-0.43799841,0.10961330
15.800000,0,RL_2,0.68929577,0.11688062,0.05985123
15.800000,0,RR_2,0.38250670,-0.22937979,0.05911308
15.820000,0,FL_2,1.00471699,-0.16748112,0.05961122
15.820000,0,FR_2,0.83452785,-0.44290346,0.10494265
15.820000,0,RL_2,0.68915093,0.11647066,0.05981338
15.820000,0,RR_2,0.38233316,-0.22989112,0.05904794
15.840000,0,FL_2,1.00477839,-0.16737787,0.05960124
15.840000,0,FR_2,0.83578509,-0.44889596,0.09922297
15.840000,0,RL_2,0.68897057,0.11604452,0.05976643
15.840000,0,RR_2,0.38213149,-0.23047677,0.05896850
15.860000,0,FL_2,1.00484896,-0.16728938,0.05958766
15.860000,0,FR_2,0.83623564,-0.45641631,0.09223172
15.860000,0,RL_2,0.68882555,0.11549988,0.05970088
15.860000,0,RR_2,0.38190356,-0.23114763,0.05886400
15.880000,0,FL_2,1.00494504,-0.16711828,0.05956346
15.880000,0,FR_2,0.83603853,-0.46824205,0.08240448
15.880000,0,RL_2,0.67846721,0.10495576,0.06100827
15.880000,0,RR_2,0.38174319,-0.23178126,0.05875214
15.900000,0,FL_2,1.00501049,-0.16682276,0.05953793
15.900000,0,FR_2,0.83678240,-0.47797412,0.07460611
15.900000,0,RL_2,0.65954548,0.08169551,0.06833518
15.900000,0,RR_2,0.38164157,-0.23234817,0.05864156
15.920000,0,FL_2,1.00503755,-0.16645305,0.05951278
15.920000,0,FR_2,0.83895880,-0.48445481,0.06961130
15.920000,0,RL_2,0.64077967,0.05453321,0.08328335
15.920000,0,RR_2,0.38151720,-0.23290372,0.05853913
15.940000,0,FL_2,1.00503910,-0.16609177,0.05948964
15.940000,0,FR_2,0.84179550,-0.48973826,0.06581969
15.940000,0,RL_2,0.62829912,0.03328163,0.09954892
15.940000,0,RR_2,0.38133407,-0.23347080,0.05843008
15.960000,0,FL_2,1.00505519,-0.16579014,0.05946690
15.960000,0,FR_2,0.84402657,-0.49360198,0.06261859
15.960000,0,RL_2,0.61978030,0.01877714,0.11330430
15.960000,0,RR_2,0.38113302,-0.23406422,0.05830855
15.980000,0,FL_2,1.00508070,-0.16552171,0.05944269
15.980000,0,FR_2,0.84505707,-0.49597991,0.05949911
15.980000,0,RL_2,0.61340016,0.00918148,0.12383143
15.980000,0,RR_2,0.38094679,-0.23469114,0.05816835
16.000000,0,FL_2,1.00507271,-0.16536023,0.05943611
16.000000,0,FR_2,0.84546709,-0.49567002,0.05937563
16.000000,0,RL_2,0.60882956,0.00198848,0.13076937
16.000000,0,RR_2,0.38068411,-0.23536691,0.05806037
16.020000,0,FL_2,1.00506961,-0.16522065,0.05943264
16.020000,0,FR_2,0.84562463,-0.49586460,0.05936006
16.020000,0,RL_2,0.60515970,-0.00338116,0.13568361
16.020000,0,RR_2,0.38037446,-0.23588212,0.05796675
16.040000,0,FL_2,1.00507104,-0.16507067,0.05942308
16.040000,0,FR_2,0.84559512,-0.49578536,0.05932120
16.040000,0,RL_2,0.60193700,-0.00719605,0.13894638
16.040000,0,RR_2,0.38009313,-0.23636417,0.05786763
16.060000,0,FL_2,1.00507891,-0.16489242,0.05941329
16.060000,0,FR_2,0.84511989,-0.49460500,0.05924747
16.060000,0,RL_2,0.59905601,-0.00991536,0.14095959
16.060000,0,RR_2,0.37984774,-0.23683123,0.05775712
16.080000,0,FL_2,1.00509083,-0.16469692,0.05939508
16.080000,0,FR_2,0.84484386,-0.49298686,0.05913935
16.080000,0,RL_2,0.59656757,-0.01179567,0.14182845
16.080000,0,RR_2,0.37963429,-0.23728995,0.05764381
16.100000,0,FL_2,1.00510764,-0.16449423,0.05937724
16.100000,0,FR_2,0.84495109,-0.49139485,0.05903184
16.100000,0,RL_2,0.59442103,-0.01298139,0.14163773
16.100000,0,RR_2,0.37945223,-0.23772219,0.05753269
16.120000,0,FL_2,1.00512433,-0.16428852,0.05935795
16.120000,0,FR_2,0.84533668,-0.48988050,0.05892748
16.120000,0,RL_2,0.59251904,-0.01353573,0.14047006
16.120000,0,RR_2,0.37928507,-0.23813719,0.05742151
16.140000,0,FL_2,1.00513732,-0.16408384,0.05933858
16.140000,0,FR_2,0.84595513,-0.48854530,0.05883016
16.140000,0,RL_2,0.59079731,-0.01348352,0.13837019
16.140000,0,RR_2,0.37913489,-0.23852488,0.05731476
16.160000,0,FL_2,1.00512779,-0.16387229,0.05931907
16.160000,0,FR_2,0.84679192,-0.48737752,0.05874373
16.160000,0,RL_2,0.58920163,-0.01280690,0.13532165
16.160000,0,RR_2,0.37898877,-0.23888977,0.05720654
16.180000,0,FL_2,1.00512028,-0.16367033,0.05930074
16.180000,0,FR_2,0.84780103,-0.48651055,0.05867698
16.180000,0,RL_2,0.58770847,-0.01148858,0.13127153
16.180000,0,RR_2,0.37883011,-0.23923928,0.05710532
16.200000,0,FL_2,1.00509703,-0.16347466,0.05928469
16.200000,0,FR_2,0.84887451,-0.48596922,0.05863411
16.200000,0,RL_2,0.58631611,-0.00938325,0.12612365
16.200000,0,RR_2,0.37866235,-0.23955700,0.05700578
16.220000,0,FL_2,1.00505757,-0.16328165,0.05927236
16.220000,0,FR_2,0.85000098,-0.48566881,0.05860847
16.220000,0,RL_2,0.58497167,-0.00623169,0.11973205
16.220000,0,RR_2,0.37847501,-0.23986210,0.05691946
16.240000,0,FL_2,1.00499964,-0.16308521,0.05926113
16.240000,0,FR_2,0.85127538,-0.48558253,0.05860039
16.240000,0,RL_2,0.58369619,-0.00171564,0.11193125
16.240000,0,RR_2,0.37827328,-0.24014284,0.05683178
16.260000,0,FL_2,1.00492287,-0.16287670,0.05925268
16.260000,0,FR_2,0.85268891,-0.48576921,0.05861281
16.260000,0,RL_2,0.58257085,0.00456471,0.10249537
16.260000,0,RR_2,0.37804270,-0.24042696,0.05675396
16.280000,0,FL_2,1.00481236,-0.16263536,0.05924514
16.280000,0,FR_2,0.85418588,-0.48631671,0.05865353
16.280000,0,RL_2,0.58171588,0.01310279,0.09130834
16.280000,0,RR_2,0.37777480,-0.24071273,0.05667603
16.300000,0,FL_2,1.00469255,-0.16235292,0.05923371
16.300000,0,FR_2,0.85568202,-0.48717415,0.05872350
16.300000,0,RL_2,0.58140349,0.02461481,0.07828483
16.300000,0,RR_2,0.37745434,-0.24101542,0.05659438
16.320000,0,FL_2,1.00454426,-0.16195735,0.05920920
16.320000,0,FR_2,0.85736918,-0.48854303,0.05884183
16.320000,0,RL_2,0.58137923,0.03680565,0.06577860
16.320000,0,RR_2,0.37707832,-0.24132530,0.05650745
16.340000,0,FL_2,1.00424087,-0.16089685,0.05923961
16.340000,0,FR_2,0.85816288,-0.48899016,0.05879156
16.340000,0,RL_2,0.58200401,0.04398704,0.05773397
16.340000,0,RR_2,0.37672752,-0.24164554,0.05648264
16.360000,0,FL_2,0.99899417,-0.15917775,0.06112650
16.360000,0,FR_2,0.85809565,-0.48884428,0.05897709
16.360000,0,RL_2,0.58181357,0.04390152,0.05805431
16.360000,0,RR_2,0.37493274,-0.24323568,0.05647117
16.380000,0,FL_2,0.99038744,-0.16461508,0.06838037
16.380000,0,FR_2,0.85856426,-0.48857135,0.05906680
16.380000,0,RL_2,0.58158332,0.04365406,0.05815919
16.380000,0,RR_2,0.37320533,-0.24626112,0.05650486
16.400000,0,FL_2,0.98308855,-0.17438100,0.08010196
16.400000,0,FR_2,0.85922694,-0.48820496,0.05918528
16.400000,0,RL_2,0.58131450,0.04331126,0.05828406
16.400000,0,RR_2,0.37153095,-0.25044918,0.05662751
16.420000,0,FL_2,0.97786957,-0.18240926,0.09252293
16.420000,0,FR_2,0.85990334,-0.48781800,0.05927952
16.420000,0,RL_2,0.58099264,0.04292891,0.05842388
16.420000,0,RR_2,0.36955681,-0.25503632,0.05659014
16.440000,0,FL_2,0.97386265,-0.18717031,0.10352004
16.440000,0,FR_2,0.86057436,-0.48745266,0.05936626
16.440000,0,RL_2,0.58065826,0.04251855,0.05856451
16.440000,0,RR_2,0.36799768,-0.25925231,0.05658923
16.460000,0,FL_2,0.97060513,-0.18948850,0.11267914
16.460000,0,FR_2,0.86118770,-0.48711500,0.05944001
16.460000,0,RL_2,0.58031535,0.04211856,0.05869782
16.460000,0,RR_2,0.36687130,-0.26299554,0.05656873
16.480000,0,FL_2,0.96794707,-0.19034958,0.12020602
16.480000,0,FR_2,0.86176807,-0.48680735,0.05950165
16.480000,0,RL_2,0.57999980,0.04172540,0.05882495
16.480000,0,RR_2,0.36592689,-0.26635313,0.05653599
16.500000,0,FL_2,0.96581936,-0.19034226,0.12638478
16.500000,0,FR_2,0.86230290,-0.48652151,0.05955146
16.500000,0,RL_2,0.57969397,0.04135377,0.05894116
16.500000,0,RR_2,0.36500689,-0.26934999,0.05649307
16.520000,0,FL_2,0.96423161,-0.18974149,0.13140628
16.520000,0,FR_2,0.86280012,-0.48624909,0.05959631
16.520000,0,RL_2,0.57941347,0.04100057,0.05904299
16.520000,0,RR_2,0.36409050,-0.27204430,0.05644366
16.540000,0,FL_2,0.96317649,-0.18870470,0.13540623
16.540000,0,FR_2,0.86327767,-0.48598266,0.05963392
16.540000,0,RL_2,0.57914072,0.04068397,0.05913912
16.540000,0,RR_2,0.36325082,-0.27437249,0.05638717
16.560000,0,FL_2,0.96265304,-0.18728966,0.13850985
16.560000,0,FR_2,0.86373585,-0.48571411,0.05966951
16.560000,0,RL_2,0.57888949,0.04039856,0.05921995
16.560000,0,RR_2,0.36250141,-0.27638537,0.05632465
16.580000,0,FL_2,0.96265423,-0.18550442,0.14074771
16.580000,0,FR_2,0.86419117,-0.48543698,0.05970076
16.580000,0,RL_2,0.57864362,0.04015758,0.05929611
16.580000,0,RR_2,0.36187029,-0.27805308,0.05626154
16.600000,0,FL_2,0.96320510,-0.18329105,0.14212270
16.600000,0,FR_2,0.86465025,-0.48514283,0.05973278
16.600000,0,RL_2,0.57841671,0.03995066,0.05935944
16.600000,0,RR_2,0.36131710,-0.27951112,0.05619395
16.620000,0,FL_2,0.96431553,-0.18051118,0.14246368
16.620000,0,FR_2,0.86513186,-0.48482534,0.05976149
16.620000,0,RL_2,0.57820231,0.03977886,0.05941750
16.620000,0,RR_2,0.36081621,-0.28085408,0.05612113
16.640000,0,FL_2,0.96600920,-0.17700484,0.14168057
16.640000,0,FR_2,0.86562914,-0.48447716,0.05979001
16.640000,0,RL_2,0.57798702,0.03964148,0.05947059
16.640000,0,RR_2,0.36032265,-0.28219271,0.05605147
16.660000,0,FL_2,0.96831673,-0.17264168,0.13975324
16.660000,0,FR_2,0.86612844,-0.48413581,0.05981747
16.660000,0,RL_2,0.57778788,0.03952051,0.05952313
16.660000,0,RR_2,0.35977948,-0.28366429,0.05597880
16.680000,0,FL_2,0.97126955,-0.16716327,0.13651587
16.680000,0,FR_2,0.86670572,-0.48371935,0.05983619
16.680000,0,RL_2,0.57760072,0.03942275,0.05956387
16.680000,0,RR_2,0.35915631,-0.28523490,0.05591128
16.700000,0,FL_2,0.97506547,-0.16020802,0.13171591
16.700000,0,FR_2,0.86733669,-0.48328057,0.05984847
16.700000,0,RL_2,0.57743341,0.03936625,0.05959843
16.700000,0,RR_2,0.35837269,-0.28691795,0.05583528
16.720000,0,FL_2,0.97982609,-0.15129574,0.12529299
16.720000,0,FR_2,0.86802912,-0.48281205,0.05984867
16.720000,0,RL_2,0.57731861,0.03935440,0.05962800
16.720000,0,RR_2,0.35743430,-0.28874898,0.05574718
16.740000,0,FL_2,0.98550451,-0.13975921,0.11704585
16.740000,0,FR_2,0.86878335,-0.48232806,0.05983654
16.740000,0,RL_2,0.57728136,0.03940925,0.05962778
16.740000,0,RR_2,0.35655919,-0.29073414,0.05565198
16.760000,0,FL_2,0.99201667,-0.12485230,0.10698744
16.760000,0,FR_2,0.86957514,-0.48184806,0.05980364
16.760000,0,RL_2,0.57733428,0.03951591,0.05961319
16.760000,0,RR_2,0.35617346,-0.29311904,0.05557298
16.780000,0,FL_2,0.99841136,-0.10658788,0.09605271
16.780000,0,FR_2,0.87035072,-0.48139057,0.05975728
16.780000,0,RL_2,0.57744026,0.03957970,0.05958934
16.780000,0,RR_2,0.35855100,-0.29662520,0.05561322
16.800000,0,FL_2,1.00174844,-0.08800516,0.08538741
16.800000,0,FR_2,0.87106854,-0.48094887,0.05971273
16.800000,0,RL_2,0.57756346,0.03931715,0.05960453
16.800000,0,RR_2,0.37366596,-0.29458421,0.06143547
16.820000,0,FL_2,1.00238872,-0.07246706,0.07638727
16.820000,0,FR_2,0.87169802,-0.48052511,0.05965622
16.820000,0,RL_2,0.57765639,0.03887847,0.05961614
16.820000,0,RR_2,0.39619094,-0.28976139,0.07282065
16.840000,0,FL_2,1.00265992,-0.06047379,0.06933147
16.840000,0,FR_2,0.87232119,-0.48014292,0.05959335
16.840000,0,RL_2,0.57780206,0.03839914,0.05963350
16.840000,0,RR_2,0.41614300,-0.28531113,0.08656283
16.860000,0,FL_2,1.00251031,-0.05207222,0.06391311
16.860000,0,FR_2,0.87285793,-0.47974318,0.05952977
16.860000,0,RL_2,0.57796669,0.03796352,0.05964683
16.860000,0,RR_2,0.43140829,-0.28184974,0.10023879
16.880000,0,FL_2,1.00231087,-0.04773333,0.05994027
16.880000,0,FR_2,0.87345278,-0.47934836,0.05943736
16.880000,0,RL_2,0.57814580,0.03757406,0.05973874
16.880000,0,RR_2,0.44286770,-0.27938303,0.11283010
16.900000,0,FL_2,1.00220954,-0.04707960,0.06000122
16.900000,0,FR_2,0.87404460,-0.47892019,0.05937870
16.900000,0,RL_2,0.57830620,0.03762934,0.05969224
16.900000,0,RR_2,0.45315754,-0.27796665,0.12143695
16.920000,0,FL_2,1.00208652,-0.04646868,0.06000660
16.920000,0,FR_2,0.87461299,-0.47850588,0.05929865
16.920000,0,RL_2,0.57824612,0.03732954,0.05972538
16.920000,0,RR_2,0.46175650,-0.27775833,0.12862353
16.940000,0,FL_2,1.00194705,-0.04586866,0.06000897
16.940000,0,FR_2,0.87516981,-0.47810081,0.05920831
16.940000,0,RL_2,0.57817680,0.03700614,0.05975492
16.940000,0,RR_2,0.46866578,-0.27835661,0.13440369
16.960000,0,FL_2,1.00181413,-0.04529507,0.06000454
16.960000,0,FR_2,0.87569469,-0.47770897,0.05911739
16.960000,0,RL_2,0.57811147,0.03666374,0.05978718
16.960000,0,RR_2,0.47427958,-0.27949172,0.13897038
16.980000,0,FL_2,1.00167799,-0.04475605,0.05999871
16.980000,0,FR_2,0.87620598,-0.47734556,0.05901845
16.980000,0,RL_2,0.57804686,0.03631246,0.05981386
16.980000,0,RR_2,0.47899652,-0.28109345,0.14241998
17.000000,0,FL_2,1.00154269,-0.04423995,0.05998915
17.000000,0,FR_2,0.87667739,-0.47700560,0.05892324
17.000000,0,RL_2,0.57799244,0.03595930,0.05984014
17.000000,0,RR_2,0.48312911,-0.28308374,0.14481738
17.020000,0,FL_2,1.00139642,-0.04373445,0.05997568
17.020000,0,FR_2,0.87713844,-0.47669479,0.05882862
17.020000,0,RL_2,0.57794774,0.03559868,0.05986173
17.020000,0,RR_2,0.48691308,-0.28547576,0.14619452
17.040000,0,FL_2,1.00121439,-0.04321789,0.05995778
17.040000,0,FR_2,0.87756842,-0.47640795,0.05873087
17.040000,0,RL_2,0.57790929,0.03523256,0.05987960
17.040000,0,RR_2,0.49059328,-0.28837809,0.14648950
17.060000,0,FL_2,1.00091469,-0.04262086,0.05993528
17.060000,0,FR_2,0.87799203,-0.47615319,0.05863175
17.060000,0,RL_2,0.57788211,0.03486977,0.05989546
17.060000,0,RR_2,0.49443880,-0.29188755,0.14549389
17.080000,0,FL_2,1.00051689,-0.04194083,0.05992053
17.080000,0,FR_2,0.87838668,-0.47592291,0.05852804
17.080000,0,RL_2,0.57788765,0.03458834,0.05990876
17.080000,0,RR_2,0.49855465,-0.29615608,0.14305896
17.100000,0,FL_2,1.00014234,-0.04124404,0.05993715
17.100000,0,FR_2,0.87879008,-0.47571123,0.05842184
17.100000,0,RL_2,0.57787901,0.03422477,0.05992526
17.100000,0,RR_2,0.50300097,-0.30142501,0.13909140
17.120000,0,FL_2,0.99985397,-0.04054311,0.05993814
17.120000,0,FR_2,0.87917674,-0.47550765,0.05831727
17.120000,0,RL_2,0.57787901,0.03385873,0.05993268
17.120000,0,RR_2,0.50778925,-0.30781615,0.13371083
17.140000,0,FL_2,0.99956399,-0.03972718,0.05983755
17.140000,0,FR_2,0.87957704,-0.47531113,0.05821731
17.140000,0,RL_2,0.57790607,0.03355427,0.05991622
17.140000,0,RR_2,0.51292646,-0.31570190,0.12685007
17.160000,0,FL_2,0.99917150,-0.03864503,0.05982537
17.160000,0,FR_2,0.87996304,-0.47512192,0.05810627
17.160000,0,RL_2,0.57790619,0.03320345,0.05992433
17.160000,0,RR_2,0.51871997,-0.32597551,0.11778417
17.180000,0,FL_2,0.99874866,-0.03747684,0.05986203
17.180000,0,FR_2,0.88032067,-0.47493547,0.05800354
17.180000,0,RL_2,0.57790470,0.03287924,0.05993128
17.180000,0,RR_2,0.52488458,-0.33998308,0.10626383
17.200000,0,FL_2,0.99765515,-0.03547989,0.05986758
17.200000,0,FR_2,0.88065827,-0.47477210,0.05789686
17.200000,0,RL_2,0.57789743,0.03261551,0.05992177
17.200000,0,RR_2,0.53098238,-0.35935637,0.09258417
17.220000,0,FL_2,0.99482369,-0.03104425,0.05985430
17.220000,0,FR_2,0.88101286,-0.47454271,0.05778422
17.220000,0,RL_2,0.57784051,0.03245838,0.05993152
17.220000,0,RR_2,0.53637552,-0.38326520,0.07913877
17.240000,0,FL_2,0.98862535,-0.02259830,0.05985015
17.240000,0,FR_2,0.88145512,-0.47422963,0.05763571
17.240000,0,RL_2,0.57771373,0.03238132,0.05994892
17.240000,0,RR_2,0.53720576,-0.40555921,0.06879126
17.260000,0,FL_2,0.98208404,-0.01167323,0.05980651
17.260000,0,FR_2,0.88197976,-0.47380748,0.05744990
17.260000,0,RL_2,0.57752508,0.03227922,0.05996069
17.260000,0,RR_2,0.53386080,-0.42310420,0.06176024
17.280000,0,FL_2,0.97897536,-0.00607762,0.05977076
17.280000,0,FR_2,0.88304430,-0.46966919,0.05746407
17.280000,0,RL_2,0.57736200,0.02853415,0.06063892
17.280000,0,RR_2,0.53187877,-0.42822954,0.05980660
17.300000,0,FL_2,0.97885543,-0.00562978,0.05977507
17.300000,0,FR_2,0.88557196,-0.44460538,0.06148301
17.300000,0,RL_2,0.57743222,0.01873268,0.06129538
17.300000,0,RR_2,0.53194809,-0.42862043,0.05976918
17.320000,0,FL_2,0.97866368,-0.00525363,0.05979014
17.320000,0,FR_2,0.89519620,-0.41156968,0.07261986
17.320000,0,RL_2,0.57518566,0.01465260,0.06045219
17.320000,0,RR_2,0.53201592,-0.42910036,0.05974492
17.340000,0,FL_2,0.97842669,-0.00484752,0.05980013
17.340000,0,FR_2,0.90916318,-0.38722968,0.08509871
17.340000,0,RL_2,0.57306492,0.01404687,0.06011389
17.340000,0,RR_2,0.53216040,-0.42947164,0.05971366
17.360000,0,FL_2,0.97822791,-0.00444287,0.05980610
17.360000,0,FR_2,0.92374092,-0.37102273,0.09594712
17.360000,0,RL_2,0.56885880,0.01348806,0.06005708
17.360000,0,RR_2,0.53233802,-0.42975447,0.05967805
17.380000,0,FL_2,0.97798836,-0.00401644,0.05981129
17.380000,0,FR_2,0.93793738,-0.35998711,0.10417667
17.380000,0,RL_2,0.56357300,0.01322595,0.05999103
17.380000,0,RR_2,0.53249580,-0.43002617,0.05963245
17.400000,0,FL_2,0.97769672,-0.00358750,0.05982064
17.400000,0,FR_2,0.95103580,-0.35177776,0.11017679
17.400000,0,RL_2,0.55762571,0.01318245,0.05991459
17.400000,0,RR_2,0.53264838,-0.43029797,0.05959056
17.420000,0,FL_2,0.97737938,-0.00314867,0.05983023
17.420000,0,FR_2,0.96228552,-0.34514254,0.11437354
17.420000,0,RL_2,0.55149674,0.01323591,0.05983371
17.420000,0,RR_2,0.53279394,-0.43057841,0.05954896
17.440000,0,FL_2,0.97704184,-0.00271230,0.05983720
17.440000,0,FR_2,0.97160393,-0.33949646,0.11721627
17.440000,0,RL_2,0.54566801,0.01329518,0.05975601
17.440000,0,RR_2,0.53292495,-0.43087584,0.05950629
17.460000,0,FL_2,0.97668064,-0.00228900,0.05984325
17.460000,0,FR_2,0.97938174,-0.33459592,0.11902606
17.460000,0,RL_2,0.54045117,0.01322116,0.05968755
17.460000,0,RR_2,0.53304666,-0.43118098,0.05946246
17.480000,0,FL_2,0.97633004,-0.00187741,0.05984489
17.480000,0,FR_2,0.98605752,-0.33024827,0.12005517
17.480000,0,RL_2,0.53610700,0.01293825,0.05963400
17.480000,0,RR_2,0.53315639,-0.43149856,0.05941774
17.500000,0,FL_2,0.97597718,-0.00149176,0.05984408
17.500000,0,FR_2,0.99191099,-0.32644746,0.12042735
17.500000,0,RL_2,0.53267950,0.01245210,0.05959721
17.500000,0,RR_2,0.53326219,-0.43181893,0.05937058
17.520000,0,FL_2,0.96921742,-0.00223359,0.05989437
17.520000,0,FR_2,0.99261701,-0.33457330,0.10542408
17.520000,0,RL_2,0.53051215,0.01040450,0.05957725
17.520000,0,RR_2,0.53351057,-0.43198109,0.05933126
17.540000,0,FL_2,0.96817797,-0.00126831,0.05953737
17.540000,0,FR_2,0.98410904,-0.34867582,0.08616512
17.540000,0,RL_2,0.52646852,0.00581274,0.06019479
17.540000,0,RR_2,0.53405434,-0.43200827,0.05917758
17.560000,0,FL_2,0.96789730,-0.00018458,0.05939835
17.560000,0,FR_2,0.97504896,-0.36018988,0.07260314
17.560000,0,RL_2,0.52074552,0.00162623,0.06053076
17.560000,0,RR_2,0.53463697,-0.43208873,0.05904131
17.580000,0,FL_2,0.96759474,0.00090791,0.05925522
17.580000,0,FR_2,0.96981204,-0.36725789,0.06394425
17.580000,0,RL_2,0.51556796,-0.00124868,0.06058346
17.580000,0,RR_2,0.53521913,-0.43221134,0.05891631
17.600000,0,FL_2,0.96725971,0.00195900,0.05910496
17.600000,0,FR_2,0.96850902,-0.37086222,0.05838452
17.600000,0,RL_2,0.51067662,-0.00303164,0.06009642
17.600000,0,RR_2,0.53576446,-0.43235964,0.05878737
17.620000,0,FL_2,0.96611381,0.00408470,0.05905842
17.620000,0,FR_2,0.96934223,-0.36958084,0.05836710
17.620000,0,RL_2,0.50896937,-0.00332188,0.05895850
17.620000,0,RR_2,0.53735071,-0.43273002,0.05884830
17.640000,0,FL_2,0.96521384,0.00578711,0.05892256
17.640000,0,FR_2,0.96975988,-0.36927259,0.05836371
17.640000,0,RL_2,0.50913149,-0.00316521,0.05889500
17.640000,0,RR_2,0.53840506,-0.43278986,0.05879419
17.660000,0,FL_2,0.96534240,0.00597930,0.05898263
17.660000,0,FR_2,0.96998543,-0.36922392,0.05836804
17.660000,0,RL_2,0.50929958,-0.00295623,0.05888842
17.660000,0,RR_2,0.53867537,-0.43268481,0.05868002
17.680000,0,FL_2,0.96551067,0.00613461,0.05894159
17.680000,0,FR_2,0.97019130,-0.36918542,0.05833640
17.680000,0,RL_2,0.50948602,-0.00282221,0.05883083
17.680000,0,RR_2,0.53889966,-0.43263051,0.05864109
17.700000,0,FL_2,0.96566981,0.00624719,0.05890362
17.700000,0,FR_2,0.97037923,-0.36917379,0.05831115
17.700000,0,RL_2,0.50964653,-0.00272773,0.05878925
17.700000,0,RR_2,0.53909999,-0.43260360,0.05859349
17.720000,0,FL_2,0.96581662,0.00633576,0.05887488
17.720000,0,FR_2,0.97055936,-0.36916831,0.05828258
17.720000,0,RL_2,0.50979525,-0.00266729,0.05874803
17.720000,0,RR_2,0.53927046,-0.43260285,0.05855437
17.740000,0,FL_2,0.96594268,0.00639789,0.05885077
17.740000,0,FR_2,0.97070915,-0.36918086,0.05825607
17.740000,0,RL_2,0.50994301,-0.00263539,0.05871535
17.740000,0,RR_2,0.53942597,-0.43262380,0.05851611
17.760000,0,FL_2,0.96605498,0.00643750,0.05883051
17.760000,0,FR_2,0.97083992,-0.36920533,0.05823066
17.760000,0,RL_2,0.51006764,-0.00262880,0.05868866
17.760000,0,RR_2,0.53955489,-0.43266127,0.05847855
17.780000,0,FL_2,0.96614939,0.00646489,0.05881723
17.780000,0,FR_2,0.97095436,-0.36923242,0.05820525
17.780000,0,RL_2,0.51017827,-0.00263893,0.05866422
17.780000,0,RR_2,0.53967011,-0.43270847,0.05844760
17.800000,0,FL_2,0.96624035,0.00648017,0.05880572
17.800000,0,FR_2,0.97106063,-0.36925858,0.05818218
17.800000,0,RL_2,0.51027495,-0.00265615,0.05864407
17.800000,0,RR_2,0.53976238,-0.43275726,0.05842059
17.820000,0,FL_2,0.96631050,0.00648616,0.05879914
17.820000,0,FR_2,0.97114491,-0.36929065,0.05816044
17.820000,0,RL_2,0.51037061,-0.00268564,0.05862565
17.820000,0,RR_2,0.53984070,-0.43281496,0.05839734
17.840000,0,FL_2,0.96637410,0.00648072,0.05879225
17.840000,0,FR_2,0.97121364,-0.36932787,0.05814214
17.840000,0,RL_2,0.51044679,-0.00272185,0.05861394
17.840000,0,RR_2,0.53990573,-0.43287387,0.05837340
17.860000,0,FL_2,0.96642411,0.00647459,0.05878966
17.860000,0,FR_2,0.97127318,-0.36936018,0.05812414
17.860000,0,RL_2,0.51051146,-0.00276000,0.05860206
17.860000,0,RR_2,0.53996581,-0.43293014,0.05835421
17.880000,0,FL_2,0.96646643,0.00646666,0.05878736
17.880000,0,FR_2,0.97132057,-0.36938950,0.05810993
17.880000,0,RL_2,0.51056498,-0.00279400,0.05859367
17.880000,0,RR_2,0.54000860,-0.43297979,0.05833954
17.900000,0,FL_2,0.96649981,0.00645852,0.05878581
17.900000,0,FR_2,0.97135812,-0.36941448,0.05809799
17.900000,0,RL_2,0.51060802,-0.00282412,0.05858701
17.900000,0,RR_2,0.54004210,-0.43302193,0.05832674
17.920000,0,FL_2,0.96652460,0.00645147,0.05878488
17.920000,0,FR_2,0.97138703,-0.36943436,0.05808837
17.920000,0,RL_2,0.51064098,-0.00284917,0.05858179
17.920000,0,RR_2,0.54006785,-0.43305606,0.05831740
17.940000,0,FL_2,0.96654356,0.00644566,0.05878437
17.940000,0,FR_2,0.97140741,-0.36944956,0.05808168
17.940000,0,RL_2,0.51066571,-0.00286784,0.05857795
17.940000,0,RR_2,0.54008621,-0.43308136,0.05831014
17.960000,0,FL_2,0.96656299,0.00643931,0.05878301
17.960000,0,FR_2,0.97142035,-0.36946079,0.05807772
17.960000,0,RL_2,0.51068193,-0.00288021,0.05857617
17.960000,0,RR_2,0.54009783,-0.43309832,0.05830488
17.980000,0,FL_2,0.96657252,0.00642992,0.05878386
17.980000,0,FR_2,0.97143102,-0.36947450,0.05807278
17.980000,0,RL_2,0.51070333,-0.00289922,0.05857372
17.980000,0,RR_2,0.54010600,-0.43312195,0.05830098
18.000000,0,FL_2,0.96657991,0.00641975,0.05878583
18.000000,0,FR_2,0.97143888,-0.36948818,0.05806841
18.000000,0,RL_2,0.51071584,-0.00291971,0.05857277
18.000000,0,RR_2,0.54011178,-0.43314520,0.05829777
18.020000,0,FL_2,0.96658617,0.00640940,0.05878676
18.020000,0,FR_2,0.97144389,-0.36950096,0.05806528
18.020000,0,RL_2,0.51072556,-0.00293771,0.05857290
18.020000,0,RR_2,0.54011548,-0.43316552,0.05829449
18.040000,0,FL_2,0.96659011,0.00640097,0.05878849
18.040000,0,FR_2,0.97144818,-0.36951113,0.05806201
18.040000,0,RL_2,0.51073307,-0.00295393,0.05857247
18.040000,0,RR_2,0.54011750,-0.43318307,0.05829256
18.060000,0,FL_2,0.96659255,0.00639332,0.05878990
18.060000,0,FR_2,0.97145003,-0.36951977,0.05805996
18.060000,0,RL_2,0.51073790,-0.00296685,0.05857275
18.060000,0,RR_2,0.54011816,-0.43319693,0.05829086
18.080000,0,FL_2,0.96659356,0.00638778,0.05879096
18.080000,0,FR_2,0.97145092,-0.36952567,0.05805849
18.080000,0,RL_2,0.51074111,-0.00297663,0.05857300
18.080000,0,RR_2,0.54011816,-0.43320721,0.05829004
18.100000,0,FL_2,0.96659344,0.00638364,0.05879174
18.100000,0,FR_2,0.97145057,-0.36952966,0.05805762
18.100000,0,RL_2,0.51074243,-0.00298326,0.05857323
18.100000,0,RR_2,0.54011708,-0.43321380,0.05828981
18.120000,0,FL_2,0.96659285,0.00638109,0.05879228
18.120000,0,FR_2,0.97144938,-0.36953190,0.05805740
18.120000,0,RL_2,0.51074231,-0.00298690,0.05857385
18.120000,0,RR_2,0.54011565,-0.43321750,0.05828997
18.140000,0,FL_2,0.96659154,0.00637984,0.05879274
18.140000,0,FR_2,0.97144789,-0.36953229,0.05805745
18.140000,0,RL_2,0.51074111,-0.00298811,0.05857431
18.140000,0,RR_2,0.54011399,-0.43321830,0.05829030
18.160000,0,FL_2,0.96658999,0.00637975,0.05879314
18.160000,0,FR_2,0.97144568,-0.36953148,0.05805800
18.160000,0,RL_2,0.51073885,-0.00298730,0.05857480
18.160000,0,RR_2,0.54011202,-0.43321684,0.05829082
18.180000,0,FL_2,0.96658748,0.00638058,0.05879313
18.180000,0,FR_2,0.97144318,-0.36952972,0.05805879
18.180000,0,RL_2,0.51073593,-0.00298515,0.05857496
18.180000,0,RR_2,0.54010963,-0.43321392,0.05829167
18.200000,0,FL_2,0.96658522,0.00638199,0.05879296
18.200000,0,FR_2,0.97144067,-0.36952719,0.05805976
18.200000,0,RL_2,0.51073271,-0.00298193,0.05857555
18.200000,0,RR_2,0.54010779,-0.43320966,0.05829259
18.220000,0,FL_2,0.96658307,0.00638373,0.05879287
18.220000,0,FR_2,0.97143793,-0.36952442,0.05806078
18.220000,0,RL_2,0.51072955,-0.00297801,0.05857574
18.220000,0,RR_2,0.54010558,-0.43320510,0.05829371
18.240000,0,FL_2,0.96658069,0.00638578,0.05879266
18.240000,0,FR_2,0.97143555,-0.36952144,0.05806169
18.240000,0,RL_2,0.51072621,-0.00297374,0.05857609
18.240000,0,RR_2,0.54010373,-0.43320006,0.05829437
18.260000,0,FL_2,0.96657825,0.00638750,0.05879255
18.260000,0,FR_2,0.97143316,-0.36951849,0.05806277
18.260000,0,RL_2,0.51072317,-0.00296989,0.05857630
18.260000,0,RR_2,0.54010177,-0.43319526,0.05829558
18.280000,0,FL_2,0.96657670,0.00638932,0.05879223
18.280000,0,FR_2,0.97143137,-0.36951587,0.05806363
18.280000,0,RL_2,0.51072031,-0.00296611,0.05857663
18.280000,0,RR_2,0.54010034,-0.43319079,0.05829639
18.300000,0,FL_2,0.96657503,0.00639063,0.05879212
18.300000,0,FR_2,0.97142917,-0.36951372,0.05806449
18.300000,0,RL_2,0.51071763,-0.00296288,0.05857700
18.300000,0,RR_2,0.54009867,-0.43318695,0.05829694
18.320000,0,FL_2,0.96657318,0.00639200,0.05879217
18.320000,0,FR_2,0.97142768,-0.36951169,0.05806526
18.320000,0,RL_2,0.51071554,-0.00296017,0.05857711
18.320000,0,RR_2,0.54009724,-0.43318382,0.05829762
18.340000,0,FL_2,0.96657205,0.00639277,0.05879183
18.340000,0,FR_2,0.97142631,-0.36951050,0.05806569
18.340000,0,RL_2,0.51071376,-0.00295816,0.05857730
18.340000,0,RR_2,0.54009604,-0.43318141,0.05829826
18.360000,0,FL_2,0.96657127,0.00639349,0.05879196
18.360000,0,FR_2,0.97142529,-0.36950934,0.05806611
18.360000,0,RL_2,0.51071239,-0.00295676,0.05857746
18.360000,0,RR_2,0.54009527,-0.43317956,0.05829841
18.380000,0,FL_2,0.96657044,0.00639366,0.05879190
18.380000,0,FR_2,0.97142464,-0.36950880,0.05806639
18.380000,0,RL_2,0.51071167,-0.00295596,0.05857762
18.380000,0,RR_2,0.54009485,-0.43317854,0.05829873
18.400000,0,FL_2,0.96657008,0.00639375,0.05879201
18.400000,0,FR_2,0.97142410,-0.36950842,0.05806655
18.400000,0,RL_2,0.51071119,-0.00295560,0.05857761
18.400000,0,RR_2,0.54009426,-0.43317801,0.05829874
18.420000,0,FL_2,0.96656990,0.00639353,0.05879209
18.420000,0,FR_2,0.97142375,-0.36950833,0.05806666
18.420000,0,RL_2,0.51071090,-0.00295566,0.05857792
18.420000,0,RR_2,0.54009372,-0.43317813,0.05829903
18.440000,0,FL_2,0.96656972,0.00639321,0.05879224
18.440000,0,FR_2,0.97142357,-0.36950862,0.05806673
18.440000,0,RL_2,0.51071078,-0.00295607,0.05857794
18.440000,0,RR_2,0.54009348,-0.43317828,0.05829909
18.460000,0,FL_2,0.96656954,0.00639274,0.05879224
18.460000,0,FR_2,0.97142321,-0.36950907,0.05806672
18.460000,0,RL_2,0.51071066,-0.00295675,0.05857813
18.460000,0,RR_2,0.54009342,-0.43317887,0.05829920
18.480000,0,FL_2,0.96656972,0.00639242,0.05879250
18.480000,0,FR_2,0.97142363,-0.36950934,0.05806651
18.480000,0,RL_2,0.51071090,-0.00295751,0.05857809
18.480000,0,RR_2,0.54009348,-0.43317971,0.05829897
18.500000,0,FL_2,0.96656984,0.00639174,0.05879231
18.500000,0,FR_2,0.97142375,-0.36951017,0.05806644
18.500000,0,RL_2,0.51071119,-0.00295847,0.05857813
18.500000,0,RR_2,0.54009336,-0.43318060,0.05829911
18.520000,0,FL_2,0.96657002,0.00639151,0.05879252
18.520000,0,FR_2,0.97142375,-0.36951050,0.05806641
18.520000,0,RL_2,0.51071167,-0.00295927,0.05857807
18.520000,0,RR_2,0.54009336,-0.43318155,0.05829885
18.540000,0,FL_2,0.96657032,0.00639103,0.05879269
18.540000,0,FR_2,0.97142410,-0.36951113,0.05806623
18.540000,0,RL_2,0.51071215,-0.00295997,0.05857803
18.540000,0,RR_2,0.54009354,-0.43318245,0.05829873
18.560000,0,FL_2,0.96657032,0.00639053,0.05879258
18.560000,0,FR_2,0.97142422,-0.36951160,0.05806606
18.560000,0,RL_2,0.51071215,-0.00296073,0.05857789
18.560000,0,RR_2,0.54009378,-0.43318313,0.05829854
18.580000,0,FL_2,0.96657068,0.00639028,0.05879255
18.580000,0,FR_2,0.97142470,-0.36951199,0.05806588
18.580000,0,RL_2,0.51071274,-0.00296129,0.05857800
18.580000,0,RR_2,0.54009390,-0.43318379,0.05829864
18.600000,0,FL_2,0.96657097,0.00639008,0.05879257
18.600000,0,FR_2,0.97142482,-0.36951235,0.05806576
18.600000,0,RL_2,0.51071298,-0.00296174,0.05857800
18.600000,0,RR_2,0.54009432,-0.43318447,0.05829846
18.620000,0,FL_2,0.96657103,0.00639009,0.05879264
18.620000,0,FR_2,0.97142488,-0.36951250,0.05806565
18.620000,0,RL_2,0.51071310,-0.00296208,0.05857805
18.620000,0,RR_2,0.54009426,-0.43318489,0.05829825
18.640000,0,FL_2,0.96657115,0.00638983,0.05879269
18.640000,0,FR_2,0.97142512,-0.36951271,0.05806565
18.640000,0,RL_2,0.51071340,-0.00296226,0.05857785
18.640000,0,RR_2,0.54009444,-0.43318510,0.05829815
18.660000,0,FL_2,0.96657157,0.00638993,0.05879286
18.660000,0,FR_2,0.97142541,-0.36951265,0.05806548
18.660000,0,RL_2,0.51071393,-0.00296238,0.05857776
18.660000,0,RR_2,0.54009485,-0.43318519,0.05829797
18.680000,0,FL_2,0.96657187,0.00638982,0.05879268
18.680000,0,FR_2,0.97142541,-0.36951286,0.05806542
18.680000,0,RL_2,0.51071388,-0.00296241,0.05857783
18.680000,0,RR_2,0.54009491,-0.43318537,0.05829807
18.700000,0,FL_2,0.96657169,0.00638988,0.05879263
18.700000,0,FR_2,0.97142583,-0.36951286,0.05806549
18.700000,0,RL_2,0.51071393,-0.00296242,0.05857784
18.700000,0,RR_2,0.54009509,-0.43318543,0.05829808
18.720000,0,FL_2,0.96657157,0.00638998,0.05879269
18.720000,0,FR_2,0.97142571,-0.36951274,0.05806542
18.720000,0,RL_2,0.51071411,-0.00296227,0.05857774
18.720000,0,RR_2,0.54009497,-0.43318525,0.05829805
18.740000,0,FL_2,0.96657157,0.00639001,0.05879258
18.740000,0,FR_2,0.97142559,-0.36951268,0.05806545
18.740000,0,RL_2,0.51071405,-0.00296223,0.05857769
18.740000,0,RR_2,0.54009479,-0.43318525,0.05829807
18.760000,0,FL_2,0.96657175,0.00639024,0.05879242
18.760000,0,FR_2,0.97142577,-0.36951265,0.05806549
18.760000,0,RL_2,0.51071405,-0.00296199,0.05857773
18.760000,0,RR_2,0.54009509,-0.43318507,0.05829799
18.780000,0,FL_2,0.96657181,0.00639035,0.05879248
18.780000,0,FR_2,0.97142583,-0.36951253,0.05806550
18.780000,0,RL_2,0.51071405,-0.00296181,0.05857767
18.780000,0,RR_2,0.54009527,-0.43318498,0.05829804
18.800000,0,FL_2,0.96657187,0.00639045,0.05879257
18.800000,0,FR_2,0.97142583,-0.36951250,0.05806565
18.800000,0,RL_2,0.51071393,-0.00296174,0.05857772
18.800000,0,RR_2,0.54009521,-0.43318465,0.05829824
18.820000,0,FL_2,0.96657181,0.00639050,0.05879248
18.820000,0,FR_2,0.97142565,-0.36951238,0.05806551
18.820000,0,RL_2,0.51071405,-0.00296149,0.05857759
18.820000,0,RR_2,0.54009533,-0.43318459,0.05829802
18.840000,0,FL_2,0.96657187,0.00639054,0.05879254
18.840000,0,FR_2,0.97142595,-0.36951232,0.05806564
18.840000,0,RL_2,0.51071393,-0.00296143,0.05857766
18.840000,0,RR_2,0.54009533,-0.43318444,0.05829818
18.860000,0,FL_2,0.96657175,0.00639063,0.05879240
18.860000,0,FR_2,0.97142559,-0.36951217,0.05806538
18.860000,0,RL_2,0.51071376,-0.00296136,0.05857754
18.860000,0,RR_2,0.54009533,-0.43318442,0.05829813
18.880000,0,FL_2,0.96657187,0.00639064,0.05879263
18.880000,0,FR_2,0.97142583,-0.36951211,0.05806560
18.880000,0,RL_2,0.51071405,-0.00296113,0.05857767
18.880000,0,RR_2,0.54009533,-0.43318421,0.05829811
18.900000,0,FL_2,0.96657187,0.00639074,0.05879249
18.900000,0,FR_2,0.97142589,-0.36951220,0.05806575
18.900000,0,RL_2,0.51071382,-0.00296122,0.05857768
18.900000,0,RR_2,0.54009539,-0.43318418,0.05829821
18.920000,0,FL_2,0.96657187,0.00639071,0.05879249
18.920000,0,FR_2,0.97142589,-0.36951208,0.05806542
18.920000,0,RL_2,0.51071399,-0.00296112,0.05857772
18.920000,0,RR_2,0.54009545,-0.43318418,0.05829804
18.940000,0,FL_2,0.96657175,0.00639068,0.05879257
18.940000,0,FR_2,0.97142577,-0.36951205,0.05806573
18.940000,0,RL_2,0.51071388,-0.00296115,0.05857772
18.940000,0,RR_2,0.54009521,-0.43318409,0.05829822
18.960000,0,FL_2,0.96657163,0.00639061,0.05879248
18.960000,0,FR_2,0.97142565,-0.36951205,0.05806561
18.960000,0,RL_2,0.51071382,-0.00296117,0.05857768
18.960000,0,RR_2,0.54009527,-0.43318424,0.05829816
18.980000,0,FL_2,0.96657175,0.00639076,0.05879249
18.980000,0,FR_2,0.97142553,-0.36951208,0.05806575
18.980000,0,RL_2,0.51071388,-0.00296119,0.05857761
18.980000,0,RR_2,0.54009521,-0.43318424,0.05829826
19.000000,0,FL_2,0.96657175,0.00639068,0.05879250
19.000000,0,FR_2,0.97142565,-0.36951199,0.05806577
19.000000,0,RL_2,0.51071399,-0.00296114,0.05857762
19.000000,0,RR_2,0.54009533,-0.43318415,0.05829818
19.020000,0,FL_2,0.96657175,0.00639069,0.05879254
19.020000,0,FR_2,0.97142565,-0.36951217,0.05806551
19.020000,0,RL_2,0.51071388,-0.00296106,0.05857775
19.020000,0,RR_2,0.54009527,-0.43318412,0.05829810
19.040000,0,FL_2,0.96657169,0.00639069,0.05879262
19.040000,0,FR_2,0.97142541,-0.36951208,0.05806563
19.040000,0,RL_2,0.51071376,-0.00296124,0.05857771
19.040000,0,RR_2,0.54009521,-0.43318427,0.05829828
19.060000,0,FL_2,0.96657193,0.00639053,0.05879262
19.060000,0,FR_2,0.97142577,-0.36951217,0.05806569
19.060000,0,RL_2,0.51071393,-0.00296115,0.05857786
19.060000,0,RR_2,0.54009539,-0.43318427,0.05829810
19.080000,0,FL_2,0.96657181,0.00639060,0.05879247
19.080000,0,FR_2,0.97142559,-0.36951220,0.05806560
19.080000,0,RL_2,0.51071388,-0.00296135,0.05857767
19.080000,0,RR_2,0.54009527,-0.43318433,0.05829816
19.100000,0,FL_2,0.96657169,0.00639058,0.05879249
19.100000,0,FR_2,0.97142571,-0.36951214,0.05806545
19.100000,0,RL_2,0.51071382,-0.00296139,0.05857764
19.100000,0,RR_2,0.54009545,-0.43318421,0.05829806
19.120000,0,FL_2,0.96657169,0.00639062,0.05879248
19.120000,0,FR_2,0.97142571,-0.36951214,0.05806562
19.120000,0,RL_2,0.51071388,-0.00296128,0.05857772
19.120000,0,RR_2,0.54009521,-0.43318427,0.05829807
19.140000,0,FL_2,0.96657169,0.00639064,0.05879249
19.140000,0,FR_2,0.97142565,-0.36951232,0.05806556
19.140000,0,RL_2,0.51071393,-0.00296120,0.05857766
19.140000,0,RR_2,0.54009521,-0.43318427,0.05829817
19.160000,0,FL_2,0.96657169,0.00639058,0.05879246
19.160000,0,FR_2,0.97142547,-0.36951208,0.05806552
19.160000,0,RL_2,0.51071364,-0.00296140,0.05857781
19.160000,0,RR_2,0.54009515,-0.43318427,0.05829811
19.180000,0,FL_2,0.96657169,0.00639049,0.05879238
19.180000,0,FR_2,0.97142559,-0.36951220,0.05806553
19.180000,0,RL_2,0.51071388,-0.00296133,0.05857773
19.180000,0,RR_2,0.54009527,-0.43318424,0.05829811
19.200000,0,FL_2,0.96657169,0.00639060,0.05879257
19.200000,0,FR_2,0.97142571,-0.36951220,0.05806561
19.200000,0,RL_2,0.51071411,-0.00296132,0.05857776
19.200000,0,RR_2,0.54009539,-0.43318424,0.05829826
19.220000,0,FL_2,0.96657169,0.00639057,0.05879242
19.220000,0,FR_2,0.97142571,-0.36951214,0.05806562
19.220000,0,RL_2,0.51071405,-0.00296127,0.05857771
19.220000,0,RR_2,0.54009527,-0.43318436,0.05829816
19.240000,0,FL_2,0.96657157,0.00639062,0.05879250
19.240000,0,FR_2,0.97142571,-0.36951211,0.05806556
19.240000,0,RL_2,0.51071399,-0.00296143,0.05857761
19.240000,0,RR_2,0.54009509,-0.43318436,0.05829817
19.260000,0,FL_2,0.96657199,0.00639053,0.05879246
19.260000,0,FR_2,0.97142559,-0.36951226,0.05806556
19.260000,0,RL_2,0.51071393,-0.00296140,0.05857777
19.260000,0,RR_2,0.54009521,-0.43318442,0.05829816
19.280000,0,FL_2,0.96657163,0.00639052,0.05879252
19.280000,0,FR_2,0.97142541,-0.36951223,0.05806552
19.280000,0,RL_2,0.51071382,-0.00296144,0.05857773
19.280000,0,RR_2,0.54009527,-0.43318436,0.05829831
19.300000,0,FL_2,0.96657175,0.00639045,0.05879252
19.300000,0,FR_2,0.97142583,-0.36951226,0.05806566
19.300000,0,RL_2,0.51071388,-0.00296143,0.05857775
19.300000,0,RR_2,0.54009527,-0.43318430,0.05829818
19.320000,0,FL_2,0.96657169,0.00639046,0.05879249
19.320000,0,FR_2,0.97142607,-0.36951226,0.05806554
19.320000,0,RL_2,0.51071388,-0.00296137,0.05857756
19.320000,0,RR_2,0.54009545,-0.43318430,0.05829827
19.340000,0,FL_2,0.96657175,0.00639058,0.05879261
19.340000,0,FR_2,0.97142559,-0.36951220,0.05806575
19.340000,0,RL_2,0.51071376,-0.00296145,0.05857784
19.340000,0,RR_2,0.54009527,-0.43318427,0.05829816
19.360000,0,FL_2,0.96657175,0.00639065,0.05879269
19.360000,0,FR_2,0.97142589,-0.36951214,0.05806562
19.360000,0,RL_2,0.51071388,-0.00296127,0.05857775
19.360000,0,RR_2,0.54009533,-0.43318424,0.05829806
19.380000,0,FL_2,0.96657199,0.00639064,0.05879246
19.380000,0,FR_2,0.97142565,-0.36951214,0.05806546
19.380000,0,RL_2,0.51071405,-0.00296127,0.05857765
19.380000,0,RR_2,0.54009521,-0.43318433,0.05829820
19.400000,0,FL_2,0.96657169,0.00639061,0.05879257
19.400000,0,FR_2,0.97142589,-0.36951217,0.05806576
19.400000,0,RL_2,0.51071376,-0.00296125,0.05857778
19.400000,0,RR_2,0.54009527,-0.43318418,0.05829822
19.420000,0,FL_2,0.96657169,0.00639051,0.05879243
19.420000,0,FR_2,0.97142589,-0.36951223,0.05806559
19.420000,0,RL_2,0.51071388,-0.00296130,0.05857772
19.420000,0,RR_2,0.54009497,-0.43318433,0.05829826
19.440000,0,FL_2,0.96657181,0.00639064,0.05879255
19.440000,0,FR_2,0.97142601,-0.36951223,0.05806553
19.440000,0,RL_2,0.51071388,-0.00296131,0.05857776
19.440000,0,RR_2,0.54009533,-0.43318427,0.05829815
19.460000,0,FL_2,0.96657169,0.00639062,0.05879242
19.460000,0,FR_2,0.97142547,-0.36951220,0.05806557
19.460000,0,RL_2,0.51071382,-0.00296133,0.05857782
19.460000,0,RR_2,0.54009521,-0.43318439,0.05829828
19.480000,0,FL_2,0.96657169,0.00639047,0.05879242
19.480000,0,FR_2,0.97142559,-0.36951223,0.05806562
19.480000,0,RL_2,0.51071370,-0.00296125,0.05857778
19.480000,0,RR_2,0.54009521,-0.43318430,0.05829822
19.500000,0,FL_2,0.96657169,0.00639056,0.05879262
19.500000,0,FR_2,0.97142577,-0.36951226,0.05806569
19.500000,0,RL_2,0.51071370,-0.00296125,0.05857772
19.500000,0,RR_2,0.54009521,-0.43318427,0.05829813
19.520000,0,FL_2,0.96657181,0.00639066,0.05879251
19.520000,0,FR_2,0.97142577,-0.36951214,0.05806550
19.520000,0,RL_2,0.51071382,-0.00296136,0.05857755
19.520000,0,RR_2,0.54009515,-0.43318433,0.05829804
19.540000,0,FL_2,0.96657169,0.00639060,0.05879272
19.540000,0,FR_2,0.97142565,-0.36951217,0.05806565
19.540000,0,RL_2,0.51071376,-0.00296127,0.05857777
19.540000,0,RR_2,0.54009521,-0.43318424,0.05829810
19.560000,0,FL_2,0.96657193,0.00639047,0.05879237
19.560000,0,FR_2,0.97142559,-0.36951223,0.05806563
19.560000,0,RL_2,0.51071388,-0.00296143,0.05857778
19.560000,0,RR_2,0.54009533,-0.43318436,0.05829824
19.580000,0,FL_2,0.96657175,0.00639054,0.05879252
19.580000,0,FR_2,0.97142589,-0.36951220,0.05806572
19.580000,0,RL_2,0.51071388,-0.00296133,0.05857781
19.580000,0,RR_2,0.54009533,-0.43318442,0.05829821
19.600000,0,FL_2,0.96657169,0.00639052,0.05879258
19.600000,0,FR_2,0.97142571,-0.36951223,0.05806559
19.600000,0,RL_2,0.51071364,-0.00296136,0.05857775
19.600000,0,RR_2,0.54009509,-0.43318433,0.05829823
19.620000,0,FL_2,0.96657169,0.00639053,0.05879248
19.620000,0,FR_2,0.97142559,-0.36951223,0.05806553
19.620000,0,RL_2,0.51071393,-0.00296126,0.05857762
19.620000,0,RR_2,0.54009539,-0.43318436,0.05829817
19.640000,0,FL_2,0.96657193,0.00639051,0.05879247
19.640000,0,FR_2,0.97142559,-0.36951229,0.05806559
19.640000,0,RL_2,0.51071376,-0.00296135,0.05857789
19.640000,0,RR_2,0.54009527,-0.43318436,0.05829817
19.660000,0,FL_2,0.96657175,0.00639064,0.05879247
19.660000,0,FR_2,0.97142583,-0.36951214,0.05806558
19.660000,0,RL_2,0.51071405,-0.00296138,0.05857763
19.660000,0,RR_2,0.54009527,-0.43318430,0.05829827
19.680000,0,FL_2,0.96657199,0.00639060,0.05879256
19.680000,0,FR_2,0.97142559,-0.36951217,0.05806562
19.680000,0,RL_2,0.51071405,-0.00296136,0.05857769
19.680000,0,RR_2,0.54009539,-0.43318442,0.05829803
19.700000,0,FL_2,0.96657169,0.00639058,0.05879251
19.700000,0,FR_2,0.97142547,-0.36951211,0.05806568
19.700000,0,RL_2,0.51071405,-0.00296133,0.05857760
19.700000,0,RR_2,0.54009521,-0.43318430,0.05829827
19.720000,0,FL_2,0.96657181,0.00639056,0.05879252
19.720000,0,FR_2,0.97142571,-0.36951220,0.05806566
19.720000,0,RL_2,0.51071393,-0.00296143,0.05857770
19.720000,0,RR_2,0.54009527,-0.43318439,0.05829822
19.740000,0,FL_2,0.96657175,0.00639046,0.05879257
19.740000,0,FR_2,0.97142559,-0.36951226,0.05806559
19.740000,0,RL_2,0.51071399,-0.00296134,0.05857767
19.740000,0,RR_2,0.54009527,-0.43318430,0.05829817
19.760000,0,FL_2,0.96657181,0.00639052,0.05879233
19.760000,0,FR_2,0.97142571,-0.36951217,0.05806552
19.760000,0,RL_2,0.51071370,-0.00296143,0.05857775
19.760000,0,RR_2,0.54009533,-0.43318427,0.05829814
19.780000,0,FL_2,0.96657175,0.00639063,0.05879243
19.780000,0,FR_2,0.97142589,-0.36951223,0.05806559
19.780000,0,RL_2,0.51071370,-0.00296134,0.05857762
19.780000,0,RR_2,0.54009545,-0.43318421,0.05829816
19.800000,0,FL_2,0.96657169,0.00639058,0.05879243
19.800000,0,FR_2,0.97142589,-0.36951223,0.05806557
19.800000,0,RL_2,0.51071388,-0.00296132,0.05857773
19.800000,0,RR_2,0.54009515,-0.43318427,0.05829818
19.820000,0,FL_2,0.96657169,0.00639064,0.05879257
19.820000,0,FR_2,0.97142535,-0.36951214,0.05806558
19.820000,0,RL_2,0.51071382,-0.00296123,0.05857765
19.820000,0,RR_2,0.54009515,-0.43318433,0.05829818
19.840000,0,FL_2,0.96657169,0.00639057,0.05879254
19.840000,0,FR_2,0.97142565,-0.36951217,0.05806558
19.840000,0,RL_2,0.51071376,-0.00296122,0.05857775
19.840000,0,RR_2,0.54009533,-0.43318418,0.05829802
19.860000,0,FL_2,0.96657193,0.00639048,0.05879246
19.860000,0,FR_2,0.97142589,-0.36951226,0.05806556
19.860000,0,RL_2,0.51071399,-0.00296127,0.05857766
19.860000,0,RR_2,0.54009515,-0.43318439,0.05829808
19.880000,0,FL_2,0.96657181,0.00639048,0.05879246
19.880000,0,FR_2,0.97142577,-0.36951226,0.05806562
19.880000,0,RL_2,0.51071382,-0.00296131,0.05857770
19.880000,0,RR_2,0.54009533,-0.43318430,0.05829814
19.900000,0,FL_2,0.96657169,0.00639061,0.05879267
19.900000,0,FR_2,0.97142565,-0.36951214,0.05806559
19.900000,0,RL_2,0.51071393,-0.00296137,0.05857781
19.900000,0,RR_2,0.54009521,-0.43318439,0.05829811
19.920000,0,FL_2,0.96657169,0.00639059,0.05879242
19.920000,0,FR_2,0.97142583,-0.36951223,0.05806565
19.920000,0,RL_2,0.51071376,-0.00296136,0.05857786
19.920000,0,RR_2,0.54009527,-0.43318433,0.05829831
19.940000,0,FL_2,0.96657169,0.00639073,0.05879249
19.940000,0,FR_2,0.97142583,-0.36951205,0.05806547
19.940000,0,RL_2,0.51071393,-0.00296139,0.05857771
19.940000,0,RR_2,0.54009545,-0.43318433,0.05829806
19.960000,0,FL_2,0.96657169,0.00639055,0.05879235
19.960000,0,FR_2,0.97142559,-0.36951217,0.05806562
19.960000,0,RL_2,0.51071382,-0.00296129,0.05857759
19.960000,0,RR_2,0.54009509,-0.43318436,0.05829814
19.980000,0,FL_2,0.96657187,0.00639056,0.05879241
19.980000,0,FR_2,0.97142589,-0.36951214,0.05806550
19.980000,0,RL_2,0.51071393,-0.00296136,0.05857760
19.980000,0,RR_2,0.54009521,-0.43318436,0.05829802
20.000000,0,FL_2,0.96657199,0.00639065,0.05879261
20.000000,0,FR_2,0.97142583,-0.36951202,0.05806563
20.000000,0,RL_2,0.51071405,-0.00296134,0.05857768
20.000000,0,RR_2,0.54009515,-0.43318442,0.05829823
20.020000,0,FL_2,0.96657169,0.00639056,0.05879236
20.020000,0,FR_2,0.97142565,-0.36951223,0.05806552
20.020000,0,RL_2,0.51071376,-0.00296133,0.05857759
20.020000,0,RR_2,0.54009509,-0.43318436,0.05829809
20.040000,0,FL_2,0.96657175,0.00639073,0.05879259
20.040000,0,FR_2,0.97142535,-0.36951214,0.05806556
20.040000,0,RL_2,0.51071376,-0.00296137,0.05857770
20.040000,0,RR_2,0.54009527,-0.43318427,0.05829804
20.060000,0,FL_2,0.96657169,0.00639057,0.05879254
20.060000,0,FR_2,0.97142571,-0.36951223,0.05806567
20.060000,0,RL_2,0.51071382,-0.00296123,0.05857772
20.060000,0,RR_2,0.54009509,-0.43318430,0.05829827
20.080000,0,FL_2,0.96657175,0.00639060,0.05879242
20.080000,0,FR_2,0.97142589,-0.36951220,0.05806540
20.080000,0,RL_2,0.51071399,-0.00296125,0.05857769
20.080000,0,RR_2,0.54009527,-0.43318430,0.05829813
20.100000,0,FL_2,0.96657181,0.00639048,0.05879248
20.100000,0,FR_2,0.97142559,-0.36951226,0.05806561
20.100000,0,RL_2,0.51071382,-0.00296130,0.05857771
20.100000,0,RR_2,0.54009527,-0.43318430,0.05829817
20.120000,0,FL_2,0.96657169,0.00639057,0.05879251
20.120000,0,FR_2,0.97142583,-0.36951217,0.05806568
20.120000,0,RL_2,0.51071393,-0.00296132,0.05857776
20.120000,0,RR_2,0.54009509,-0.43318439,0.05829825
20.140000,0,FL_2,0.96657181,0.00639047,0.05879246
20.140000,0,FR_2,0.97142559,-0.36951226,0.05806564
20.140000,0,RL_2,0.51071393,-0.00296129,0.05857755
20.140000,0,RR_2,0.54009533,-0.43318439,0.05829823
20.160000,0,FL_2,0.96657211,0.00639063,0.05879259
20.160000,0,FR_2,0.97142571,-0.36951214,0.05806555
20.160000,0,RL_2,0.51071393,-0.00296126,0.05857772
20.160000,0,RR_2,0.54009539,-0.43318433,0.05829809
20.180000,0,FL_2,0.96657199,0.00639066,0.05879246
20.180000,0,FR_2,0.97142589,-0.36951223,0.05806548
20.180000,0,RL_2,0.51071388,-0.00296125,0.05857762
20.180000,0,RR_2,0.54009527,-0.43318430,0.05829806
20.200000,0,FL_2,0.96657181,0.00639053,0.05879253
20.200000,0,FR_2,0.97142583,-0.36951223,0.05806556
20.200000,0,RL_2,0.51071429,-0.00296127,0.05857777
20.200000,0,RR_2,0.54009527,-0.43318444,0.05829825
20.220000,0,FL_2,0.96657175,0.00639063,0.05879265
20.220000,0,FR_2,0.97142559,-0.36951217,0.05806547
20.220000,0,RL_2,0.51071382,-0.00296125,0.05857775
20.220000,0,RR_2,0.54009533,-0.43318436,0.05829814
20.240000,0,FL_2,0.96657187,0.00639064,0.05879250
20.240000,0,FR_2,0.97142571,-0.36951211,0.05806568
20.240000,0,RL_2,0.51071388,-0.00296145,0.05857776
20.240000,0,RR_2,0.54009551,-0.43318424,0.05829820
20.260000,0,FL_2,0.96657199,0.00639062,0.05879249
20.260000,0,FR_2,0.97142571,-0.36951208,0.05806562
20.260000,0,RL_2,0.51071417,-0.00296130,0.05857769
20.260000,0,RR_2,0.54009527,-0.43318424,0.05829818
20.280000,0,FL_2,0.96657175,0.00639060,0.05879256
20.280000,0,FR_2,0.97142583,-0.36951217,0.05806556
20.280000,0,RL_2,0.51071417,-0.00296132,0.05857774
20.280000,0,RR_2,0.54009539,-0.43318433,0.05829816
20.300000,0,FL_2,0.96657169,0.00639056,0.05879245
20.300000,0,FR_2,0.97142559,-0.36951220,0.05806559
20.300000,0,RL_2,0.51071399,-0.00296129,0.05857776
20.300000,0,RR_2,0.54009527,-0.43318427,0.05829819
20.320000,0,FL_2,0.96657187,0.00639065,0.05879264
20.320000,0,FR_2,0.97142571,-0.36951217,0.05806556
20.320000,0,RL_2,0.51071399,-0.00296127,0.05857771
20.320000,0,RR_2,0.54009533,-0.43318442,0.05829813
20.340000,0,FL_2,0.96657169,0.00639047,0.05879248
20.340000,0,FR_2,0.97142559,-0.36951220,0.05806557
20.340000,0,RL_2,0.51071358,-0.00296134,0.05857783
20.340000,0,RR_2,0.54009521,-0.43318430,0.05829804
20.360000,0,FL_2,0.96657157,0.00639065,0.05879246
20.360000,0,FR_2,0.97142583,-0.36951223,0.05806554
20.360000,0,RL_2,0.51071370,-0.00296139,0.05857783
20.360000,0,RR_2,0.54009533,-0.43318430,0.05829814
20.380000,0,FL_2,0.96657175,0.00639066,0.05879252
20.380000,0,FR_2,0.97142559,-0.36951220,0.05806566
20.380000,0,RL_2,0.51071382,-0.00296130,0.05857776
20.380000,0,RR_2,0.54009521,-0.43318430,0.05829823
20.400000,0,FL_2,0.96657181,0.00639057,0.05879244
20.400000,0,FR_2,0.97142571,-0.36951217,0.05806566
20.400000,0,RL_2,0.51071382,-0.00296124,0.05857774
20.400000,0,RR_2,0.54009539,-0.43318433,0.05829821
20.420000,0,FL_2,0.96657181,0.00639049,0.05879255
20.420000,0,FR_2,0.97142583,-0.36951226,0.05806560
20.420000,0,RL_2,0.51071382,-0.00296136,0.05857775
20.420000,0,RR_2,0.54009539,-0.43318433,0.05829819
20.440000,0,FL_2,0.96657169,0.00639049,0.05879248
20.440000,0,FR_2,0.97142571,-0.36951223,0.05806560
20.440000,0,RL_2,0.51071382,-0.00296129,0.05857777
20.440000,0,RR_2,0.54009545,-0.43318424,0.05829819
20.460000,0,FL_2,0.96657169,0.00639059,0.05879239
20.460000,0,FR_2,0.97142589,-0.36951220,0.05806553
20.460000,0,RL_2,0.51071388,-0.00296140,0.05857757
20.460000,0,RR_2,0.54009527,-0.43318439,0.05829825
20.480000,0,FL_2,0.96657181,0.00639050,0.05879252
20.480000,0,FR_2,0.97142559,-0.36951211,0.05806562
20.480000,0,RL_2,0.51071399,-0.00296133,0.05857765
20.480000,0,RR_2,0.54009533,-0.43318430,0.05829812
20.500000,0,FL_2,0.96657157,0.00639053,0.05879245
20.500000,0,FR_2,0.97142595,-0.36951217,0.05806565
20.500000,0,RL_2,0.51071411,-0.00296140,0.05857776
20.500000,0,RR_2,0.54009545,-0.43318442,0.05829805
20.520000,0,FL_2,0.96657175,0.00639061,0.05879260
20.520000,0,FR_2,0.97142583,-0.36951220,0.05806565
20.520000,0,RL_2,0.51071405,-0.00296133,0.05857768
20.520000,0,RR_2,0.54009527,-0.43318450,0.05829819
20.540000,0,FL_2,0.96657169,0.00639044,0.05879251
20.540000,0,FR_2,0.97142547,-0.36951229,0.05806559
20.540000,0,RL_2,0.51071382,-0.00296133,0.05857783
20.540000,0,RR_2,0.54009539,-0.43318442,0.05829818
20.560000,0,FL_2,0.96657169,0.00639063,0.05879248
20.560000,0,FR_2,0.97142613,-0.36951223,0.05806531
20.560000,0,RL_2,0.51071405,-0.00296141,0.05857760
20.560000,0,RR_2,0.54009539,-0.43318433,0.05829798
20.580000,0,FL_2,0.96657187,0.00639052,0.05879242
20.580000,0,FR_2,0.97142559,-0.36951223,0.05806562
20.580000,0,RL_2,0.51071393,-0.00296133,0.05857771
20.580000,0,RR_2,0.54009515,-0.43318436,0.05829812
20.600000,0,FL_2,0.96657169,0.00639058,0.05879257
20.600000,0,FR_2,0.97142559,-0.36951220,0.05806570
20.600000,0,RL_2,0.51071382,-0.00296139,0.05857770
20.600000,0,RR_2,0.54009503,-0.43318439,0.05829807
20.620000,0,FL_2,0.96657175,0.00639063,0.05879276
20.620000,0,FR_2,0.97142583,-0.36951220,0.05806568
20.620000,0,RL_2,0.51071388,-0.00296137,0.05857782
20.620000,0,RR_2,0.54009509,-0.43318442,0.05829831
20.640000,0,FL_2,0.96657169,0.00639058,0.05879244
20.640000,0,FR_2,0.97142589,-0.36951217,0.05806567
20.640000,0,RL_2,0.51071393,-0.00296130,0.05857763
20.640000,0,RR_2,0.54009515,-0.43318427,0.05829804
20.660000,0,FL_2,0.96657181,0.00639064,0.05879260
20.660000,0,FR_2,0.97142583,-0.36951217,0.05806538
20.660000,0,RL_2,0.51071405,-0.00296124,0.05857781
20.660000,0,RR_2,0.54009533,-0.43318424,0.05829813
20.680000,0,FL_2,0.96657181,0.00639071,0.05879252
20.680000,0,FR_2,0.97142589,-0.36951211,0.05806559
20.680000,0,RL_2,0.51071393,-0.00296117,0.05857772
20.680000,0,RR_2,0.54009533,-0.43318427,0.05829803
20.700000,0,FL_2,0.96657145,0.00639050,0.05879249
20.700000,0,FR_2,0.97142565,-0.36951229,0.05806554
20.700000,0,RL_2,0.51071411,-0.00296124,0.05857768
20.700000,0,RR_2,0.54009551,-0.43318430,0.05829808
20.720000,0,FL_2,0.96657169,0.00639069,0.05879246
20.720000,0,FR_2,0.97142559,-0.36951214,0.05806554
20.720000,0,RL_2,0.51071388,-0.00296124,0.05857769
20.720000,0,RR_2,0.54009521,-0.43318436,0.05829807
20.740000,0,FL_2,0.96657181,0.00639056,0.05879253
20.740000,0,FR_2,0.97142601,-0.36951223,0.05806563
20.740000,0,RL_2,0.51071393,-0.00296134,0.05857769
20.740000,0,RR_2,0.54009533,-0.43318433,0.05829828
20.760000,0,FL_2,0.96657187,0.00639071,0.05879243
20.760000,0,FR_2,0.97142547,-0.36951217,0.05806560
20.760000,0,RL_2,0.51071399,-0.00296139,0.05857773
20.760000,0,RR_2,0.54009533,-0.43318421,0.05829810
20.780000,0,FL_2,0.96657151,0.00639058,0.05879255
20.780000,0,FR_2,0.97142559,-0.36951214,0.05806539
20.780000,0,RL_2,0.51071370,-0.00296135,0.05857768
20.780000,0,RR_2,0.54009503,-0.43318433,0.05829803
20.800000,0,FL_2,0.96657199,0.00639053,0.05879246
20.800000,0,FR_2,0.97142559,-0.36951217,0.05806551
20.800000,0,RL_2,0.51071376,-0.00296128,0.05857761
20.800000,0,RR_2,0.54009515,-0.43318444,0.05829802
20.820000,0,FL_2,0.96657169,0.00639047,0.05879253
20.820000,0,FR_2,0.97142601,-0.36951223,0.05806569
20.820000,0,RL_2,0.51071388,-0.00296134,0.05857765
20.820000,0,RR_2,0.54009533,-0.43318424,0.05829803
20.840000,0,FL_2,0.96657169,0.00639051,0.05879242
20.840000,0,FR_2,0.97142589,-0.36951217,0.05806553
20.840000,0,RL_2,0.51071405,-0.00296139,0.05857775
20.840000,0,RR_2,0.54009527,-0.43318436,0.05829828
20.860000,0,FL_2,0.96657145,0.00639043,0.05879254
20.860000,0,FR_2,0.97142535,-0.36951232,0.05806550
20.860000,0,RL_2,0.51071382,-0.00296132,0.05857768
20.860000,0,RR_2,0.54009527,-0.43318436,0.05829800
20.880000,0,FL_2,0.96657169,0.00639062,0.05879236
20.880000,0,FR_2,0.97142583,-0.36951217,0.05806562
20.880000,0,RL_2,0.51071382,-0.00296135,0.05857773
20.880000,0,RR_2,0.54009503,-0.43318436,0.05829826
20.900000,0,FL_2,0.96657187,0.00639059,0.05879252
20.900000,0,FR_2,0.97142625,-0.36951211,0.05806553
20.900000,0,RL_2,0.51071393,-0.00296134,0.05857762
20.900000,0,RR_2,0.54009515,-0.43318442,0.05829804
20.920000,0,FL_2,0.96657169,0.00639051,0.05879255
20.920000,0,FR_2,0.97142535,-0.36951214,0.05806560
20.920000,0,RL_2,0.51071364,-0.00296129,0.05857777
20.920000,0,RR_2,0.54009515,-0.43318430,0.05829803
20.940000,0,FL_2,0.96657157,0.00639058,0.05879248
20.940000,0,FR_2,0.97142547,-0.36951217,0.05806554
20.940000,0,RL_2,0.51071388,-0.00296137,0.05857776
20.940000,0,RR_2,0.54009515,-0.43318427,0.05829810
20.960000,0,FL_2,0.96657175,0.00639054,0.05879260
20.960000,0,FR_2,0.97142565,-0.36951217,0.05806557
20.960000,0,RL_2,0.51071393,-0.00296123,0.05857754
20.960000,0,RR_2,0.54009515,-0.43318421,0.05829803
20.980000,0,FL_2,0.96657145,0.00639054,0.05879249
20.980000,0,FR_2,0.97142565,-0.36951223,0.05806555
20.980000,0,RL_2,0.51071388,-0.00296137,0.05857772
20.980000,0,RR_2,0.54009503,-0.43318427,0.05829812
21.000000,0,FL_2,0.96657187,0.00639057,0.05879252
21.000000,0,FR_2,0.97142577,-0.36951223,0.05806557
21.000000,0,RL_2,0.51071399,-0.00296136,0.05857773
21.000000,0,RR_2,0.54009521,-0.43318442,0.05829813
21.020000,0,FL_2,0.96657175,0.00639062,0.05879260
21.020000,0,FR_2,0.97142565,-0.36951208,0.05806549
21.020000,0,RL_2,0.51071399,-0.00296127,0.05857771
21.020000,0,RR_2,0.54009521,-0.43318433,0.05829806
21.040000,0,FL_2,0.96657151,0.00639055,0.05879244
21.040000,0,FR_2,0.97142541,-0.36951226,0.05806568
21.040000,0,RL_2,0.51071382,-0.00296138,0.05857771
21.040000,0,RR_2,0.54009515,-0.43318427,0.05829820
21.060000,0,FL_2,0.96657175,0.00639054,0.05879249
21.060000,0,FR_2,0.97142589,-0.36951217,0.05806571
21.060000,0,RL_2,0.51071376,-0.00296133,0.05857770
21.060000,0,RR_2,0.54009527,-0.43318439,0.05829821
21.080000,0,FL_2,0.96657193,0.00639058,0.05879244
21.080000,0,FR_2,0.97142565,-0.36951217,0.05806563
21.080000,0,RL_2,0.51071376,-0.00296134,0.05857773
21.080000,0,RR_2,0.54009521,-0.43318427,0.05829823
21.100000,0,FL_2,0.96657151,0.00639059,0.05879253
21.100000,0,FR_2,0.97142565,-0.36951205,0.05806546
21.100000,0,RL_2,0.51071393,-0.00296139,0.05857764
21.100000,0,RR_2,0.54009527,-0.43318433,0.05829804
21.120000,0,FL_2,0.96657145,0.00639053,0.05879253
21.120000,0,FR_2,0.97142589,-0.36951217,0.05806572
21.120000,0,RL_2,0.51071388,-0.00296135,0.05857778
21.120000,0,RR_2,0.54009533,-0.43318436,0.05829819
21.140000,0,FL_2,0.96657175,0.00639062,0.05879255
21.140000,0,FR_2,0.97142565,-0.36951220,0.05806557
21.140000,0,RL_2,0.51071393,-0.00296133,0.05857770
21.140000,0,RR_2,0.54009527,-0.43318439,0.05829815
21.160000,0,FL_2,0.96657175,0.00639051,0.05879259
21.160000,0,FR_2,0.97142565,-0.36951217,0.05806570
21.160000,0,RL_2,0.51071382,-0.00296140,0.05857786
21.160000,0,RR_2,0.54009521,-0.43318436,0.05829823
21.180000,0,FL_2,0.96657175,0.00639058,0.05879245
21.180000,0,FR_2,0.97142541,-0.36951214,0.05806554
21.180000,0,RL_2,0.51071376,-0.00296139,0.05857769
21.180000,0,RR_2,0.54009527,-0.43318436,0.05829812
21.200000,0,FL_2,0.96657157,0.00639041,0.05879256
21.200000,0,FR_2,0.97142577,-0.36951226,0.05806562
21.200000,0,RL_2,0.51071393,-0.00296130,0.05857775
21.200000,0,RR_2,0.54009521,-0.43318433,0.05829811
21.220000,0,FL_2,0.96657175,0.00639060,0.05879258
21.220000,0,FR_2,0.97142589,-0.36951214,0.05806560
21.220000,0,RL_2,0.51071393,-0.00296135,0.05857773
21.220000,0,RR_2,0.54009527,-0.43318442,0.05829828
21.240000,0,FL_2,0.96657175,0.00639058,0.05879263
21.240000,0,FR_2,0.97142565,-0.36951214,0.05806560
21.240000,0,RL_2,0.51071411,-0.00296133,0.05857772
21.240000,0,RR_2,0.54009533,-0.43318427,0.05829810
21.260000,0,FL_2,0.96657175,0.00639061,0.05879256
21.260000,0,FR_2,0.97142565,-0.36951217,0.05806560
21.260000,0,RL_2,0.51071388,-0.00296133,0.05857775
21.260000,0,RR_2,0.54009539,-0.43318430,0.05829825
21.280000,0,FL_2,0.96657187,0.00639059,0.05879249
21.280000,0,FR_2,0.97142589,-0.36951214,0.05806563
21.280000,0,RL_2,0.51071393,-0.00296136,0.05857768
21.280000,0,RR_2,0.54009533,-0.43318430,0.05829826
21.300000,0,FL_2,0.96657175,0.00639059,0.05879255
21.300000,0,FR_2,0.97142565,-0.36951217,0.05806560
21.300000,0,RL_2,0.51071399,-0.00296139,0.05857762
21.300000,0,RR_2,0.54009521,-0.43318433,0.05829823
21.320000,0,FL_2,0.96657187,0.00639061,0.05879261
21.320000,0,FR_2,0.97142565,-0.36951220,0.05806556
21.320000,0,RL_2,0.51071388,-0.00296132,0.05857766
21.320000,0,RR_2,0.54009521,-0.43318442,0.05829811
21.340000,0,FL_2,0.96657175,0.00639056,0.05879248
21.340000,0,FR_2,0.97142565,-0.36951220,0.05806569
21.340000,0,RL_2,0.51071382,-0.00296131,0.05857779
21.340000,0,RR_2,0.54009527,-0.43318433,0.05829823
21.360000,0,FL_2,0.96657175,0.00639044,0.05879252
21.360000,0,FR_2,0.97142577,-0.36951208,0.05806567
21.360000,0,RL_2,0.51071388,-0.00296138,0.05857768
21.360000,0,RR_2,0.54009527,-0.43318427,0.05829822
21.380000,0,FL_2,0.96657175,0.00639056,0.05879242
21.380000,0,FR_2,0.97142553,-0.36951220,0.05806556
21.380000,0,RL_2,0.51071405,-0.00296129,0.05857769
21.380000,0,RR_2,0.54009509,-0.43318430,0.05829827
21.400000,0,FL_2,0.96657187,0.00639062,0.05879246
21.400000,0,FR_2,0.97142541,-0.36951214,0.05806566
21.400000,0,RL_2,0.51071382,-0.00296111,0.05857782
21.400000,0,RR_2,0.54009509,-0.43318424,0.05829808
21.420000,0,FL_2,0.96657169,0.00639051,0.05879251
21.420000,0,FR_2,0.97142565,-0.36951220,0.05806556
21.420000,0,RL_2,0.51071376,-0.00296135,0.05857776
21.420000,0,RR_2,0.54009527,-0.43318436,0.05829827
21.440000,0,FL_2,0.96657163,0.00639060,0.05879250
21.440000,0,FR_2,0.97142565,-0.36951214,0.05806557
21.440000,0,RL_2,0.51071376,-0.00296135,0.05857773
21.440000,0,RR_2,0.54009521,-0.43318433,0.05829823
21.460000,0,FL_2,0.96657151,0.00639052,0.05879252
21.460000,0,FR_2,0.97142541,-0.36951220,0.05806566
21.460000,0,RL_2,0.51071382,-0.00296137,0.05857776
21.460000,0,RR_2,0.54009527,-0.43318433,0.05829829
21.480000,0,FL_2,0.96657175,0.00639054,0.05879258
21.480000,0,FR_2,0.97142589,-0.36951211,0.05806557
21.480000,0,RL_2,0.51071376,-0.00296135,0.05857787
21.480000,0,RR_2,0.54009521,-0.43318436,0.05829830
21.500000,0,FL_2,0.96657169,0.00639064,0.05879245
21.500000,0,FR_2,0.97142577,-0.36951214,0.05806560
21.500000,0,RL_2,0.51071388,-0.00296128,0.05857776
21.500000,0,RR_2,0.54009515,-0.43318430,0.05829817
21.520000,0,FL_2,0.96657175,0.00639074,0.05879249
21.520000,0,FR_2,0.97142535,-0.36951220,0.05806558
21.520000,0,RL_2,0.51071388,-0.00296123,0.05857768
21.520000,0,RR_2,0.54009515,-0.43318430,0.05829815
21.540000,0,FL_2,0.96657175,0.00639060,0.05879251
21.540000,0,FR_2,0.97142577,-0.36951229,0.05806554
21.540000,0,RL_2,0.51071388,-0.00296140,0.05857769
21.540000,0,RR_2,0.54009527,-0.43318433,0.05829804
21.560000,0,FL_2,0.96657151,0.00639061,0.05879248
21.560000,0,FR_2,0.97142565,-0.36951226,0.05806548
21.560000,0,RL_2,0.51071364,-0.00296125,0.05857761
21.560000,0,RR_2,0.54009515,-0.43318433,0.05829819
21.580000,0,FL_2,0.96657151,0.00639065,0.05879252
21.580000,0,FR_2,0.97142565,-0.36951211,0.05806558
21.580000,0,RL_2,0.51071376,-0.00296136,0.05857761
21.580000,0,RR_2,0.54009509,-0.43318424,0.05829815
21.600000,0,FL_2,0.96657175,0.00639063,0.05879244
21.600000,0,FR_2,0.97142565,-0.36951208,0.05806562
21.600000,0,RL_2,0.51071382,-0.00296121,0.05857772
21.600000,0,RR_2,0.54009509,-0.43318427,0.05829808
21.620000,0,FL_2,0.96657175,0.00639059,0.05879260
21.620000,0,FR_2,0.97142559,-0.36951232,0.05806569
21.620000,0,RL_2,0.51071399,-0.00296126,0.05857778
21.620000,0,RR_2,0.54009533,-0.43318415,0.05829803
21.640000,0,FL_2,0.96657175,0.00639065,0.05879257
21.640000,0,FR_2,0.97142577,-0.36951217,0.05806562
21.640000,0,RL_2,0.51071382,-0.00296133,0.05857765
21.640000,0,RR_2,0.54009515,-0.43318444,0.05829823
21.660000,0,FL_2,0.96657187,0.00639056,0.05879240
21.660000,0,FR_2,0.97142553,-0.36951220,0.05806571
21.660000,0,RL_2,0.51071393,-0.00296129,0.05857767
21.660000,0,RR_2,0.54009515,-0.43318433,0.05829807
21.680000,0,FL_2,0.96657175,0.00639062,0.05879246
21.680000,0,FR_2,0.97142577,-0.36951217,0.05806550
21.680000,0,RL_2,0.51071393,-0.00296133,0.05857773
21.680000,0,RR_2,0.54009527,-0.43318430,0.05829813
21.700000,0,FL_2,0.96657187,0.00639061,0.05879243
21.700000,0,FR_2,0.97142577,-0.36951217,0.05806569
21.700000,0,RL_2,0.51071399,-0.00296132,0.05857773
21.700000,0,RR_2,0.54009533,-0.43318430,0.05829805
21.720000,0,FL_2,0.96657175,0.00639062,0.05879254
21.720000,0,FR_2,0.97142565,-0.36951220,0.05806562
21.720000,0,RL_2,0.51071393,-0.00296133,0.05857777
21.720000,0,RR_2,0.54009533,-0.43318430,0.05829820
21.740000,0,FL_2,0.96657169,0.00639044,0.05879239
21.740000,0,FR_2,0.97142601,-0.36951220,0.05806550
21.740000,0,RL_2,0.51071393,-0.00296122,0.05857771
21.740000,0,RR_2,0.54009545,-0.43318433,0.05829805
21.760000,0,FL_2,0.96657181,0.00639052,0.05879242
21.760000,0,FR_2,0.97142583,-0.36951226,0.05806560
21.760000,0,RL_2,0.51071388,-0.00296139,0.05857779
21.760000,0,RR_2,0.54009533,-0.43318430,0.05829816
21.780000,0,FL_2,0.96657169,0.00639059,0.05879245
21.780000,0,FR_2,0.97142559,-0.36951226,0.05806557
21.780000,0,RL_2,0.51071382,-0.00296141,0.05857768
21.780000,0,RR_2,0.54009521,-0.43318447,0.05829824
21.800000,0,FL_2,0.96657175,0.00639055,0.05879253
21.800000,0,FR_2,0.97142559,-0.36951226,0.05806540
21.800000,0,RL_2,0.51071393,-0.00296141,0.05857752
21.800000,0,RR_2,0.54009509,-0.43318450,0.05829800
21.820000,0,FL_2,0.96657181,0.00639049,0.05879243
21.820000,0,FR_2,0.97142529,-0.36951229,0.05806575
21.820000,0,RL_2,0.51071382,-0.00296140,0.05857795
21.820000,0,RR_2,0.54009521,-0.43318444,0.05829825
21.840000,0,FL_2,0.96657175,0.00639048,0.05879252
21.840000,0,FR_2,0.97142583,-0.36951214,0.05806572
21.840000,0,RL_2,0.51071382,-0.00296138,0.05857773
21.840000,0,RR_2,0.54009497,-0.43318444,0.05829823
21.860000,0,FL_2,0.96657169,0.00639055,0.05879235
21.860000,0,FR_2,0.97142571,-0.36951217,0.05806553
21.860000,0,RL_2,0.51071405,-0.00296134,0.05857768
21.860000,0,RR_2,0.54009539,-0.43318430,0.05829800
21.880000,0,FL_2,0.96657169,0.00639059,0.05879244
21.880000,0,FR_2,0.97142571,-0.36951211,0.05806554
21.880000,0,RL_2,0.51071388,-0.00296134,0.05857773
21.880000,0,RR_2,0.54009521,-0.43318436,0.05829807
21.900000,0,FL_2,0.96657157,0.00639066,0.05879242
21.900000,0,FR_2,0.97142571,-0.36951220,0.05806557
21.900000,0,RL_2,0.51071393,-0.00296136,0.05857772
21.900000,0,RR_2,0.54009515,-0.43318436,0.05829818
21.920000,0,FL_2,0.96657181,0.00639051,0.05879249
21.920000,0,FR_2,0.97142559,-0.36951220,0.05806561
21.920000,0,RL_2,0.51071393,-0.00296137,0.05857766
21.920000,0,RR_2,0.54009527,-0.43318430,0.05829813
21.940000,0,FL_2,0.96657175,0.00639068,0.05879264
21.940000,0,FR_2,0.97142571,-0.36951217,0.05806567
21.940000,0,RL_2,0.51071376,-0.00296132,0.05857778
21.940000,0,RR_2,0.54009509,-0.43318436,0.05829822
21.960000,0,FL_2,0.96657181,0.00639059,0.05879255
21.960000,0,FR_2,0.97142625,-0.36951214,0.05806557
21.960000,0,RL_2,0.51071411,-0.00296140,0.05857772
21.960000,0,RR_2,0.54009545,-0.43318427,0.05829816
21.980000,0,FL_2,0.96657193,0.00639059,0.05879246
21.980000,0,FR_2,0.97142559,-0.36951226,0.05806554
21.980000,0,RL_2,0.51071388,-0.00296131,0.05857768
21.980000,0,RR_2,0.54009521,-0.43318433,0.05829817
22.000000,0,FL_2,0.96657169,0.00639043,0.05879258
22.000000,0,FR_2,0.97142577,-0.36951223,0.05806571
22.000000,0,RL_2,0.51071376,-0.00296135,0.05857768
22.000000,0,RR_2,0.54009527,-0.43318433,0.05829811
22.020000,0,FL_2,0.96657169,0.00639056,0.05879239
22.020000,0,FR_2,0.97142571,-0.36951226,0.05806569
22.020000,0,RL_2,0.51071388,-0.00296134,0.05857764
22.020000,0,RR_2,0.54009521,-0.43318436,0.05829818
22.040000,0,FL_2,0.96657187,0.00639062,0.05879252
22.040000,0,FR_2,0.97142589,-0.36951223,0.05806549
22.040000,0,RL_2,0.51071388,-0.00296135,0.05857774
22.040000,0,RR_2,0.54009545,-0.43318427,0.05829816
22.060000,0,FL_2,0.96657181,0.00639052,0.05879243
22.060000,0,FR_2,0.97142583,-0.36951220,0.05806568
22.060000,0,RL_2,0.51071382,-0.00296131,0.05857774
22.060000,0,RR_2,0.54009539,-0.43318433,0.05829821
22.080000,0,FL_2,0.96657169,0.00639062,0.05879249
22.080000,0,FR_2,0.97142547,-0.36951211,0.05806565
22.080000,0,RL_2,0.51071382,-0.00296123,0.05857767
22.080000,0,RR_2,0.54009527,-0.43318433,0.05829819
22.100000,0,FL_2,0.96657199,0.00639052,0.05879252
22.100000,0,FR_2,0.97142559,-0.36951229,0.05806560
22.100000,0,RL_2,0.51071393,-0.00296134,0.05857773
22.100000,0,RR_2,0.54009515,-0.43318427,0.05829823
22.120000,0,FL_2,0.96657187,0.00639073,0.05879259
22.120000,0,FR_2,0.97142577,-0.36951214,0.05806565
22.120000,0,RL_2,0.51071370,-0.00296132,0.05857756
22.120000,0,RR_2,0.54009515,-0.43318424,0.05829792
22.140000,0,FL_2,0.96657199,0.00639053,0.05879254
22.140000,0,FR_2,0.97142571,-0.36951226,0.05806561
22.140000,0,RL_2,0.51071388,-0.00296132,0.05857772
22.140000,0,RR_2,0.54009515,-0.43318433,0.05829824
22.160000,0,FL_2,0.96657181,0.00639060,0.05879252
22.160000,0,FR_2,0.97142577,-0.36951220,0.05806570
22.160000,0,RL_2,0.51071405,-0.00296130,0.05857781
22.160000,0,RR_2,0.54009533,-0.43318444,0.05829824
22.180000,0,FL_2,0.96657169,0.00639055,0.05879250
22.180000,0,FR_2,0.97142559,-0.36951223,0.05806560
22.180000,0,RL_2,0.51071370,-0.00296137,0.05857776
22.180000,0,RR_2,0.54009515,-0.43318436,0.05829823
22.200000,0,FL_2,0.96657169,0.00639066,0.05879259
22.200000,0,FR_2,0.97142559,-0.36951211,0.05806571
22.200000,0,RL_2,0.51071393,-0.00296128,0.05857776
22.200000,0,RR_2,0.54009533,-0.43318439,0.05829811
22.220000,0,FL_2,0.96657181,0.00639059,0.05879251
22.220000,0,FR_2,0.97142571,-0.36951211,0.05806559
22.220000,0,RL_2,0.51071405,-0.00296136,0.05857766
22.220000,0,RR_2,0.54009539,-0.43318433,0.05829805
22.240000,0,FL_2,0.96657169,0.00639058,0.05879239
22.240000,0,FR_2,0.97142559,-0.36951214,0.05806558
22.240000,0,RL_2,0.51071399,-0.00296149,0.05857769
22.240000,0,RR_2,0.54009503,-0.43318436,0.05829826
22.260000,0,FL_2,0.96657175,0.00639065,0.05879244
22.260000,0,FR_2,0.97142583,-0.36951211,0.05806558
22.260000,0,RL_2,0.51071405,-0.00296138,0.05857767
22.260000,0,RR_2,0.54009533,-0.43318436,0.05829804
22.280000,0,FL_2,0.96657181,0.00639053,0.05879248
22.280000,0,FR_2,0.97142571,-0.36951220,0.05806556
22.280000,0,RL_2,0.51071388,-0.00296129,0.05857767
22.280000,0,RR_2,0.54009521,-0.43318439,0.05829809
22.300000,0,FL_2,0.96657169,0.00639063,0.05879262
22.300000,0,FR_2,0.97142559,-0.36951226,0.05806549
22.300000,0,RL_2,0.51071393,-0.00296125,0.05857773
22.300000,0,RR_2,0.54009533,-0.43318436,0.05829812
22.320000,0,FL_2,0.96657169,0.00639045,0.05879248
22.320000,0,FR_2,0.97142559,-0.36951220,0.05806563
22.320000,0,RL_2,0.51071388,-0.00296136,0.05857756
22.320000,0,RR_2,0.54009521,-0.43318433,0.05829813
22.340000,0,FL_2,0.96657175,0.00639050,0.05879262
22.340000,0,FR_2,0.97142571,-0.36951220,0.05806571
22.340000,0,RL_2,0.51071388,-0.00296140,0.05857756
22.340000,0,RR_2,0.54009521,-0.43318439,0.05829815
22.360000,0,FL_2,0.96657169,0.00639060,0.05879257
22.360000,0,FR_2,0.97142571,-0.36951217,0.05806558
22.360000,0,RL_2,0.51071399,-0.00296135,0.05857776
22.360000,0,RR_2,0.54009533,-0.43318439,0.05829810
22.380000,0,FL_2,0.96657169,0.00639048,0.05879248
22.380000,0,FR_2,0.97142559,-0.36951220,0.05806563
22.380000,0,RL_2,0.51071399,-0.00296129,0.05857780
22.380000,0,RR_2,0.54009521,-0.43318439,0.05829820
22.400000,0,FL_2,0.96657169,0.00639058,0.05879254
22.400000,0,FR_2,0.97142571,-0.36951226,0.05806550
22.400000,0,RL_2,0.51071382,-0.00296133,0.05857768
22.400000,0,RR_2,0.54009521,-0.43318430,0.05829817
22.420000,0,FL_2,0.96657169,0.00639065,0.05879243
22.420000,0,FR_2,0.97142589,-0.36951223,0.05806556
22.420000,0,RL_2,0.51071388,-0.00296129,0.05857769
22.420000,0,RR_2,0.54009521,-0.43318427,0.05829820
22.440000,0,FL_2,0.96657169,0.00639068,0.05879259
22.440000,0,FR_2,0.97142565,-0.36951208,0.05806562
22.440000,0,RL_2,0.51071393,-0.00296122,0.05857772
22.440000,0,RR_2,0.54009533,-0.43318430,0.05829827
22.460000,0,FL_2,0.96657193,0.00639053,0.05879243
22.460000,0,FR_2,0.97142589,-0.36951223,0.05806565
22.460000,0,RL_2,0.51071411,-0.00296141,0.05857770
22.460000,0,RR_2,0.54009539,-0.43318427,0.05829807
22.480000,0,FL_2,0.96657169,0.00639058,0.05879259
22.480000,0,FR_2,0.97142559,-0.36951226,0.05806562
22.480000,0,RL_2,0.51071399,-0.00296139,0.05857769
22.480000,0,RR_2,0.54009521,-0.43318436,0.05829829
22.500000,0,FL_2,0.96657175,0.00639055,0.05879262
22.500000,0,FR_2,0.97142565,-0.36951214,0.05806557
22.500000,0,RL_2,0.51071382,-0.00296125,0.05857769
22.500000,0,RR_2,0.54009521,-0.43318421,0.05829807
22.520000,0,FL_2,0.96657169,0.00639056,0.05879245
22.520000,0,FR_2,0.97142565,-0.36951229,0.05806554
22.520000,0,RL_2,0.51071388,-0.00296134,0.05857778
22.520000,0,RR_2,0.54009521,-0.43318436,0.05829823
22.540000,0,FL_2,0.96657187,0.00639056,0.05879250
22.540000,0,FR_2,0.97142565,-0.36951217,0.05806572
22.540000,0,RL_2,0.51071393,-0.00296130,0.05857777
22.540000,0,RR_2,0.54009515,-0.43318430,0.05829825
22.560000,0,FL_2,0.96657175,0.00639061,0.05879262
22.560000,0,FR_2,0.97142577,-0.36951208,0.05806555
22.560000,0,RL_2,0.51071388,-0.00296120,0.05857771
22.560000,0,RR_2,0.54009515,-0.43318427,0.05829821
22.580000,0,FL_2,0.96657175,0.00639060,0.05879261
22.580000,0,FR_2,0.97142553,-0.36951214,0.05806571
22.580000,0,RL_2,0.51071382,-0.00296125,0.05857781
22.580000,0,RR_2,0.54009509,-0.43318427,0.05829810
22.600000,0,FL_2,0.96657163,0.00639061,0.05879244
22.600000,0,FR_2,0.97142553,-0.36951214,0.05806551
22.600000,0,RL_2,0.51071376,-0.00296125,0.05857746
22.600000,0,RR_2,0.54009515,-0.43318427,0.05829810
22.620000,0,FL_2,0.96657169,0.00639055,0.05879253
22.620000,0,FR_2,0.97142565,-0.36951214,0.05806554
22.620000,0,RL_2,0.51071388,-0.00296137,0.05857783
22.620000,0,RR_2,0.54009533,-0.43318430,0.05829823
22.640000,0,FL_2,0.96657163,0.00639063,0.05879251
22.640000,0,FR_2,0.97142565,-0.36951220,0.05806572
22.640000,0,RL_2,0.51071370,-0.00296137,0.05857774
22.640000,0,RR_2,0.54009521,-0.43318433,0.05829828
22.660000,0,FL_2,0.96657151,0.00639054,0.05879251
22.660000,0,FR_2,0.97142565,-0.36951214,0.05806563
22.660000,0,RL_2,0.51071358,-0.00296147,0.05857781
22.660000,0,RR_2,0.54009533,-0.43318433,0.05829832
22.680000,0,FL_2,0.96657175,0.00639055,0.05879268
22.680000,0,FR_2,0.97142565,-0.36951217,0.05806563
22.680000,0,RL_2,0.51071393,-0.00296124,0.05857763
22.680000,0,RR_2,0.54009527,-0.43318430,0.05829795
22.700000,0,FL_2,0.96657163,0.00639055,0.05879250
22.700000,0,FR_2,0.97142565,-0.36951217,0.05806560
22.700000,0,RL_2,0.51071376,-0.00296146,0.05857781
22.700000,0,RR_2,0.54009515,-0.43318442,0.05829823
22.720000,0,FL_2,0.96657163,0.00639060,0.05879264
22.720000,0,FR_2,0.97142577,-0.36951217,0.05806550
22.720000,0,RL_2,0.51071382,-0.00296140,0.05857773
22.720000,0,RR_2,0.54009533,-0.43318436,0.05829808
22.740000,0,FL_2,0.96657175,0.00639054,0.05879244
22.740000,0,FR_2,0.97142565,-0.36951223,0.05806553
22.740000,0,RL_2,0.51071388,-0.00296117,0.05857780
22.740000,0,RR_2,0.54009533,-0.43318430,0.05829808
22.760000,0,FL_2,0.96657187,0.00639063,0.05879248
22.760000,0,FR_2,0.97142589,-0.36951217,0.05806550
22.760000,0,RL_2,0.51071399,-0.00296131,0.05857767
22.760000,0,RR_2,0.54009515,-0.43318427,0.05829808
22.780000,0,FL_2,0.96657175,0.00639055,0.05879265
22.780000,0,FR_2,0.97142541,-0.36951214,0.05806576
22.780000,0,RL_2,0.51071382,-0.00296133,0.05857767
22.780000,0,RR_2,0.54009521,-0.43318424,0.05829803
22.800000,0,FL_2,0.96657175,0.00639055,0.05879258
22.800000,0,FR_2,0.97142589,-0.36951220,0.05806569
22.800000,0,RL_2,0.51071423,-0.00296134,0.05857775
22.800000,0,RR_2,0.54009527,-0.43318442,0.05829822
22.820000,0,FL_2,0.96657151,0.00639062,0.05879252
22.820000,0,FR_2,0.97142541,-0.36951217,0.05806552
22.820000,0,RL_2,0.51071393,-0.00296131,0.05857770
22.820000,0,RR_2,0.54009521,-0.43318442,0.05829810
22.840000,0,FL_2,0.96657175,0.00639047,0.05879257
22.840000,0,FR_2,0.97142535,-0.36951229,0.05806552
22.840000,0,RL_2,0.51071382,-0.00296133,0.05857773
22.840000,0,RR_2,0.54009509,-0.43318433,0.05829813
22.860000,0,FL_2,0.96657175,0.00639050,0.05879249
22.860000,0,FR_2,0.97142565,-0.36951232,0.05806562
22.860000,0,RL_2,0.51071382,-0.00296128,0.05857763
22.860000,0,RR_2,0.54009515,-0.43318427,0.05829819
22.880000,0,FL_2,0.96657175,0.00639057,0.05879253
22.880000,0,FR_2,0.97142565,-0.36951211,0.05806555
22.880000,0,RL_2,0.51071399,-0.00296141,0.05857772
22.880000,0,RR_2,0.54009527,-0.43318442,0.05829819
22.900000,0,FL_2,0.96657175,0.00639059,0.05879264
22.900000,0,FR_2,0.97142541,-0.36951211,0.05806562
22.900000,0,RL_2,0.51071370,-0.00296138,0.05857768
22.900000,0,RR_2,0.54009533,-0.43318424,0.05829807
22.920000,0,FL_2,0.96657163,0.00639058,0.05879246
22.920000,0,FR_2,0.97142553,-0.36951235,0.05806557
22.920000,0,RL_2,0.51071364,-0.00296135,0.05857777
22.920000,0,RR_2,0.54009521,-0.43318436,0.05829823
22.940000,0,FL_2,0.96657163,0.00639061,0.05879243
22.940000,0,FR_2,0.97142565,-0.36951220,0.05806556
22.940000,0,RL_2,0.51071399,-0.00296143,0.05857775
22.940000,0,RR_2,0.54009527,-0.43318430,0.05829818
22.960000,0,FL_2,0.96657187,0.00639066,0.05879243
22.960000,0,FR_2,0.97142577,-0.36951214,0.05806552
22.960000,0,RL_2,0.51071399,-0.00296131,0.05857776
22.960000,0,RR_2,0.54009533,-0.43318436,0.05829820
22.980000,0,FL_2,0.96657187,0.00639063,0.05879249
22.980000,0,FR_2,0.97142577,-0.36951211,0.05806568
22.980000,0,RL_2,0.51071376,-0.00296140,0.05857772
22.980000,0,RR_2,0.54009521,-0.43318433,0.05829825
23.000000,0,FL_2,0.96657145,0.00639062,0.05879250
23.000000,0,FR_2,0.97142541,-0.36951220,0.05806555
23.000000,0,RL_2,0.51071388,-0.00296131,0.05857766
23.000000,0,RR_2,0.54009527,-0.43318424,0.05829812
23.020000,0,FL_2,0.96657175,0.00639066,0.05879249
23.020000,0,FR_2,0.97142595,-0.36951226,0.05806556
23.020000,0,RL_2,0.51071393,-0.00296134,0.05857769
23.020000,0,RR_2,0.54009527,-0.43318427,0.05829816
23.040000,0,FL_2,0.96657175,0.00639063,0.05879242
23.040000,0,FR_2,0.97142577,-0.36951220,0.05806544
23.040000,0,RL_2,0.51071364,-0.00296135,0.05857769
23.040000,0,RR_2,0.54009515,-0.43318430,0.05829816
23.060000,0,FL_2,0.96657175,0.00639059,0.05879263
23.060000,0,FR_2,0.97142541,-0.36951217,0.05806567
23.060000,0,RL_2,0.51071399,-0.00296115,0.05857776
23.060000,0,RR_2,0.54009515,-0.43318418,0.05829811
23.080000,0,FL_2,0.96657145,0.00639054,0.05879252
23.080000,0,FR_2,0.97142595,-0.36951220,0.05806545
23.080000,0,RL_2,0.51071370,-0.00296136,0.05857769
23.080000,0,RR_2,0.54009521,-0.43318430,0.05829826
23.100000,0,FL_2,0.96657187,0.00639050,0.05879240
23.100000,0,FR_2,0.97142553,-0.36951220,0.05806565
23.100000,0,RL_2,0.51071388,-0.00296134,0.05857768
23.100000,0,RR_2,0.54009527,-0.43318427,0.05829823
23.120000,0,FL_2,0.96657175,0.00639061,0.05879251
23.120000,0,FR_2,0.97142577,-0.36951208,0.05806564
23.120000,0,RL_2,0.51071405,-0.00296130,0.05857766
23.120000,0,RR_2,0.54009509,-0.43318442,0.05829823
23.140000,0,FL_2,0.96657151,0.00639057,0.05879241
23.140000,0,FR_2,0.97142541,-0.36951229,0.05806576
23.140000,0,RL_2,0.51071382,-0.00296128,0.05857779
23.140000,0,RR_2,0.54009515,-0.43318418,0.05829827
23.160000,0,FL_2,0.96657175,0.00639051,0.05879251
23.160000,0,FR_2,0.97142541,-0.36951226,0.05806559
23.160000,0,RL_2,0.51071376,-0.00296130,0.05857764
23.160000,0,RR_2,0.54009527,-0.43318436,0.05829807
23.180000,0,FL_2,0.96657175,0.00639055,0.05879255
23.180000,0,FR_2,0.97142565,-0.36951223,0.05806572
23.180000,0,RL_2,0.51071358,-0.00296133,0.05857768
23.180000,0,RR_2,0.54009503,-0.43318421,0.05829822
23.200000,0,FL_2,0.96657151,0.00639066,0.05879257
23.200000,0,FR_2,0.97142565,-0.36951205,0.05806567
23.200000,0,RL_2,0.51071388,-0.00296136,0.05857766
23.200000,0,RR_2,0.54009515,-0.43318430,0.05829811
23.220000,0,FL_2,0.96657175,0.00639052,0.05879250
23.220000,0,FR_2,0.97142589,-0.36951226,0.05806571
23.220000,0,RL_2,0.51071393,-0.00296133,0.05857771
23.220000,0,RR_2,0.54009533,-0.43318430,0.05829808
23.240000,0,FL_2,0.96657163,0.00639063,0.05879254
23.240000,0,FR_2,0.97142565,-0.36951214,0.05806550
23.240000,0,RL_2,0.51071393,-0.00296131,0.05857765
23.240000,0,RR_2,0.54009515,-0.43318421,0.05829814
23.260000,0,FL_2,0.96657199,0.00639066,0.05879248
23.260000,0,FR_2,0.97142589,-0.36951214,0.05806559
23.260000,0,RL_2,0.51071382,-0.00296121,0.05857769
23.260000,0,RR_2,0.54009527,-0.43318430,0.05829816
23.280000,0,FL_2,0.96657163,0.00639065,0.05879254
23.280000,0,FR_2,0.97142565,-0.36951226,0.05806553
23.280000,0,RL_2,0.51071376,-0.00296130,0.05857757
23.280000,0,RR_2,0.54009509,-0.43318427,0.05829791
23.300000,0,FL_2,0.96657157,0.00639055,0.05879246
23.300000,0,FR_2,0.97142589,-0.36951217,0.05806556
23.300000,0,RL_2,0.51071388,-0.00296130,0.05857781
23.300000,0,RR_2,0.54009527,-0.43318430,0.05829819
23.320000,0,FL_2,0.96657199,0.00639065,0.05879245
23.320000,0,FR_2,0.97142565,-0.36951214,0.05806559
23.320000,0,RL_2,0.51071393,-0.00296129,0.05857776
23.320000,0,RR_2,0.54009527,-0.43318427,0.05829814
23.340000,0,FL_2,0.96657151,0.00639072,0.05879256
23.340000,0,FR_2,0.97142541,-0.36951211,0.05806554
23.340000,0,RL_2,0.51071393,-0.00296131,0.05857759
23.340000,0,RR_2,0.54009521,-0.43318436,0.05829819
23.360000,0,FL_2,0.96657175,0.00639059,0.05879253
23.360000,0,FR_2,0.97142565,-0.36951217,0.05806566
23.360000,0,RL_2,0.51071382,-0.00296130,0.05857781
23.360000,0,RR_2,0.54009527,-0.43318424,0.05829811
23.380000,0,FL_2,0.96657175,0.00639056,0.05879269
23.380000,0,FR_2,0.97142571,-0.36951214,0.05806563
23.380000,0,RL_2,0.51071382,-0.00296130,0.05857758
23.380000,0,RR_2,0.54009533,-0.43318424,0.05829797
23.400000,0,FL_2,0.96657151,0.00639045,0.05879241
23.400000,0,FR_2,0.97142577,-0.36951226,0.05806571
23.400000,0,RL_2,0.51071388,-0.00296121,0.05857766
23.400000,0,RR_2,0.54009521,-0.43318433,0.05829816
23.420000,0,FL_2,0.96657163,0.00639065,0.05879248
23.420000,0,FR_2,0.97142565,-0.36951220,0.05806547
23.420000,0,RL_2,0.51071388,-0.00296143,0.05857770
23.420000,0,RR_2,0.54009527,-0.43318433,0.05829808
23.440000,0,FL_2,0.96657163,0.00639056,0.05879261
23.440000,0,FR_2,0.97142535,-0.36951214,0.05806574
23.440000,0,RL_2,0.51071376,-0.00296131,0.05857760
23.440000,0,RR_2,0.54009521,-0.43318436,0.05829821
23.460000,0,FL_2,0.96657199,0.00639055,0.05879244
23.460000,0,FR_2,0.97142565,-0.36951226,0.05806540
23.460000,0,RL_2,0.51071382,-0.00296134,0.05857773
23.460000,0,RR_2,0.54009503,-0.43318418,0.05829803
23.480000,0,FL_2,0.96657151,0.00639046,0.05879249
23.480000,0,FR_2,0.97142565,-0.36951211,0.05806556
23.480000,0,RL_2,0.51071382,-0.00296143,0.05857767
23.480000,0,RR_2,0.54009521,-0.43318436,0.05829825
23.500000,0,FL_2,0.96657175,0.00639050,0.05879260
23.500000,0,FR_2,0.97142541,-0.36951226,0.05806565
23.500000,0,RL_2,0.51071376,-0.00296134,0.05857785
23.500000,0,RR_2,0.54009509,-0.43318424,0.05829811
23.520000,0,FL_2,0.96657163,0.00639065,0.05879252
23.520000,0,FR_2,0.97142589,-0.36951217,0.05806560
23.520000,0,RL_2,0.51071393,-0.00296126,0.05857772
23.520000,0,RR_2,0.54009521,-0.43318433,0.05829803
23.540000,0,FL_2,0.96657175,0.00639055,0.05879251
23.540000,0,FR_2,0.97142577,-0.36951211,0.05806552
23.540000,0,RL_2,0.51071399,-0.00296132,0.05857768
23.540000,0,RR_2,0.54009509,-0.43318436,0.05829808
23.560000,0,FL_2,0.96657175,0.00639056,0.05879258
23.560000,0,FR_2,0.97142565,-0.36951217,0.05806560
23.560000,0,RL_2,0.51071393,-0.00296140,0.05857776
23.560000,0,RR_2,0.54009509,-0.43318436,0.05829826
23.580000,0,FL_2,0.96657169,0.00639045,0.05879243
23.580000,0,FR_2,0.97142571,-0.36951229,0.05806552
23.580000,0,RL_2,0.51071393,-0.00296128,0.05857778
23.580000,0,RR_2,0.54009521,-0.43318439,0.05829820
23.600000,0,FL_2,0.96657157,0.00639044,0.05879245
23.600000,0,FR_2,0.97142577,-0.36951235,0.05806557
23.600000,0,RL_2,0.51071370,-0.00296134,0.05857777
23.600000,0,RR_2,0.54009521,-0.43318444,0.05829822
23.620000,0,FL_2,0.96657151,0.00639057,0.05879248
23.620000,0,FR_2,0.97142512,-0.36951229,0.05806552
23.620000,0,RL_2,0.51071370,-0.00296127,0.05857771
23.620000,0,RR_2,0.54009515,-0.43318421,0.05829813
23.640000,0,FL_2,0.96657151,0.00639050,0.05879232
23.640000,0,FR_2,0.97142535,-0.36951226,0.05806568
23.640000,0,RL_2,0.51071364,-0.00296138,0.05857772
23.640000,0,RR_2,0.54009509,-0.43318439,0.05829819
23.660000,0,FL_2,0.96657175,0.00639050,0.05879246
23.660000,0,FR_2,0.97142565,-0.36951226,0.05806571
23.660000,0,RL_2,0.51071376,-0.00296131,0.05857774
23.660000,0,RR_2,0.54009521,-0.43318444,0.05829820
23.680000,0,FL_2,0.96657175,0.00639046,0.05879249
23.680000,0,FR_2,0.97142577,-0.36951220,0.05806555
23.680000,0,RL_2,0.51071376,-0.00296137,0.05857779
23.680000,0,RR_2,0.54009515,-0.43318442,0.05829822
23.700000,0,FL_2,0.96657175,0.00639058,0.05879237
23.700000,0,FR_2,0.97142565,-0.36951226,0.05806565
23.700000,0,RL_2,0.51071382,-0.00296127,0.05857766
23.700000,0,RR_2,0.54009503,-0.43318436,0.05829830
23.720000,0,FL_2,0.96657175,0.00639055,0.05879243
23.720000,0,FR_2,0.97142565,-0.36951223,0.05806558
23.720000,0,RL_2,0.51071405,-0.00296134,0.05857765
23.720000,0,RR_2,0.54009515,-0.43318442,0.05829815
23.740000,0,FL_2,0.96657157,0.00639050,0.05879245
23.740000,0,FR_2,0.97142565,-0.36951217,0.05806557
23.740000,0,RL_2,0.51071376,-0.00296128,0.05857767
23.740000,0,RR_2,0.54009503,-0.43318433,0.05829821
23.760000,0,FL_2,0.96657175,0.00639055,0.05879248
23.760000,0,FR_2,0.97142565,-0.36951217,0.05806559
23.760000,0,RL_2,0.51071370,-0.00296137,0.05857770
23.760000,0,RR_2,0.54009527,-0.43318424,0.05829822
23.780000,0,FL_2,0.96657175,0.00639052,0.05879237
23.780000,0,FR_2,0.97142565,-0.36951217,0.05806552
23.780000,0,RL_2,0.51071388,-0.00296134,0.05857767
23.780000,0,RR_2,0.54009515,-0.43318430,0.05829822
23.800000,0,FL_2,0.96657169,0.00639048,0.05879247
23.800000,0,FR_2,0.97142565,-0.36951226,0.05806562
23.800000,0,RL_2,0.51071382,-0.00296123,0.05857779
23.800000,0,RR_2,0.54009515,-0.43318430,0.05829822
23.820000,0,FL_2,0.96657175,0.00639046,0.05879249
23.820000,0,FR_2,0.97142565,-0.36951217,0.05806571
23.820000,0,RL_2,0.51071399,-0.00296141,0.05857771
23.820000,0,RR_2,0.54009521,-0.43318439,0.05829824
23.840000,0,FL_2,0.96657175,0.00639064,0.05879239
23.840000,0,FR_2,0.97142565,-0.36951217,0.05806564
23.840000,0,RL_2,0.51071376,-0.00296135,0.05857759
23.840000,0,RR_2,0.54009509,-0.43318436,0.05829820
23.860000,0,FL_2,0.96657175,0.00639052,0.05879246
23.860000,0,FR_2,0.97142529,-0.36951223,0.05806561
23.860000,0,RL_2,0.51071382,-0.00296128,0.05857773
23.860000,0,RR_2,0.54009521,-0.43318430,0.05829819
23.880000,0,FL_2,0.96657187,0.00639062,0.05879250
23.880000,0,FR_2,0.97142577,-0.36951214,0.05806557
23.880000,0,RL_2,0.51071393,-0.00296141,0.05857769
23.880000,0,RR_2,0.54009533,-0.43318433,0.05829820
23.900000,0,FL_2,0.96657175,0.00639053,0.05879243
23.900000,0,FR_2,0.97142553,-0.36951232,0.05806556
23.900000,0,RL_2,0.51071382,-0.00296135,0.05857768
23.900000,0,RR_2,0.54009503,-0.43318430,0.05829822
23.920000,0,FL_2,0.96657175,0.00639055,0.05879252
23.920000,0,FR_2,0.97142565,-0.36951208,0.05806560
23.920000,0,RL_2,0.51071376,-0.00296134,0.05857766
23.920000,0,RR_2,0.54009527,-0.43318436,0.05829826
23.940000,0,FL_2,0.96657169,0.00639056,0.05879249
23.940000,0,FR_2,0.97142565,-0.36951223,0.05806563
23.940000,0,RL_2,0.51071382,-0.00296131,0.05857765
23.940000,0,RR_2,0.54009527,-0.43318412,0.05829820
23.960000,0,FL_2,0.96657169,0.00639048,0.05879238
23.960000,0,FR_2,0.97142565,-0.36951223,0.05806559
23.960000,0,RL_2,0.51071382,-0.00296135,0.05857763
23.960000,0,RR_2,0.54009509,-0.43318427,0.05829830
23.980000,0,FL_2,0.96657163,0.00639063,0.05879257
23.980000,0,FR_2,0.97142541,-0.36951217,0.05806554
23.980000,0,RL_2,0.51071382,-0.00296134,0.05857773
23.980000,0,RR_2,0.54009515,-0.43318430,0.05829812
24.000000,0,FL_2,0.96657187,0.00639062,0.05879248
24.000000,0,FR_2,0.97142565,-0.36951223,0.05806567
24.000000,0,RL_2,0.51071382,-0.00296124,0.05857776
24.000000,0,RR_2,0.54009527,-0.43318439,0.05829818
24.020000,0,FL_2,0.96657169,0.00639055,0.05879256
24.020000,0,FR_2,0.97142565,-0.36951220,0.05806568
24.020000,0,RL_2,0.51071364,-0.00296127,0.05857772
24.020000,0,RR_2,0.54009521,-0.43318430,0.05829832
24.040000,0,FL_2,0.96657187,0.00639068,0.05879258
24.040000,0,FR_2,0.97142595,-0.36951217,0.05806560
24.040000,0,RL_2,0.51071399,-0.00296124,0.05857766
24.040000,0,RR_2,0.54009509,-0.43318436,0.05829803
24.060000,0,FL_2,0.96657175,0.00639071,0.05879246
24.060000,0,FR_2,0.97142577,-0.36951223,0.05806562
24.060000,0,RL_2,0.51071393,-0.00296126,0.05857779
24.060000,0,RR_2,0.54009521,-0.43318421,0.05829814
24.080000,0,FL_2,0.96657175,0.00639062,0.05879252
24.080000,0,FR_2,0.97142541,-0.36951220,0.05806560
24.080000,0,RL_2,0.51071370,-0.00296134,0.05857774
24.080000,0,RR_2,0.54009509,-0.43318418,0.05829830
24.100000,0,FL_2,0.96657187,0.00639067,0.05879256
24.100000,0,FR_2,0.97142565,-0.36951220,0.05806572
24.100000,0,RL_2,0.51071417,-0.00296113,0.05857780
24.100000,0,RR_2,0.54009527,-0.43318424,0.05829815
24.120000,0,FL_2,0.96657175,0.00639061,0.05879233
24.120000,0,FR_2,0.97142541,-0.36951217,0.05806550
24.120000,0,RL_2,0.51071399,-0.00296128,0.05857772
24.120000,0,RR_2,0.54009521,-0.43318427,0.05829809
24.140000,0,FL_2,0.96657163,0.00639062,0.05879265
24.140000,0,FR_2,0.97142541,-0.36951220,0.05806548
24.140000,0,RL_2,0.51071388,-0.00296123,0.05857766
24.140000,0,RR_2,0.54009521,-0.43318424,0.05829789
24.160000,0,FL_2,0.96657163,0.00639058,0.05879263
24.160000,0,FR_2,0.97142565,-0.36951211,0.05806546
24.160000,0,RL_2,0.51071388,-0.00296123,0.05857771
24.160000,0,RR_2,0.54009515,-0.43318421,0.05829813
24.180000,0,FL_2,0.96657157,0.00639055,0.05879234
24.180000,0,FR_2,0.97142565,-0.36951220,0.05806552
24.180000,0,RL_2,0.51071370,-0.00296130,0.05857775
24.180000,0,RR_2,0.54009509,-0.43318427,0.05829827
24.200000,0,FL_2,0.96657187,0.00639060,0.05879257
24.200000,0,FR_2,0.97142553,-0.36951214,0.05806560
24.200000,0,RL_2,0.51071388,-0.00296124,0.05857782
24.200000,0,RR_2,0.54009521,-0.43318433,0.05829823
24.220000,0,FL_2,0.96657175,0.00639058,0.05879248
24.220000,0,FR_2,0.97142565,-0.36951220,0.05806555
24.220000,0,RL_2,0.51071358,-0.00296128,0.05857776
24.220000,0,RR_2,0.54009509,-0.43318424,0.05829812
24.240000,0,FL_2,0.96657175,0.00639063,0.05879255
24.240000,0,FR_2,0.97142553,-0.36951214,0.05806565
24.240000,0,RL_2,0.51071405,-0.00296128,0.05857768
24.240000,0,RR_2,0.54009521,-0.43318427,0.05829823
24.260000,0,FL_2,0.96657145,0.00639048,0.05879255
24.260000,0,FR_2,0.97142565,-0.36951229,0.05806547
24.260000,0,RL_2,0.51071382,-0.00296127,0.05857776
24.260000,0,RR_2,0.54009527,-0.43318436,0.05829807
24.280000,0,FL_2,0.96657193,0.00639059,0.05879244
24.280000,0,FR_2,0.97142589,-0.36951223,0.05806560
24.280000,0,RL_2,0.51071388,-0.00296134,0.05857769
24.280000,0,RR_2,0.54009533,-0.43318427,0.05829831
24.300000,0,FL_2,0.96657163,0.00639064,0.05879258
24.300000,0,FR_2,0.97142565,-0.36951214,0.05806557
24.300000,0,RL_2,0.51071393,-0.00296137,0.05857762
24.300000,0,RR_2,0.54009521,-0.43318427,0.05829815
24.320000,0,FL_2,0.96657151,0.00639056,0.05879257
24.320000,0,FR_2,0.97142565,-0.36951211,0.05806568
24.320000,0,RL_2,0.51071388,-0.00296133,0.05857776
24.320000,0,RR_2,0.54009539,-0.43318430,0.05829819
24.340000,0,FL_2,0.96657175,0.00639048,0.05879261
24.340000,0,FR_2,0.97142565,-0.36951217,0.05806564
24.340000,0,RL_2,0.51071388,-0.00296129,0.05857767
24.340000,0,RR_2,0.54009515,-0.43318430,0.05829815
24.360000,0,FL_2,0.96657151,0.00639058,0.05879247
24.360000,0,FR_2,0.97142553,-0.36951223,0.05806554
24.360000,0,RL_2,0.51071388,-0.00296129,0.05857763
24.360000,0,RR_2,0.54009521,-0.43318430,0.05829813
24.380000,0,FL_2,0.96657175,0.00639049,0.05879258
24.380000,0,FR_2,0.97142565,-0.36951226,0.05806559
24.380000,0,RL_2,0.51071388,-0.00296133,0.05857771
24.380000,0,RR_2,0.54009515,-0.43318424,0.05829814
24.400000,0,FL_2,0.96657163,0.00639056,0.05879254
24.400000,0,FR_2,0.97142565,-0.36951223,0.05806560
24.400000,0,RL_2,0.51071388,-0.00296130,0.05857772
24.400000,0,RR_2,0.54009527,-0.43318424,0.05829817
24.420000,0,FL_2,0.96657175,0.00639057,0.05879247
24.420000,0,FR_2,0.97142565,-0.36951211,0.05806543
24.420000,0,RL_2,0.51071388,-0.00296135,0.05857766
24.420000,0,RR_2,0.54009521,-0.43318430,0.05829808
24.440000,0,FL_2,0.96657169,0.00639053,0.05879230
24.440000,0,FR_2,0.97142565,-0.36951217,0.05806560
24.440000,0,RL_2,0.51071405,-0.00296136,0.05857779
24.440000,0,RR_2,0.54009509,-0.43318433,0.05829817
24.460000,0,FL_2,0.96657175,0.00639058,0.05879259
24.460000,0,FR_2,0.97142577,-0.36951214,0.05806557
24.460000,0,RL_2,0.51071382,-0.00296126,0.05857775
24.460000,0,RR_2,0.54009527,-0.43318421,0.05829822
24.480000,0,FL_2,0.96657169,0.00639061,0.05879254
24.480000,0,FR_2,0.97142565,-0.36951217,0.05806547
24.480000,0,RL_2,0.51071382,-0.00296131,0.05857775
24.480000,0,RR_2,0.54009509,-0.43318424,0.05829817
24.500000,0,FL_2,0.96657199,0.00639056,0.05879249
24.500000,0,FR_2,0.97142589,-0.36951223,0.05806559
24.500000,0,RL_2,0.51071393,-0.00296120,0.05857772
24.500000,0,RR_2,0.54009521,-0.43318427,0.05829817
24.520000,0,FL_2,0.96657151,0.00639055,0.05879256
24.520000,0,FR_2,0.97142565,-0.36951211,0.05806565
24.520000,0,RL_2,0.51071370,-0.00296125,0.05857771
24.520000,0,RR_2,0.54009521,-0.43318436,0.05829820
24.540000,0,FL_2,0.96657175,0.00639060,0.05879241
24.540000,0,FR_2,0.97142565,-0.36951214,0.05806554
24.540000,0,RL_2,0.51071382,-0.00296121,0.05857778
24.540000,0,RR_2,0.54009539,-0.43318421,0.05829815
24.560000,0,FL_2,0.96657151,0.00639063,0.05879268
24.560000,0,FR_2,0.97142571,-0.36951211,0.05806568
24.560000,0,RL_2,0.51071388,-0.00296130,0.05857759
24.560000,0,RR_2,0.54009521,-0.43318418,0.05829803
24.580000,0,FL_2,0.96657181,0.00639053,0.05879239
24.580000,0,FR_2,0.97142565,-0.36951223,0.05806546
24.580000,0,RL_2,0.51071382,-0.00296130,0.05857771
24.580000,0,RR_2,0.54009521,-0.43318424,0.05829796
24.600000,0,FL_2,0.96657187,0.00639060,0.05879255
24.600000,0,FR_2,0.97142565,-0.36951217,0.05806552
24.600000,0,RL_2,0.51071405,-0.00296118,0.05857769
24.600000,0,RR_2,0.54009527,-0.43318433,0.05829808
24.620000,0,FL_2,0.96657187,0.00639054,0.05879249
24.620000,0,FR_2,0.97142577,-0.36951223,0.05806562
24.620000,0,RL_2,0.51071393,-0.00296127,0.05857773
24.620000,0,RR_2,0.54009533,-0.43318433,0.05829810
24.640000,0,FL_2,0.96657169,0.00639064,0.05879249
24.640000,0,FR_2,0.97142559,-0.36951214,0.05806554
24.640000,0,RL_2,0.51071405,-0.00296133,0.05857776
24.640000,0,RR_2,0.54009527,-0.43318430,0.05829824
24.660000,0,FL_2,0.96657169,0.00639057,0.05879245
24.660000,0,FR_2,0.97142571,-0.36951220,0.05806558
24.660000,0,RL_2,0.51071382,-0.00296122,0.05857769
24.660000,0,RR_2,0.54009521,-0.43318427,0.05829802
24.680000,0,FL_2,0.96657181,0.00639066,0.05879253
24.680000,0,FR_2,0.97142583,-0.36951226,0.05806557
24.680000,0,RL_2,0.51071376,-0.00296144,0.05857784
24.680000,0,RR_2,0.54009521,-0.43318442,0.05829825
24.700000,0,FL_2,0.96657169,0.00639062,0.05879246
24.700000,0,FR_2,0.97142559,-0.36951220,0.05806553
24.700000,0,RL_2,0.51071393,-0.00296136,0.05857762
24.700000,0,RR_2,0.54009527,-0.43318436,0.05829814
24.720000,0,FL_2,0.96657181,0.00639054,0.05879259
24.720000,0,FR_2,0.97142565,-0.36951220,0.05806549
24.720000,0,RL_2,0.51071393,-0.00296122,0.05857772
24.720000,0,RR_2,0.54009521,-0.43318418,0.05829794
24.740000,0,FL_2,0.96657169,0.00639064,0.05879259
24.740000,0,FR_2,0.97142577,-0.36951223,0.05806549
24.740000,0,RL_2,0.51071370,-0.00296134,0.05857775
24.740000,0,RR_2,0.54009527,-0.43318433,0.05829802
24.760000,0,FL_2,0.96657169,0.00639049,0.05879232
24.760000,0,FR_2,0.97142535,-0.36951229,0.05806572
24.760000,0,RL_2,0.51071382,-0.00296139,0.05857776
24.760000,0,RR_2,0.54009527,-0.43318424,0.05829816
24.780000,0,FL_2,0.96657169,0.00639066,0.05879259
24.780000,0,FR_2,0.97142577,-0.36951223,0.05806556
24.780000,0,RL_2,0.51071382,-0.00296136,0.05857764
24.780000,0,RR_2,0.54009521,-0.43318436,0.05829819
24.800000,0,FL_2,0.96657169,0.00639060,0.05879253
24.800000,0,FR_2,0.97142589,-0.36951214,0.05806569
24.800000,0,RL_2,0.51071393,-0.00296130,0.05857756
24.800000,0,RR_2,0.54009539,-0.43318433,0.05829813
24.820000,0,FL_2,0.96657157,0.00639055,0.05879243
24.820000,0,FR_2,0.97142571,-0.36951220,0.05806554
24.820000,0,RL_2,0.51071370,-0.00296129,0.05857766
24.820000,0,RR_2,0.54009521,-0.43318430,0.05829824
24.840000,0,FL_2,0.96657193,0.00639046,0.05879238
24.840000,0,FR_2,0.97142571,-0.36951229,0.05806556
24.840000,0,RL_2,0.51071399,-0.00296137,0.05857778
24.840000,0,RR_2,0.54009533,-0.43318436,0.05829818
24.860000,0,FL_2,0.96657187,0.00639071,0.05879257
24.860000,0,FR_2,0.97142583,-0.36951220,0.05806555
24.860000,0,RL_2,0.51071399,-0.00296140,0.05857767
24.860000,0,RR_2,0.54009515,-0.43318433,0.05829820
24.880000,0,FL_2,0.96657193,0.00639050,0.05879244
24.880000,0,FR_2,0.97142571,-0.36951220,0.05806557
24.880000,0,RL_2,0.51071382,-0.00296139,0.05857772
24.880000,0,RR_2,0.54009515,-0.43318433,0.05829804
24.900000,0,FL_2,0.96657199,0.00639058,0.05879238
24.900000,0,FR_2,0.97142577,-0.36951220,0.05806549
24.900000,0,RL_2,0.51071388,-0.00296131,0.05857764
24.900000,0,RR_2,0.54009551,-0.43318439,0.05829819
24.920000,0,FL_2,0.96657157,0.00639057,0.05879251
24.920000,0,FR_2,0.97142601,-0.36951220,0.05806545
24.920000,0,RL_2,0.51071399,-0.00296130,0.05857756
24.920000,0,RR_2,0.54009557,-0.43318430,0.05829807
24.940000,0,FL_2,0.96657169,0.00639058,0.05879245
24.940000,0,FR_2,0.97142577,-0.36951223,0.05806558
24.940000,0,RL_2,0.51071393,-0.00296135,0.05857781
24.940000,0,RR_2,0.54009509,-0.43318427,0.05829823
24.960000,0,FL_2,0.96657181,0.00639060,0.05879249
24.960000,0,FR_2,0.97142589,-0.36951217,0.05806547
24.960000,0,RL_2,0.51071399,-0.00296133,0.05857781
24.960000,0,RR_2,0.54009533,-0.43318433,0.05829822
24.980000,0,FL_2,0.96657163,0.00639051,0.05879249
24.980000,0,FR_2,0.97142559,-0.36951229,0.05806563
24.980000,0,RL_2,0.51071382,-0.00296124,0.05857781
24.980000,0,RR_2,0.54009527,-0.43318424,0.05829809
25.000000,0,FL_2,0.96657145,0.00639057,0.05879258
25.000000,0,FR_2,0.97142559,-0.36951220,0.05806541
25.000000,0,RL_2,0.51071358,-0.00296132,0.05857763
25.000000,0,RR_2,0.54009521,-0.43318424,0.05829812
25.020000,0,FL_2,0.96657187,0.00639055,0.05879253
25.020000,0,FR_2,0.97142589,-0.36951232,0.05806575
25.020000,0,RL_2,0.51071393,-0.00296131,0.05857775
25.020000,0,RR_2,0.54009533,-0.43318424,0.05829819
25.040000,0,FL_2,0.96657169,0.00639050,0.05879253
25.040000,0,FR_2,0.97142589,-0.36951223,0.05806559
25.040000,0,RL_2,0.51071393,-0.00296122,0.05857769
25.040000,0,RR_2,0.54009527,-0.43318430,0.05829818
25.060000,0,FL_2,0.96657169,0.00639055,0.05879255
25.060000,0,FR_2,0.97142571,-0.36951214,0.05806557
25.060000,0,RL_2,0.51071399,-0.00296135,0.05857762
25.060000,0,RR_2,0.54009533,-0.43318436,0.05829813
25.080000,0,FL_2,0.96657193,0.00639047,0.05879241
25.080000,0,FR_2,0.97142571,-0.36951223,0.05806554
25.080000,0,RL_2,0.51071382,-0.00296133,0.05857783
25.080000,0,RR_2,0.54009527,-0.43318442,0.05829810
25.100000,0,FL_2,0.96657199,0.00639060,0.05879265
25.100000,0,FR_2,0.97142583,-0.36951208,0.05806565
25.100000,0,RL_2,0.51071393,-0.00296133,0.05857762
25.100000,0,RR_2,0.54009539,-0.43318436,0.05829823
25.120000,0,FL_2,0.96657157,0.00639053,0.05879248
25.120000,0,FR_2,0.97142571,-0.36951217,0.05806563
25.120000,0,RL_2,0.51071399,-0.00296120,0.05857787
25.120000,0,RR_2,0.54009533,-0.43318433,0.05829819
25.140000,0,FL_2,0.96657157,0.00639059,0.05879254
25.140000,0,FR_2,0.97142589,-0.36951214,0.05806554
25.140000,0,RL_2,0.51071370,-0.00296131,0.05857773
25.140000,0,RR_2,0.54009527,-0.43318430,0.05829817
25.160000,0,FL_2,0.96657169,0.00639065,0.05879251
25.160000,0,FR_2,0.97142559,-0.36951226,0.05806549
25.160000,0,RL_2,0.51071376,-0.00296125,0.05857771
25.160000,0,RR_2,0.54009521,-0.43318427,0.05829806
25.180000,0,FL_2,0.96657169,0.00639050,0.05879240
25.180000,0,FR_2,0.97142559,-0.36951214,0.05806560
25.180000,0,RL_2,0.51071382,-0.00296132,0.05857757
25.180000,0,RR_2,0.54009515,-0.43318439,0.05829810
25.200000,0,FL_2,0.96657169,0.00639057,0.05879251
25.200000,0,FR_2,0.97142589,-0.36951220,0.05806550
25.200000,0,RL_2,0.51071393,-0.00296128,0.05857771
25.200000,0,RR_2,0.54009527,-0.43318427,0.05829805
25.220000,0,FL_2,0.96657181,0.00639058,0.05879245
25.220000,0,FR_2,0.97142589,-0.36951220,0.05806569
25.220000,0,RL_2,0.51071399,-0.00296139,0.05857779
25.220000,0,RR_2,0.54009521,-0.43318433,0.05829823
25.240000,0,FL_2,0.96657157,0.00639065,0.05879251
25.240000,0,FR_2,0.97142613,-0.36951214,0.05806555
25.240000,0,RL_2,0.51071399,-0.00296138,0.05857774
25.240000,0,RR_2,0.54009539,-0.43318430,0.05829826
25.260000,0,FL_2,0.96657157,0.00639063,0.05879244
25.260000,0,FR_2,0.97142577,-0.36951220,0.05806569
25.260000,0,RL_2,0.51071382,-0.00296131,0.05857770
25.260000,0,RR_2,0.54009515,-0.43318436,0.05829825
25.280000,0,FL_2,0.96657181,0.00639080,0.05879262
25.280000,0,FR_2,0.97142589,-0.36951205,0.05806556
25.280000,0,RL_2,0.51071399,-0.00296125,0.05857757
25.280000,0,RR_2,0.54009539,-0.43318427,0.05829803
25.300000,0,FL_2,0.96657169,0.00639067,0.05879258
25.300000,0,FR_2,0.97142571,-0.36951208,0.05806550
25.300000,0,RL_2,0.51071393,-0.00296125,0.05857765
25.300000,0,RR_2,0.54009533,-0.43318433,0.05829798
25.320000,0,FL_2,0.96657157,0.00639053,0.05879238
25.320000,0,FR_2,0.97142577,-0.36951226,0.05806564
25.320000,0,RL_2,0.51071370,-0.00296137,0.05857775
25.320000,0,RR_2,0.54009521,-0.43318433,0.05829822
25.340000,0,FL_2,0.96657169,0.00639076,0.05879262
25.340000,0,FR_2,0.97142601,-0.36951211,0.05806552
25.340000,0,RL_2,0.51071399,-0.00296138,0.05857779
25.340000,0,RR_2,0.54009539,-0.43318424,0.05829819
25.360000,0,FL_2,0.96657181,0.00639065,0.05879258
25.360000,0,FR_2,0.97142601,-0.36951214,0.05806564
25.360000,0,RL_2,0.51071393,-0.00296126,0.05857778
25.360000,0,RR_2,0.54009527,-0.43318433,0.05829820
25.380000,0,FL_2,0.96657187,0.00639062,0.05879254
25.380000,0,FR_2,0.97142559,-0.36951217,0.05806560
25.380000,0,RL_2,0.51071405,-0.00296130,0.05857761
25.380000,0,RR_2,0.54009521,-0.43318427,0.05829813
25.400000,0,FL_2,0.96657181,0.00639065,0.05879258
25.400000,0,FR_2,0.97142601,-0.36951214,0.05806559
25.400000,0,RL_2,0.51071388,-0.00296127,0.05857785
25.400000,0,RR_2,0.54009539,-0.43318433,0.05829817
25.420000,0,FL_2,0.96657175,0.00639057,0.05879245
25.420000,0,FR_2,0.97142559,-0.36951214,0.05806562
25.420000,0,RL_2,0.51071393,-0.00296131,0.05857765
25.420000,0,RR_2,0.54009509,-0.43318427,0.05829820
25.440000,0,FL_2,0.96657151,0.00639052,0.05879268
25.440000,0,FR_2,0.97142565,-0.36951217,0.05806565
25.440000,0,RL_2,0.51071405,-0.00296140,0.05857769
25.440000,0,RR_2,0.54009539,-0.43318439,0.05829823
25.460000,0,FL_2,0.96657199,0.00639053,0.05879252
25.460000,0,FR_2,0.97142559,-0.36951223,0.05806556
25.460000,0,RL_2,0.51071405,-0.00296134,0.05857778
25.460000,0,RR_2,0.54009521,-0.43318439,0.05829811
25.480000,0,FL_2,0.96657199,0.00639058,0.05879271
25.480000,0,FR_2,0.97142589,-0.36951214,0.05806565
25.480000,0,RL_2,0.51071405,-0.00296135,0.05857763
25.480000,0,RR_2,0.54009539,-0.43318430,0.05829800
25.500000,0,FL_2,0.96657175,0.00639063,0.05879243
25.500000,0,FR_2,0.97142559,-0.36951220,0.05806543
25.500000,0,RL_2,0.51071399,-0.00296140,0.05857750
25.500000,0,RR_2,0.54009509,-0.43318447,0.05829820
25.520000,0,FL_2,0.96657181,0.00639053,0.05879255
25.520000,0,FR_2,0.97142559,-0.36951223,0.05806554
25.520000,0,RL_2,0.51071382,-0.00296139,0.05857776
25.520000,0,RR_2,0.54009509,-0.43318436,0.05829822
25.540000,0,FL_2,0.96657157,0.00639062,0.05879265
25.540000,0,FR_2,0.97142589,-0.36951211,0.05806563
25.540000,0,RL_2,0.51071405,-0.00296125,0.05857765
25.540000,0,RR_2,0.54009545,-0.43318433,0.05829799
25.560000,0,FL_2,0.96657181,0.00639060,0.05879251
25.560000,0,FR_2,0.97142571,-0.36951220,0.05806556
25.560000,0,RL_2,0.51071405,-0.00296109,0.05857784
25.560000,0,RR_2,0.54009521,-0.43318424,0.05829807
25.580000,0,FL_2,0.96657169,0.00639059,0.05879253
25.580000,0,FR_2,0.97142577,-0.36951223,0.05806553
25.580000,0,RL_2,0.51071370,-0.00296135,0.05857771
25.580000,0,RR_2,0.54009527,-0.43318427,0.05829826
25.600000,0,FL_2,0.96657181,0.00639053,0.05879262
25.600000,0,FR_2,0.97142589,-0.36951220,0.05806561
25.600000,0,RL_2,0.51071393,-0.00296135,0.05857773
25.600000,0,RR_2,0.54009527,-0.43318430,0.05829823
25.620000,0,FL_2,0.96657181,0.00639048,0.05879236
25.620000,0,FR_2,0.97142559,-0.36951220,0.05806561
25.620000,0,RL_2,0.51071382,-0.00296125,0.05857765
25.620000,0,RR_2,0.54009509,-0.43318436,0.05829814
25.640000,0,FL_2,0.96657181,0.00639058,0.05879256
25.640000,0,FR_2,0.97142577,-0.36951217,0.05806553
25.640000,0,RL_2,0.51071423,-0.00296125,0.05857766
25.640000,0,RR_2,0.54009515,-0.43318424,0.05829815
25.660000,0,FL_2,0.96657169,0.00639054,0.05879243
25.660000,0,FR_2,0.97142577,-0.36951217,0.05806569
25.660000,0,RL_2,0.51071388,-0.00296141,0.05857769
25.660000,0,RR_2,0.54009545,-0.43318430,0.05829824
25.680000,0,FL_2,0.96657169,0.00639063,0.05879241
25.680000,0,FR_2,0.97142571,-0.36951211,0.05806553
25.680000,0,RL_2,0.51071405,-0.00296138,0.05857781
25.680000,0,RR_2,0.54009545,-0.43318430,0.05829823
25.700000,0,FL_2,0.96657169,0.00639051,0.05879239
25.700000,0,FR_2,0.97142571,-0.36951217,0.05806543
25.700000,0,RL_2,0.51071382,-0.00296134,0.05857758
25.700000,0,RR_2,0.54009539,-0.43318418,0.05829796
25.720000,0,FL_2,0.96657181,0.00639054,0.05879242
25.720000,0,FR_2,0.97142571,-0.36951217,0.05806570
25.720000,0,RL_2,0.51071388,-0.00296132,0.05857775
25.720000,0,RR_2,0.54009539,-0.43318433,0.05829813
25.740000,0,FL_2,0.96657145,0.00639050,0.05879240
25.740000,0,FR_2,0.97142559,-0.36951214,0.05806560
25.740000,0,RL_2,0.51071411,-0.00296137,0.05857767
25.740000,0,RR_2,0.54009521,-0.43318442,0.05829833
25.760000,0,FL_2,0.96657181,0.00639054,0.05879249
25.760000,0,FR_2,0.97142559,-0.36951220,0.05806556
25.760000,0,RL_2,0.51071411,-0.00296125,0.05857770
25.760000,0,RR_2,0.54009515,-0.43318430,0.05829811
25.780000,0,FL_2,0.96657175,0.00639062,0.05879240
25.780000,0,FR_2,0.97142583,-0.36951220,0.05806556
25.780000,0,RL_2,0.51071388,-0.00296124,0.05857763
25.780000,0,RR_2,0.54009533,-0.43318433,0.05829820
25.800000,0,FL_2,0.96657187,0.00639053,0.05879243
25.800000,0,FR_2,0.97142559,-0.36951220,0.05806552
25.800000,0,RL_2,0.51071405,-0.00296142,0.05857757
25.800000,0,RR_2,0.54009527,-0.43318433,0.05829813
25.820000,0,FL_2,0.96657169,0.00639055,0.05879245
25.820000,0,FR_2,0.97142559,-0.36951211,0.05806567
25.820000,0,RL_2,0.51071417,-0.00296138,0.05857768
25.820000,0,RR_2,0.54009533,-0.43318433,0.05829820
25.840000,0,FL_2,0.96657169,0.00639052,0.05879248
25.840000,0,FR_2,0.97142559,-0.36951226,0.05806559
25.840000,0,RL_2,0.51071382,-0.00296125,0.05857767
25.840000,0,RR_2,0.54009533,-0.43318442,0.05829808
25.860000,0,FL_2,0.96657169,0.00639056,0.05879260
25.860000,0,FR_2,0.97142589,-0.36951220,0.05806559
25.860000,0,RL_2,0.51071376,-0.00296128,0.05857767
25.860000,0,RR_2,0.54009503,-0.43318442,0.05829819
25.880000,0,FL_2,0.96657169,0.00639063,0.05879242
25.880000,0,FR_2,0.97142577,-0.36951220,0.05806562
25.880000,0,RL_2,0.51071388,-0.00296137,0.05857776
25.880000,0,RR_2,0.54009527,-0.43318418,0.05829819
25.900000,0,FL_2,0.96657175,0.00639061,0.05879254
25.900000,0,FR_2,0.97142601,-0.36951214,0.05806557
25.900000,0,RL_2,0.51071399,-0.00296131,0.05857764
25.900000,0,RR_2,0.54009533,-0.43318433,0.05829822
25.920000,0,FL_2,0.96657181,0.00639044,0.05879240
25.920000,0,FR_2,0.97142571,-0.36951229,0.05806554
25.920000,0,RL_2,0.51071382,-0.00296131,0.05857771
25.920000,0,RR_2,0.54009539,-0.43318439,0.05829806
25.940000,0,FL_2,0.96657199,0.00639058,0.05879254
25.940000,0,FR_2,0.97142571,-0.36951214,0.05806557
25.940000,0,RL_2,0.51071405,-0.00296138,0.05857759
25.940000,0,RR_2,0.54009545,-0.43318436,0.05829827
25.960000,0,FL_2,0.96657175,0.00639047,0.05879253
25.960000,0,FR_2,0.97142559,-0.36951229,0.05806561
25.960000,0,RL_2,0.51071393,-0.00296126,0.05857764
25.960000,0,RR_2,0.54009515,-0.43318436,0.05829809
25.980000,0,FL_2,0.96657157,0.00639054,0.05879241
25.980000,0,FR_2,0.97142571,-0.36951214,0.05806563
25.980000,0,RL_2,0.51071399,-0.00296144,0.05857757
25.980000,0,RR_2,0.54009509,-0.43318439,0.05829816
26.000000,0,FL_2,0.96657145,0.00639056,0.05879254
26.000000,0,FR_2,0.97142535,-0.36951220,0.05806553
26.000000,0,RL_2,0.51071376,-0.00296145,0.05857764
26.000000,0,RR_2,0.54009527,-0.43318433,0.05829811
26.020000,0,FL_2,0.96657163,0.00639057,0.05879250
26.020000,0,FR_2,0.97142577,-0.36951223,0.05806553
26.020000,0,RL_2,0.51071376,-0.00296137,0.05857769
26.020000,0,RR_2,0.54009521,-0.43318430,0.05829809
26.040000,0,FL_2,0.96657187,0.00639060,0.05879250
26.040000,0,FR_2,0.97142577,-0.36951217,0.05806550
26.040000,0,RL_2,0.51071388,-0.00296125,0.05857780
26.040000,0,RR_2,0.54009527,-0.43318433,0.05829807
26.060000,0,FL_2,0.96657175,0.00639049,0.05879252
26.060000,0,FR_2,0.97142589,-0.36951220,0.05806566
26.060000,0,RL_2,0.51071393,-0.00296133,0.05857778
26.060000,0,RR_2,0.54009527,-0.43318433,0.05829826
26.080000,0,FL_2,0.96657175,0.00639065,0.05879257
26.080000,0,FR_2,0.97142589,-0.36951208,0.05806561
26.080000,0,RL_2,0.51071393,-0.00296133,0.05857781
26.080000,0,RR_2,0.54009533,-0.43318430,0.05829811
26.100000,0,FL_2,0.96657175,0.00639064,0.05879249
26.100000,0,FR_2,0.97142565,-0.36951217,0.05806555
26.100000,0,RL_2,0.51071382,-0.00296134,0.05857758
26.100000,0,RR_2,0.54009521,-0.43318436,0.05829809
26.120000,0,FL_2,0.96657145,0.00639049,0.05879238
26.120000,0,FR_2,0.97142565,-0.36951223,0.05806549
26.120000,0,RL_2,0.51071358,-0.00296133,0.05857782
26.120000,0,RR_2,0.54009521,-0.43318421,0.05829798
26.140000,0,FL_2,0.96657163,0.00639059,0.05879269
26.140000,0,FR_2,0.97142553,-0.36951217,0.05806564
26.140000,0,RL_2,0.51071388,-0.00296131,0.05857763
26.140000,0,RR_2,0.54009533,-0.43318439,0.05829806
26.160000,0,FL_2,0.96657175,0.00639062,0.05879249
26.160000,0,FR_2,0.97142565,-0.36951220,0.05806565
26.160000,0,RL_2,0.51071393,-0.00296128,0.05857774
26.160000,0,RR_2,0.54009533,-0.43318433,0.05829810
26.180000,0,FL_2,0.96657175,0.00639061,0.05879249
26.180000,0,FR_2,0.97142565,-0.36951217,0.05806540
26.180000,0,RL_2,0.51071393,-0.00296136,0.05857759
26.180000,0,RR_2,0.54009521,-0.43318436,0.05829804
26.200000,0,FL_2,0.96657199,0.00639052,0.05879256
26.200000,0,FR_2,0.97142565,-0.36951220,0.05806564
26.200000,0,RL_2,0.51071382,-0.00296125,0.05857778
26.200000,0,RR_2,0.54009521,-0.43318433,0.05829824
26.220000,0,FL_2,0.96657199,0.00639067,0.05879243
26.220000,0,FR_2,0.97142571,-0.36951217,0.05806550
26.220000,0,RL_2,0.51071370,-0.00296127,0.05857760
26.220000,0,RR_2,0.54009515,-0.43318427,0.05829809
26.240000,0,FL_2,0.96657175,0.00639054,0.05879258
26.240000,0,FR_2,0.97142565,-0.36951208,0.05806553
26.240000,0,RL_2,0.51071388,-0.00296131,0.05857773
26.240000,0,RR_2,0.54009539,-0.43318427,0.05829817
26.260000,0,FL_2,0.96657157,0.00639055,0.05879254
26.260000,0,FR_2,0.97142553,-0.36951217,0.05806542
26.260000,0,RL_2,0.51071370,-0.00296119,0.05857768
26.260000,0,RR_2,0.54009533,-0.43318424,0.05829795
26.280000,0,FL_2,0.96657175,0.00639049,0.05879255
26.280000,0,FR_2,0.97142565,-0.36951223,0.05806573
26.280000,0,RL_2,0.51071393,-0.00296129,0.05857768
26.280000,0,RR_2,0.54009515,-0.43318415,0.05829825
26.300000,0,FL_2,0.96657151,0.00639064,0.05879261
26.300000,0,FR_2,0.97142565,-0.36951211,0.05806556
26.300000,0,RL_2,0.51071358,-0.00296131,0.05857770
26.300000,0,RR_2,0.54009527,-0.43318421,0.05829819
26.320000,0,FL_2,0.96657187,0.00639060,0.05879247
26.320000,0,FR_2,0.97142577,-0.36951220,0.05806574
26.320000,0,RL_2,0.51071382,-0.00296128,0.05857768
26.320000,0,RR_2,0.54009509,-0.43318427,0.05829822
26.340000,0,FL_2,0.96657175,0.00639066,0.05879261
26.340000,0,FR_2,0.97142565,-0.36951202,0.05806566
26.340000,0,RL_2,0.51071393,-0.00296129,0.05857764
26.340000,0,RR_2,0.54009527,-0.43318430,0.05829822
26.360000,0,FL_2,0.96657145,0.00639050,0.05879265
26.360000,0,FR_2,0.97142565,-0.36951214,0.05806574
26.360000,0,RL_2,0.51071388,-0.00296130,0.05857774
26.360000,0,RR_2,0.54009527,-0.43318421,0.05829819
26.380000,0,FL_2,0.96657175,0.00639059,0.05879256
26.380000,0,FR_2,0.97142565,-0.36951214,0.05806568
26.380000,0,RL_2,0.51071399,-0.00296129,0.05857771
26.380000,0,RR_2,0.54009509,-0.43318424,0.05829826
26.400000,0,FL_2,0.96657175,0.00639057,0.05879254
26.400000,0,FR_2,0.97142565,-0.36951223,0.05806551
26.400000,0,RL_2,0.51071376,-0.00296130,0.05857775
26.400000,0,RR_2,0.54009509,-0.43318433,0.05829810
26.420000,0,FL_2,0.96657169,0.00639045,0.05879236
26.420000,0,FR_2,0.97142529,-0.36951226,0.05806565
26.420000,0,RL_2,0.51071382,-0.00296126,0.05857766
26.420000,0,RR_2,0.54009515,-0.43318424,0.05829811
26.440000,0,FL_2,0.96657151,0.00639061,0.05879255
26.440000,0,FR_2,0.97142565,-0.36951211,0.05806558
26.440000,0,RL_2,0.51071388,-0.00296134,0.05857760
26.440000,0,RR_2,0.54009527,-0.43318433,0.05829824
26.460000,0,FL_2,0.96657175,0.00639069,0.05879245
26.460000,0,FR_2,0.97142565,-0.36951217,0.05806557
26.460000,0,RL_2,0.51071382,-0.00296132,0.05857778
26.460000,0,RR_2,0.54009521,-0.43318436,0.05829800
26.480000,0,FL_2,0.96657145,0.00639057,0.05879249
26.480000,0,FR_2,0.97142559,-0.36951220,0.05806548
26.480000,0,RL_2,0.51071382,-0.00296142,0.05857769
26.480000,0,RR_2,0.54009533,-0.43318430,0.05829819
26.500000,0,FL_2,0.96657163,0.00639053,0.05879245
26.500000,0,FR_2,0.97142553,-0.36951223,0.05806560
26.500000,0,RL_2,0.51071382,-0.00296139,0.05857762
26.500000,0,RR_2,0.54009497,-0.43318433,0.05829816
26.520000,0,FL_2,0.96657163,0.00639059,0.05879243
26.520000,0,FR_2,0.97142577,-0.36951220,0.05806559
26.520000,0,RL_2,0.51071388,-0.00296133,0.05857771
26.520000,0,RR_2,0.54009539,-0.43318433,0.05829810
26.540000,0,FL_2,0.96657175,0.00639060,0.05879242
26.540000,0,FR_2,0.97142541,-0.36951223,0.05806571
26.540000,0,RL_2,0.51071358,-0.00296135,0.05857768
26.540000,0,RR_2,0.54009509,-0.43318430,0.05829815
26.560000,0,FL_2,0.96657151,0.00639061,0.05879253
26.560000,0,FR_2,0.97142565,-0.36951205,0.05806557
26.560000,0,RL_2,0.51071364,-0.00296131,0.05857760
26.560000,0,RR_2,0.54009521,-0.43318436,0.05829821
26.580000,0,FL_2,0.96657169,0.00639050,0.05879245
26.580000,0,FR_2,0.97142553,-0.36951232,0.05806549
26.580000,0,RL_2,0.51071376,-0.00296137,0.05857766
26.580000,0,RR_2,0.54009521,-0.43318430,0.05829812
26.600000,0,FL_2,0.96657145,0.00639052,0.05879252
26.600000,0,FR_2,0.97142565,-0.36951220,0.05806553
26.600000,0,RL_2,0.51071388,-0.00296135,0.05857779
26.600000,0,RR_2,0.54009527,-0.43318430,0.05829820
26.620000,0,FL_2,0.96657175,0.00639061,0.05879260
26.620000,0,FR_2,0.97142565,-0.36951217,0.05806573
26.620000,0,RL_2,0.51071382,-0.00296129,0.05857780
26.620000,0,RR_2,0.54009515,-0.43318421,0.05829820
26.640000,0,FL_2,0.96657187,0.00639056,0.05879270
26.640000,0,FR_2,0.97142583,-0.36951220,0.05806567
26.640000,0,RL_2,0.51071382,-0.00296132,0.05857776
26.640000,0,RR_2,0.54009503,-0.43318424,0.05829818
26.660000,0,FL_2,0.96657151,0.00639061,0.05879254
26.660000,0,FR_2,0.97142565,-0.36951217,0.05806554
26.660000,0,RL_2,0.51071376,-0.00296134,0.05857762
26.660000,0,RR_2,0.54009521,-0.43318424,0.05829802
26.680000,0,FL_2,0.96657163,0.00639066,0.05879243
26.680000,0,FR_2,0.97142565,-0.36951214,0.05806558
26.680000,0,RL_2,0.51071370,-0.00296133,0.05857774
26.680000,0,RR_2,0.54009539,-0.43318427,0.05829811
26.700000,0,FL_2,0.96657175,0.00639065,0.05879262
26.700000,0,FR_2,0.97142565,-0.36951220,0.05806559
26.700000,0,RL_2,0.51071376,-0.00296130,0.05857772
26.700000,0,RR_2,0.54009521,-0.43318433,0.05829810
26.720000,0,FL_2,0.96657175,0.00639063,0.05879253
26.720000,0,FR_2,0.97142553,-0.36951220,0.05806544
26.720000,0,RL_2,0.51071399,-0.00296129,0.05857758
26.720000,0,RR_2,0.54009521,-0.43318421,0.05829808
26.740000,0,FL_2,0.96657187,0.00639052,0.05879258
26.740000,0,FR_2,0.97142553,-0.36951220,0.05806553
26.740000,0,RL_2,0.51071370,-0.00296121,0.05857782
26.740000,0,RR_2,0.54009521,-0.43318433,0.05829807
26.760000,0,FL_2,0.96657175,0.00639072,0.05879253
26.760000,0,FR_2,0.97142565,-0.36951220,0.05806544
26.760000,0,RL_2,0.51071358,-0.00296131,0.05857769
26.760000,0,RR_2,0.54009521,-0.43318430,0.05829804
26.780000,0,FL_2,0.96657175,0.00639071,0.05879261
26.780000,0,FR_2,0.97142565,-0.36951220,0.05806566
26.780000,0,RL_2,0.51071364,-0.00296136,0.05857750
26.780000,0,RR_2,0.54009509,-0.43318436,0.05829817
26.800000,0,FL_2,0.96657175,0.00639058,0.05879246
26.800000,0,FR_2,0.97142565,-0.36951217,0.05806558
26.800000,0,RL_2,0.51071405,-0.00296115,0.05857772
26.800000,0,RR_2,0.54009539,-0.43318418,0.05829813
26.820000,0,FL_2,0.96657145,0.00639050,0.05879247
26.820000,0,FR_2,0.97142565,-0.36951214,0.05806571
26.820000,0,RL_2,0.51071382,-0.00296139,0.05857765
26.820000,0,RR_2,0.54009509,-0.43318439,0.05829826
26.840000,0,FL_2,0.96657151,0.00639059,0.05879252
26.840000,0,FR_2,0.97142565,-0.36951217,0.05806559
26.840000,0,RL_2,0.51071393,-0.00296137,0.05857754
26.840000,0,RR_2,0.54009515,-0.43318433,0.05829809
26.860000,0,FL_2,0.96657175,0.00639061,0.05879246
26.860000,0,FR_2,0.97142565,-0.36951214,0.05806566
26.860000,0,RL_2,0.51071382,-0.00296131,0.05857771
26.860000,0,RR_2,0.54009533,-0.43318424,0.05829808
26.880000,0,FL_2,0.96657145,0.00639053,0.05879255
26.880000,0,FR_2,0.97142565,-0.36951208,0.05806572
26.880000,0,RL_2,0.51071370,-0.00296133,0.05857774
26.880000,0,RR_2,0.54009515,-0.43318439,0.05829820
26.900000,0,FL_2,0.96657187,0.00639064,0.05879240
26.900000,0,FR_2,0.97142577,-0.36951211,0.05806544
26.900000,0,RL_2,0.51071405,-0.00296139,0.05857756
26.900000,0,RR_2,0.54009515,-0.43318430,0.05829800
26.920000,0,FL_2,0.96657157,0.00639057,0.05879239
26.920000,0,FR_2,0.97142553,-0.36951226,0.05806552
26.920000,0,RL_2,0.51071382,-0.00296125,0.05857783
26.920000,0,RR_2,0.54009503,-0.43318427,0.05829815
26.940000,0,FL_2,0.96657199,0.00639056,0.05879247
26.940000,0,FR_2,0.97142559,-0.36951217,0.05806557
26.940000,0,RL_2,0.51071405,-0.00296129,0.05857762
26.940000,0,RR_2,0.54009521,-0.43318439,0.05829815
26.960000,0,FL_2,0.96657163,0.00639060,0.05879246
26.960000,0,FR_2,0.97142553,-0.36951217,0.05806570
26.960000,0,RL_2,0.51071388,-0.00296135,0.05857777
26.960000,0,RR_2,0.54009521,-0.43318427,0.05829812
26.980000,0,FL_2,0.96657175,0.00639064,0.05879252
26.980000,0,FR_2,0.97142565,-0.36951208,0.05806548
26.980000,0,RL_2,0.51071399,-0.00296139,0.05857766
26.980000,0,RR_2,0.54009521,-0.43318427,0.05829801
27.000000,0,FL_2,0.96657175,0.00639052,0.05879254
27.000000,0,FR_2,0.97142553,-0.36951223,0.05806571
27.000000,0,RL_2,0.51071364,-0.00296134,0.05857783
27.000000,0,RR_2,0.54009509,-0.43318433,0.05829823
27.020000,0,FL_2,0.96657163,0.00639059,0.05879254
27.020000,0,FR_2,0.97142565,-0.36951220,0.05806561
27.020000,0,RL_2,0.51071405,-0.00296126,0.05857765
27.020000,0,RR_2,0.54009539,-0.43318430,0.05829806
27.040000,0,FL_2,0.96657175,0.00639047,0.05879237
27.040000,0,FR_2,0.97142565,-0.36951220,0.05806550
27.040000,0,RL_2,0.51071376,-0.00296125,0.05857781
27.040000,0,RR_2,0.54009509,-0.43318442,0.05829820
27.060000,0,FL_2,0.96657181,0.00639057,0.05879252
27.060000,0,FR_2,0.97142589,-0.36951217,0.05806572
27.060000,0,RL_2,0.51071382,-0.00296139,0.05857773
27.060000,0,RR_2,0.54009521,-0.43318436,0.05829827
27.080000,0,FL_2,0.96657163,0.00639057,0.05879241
27.080000,0,FR_2,0.97142589,-0.36951220,0.05806566
27.080000,0,RL_2,0.51071399,-0.00296131,0.05857761
27.080000,0,RR_2,0.54009527,-0.43318433,0.05829825
27.100000,0,FL_2,0.96657169,0.00639051,0.05879249
27.100000,0,FR_2,0.97142541,-0.36951220,0.05806567
27.100000,0,RL_2,0.51071382,-0.00296137,0.05857788
27.100000,0,RR_2,0.54009521,-0.43318424,0.05829832
27.120000,0,FL_2,0.96657163,0.00639050,0.05879251
27.120000,0,FR_2,0.97142565,-0.36951217,0.05806553
27.120000,0,RL_2,0.51071393,-0.00296132,0.05857763
27.120000,0,RR_2,0.54009521,-0.43318430,0.05829816
27.140000,0,FL_2,0.96657205,0.00639063,0.05879263
27.140000,0,FR_2,0.97142595,-0.36951223,0.05806559
27.140000,0,RL_2,0.51071405,-0.00296132,0.05857765
27.140000,0,RR_2,0.54009539,-0.43318433,0.05829817
27.160000,0,FL_2,0.96657175,0.00639051,0.05879266
27.160000,0,FR_2,0.97142553,-0.36951208,0.05806566
27.160000,0,RL_2,0.51071388,-0.00296130,0.05857782
27.160000,0,RR_2,0.54009539,-0.43318430,0.05829817
27.180000,0,FL_2,0.96657175,0.00639055,0.05879248
27.180000,0,FR_2,0.97142541,-0.36951226,0.05806566
27.180000,0,RL_2,0.51071358,-0.00296137,0.05857772
27.180000,0,RR_2,0.54009521,-0.43318430,0.05829822
27.200000,0,FL_2,0.96657175,0.00639056,0.05879251
27.200000,0,FR_2,0.97142577,-0.36951223,0.05806568
27.200000,0,RL_2,0.51071405,-0.00296143,0.05857770
27.200000,0,RR_2,0.54009515,-0.43318430,0.05829830
27.220000,0,FL_2,0.96657151,0.00639066,0.05879276
27.220000,0,FR_2,0.97142565,-0.36951208,0.05806574
27.220000,0,RL_2,0.51071388,-0.00296127,0.05857762
27.220000,0,RR_2,0.54009521,-0.43318436,0.05829803
27.240000,0,FL_2,0.96657175,0.00639059,0.05879242
27.240000,0,FR_2,0.97142541,-0.36951214,0.05806565
27.240000,0,RL_2,0.51071382,-0.00296131,0.05857769
27.240000,0,RR_2,0.54009515,-0.43318430,0.05829806
27.260000,0,FL_2,0.96657151,0.00639055,0.05879240
27.260000,0,FR_2,0.97142541,-0.36951223,0.05806564
27.260000,0,RL_2,0.51071382,-0.00296125,0.05857762
27.260000,0,RR_2,0.54009515,-0.43318427,0.05829829
27.280000,0,FL_2,0.96657169,0.00639053,0.05879236
27.280000,0,FR_2,0.97142565,-0.36951226,0.05806559
27.280000,0,RL_2,0.51071411,-0.00296125,0.05857769
27.280000,0,RR_2,0.54009509,-0.43318427,0.05829816
27.300000,0,FL_2,0.96657175,0.00639058,0.05879244
27.300000,0,FR_2,0.97142565,-0.36951223,0.05806566
27.300000,0,RL_2,0.51071382,-0.00296129,0.05857754
27.300000,0,RR_2,0.54009521,-0.43318427,0.05829810
27.320000,0,FL_2,0.96657187,0.00639067,0.05879258
27.320000,0,FR_2,0.97142577,-0.36951217,0.05806550
27.320000,0,RL_2,0.51071370,-0.00296110,0.05857782
27.320000,0,RR_2,0.54009515,-0.43318427,0.05829804
27.340000,0,FL_2,0.96657145,0.00639058,0.05879251
27.340000,0,FR_2,0.97142565,-0.36951226,0.05806558
27.340000,0,RL_2,0.51071364,-0.00296123,0.05857777
27.340000,0,RR_2,0.54009521,-0.43318424,0.05829808
27.360000,0,FL_2,0.96657187,0.00639063,0.05879255
27.360000,0,FR_2,0.97142577,-0.36951214,0.05806551
27.360000,0,RL_2,0.51071405,-0.00296134,0.05857775
27.360000,0,RR_2,0.54009533,-0.43318433,0.05829810
27.380000,0,FL_2,0.96657175,0.00639056,0.05879264
27.380000,0,FR_2,0.97142589,-0.36951214,0.05806579
27.380000,0,RL_2,0.51071382,-0.00296122,0.05857770
27.380000,0,RR_2,0.54009515,-0.43318433,0.05829817
27.400000,0,FL_2,0.96657175,0.00639061,0.05879252
27.400000,0,FR_2,0.97142565,-0.36951223,0.05806558
27.400000,0,RL_2,0.51071393,-0.00296130,0.05857760
27.400000,0,RR_2,0.54009521,-0.43318427,0.05829812
27.420000,0,FL_2,0.96657145,0.00639036,0.05879240
27.420000,0,FR_2,0.97142565,-0.36951220,0.05806565
27.420000,0,RL_2,0.51071370,-0.00296127,0.05857767
27.420000,0,RR_2,0.54009527,-0.43318424,0.05829816
27.440000,0,FL_2,0.96657199,0.00639064,0.05879266
27.440000,0,FR_2,0.97142619,-0.36951214,0.05806557
27.440000,0,RL_2,0.51071399,-0.00296122,0.05857778
27.440000,0,RR_2,0.54009545,-0.43318427,0.05829819
27.460000,0,FL_2,0.96657187,0.00639058,0.05879251
27.460000,0,FR_2,0.97142577,-0.36951217,0.05806566
27.460000,0,RL_2,0.51071405,-0.00296124,0.05857766
27.460000,0,RR_2,0.54009533,-0.43318415,0.05829822
27.480000,0,FL_2,0.96657175,0.00639050,0.05879256
27.480000,0,FR_2,0.97142535,-0.36951217,0.05806557
27.480000,0,RL_2,0.51071376,-0.00296133,0.05857778
27.480000,0,RR_2,0.54009527,-0.43318444,0.05829835
27.500000,0,FL_2,0.96657187,0.00639053,0.05879253
27.500000,0,FR_2,0.97142565,-0.36951223,0.05806572
27.500000,0,RL_2,0.51071376,-0.00296137,0.05857780
27.500000,0,RR_2,0.54009509,-0.43318433,0.05829817
27.520000,0,FL_2,0.96657175,0.00639061,0.05879259
27.520000,0,FR_2,0.97142589,-0.36951214,0.05806565
27.520000,0,RL_2,0.51071405,-0.00296132,0.05857766
27.520000,0,RR_2,0.54009545,-0.43318433,0.05829814
27.540000,0,FL_2,0.96657175,0.00639060,0.05879246
27.540000,0,FR_2,0.97142565,-0.36951220,0.05806537
27.540000,0,RL_2,0.51071382,-0.00296128,0.05857768
27.540000,0,RR_2,0.54009539,-0.43318421,0.05829798
27.560000,0,FL_2,0.96657163,0.00639064,0.05879251
27.560000,0,FR_2,0.97142565,-0.36951217,0.05806556
27.560000,0,RL_2,0.51071382,-0.00296130,0.05857770
27.560000,0,RR_2,0.54009509,-0.43318436,0.05829817
27.580000,0,FL_2,0.96657175,0.00639060,0.05879265
27.580000,0,FR_2,0.97142565,-0.36951220,0.05806553
27.580000,0,RL_2,0.51071393,-0.00296130,0.05857772
27.580000,0,RR_2,0.54009533,-0.43318424,0.05829808
27.600000,0,FL_2,0.96657151,0.00639047,0.05879251
27.600000,0,FR_2,0.97142541,-0.36951229,0.05806556
27.600000,0,RL_2,0.51071370,-0.00296137,0.05857778
27.600000,0,RR_2,0.54009515,-0.43318430,0.05829816
27.620000,0,FL_2,0.96657175,0.00639050,0.05879246
27.620000,0,FR_2,0.97142541,-0.36951235,0.05806554
27.620000,0,RL_2,0.51071370,-0.00296140,0.05857766
27.620000,0,RR_2,0.54009509,-0.43318442,0.05829816
27.640000,0,FL_2,0.96657163,0.00639059,0.05879244
27.640000,0,FR_2,0.97142553,-0.36951229,0.05806555
27.640000,0,RL_2,0.51071370,-0.00296128,0.05857767
27.640000,0,RR_2,0.54009521,-0.43318433,0.05829814
27.660000,0,FL_2,0.96657157,0.00639047,0.05879245
27.660000,0,FR_2,0.97142565,-0.36951220,0.05806567
27.660000,0,RL_2,0.51071382,-0.00296125,0.05857784
27.660000,0,RR_2,0.54009521,-0.43318427,0.05829820
27.680000,0,FL_2,0.96657175,0.00639056,0.05879249
27.680000,0,FR_2,0.97142565,-0.36951214,0.05806574
27.680000,0,RL_2,0.51071376,-0.00296136,0.05857771
27.680000,0,RR_2,0.54009521,-0.43318430,0.05829829
27.700000,0,FL_2,0.96657151,0.00639056,0.05879248
27.700000,0,FR_2,0.97142565,-0.36951211,0.05806558
27.700000,0,RL_2,0.51071376,-0.00296129,0.05857762
27.700000,0,RR_2,0.54009539,-0.43318439,0.05829810
27.720000,0,FL_2,0.96657187,0.00639053,0.05879249
27.720000,0,FR_2,0.97142577,-0.36951217,0.05806564
27.720000,0,RL_2,0.51071388,-0.00296134,0.05857772
27.720000,0,RR_2,0.54009509,-0.43318427,0.05829824
27.740000,0,FL_2,0.96657151,0.00639053,0.05879248
27.740000,0,FR_2,0.97142565,-0.36951232,0.05806545
27.740000,0,RL_2,0.51071393,-0.00296128,0.05857756
27.740000,0,RR_2,0.54009527,-0.43318433,0.05829814
27.760000,0,FL_2,0.96657157,0.00639056,0.05879247
27.760000,0,FR_2,0.97142553,-0.36951223,0.05806554
27.760000,0,RL_2,0.51071376,-0.00296125,0.05857776
27.760000,0,RR_2,0.54009521,-0.43318430,0.05829800
27.780000,0,FL_2,0.96657175,0.00639064,0.05879251
27.780000,0,FR_2,0.97142565,-0.36951211,0.05806543
27.780000,0,RL_2,0.51071388,-0.00296126,0.05857779
27.780000,0,RR_2,0.54009521,-0.43318427,0.05829803
27.800000,0,FL_2,0.96657199,0.00639049,0.05879238
27.800000,0,FR_2,0.97142565,-0.36951229,0.05806564
27.800000,0,RL_2,0.51071388,-0.00296136,0.05857776
27.800000,0,RR_2,0.54009533,-0.43318436,0.05829814
27.820000,0,FL_2,0.96657151,0.00639058,0.05879255
27.820000,0,FR_2,0.97142565,-0.36951211,0.05806555
27.820000,0,RL_2,0.51071376,-0.00296139,0.05857764
27.820000,0,RR_2,0.54009515,-0.43318433,0.05829801
27.840000,0,FL_2,0.96657151,0.00639041,0.05879254
27.840000,0,FR_2,0.97142535,-0.36951223,0.05806566
27.840000,0,RL_2,0.51071370,-0.00296137,0.05857766
27.840000,0,RR_2,0.54009509,-0.43318433,0.05829826
27.860000,0,FL_2,0.96657175,0.00639052,0.05879247
27.860000,0,FR_2,0.97142565,-0.36951217,0.05806561
27.860000,0,RL_2,0.51071393,-0.00296134,0.05857759
27.860000,0,RR_2,0.54009533,-0.43318436,0.05829799
27.880000,0,FL_2,0.96657187,0.00639053,0.05879252
27.880000,0,FR_2,0.97142553,-0.36951220,0.05806568
27.880000,0,RL_2,0.51071382,-0.00296130,0.05857782
27.880000,0,RR_2,0.54009545,-0.43318433,0.05829829
27.900000,0,FL_2,0.96657163,0.00639053,0.05879261
27.900000,0,FR_2,0.97142577,-0.36951220,0.05806563
27.900000,0,RL_2,0.51071399,-0.00296136,0.05857771
27.900000,0,RR_2,0.54009527,-0.43318430,0.05829822
27.920000,0,FL_2,0.96657175,0.00639060,0.05879251
27.920000,0,FR_2,0.97142589,-0.36951208,0.05806576
27.920000,0,RL_2,0.51071399,-0.00296130,0.05857771
27.920000,0,RR_2,0.54009521,-0.43318430,0.05829835
27.940000,0,FL_2,0.96657157,0.00639045,0.05879244
27.940000,0,FR_2,0.97142565,-0.36951235,0.05806563
27.940000,0,RL_2,0.51071388,-0.00296139,0.05857778
27.940000,0,RR_2,0.54009485,-0.43318442,0.05829827
27.960000,0,FL_2,0.96657151,0.00639063,0.05879237
27.960000,0,FR_2,0.97142565,-0.36951217,0.05806562
27.960000,0,RL_2,0.51071376,-0.00296131,0.05857767
27.960000,0,RR_2,0.54009515,-0.43318430,0.05829829
27.980000,0,FL_2,0.96657175,0.00639061,0.05879246
27.980000,0,FR_2,0.97142577,-0.36951214,0.05806568
27.980000,0,RL_2,0.51071399,-0.00296135,0.05857768
27.980000,0,RR_2,0.54009503,-0.43318433,0.05829808
28.000000,0,FL_2,0.96657151,0.00639052,0.05879243
28.000000,0,FR_2,0.97142541,-0.36951223,0.05806554
28.000000,0,RL_2,0.51071370,-0.00296133,0.05857784
28.000000,0,RR_2,0.54009521,-0.43318439,0.05829822
28.020000,0,FL_2,0.96657151,0.00639057,0.05879248
28.020000,0,FR_2,0.97142541,-0.36951214,0.05806554
28.020000,0,RL_2,0.51071393,-0.00296132,0.05857758
28.020000,0,RR_2,0.54009515,-0.43318430,0.05829806
28.040000,0,FL_2,0.96657163,0.00639059,0.05879239
28.040000,0,FR_2,0.97142553,-0.36951214,0.05806553
28.040000,0,RL_2,0.51071393,-0.00296134,0.05857763
28.040000,0,RR_2,0.54009503,-0.43318427,0.05829811
28.060000,0,FL_2,0.96657163,0.00639061,0.05879250
28.060000,0,FR_2,0.97142553,-0.36951208,0.05806549
28.060000,0,RL_2,0.51071370,-0.00296125,0.05857765
28.060000,0,RR_2,0.54009539,-0.43318433,0.05829798
28.080000,0,FL_2,0.96657175,0.00639068,0.05879248
28.080000,0,FR_2,0.97142565,-0.36951226,0.05806553
28.080000,0,RL_2,0.51071370,-0.00296134,0.05857767
28.080000,0,RR_2,0.54009509,-0.43318430,0.05829810
28.100000,0,FL_2,0.96657175,0.00639052,0.05879259
28.100000,0,FR_2,0.97142577,-0.36951217,0.05806573
28.100000,0,RL_2,0.51071382,-0.00296136,0.05857771
28.100000,0,RR_2,0.54009515,-0.43318430,0.05829826
28.120000,0,FL_2,0.96657175,0.00639062,0.05879236
28.120000,0,FR_2,0.97142541,-0.36951223,0.05806560
28.120000,0,RL_2,0.51071370,-0.00296137,0.05857776
28.120000,0,RR_2,0.54009497,-0.43318424,0.05829827
28.140000,0,FL_2,0.96657151,0.00639066,0.05879257
28.140000,0,FR_2,0.97142541,-0.36951217,0.05806548
28.140000,0,RL_2,0.51071376,-0.00296131,0.05857765
28.140000,0,RR_2,0.54009515,-0.43318430,0.05829813
28.160000,0,FL_2,0.96657175,0.00639055,0.05879252
28.160000,0,FR_2,0.97142589,-0.36951223,0.05806562
28.160000,0,RL_2,0.51071393,-0.00296130,0.05857779
28.160000,0,RR_2,0.54009551,-0.43318427,0.05829818
28.180000,0,FL_2,0.96657175,0.00639066,0.05879253
28.180000,0,FR_2,0.97142565,-0.36951211,0.05806554
28.180000,0,RL_2,0.51071370,-0.00296130,0.05857767
28.180000,0,RR_2,0.54009509,-0.43318433,0.05829819
28.200000,0,FL_2,0.96657181,0.00639058,0.05879246
28.200000,0,FR_2,0.97142589,-0.36951217,0.05806561
28.200000,0,RL_2,0.51071388,-0.00296131,0.05857777
28.200000,0,RR_2,0.54009521,-0.43318430,0.05829810
28.220000,0,FL_2,0.96657175,0.00639064,0.05879272
28.220000,0,FR_2,0.97142565,-0.36951205,0.05806571
28.220000,0,RL_2,0.51071388,-0.00296135,0.05857765
28.220000,0,RR_2,0.54009503,-0.43318430,0.05829814
28.240000,0,FL_2,0.96657175,0.00639067,0.05879268
28.240000,0,FR_2,0.97142565,-0.36951214,0.05806566
28.240000,0,RL_2,0.51071405,-0.00296129,0.05857777
28.240000,0,RR_2,0.54009527,-0.43318439,0.05829817
28.260000,0,FL_2,0.96657175,0.00639055,0.05879253
28.260000,0,FR_2,0.97142559,-0.36951220,0.05806556
28.260000,0,RL_2,0.51071376,-0.00296131,0.05857773
28.260000,0,RR_2,0.54009533,-0.43318430,0.05829813
28.280000,0,FL_2,0.96657151,0.00639051,0.05879251
28.280000,0,FR_2,0.97142577,-0.36951226,0.05806549
28.280000,0,RL_2,0.51071399,-0.00296135,0.05857773
28.280000,0,RR_2,0.54009521,-0.43318439,0.05829812
28.300000,0,FL_2,0.96657163,0.00639048,0.05879251
28.300000,0,FR_2,0.97142589,-0.36951214,0.05806553
28.300000,0,RL_2,0.51071393,-0.00296135,0.05857776
28.300000,0,RR_2,0.54009533,-0.43318424,0.05829811
28.320000,0,FL_2,0.96657151,0.00639053,0.05879253
28.320000,0,FR_2,0.97142565,-0.36951214,0.05806556
28.320000,0,RL_2,0.51071382,-0.00296136,0.05857784
28.320000,0,RR_2,0.54009521,-0.43318427,0.05829816
28.340000,0,FL_2,0.96657169,0.00639043,0.05879234
28.340000,0,FR_2,0.97142565,-0.36951229,0.05806574
28.340000,0,RL_2,0.51071370,-0.00296137,0.05857774
28.340000,0,RR_2,0.54009503,-0.43318433,0.05829827
28.360000,0,FL_2,0.96657163,0.00639069,0.05879250
28.360000,0,FR_2,0.97142589,-0.36951214,0.05806546
28.360000,0,RL_2,0.51071393,-0.00296139,0.05857769
28.360000,0,RR_2,0.54009521,-0.43318439,0.05829824
28.380000,0,FL_2,0.96657175,0.00639057,0.05879243
28.380000,0,FR_2,0.97142577,-0.36951217,0.05806563
28.380000,0,RL_2,0.51071388,-0.00296128,0.05857770
28.380000,0,RR_2,0.54009521,-0.43318436,0.05829813
28.400000,0,FL_2,0.96657175,0.00639058,0.05879259
28.400000,0,FR_2,0.97142565,-0.36951217,0.05806547
28.400000,0,RL_2,0.51071388,-0.00296127,0.05857768
28.400000,0,RR_2,0.54009533,-0.43318427,0.05829816
28.420000,0,FL_2,0.96657187,0.00639065,0.05879261
28.420000,0,FR_2,0.97142565,-0.36951211,0.05806554
28.420000,0,RL_2,0.51071376,-0.00296120,0.05857774
28.420000,0,RR_2,0.54009515,-0.43318433,0.05829816
28.440000,0,FL_2,0.96657169,0.00639047,0.05879256
28.440000,0,FR_2,0.97142565,-0.36951226,0.05806561
28.440000,0,RL_2,0.51071382,-0.00296114,0.05857789
28.440000,0,RR_2,0.54009533,-0.43318421,0.05829826
28.460000,0,FL_2,0.96657175,0.00639056,0.05879249
28.460000,0,FR_2,0.97142565,-0.36951220,0.05806558
28.460000,0,RL_2,0.51071399,-0.00296135,0.05857769
28.460000,0,RR_2,0.54009533,-0.43318430,0.05829825
28.480000,0,FL_2,0.96657163,0.00639059,0.05879258
28.480000,0,FR_2,0.97142577,-0.36951211,0.05806544
28.480000,0,RL_2,0.51071382,-0.00296136,0.05857769
28.480000,0,RR_2,0.54009509,-0.43318430,0.05829816
28.500000,0,FL_2,0.96657187,0.00639050,0.05879259
28.500000,0,FR_2,0.97142529,-0.36951217,0.05806562
28.500000,0,RL_2,0.51071393,-0.00296121,0.05857778
28.500000,0,RR_2,0.54009515,-0.43318439,0.05829798
28.520000,0,FL_2,0.96657199,0.00639063,0.05879249
28.520000,0,FR_2,0.97142595,-0.36951214,0.05806555
28.520000,0,RL_2,0.51071393,-0.00296134,0.05857774
28.520000,0,RR_2,0.54009521,-0.43318433,0.05829823
28.540000,0,FL_2,0.96657187,0.00639061,0.05879262
28.540000,0,FR_2,0.97142577,-0.36951226,0.05806562
28.540000,0,RL_2,0.51071393,-0.00296125,0.05857782
28.540000,0,RR_2,0.54009509,-0.43318433,0.05829820
28.560000,0,FL_2,0.96657175,0.00639071,0.05879260
28.560000,0,FR_2,0.97142577,-0.36951214,0.05806563
28.560000,0,RL_2,0.51071370,-0.00296137,0.05857776
28.560000,0,RR_2,0.54009527,-0.43318430,0.05829811
28.580000,0,FL_2,0.96657193,0.00639059,0.05879257
28.580000,0,FR_2,0.97142595,-0.36951202,0.05806551
28.580000,0,RL_2,0.51071393,-0.00296127,0.05857770
28.580000,0,RR_2,0.54009527,-0.43318430,0.05829810
28.600000,0,FL_2,0.96657175,0.00639059,0.05879245
28.600000,0,FR_2,0.97142553,-0.36951217,0.05806555
28.600000,0,RL_2,0.51071382,-0.00296134,0.05857780
28.600000,0,RR_2,0.54009515,-0.43318439,0.05829804
28.620000,0,FL_2,0.96657157,0.00639051,0.05879240
28.620000,0,FR_2,0.97142577,-0.36951226,0.05806560
28.620000,0,RL_2,0.51071399,-0.00296138,0.05857785
28.620000,0,RR_2,0.54009539,-0.43318439,0.05829826
28.640000,0,FL_2,0.96657175,0.00639058,0.05879240
28.640000,0,FR_2,0.97142565,-0.36951217,0.05806553
28.640000,0,RL_2,0.51071382,-0.00296133,0.05857755
28.640000,0,RR_2,0.54009545,-0.43318433,0.05829800
28.660000,0,FL_2,0.96657151,0.00639050,0.05879245
28.660000,0,FR_2,0.97142577,-0.36951220,0.05806560
28.660000,0,RL_2,0.51071376,-0.00296133,0.05857776
28.660000,0,RR_2,0.54009521,-0.43318439,0.05829825
28.680000,0,FL_2,0.96657193,0.00639059,0.05879245
28.680000,0,FR_2,0.97142565,-0.36951223,0.05806560
28.680000,0,RL_2,0.51071376,-0.00296132,0.05857782
28.680000,0,RR_2,0.54009515,-0.43318433,0.05829810
28.700000,0,FL_2,0.96657151,0.00639061,0.05879251
28.700000,0,FR_2,0.97142589,-0.36951220,0.05806566
28.700000,0,RL_2,0.51071393,-0.00296142,0.05857772
28.700000,0,RR_2,0.54009521,-0.43318439,0.05829814
28.720000,0,FL_2,0.96657175,0.00639060,0.05879236
28.720000,0,FR_2,0.97142565,-0.36951214,0.05806544
28.720000,0,RL_2,0.51071370,-0.00296134,0.05857781
28.720000,0,RR_2,0.54009509,-0.43318439,0.05829807
28.740000,0,FL_2,0.96657163,0.00639046,0.05879242
28.740000,0,FR_2,0.97142565,-0.36951229,0.05806564
28.740000,0,RL_2,0.51071370,-0.00296148,0.05857782
28.740000,0,RR_2,0.54009503,-0.43318436,0.05829829
28.760000,0,FL_2,0.96657163,0.00639050,0.05879250
28.760000,0,FR_2,0.97142535,-0.36951223,0.05806562
28.760000,0,RL_2,0.51071376,-0.00296131,0.05857756
28.760000,0,RR_2,0.54009521,-0.43318439,0.05829813
28.780000,0,FL_2,0.96657175,0.00639055,0.05879253
28.780000,0,FR_2,0.97142553,-0.36951223,0.05806567
28.780000,0,RL_2,0.51071388,-0.00296137,0.05857770
28.780000,0,RR_2,0.54009509,-0.43318433,0.05829795
28.800000,0,FL_2,0.96657151,0.00639061,0.05879251
28.800000,0,FR_2,0.97142541,-0.36951217,0.05806554
28.800000,0,RL_2,0.51071376,-0.00296142,0.05857785
28.800000,0,RR_2,0.54009509,-0.43318436,0.05829833
28.820000,0,FL_2,0.96657187,0.00639050,0.05879249
28.820000,0,FR_2,0.97142577,-0.36951211,0.05806572
28.820000,0,RL_2,0.51071388,-0.00296122,0.05857775
28.820000,0,RR_2,0.54009533,-0.43318430,0.05829822
28.840000,0,FL_2,0.96657175,0.00639058,0.05879249
28.840000,0,FR_2,0.97142565,-0.36951214,0.05806557
28.840000,0,RL_2,0.51071382,-0.00296132,0.05857781
28.840000,0,RR_2,0.54009527,-0.43318427,0.05829820
28.860000,0,FL_2,0.96657163,0.00639053,0.05879249
28.860000,0,FR_2,0.97142535,-0.36951223,0.05806553
28.860000,0,RL_2,0.51071388,-0.00296133,0.05857775
28.860000,0,RR_2,0.54009515,-0.43318442,0.05829816
28.880000,0,FL_2,0.96657175,0.00639060,0.05879249
28.880000,0,FR_2,0.97142565,-0.36951223,0.05806557
28.880000,0,RL_2,0.51071382,-0.00296137,0.05857770
28.880000,0,RR_2,0.54009533,-0.43318442,0.05829817
28.900000,0,FL_2,0.96657175,0.00639056,0.05879263
28.900000,0,FR_2,0.97142565,-0.36951211,0.05806563
28.900000,0,RL_2,0.51071358,-0.00296135,0.05857771
28.900000,0,RR_2,0.54009515,-0.43318421,0.05829825
28.920000,0,FL_2,0.96657145,0.00639057,0.05879244
28.920000,0,FR_2,0.97142565,-0.36951220,0.05806564
28.920000,0,RL_2,0.51071376,-0.00296133,0.05857778
28.920000,0,RR_2,0.54009515,-0.43318427,0.05829821
28.940000,0,FL_2,0.96657175,0.00639051,0.05879245
28.940000,0,FR_2,0.97142565,-0.36951220,0.05806564
28.940000,0,RL_2,0.51071393,-0.00296136,0.05857769
28.940000,0,RR_2,0.54009539,-0.43318433,0.05829811
28.960000,0,FL_2,0.96657151,0.00639049,0.05879245
28.960000,0,FR_2,0.97142565,-0.36951235,0.05806566
28.960000,0,RL_2,0.51071370,-0.00296133,0.05857770
28.960000,0,RR_2,0.54009539,-0.43318430,0.05829821
28.980000,0,FL_2,0.96657175,0.00639065,0.05879249
28.980000,0,FR_2,0.97142565,-0.36951220,0.05806557
28.980000,0,RL_2,0.51071382,-0.00296127,0.05857769
28.980000,0,RR_2,0.54009509,-0.43318421,0.05829797
29.000000,0,FL_2,0.96657175,0.00639053,0.05879252
29.000000,0,FR_2,0.97142565,-0.36951226,0.05806563
29.000000,0,RL_2,0.51071376,-0.00296132,0.05857776
29.000000,0,RR_2,0.54009503,-0.43318421,0.05829822
29.020000,0,FL_2,0.96657199,0.00639059,0.05879256
29.020000,0,FR_2,0.97142589,-0.36951217,0.05806566
29.020000,0,RL_2,0.51071405,-0.00296131,0.05857774
29.020000,0,RR_2,0.54009521,-0.43318442,0.05829826
29.040000,0,FL_2,0.96657151,0.00639056,0.05879255
29.040000,0,FR_2,0.97142565,-0.36951220,0.05806556
29.040000,0,RL_2,0.51071376,-0.00296130,0.05857776
29.040000,0,RR_2,0.54009539,-0.43318433,0.05829809
29.060000,0,FL_2,0.96657175,0.00639061,0.05879260
29.060000,0,FR_2,0.97142547,-0.36951208,0.05806544
29.060000,0,RL_2,0.51071382,-0.00296139,0.05857762
29.060000,0,RR_2,0.54009521,-0.43318436,0.05829798
29.080000,0,FL_2,0.96657175,0.00639051,0.05879256
29.080000,0,FR_2,0.97142565,-0.36951217,0.05806552
29.080000,0,RL_2,0.51071376,-0.00296132,0.05857769
29.080000,0,RR_2,0.54009533,-0.43318430,0.05829809
29.100000,0,FL_2,0.96657151,0.00639061,0.05879246
29.100000,0,FR_2,0.97142589,-0.36951217,0.05806572
29.100000,0,RL_2,0.51071370,-0.00296148,0.05857770
29.100000,0,RR_2,0.54009503,-0.43318442,0.05829840
29.120000,0,FL_2,0.96657151,0.00639056,0.05879247
29.120000,0,FR_2,0.97142535,-0.36951214,0.05806555
29.120000,0,RL_2,0.51071376,-0.00296133,0.05857770
29.120000,0,RR_2,0.54009509,-0.43318439,0.05829802
29.140000,0,FL_2,0.96657151,0.00639047,0.05879262
29.140000,0,FR_2,0.97142565,-0.36951214,0.05806570
29.140000,0,RL_2,0.51071382,-0.00296137,0.05857771
29.140000,0,RR_2,0.54009527,-0.43318427,0.05829819
29.160000,0,FL_2,0.96657163,0.00639060,0.05879254
29.160000,0,FR_2,0.97142577,-0.36951214,0.05806554
29.160000,0,RL_2,0.51071370,-0.00296138,0.05857770
29.160000,0,RR_2,0.54009515,-0.43318430,0.05829816
29.180000,0,FL_2,0.96657151,0.00639055,0.05879251
29.180000,0,FR_2,0.97142565,-0.36951214,0.05806560
29.180000,0,RL_2,0.51071376,-0.00296121,0.05857762
29.180000,0,RR_2,0.54009521,-0.43318430,0.05829806
29.200000,0,FL_2,0.96657175,0.00639059,0.05879249
29.200000,0,FR_2,0.97142565,-0.36951217,0.05806562
29.200000,0,RL_2,0.51071376,-0.00296133,0.05857768
29.200000,0,RR_2,0.54009521,-0.43318430,0.05829809
29.220000,0,FL_2,0.96657175,0.00639057,0.05879254
29.220000,0,FR_2,0.97142565,-0.36951217,0.05806565
29.220000,0,RL_2,0.51071370,-0.00296138,0.05857774
29.220000,0,RR_2,0.54009521,-0.43318430,0.05829839
29.240000,0,FL_2,0.96657163,0.00639060,0.05879246
29.240000,0,FR_2,0.97142553,-0.36951211,0.05806551
29.240000,0,RL_2,0.51071364,-0.00296137,0.05857754
29.240000,0,RR_2,0.54009527,-0.43318418,0.05829807
29.260000,0,FL_2,0.96657145,0.00639054,0.05879249
29.260000,0,FR_2,0.97142565,-0.36951223,0.05806575
29.260000,0,RL_2,0.51071399,-0.00296131,0.05857777
29.260000,0,RR_2,0.54009521,-0.43318430,0.05829827
29.280000,0,FL_2,0.96657199,0.00639058,0.05879248
29.280000,0,FR_2,0.97142565,-0.36951220,0.05806554
29.280000,0,RL_2,0.51071399,-0.00296130,0.05857768
29.280000,0,RR_2,0.54009527,-0.43318424,0.05829805
29.300000,0,FL_2,0.96657175,0.00639066,0.05879247
29.300000,0,FR_2,0.97142565,-0.36951208,0.05806550
29.300000,0,RL_2,0.51071388,-0.00296137,0.05857765
29.300000,0,RR_2,0.54009533,-0.43318444,0.05829813
29.320000,0,FL_2,0.96657151,0.00639059,0.05879246
29.320000,0,FR_2,0.97142553,-0.36951211,0.05806562
29.320000,0,RL_2,0.51071370,-0.00296136,0.05857771
29.320000,0,RR_2,0.54009527,-0.43318427,0.05829811
29.340000,0,FL_2,0.96657169,0.00639062,0.05879257
29.340000,0,FR_2,0.97142589,-0.36951220,0.05806571
29.340000,0,RL_2,0.51071393,-0.00296126,0.05857776
29.340000,0,RR_2,0.54009521,-0.43318436,0.05829814
29.360000,0,FL_2,0.96657157,0.00639063,0.05879257
29.360000,0,FR_2,0.97142547,-0.36951205,0.05806558
29.360000,0,RL_2,0.51071376,-0.00296123,0.05857770
29.360000,0,RR_2,0.54009521,-0.43318430,0.05829825
29.380000,0,FL_2,0.96657169,0.00639058,0.05879247
29.380000,0,FR_2,0.97142547,-0.36951217,0.05806560
29.380000,0,RL_2,0.51071388,-0.00296131,0.05857769
29.380000,0,RR_2,0.54009521,-0.43318436,0.05829811
29.400000,0,FL_2,0.96657169,0.00639064,0.05879256
29.400000,0,FR_2,0.97142559,-0.36951220,0.05806554
29.400000,0,RL_2,0.51071399,-0.00296124,0.05857755
29.400000,0,RR_2,0.54009533,-0.43318424,0.05829804
29.420000,0,FL_2,0.96657181,0.00639070,0.05879236
29.420000,0,FR_2,0.97142547,-0.36951226,0.05806565
29.420000,0,RL_2,0.51071376,-0.00296121,0.05857777
29.420000,0,RR_2,0.54009515,-0.43318421,0.05829815
29.440000,0,FL_2,0.96657169,0.00639071,0.05879264
29.440000,0,FR_2,0.97142565,-0.36951214,0.05806549
29.440000,0,RL_2,0.51071382,-0.00296138,0.05857772
29.440000,0,RR_2,0.54009527,-0.43318439,0.05829814
29.460000,0,FL_2,0.96657181,0.00639054,0.05879256
29.460000,0,FR_2,0.97142601,-0.36951220,0.05806558
29.460000,0,RL_2,0.51071405,-0.00296135,0.05857757
29.460000,0,RR_2,0.54009515,-0.43318433,0.05829819
29.480000,0,FL_2,0.96657181,0.00639056,0.05879247
29.480000,0,FR_2,0.97142583,-0.36951217,0.05806558
29.480000,0,RL_2,0.51071388,-0.00296128,0.05857765
29.480000,0,RR_2,0.54009521,-0.43318427,0.05829823
29.500000,0,FL_2,0.96657169,0.00639053,0.05879245
29.500000,0,FR_2,0.97142535,-0.36951232,0.05806557
29.500000,0,RL_2,0.51071370,-0.00296135,0.05857773
29.500000,0,RR_2,0.54009539,-0.43318421,0.05829821
29.520000,0,FL_2,0.96657169,0.00639059,0.05879261
29.520000,0,FR_2,0.97142559,-0.36951211,0.05806550
29.520000,0,RL_2,0.51071358,-0.00296128,0.05857762
29.520000,0,RR_2,0.54009521,-0.43318421,0.05829811
29.540000,0,FL_2,0.96657181,0.00639054,0.05879244
29.540000,0,FR_2,0.97142571,-0.36951232,0.05806550
29.540000,0,RL_2,0.51071393,-0.00296135,0.05857771
29.540000,0,RR_2,0.54009521,-0.43318439,0.05829806
29.560000,0,FL_2,0.96657157,0.00639059,0.05879253
29.560000,0,FR_2,0.97142571,-0.36951217,0.05806552
29.560000,0,RL_2,0.51071388,-0.00296138,0.05857764
29.560000,0,RR_2,0.54009539,-0.43318433,0.05829806
29.580000,0,FL_2,0.96657181,0.00639052,0.05879235
29.580000,0,FR_2,0.97142559,-0.36951226,0.05806557
29.580000,0,RL_2,0.51071423,-0.00296127,0.05857771
29.580000,0,RR_2,0.54009545,-0.43318433,0.05829814
29.600000,0,FL_2,0.96657169,0.00639056,0.05879255
29.600000,0,FR_2,0.97142583,-0.36951217,0.05806569
29.600000,0,RL_2,0.51071388,-0.00296132,0.05857772
29.600000,0,RR_2,0.54009527,-0.43318433,0.05829820
29.620000,0,FL_2,0.96657169,0.00639059,0.05879250
29.620000,0,FR_2,0.97142547,-0.36951214,0.05806557
29.620000,0,RL_2,0.51071364,-0.00296132,0.05857787
29.620000,0,RR_2,0.54009509,-0.43318424,0.05829818
29.640000,0,FL_2,0.96657181,0.00639056,0.05879257
29.640000,0,FR_2,0.97142571,-0.36951229,0.05806556
29.640000,0,RL_2,0.51071388,-0.00296124,0.05857774
29.640000,0,RR_2,0.54009533,-0.43318433,0.05829814
29.660000,0,FL_2,0.96657145,0.00639061,0.05879257
29.660000,0,FR_2,0.97142535,-0.36951214,0.05806553
29.660000,0,RL_2,0.51071382,-0.00296141,0.05857766
29.660000,0,RR_2,0.54009533,-0.43318439,0.05829819
29.680000,0,FL_2,0.96657169,0.00639055,0.05879236
29.680000,0,FR_2,0.97142559,-0.36951220,0.05806563
29.680000,0,RL_2,0.51071399,-0.00296139,0.05857766
29.680000,0,RR_2,0.54009503,-0.43318444,0.05829822
29.700000,0,FL_2,0.96657175,0.00639056,0.05879249
29.700000,0,FR_2,0.97142547,-0.36951226,0.05806561
29.700000,0,RL_2,0.51071388,-0.00296140,0.05857756
29.700000,0,RR_2,0.54009515,-0.43318442,0.05829823
29.720000,0,FL_2,0.96657169,0.00639064,0.05879242
29.720000,0,FR_2,0.97142571,-0.36951223,0.05806546
29.720000,0,RL_2,0.51071405,-0.00296132,0.05857755
29.720000,0,RR_2,0.54009521,-0.43318430,0.05829814
29.740000,0,FL_2,0.96657175,0.00639062,0.05879245
29.740000,0,FR_2,0.97142571,-0.36951223,0.05806549
29.740000,0,RL_2,0.51071376,-0.00296132,0.05857755
29.740000,0,RR_2,0.54009521,-0.43318442,0.05829814
29.760000,0,FL_2,0.96657181,0.00639058,0.05879254
29.760000,0,FR_2,0.97142571,-0.36951223,0.05806563
29.760000,0,RL_2,0.51071393,-0.00296130,0.05857762
29.760000,0,RR_2,0.54009545,-0.43318433,0.05829820
29.780000,0,FL_2,0.96657181,0.00639060,0.05879250
29.780000,0,FR_2,0.97142571,-0.36951217,0.05806568
29.780000,0,RL_2,0.51071388,-0.00296134,0.05857778
29.780000,0,RR_2,0.54009533,-0.43318436,0.05829825
29.800000,0,FL_2,0.96657169,0.00639045,0.05879240
29.800000,0,FR_2,0.97142547,-0.36951217,0.05806564
29.800000,0,RL_2,0.51071399,-0.00296135,0.05857774
29.800000,0,RR_2,0.54009521,-0.43318436,0.05829822
29.820000,0,FL_2,0.96657157,0.00639059,0.05879247
29.820000,0,FR_2,0.97142571,-0.36951223,0.05806552
29.820000,0,RL_2,0.51071393,-0.00296132,0.05857762
29.820000,0,RR_2,0.54009527,-0.43318430,0.05829813
29.840000,0,FL_2,0.96657193,0.00639040,0.05879243
29.840000,0,FR_2,0.97142559,-0.36951235,0.05806559
29.840000,0,RL_2,0.51071405,-0.00296140,0.05857773
29.840000,0,RR_2,0.54009521,-0.43318430,0.05829806
29.860000,0,FL_2,0.96657169,0.00639053,0.05879248
29.860000,0,FR_2,0.97142583,-0.36951226,0.05806564
29.860000,0,RL_2,0.51071399,-0.00296145,0.05857783
29.860000,0,RR_2,0.54009521,-0.43318421,0.05829827
29.880000,0,FL_2,0.96657169,0.00639057,0.05879249
29.880000,0,FR_2,0.97142571,-0.36951214,0.05806554
29.880000,0,RL_2,0.51071405,-0.00296121,0.05857764
29.880000,0,RR_2,0.54009527,-0.43318444,0.05829813
29.900000,0,FL_2,0.96657169,0.00639064,0.05879263
29.900000,0,FR_2,0.97142583,-0.36951208,0.05806568
29.900000,0,RL_2,0.51071388,-0.00296132,0.05857781
29.900000,0,RR_2,0.54009539,-0.43318439,0.05829814
29.920000,0,FL_2,0.96657169,0.00639061,0.05879255
29.920000,0,FR_2,0.97142547,-0.36951214,0.05806548
29.920000,0,RL_2,0.51071388,-0.00296128,0.05857786
29.920000,0,RR_2,0.54009539,-0.43318421,0.05829804
29.940000,0,FL_2,0.96657169,0.00639064,0.05879252
29.940000,0,FR_2,0.97142589,-0.36951208,0.05806559
29.940000,0,RL_2,0.51071393,-0.00296127,0.05857777
29.940000,0,RR_2,0.54009521,-0.43318424,0.05829814
29.960000,0,FL_2,0.96657175,0.00639055,0.05879263
29.960000,0,FR_2,0.97142559,-0.36951220,0.05806560
29.960000,0,RL_2,0.51071388,-0.00296130,0.05857773
29.960000,0,RR_2,0.54009509,-0.43318436,0.05829817
29.980000,0,FL_2,0.96657199,0.00639051,0.05879249
29.980000,0,FR_2,0.97142595,-0.36951220,0.05806562
29.980000,0,RL_2,0.51071411,-0.00296140,0.05857770
29.980000,0,RR_2,0.54009551,-0.43318436,0.05829811
30.000000,0,FL_2,0.96657175,0.00639063,0.05879257
30.000000,0,FR_2,0.97142583,-0.36951217,0.05806558
30.000000,0,RL_2,0.51071393,-0.00296138,0.05857769
30.000000,0,RR_2,0.54009521,-0.43318430,0.05829830
30.020000,0,FL_2,0.96657193,0.00639057,0.05879259
30.020000,0,FR_2,0.97142583,-0.36951229,0.05806560
30.020000,0,RL_2,0.51071393,-0.00296126,0.05857778
30.020000,0,RR_2,0.54009539,-0.43318436,0.05829803
