time_s,segment,body,x_m,y_m,z_m
0.000000,0,FL_foot,0.24780178,0.19358142,0.02014171
0.000000,0,FR_foot,0.22555758,-0.25329512,0.02033277
0.000000,0,RL_foot,-0.15206595,0.21612467,0.02103681
0.000000,0,RR_foot,-0.19706483,-0.22886650,0.02035467
0.020000,0,FL_foot,0.24500774,0.19242185,0.02022617
0.020000,0,FR_foot,0.22451831,-0.24707124,0.02186646
0.020000,0,RL_foot,-0.16149020,0.20900038,0.02121850
0.020000,0,RR_foot,-0.20013766,-0.22678971,0.02021779
0.040000,0,FL_foot,0.24504894,0.19234194,0.02021939
0.040000,0,FR_foot,0.23125866,-0.24654439,0.02217495
0.040000,0,RL_foot,-0.16534612,0.20786591,0.02134560
0.040000,0,RR_foot,-0.20010884,-0.22683559,0.02020644
0.060000,0,FL_foot,0.24508666,0.19228803,0.02022150
0.060000,0,FR_foot,0.23586351,-0.24932566,0.02130044
0.060000,0,RL_foot,-0.16908807,0.21072233,0.02108078
0.060000,0,RR_foot,-0.20008376,-0.22688363,0.02020863
0.080000,0,FL_foot,0.24510835,0.19226998,0.02023041
0.080000,0,FR_foot,0.23736295,-0.25230289,0.02023902
0.080000,0,RL_foot,-0.17273965,0.21406682,0.02084082
0.080000,0,RR_foot,-0.20005433,-0.22695558,0.02023414
0.100000,0,FL_foot,0.24511145,0.19225398,0.02023206
0.100000,0,FR_foot,0.23740090,-0.25237593,0.02024135
0.100000,0,RL_foot,-0.17470214,0.21647173,0.02022417
0.100000,0,RR_foot,-0.20005038,-0.22703087,0.02023907
0.120000,0,FL_foot,0.24512485,0.19222914,0.02023321
0.120000,0,FR_foot,0.23741014,-0.25239965,0.02023720
0.120000,0,RL_foot,-0.17466402,0.21643138,0.02021748
0.120000,0,RR_foot,-0.20004660,-0.22707474,0.02024029
0.140000,0,FL_foot,0.24515331,0.19218905,0.02022758
0.140000,0,FR_foot,0.23739377,-0.25243980,0.02024110
0.140000,0,RL_foot,-0.17465228,0.21642826,0.02023984
0.140000,0,RR_foot,-0.20004721,-0.22707513,0.02022038
0.160000,0,FL_foot,0.24515194,0.19218251,0.02023093
0.160000,0,FR_foot,0.23739727,-0.25244689,0.02024008
0.160000,0,RL_foot,-0.17465006,0.21640553,0.02022950
0.160000,0,RR_foot,-0.20005129,-0.22709903,0.02023068
0.180000,0,FL_foot,0.24514700,0.19217837,0.02023115
0.180000,0,FR_foot,0.23739457,-0.25245059,0.02023973
0.180000,0,RL_foot,-0.17465007,0.21639296,0.02022689
0.180000,0,RR_foot,-0.20005772,-0.22710826,0.02023303
0.200000,0,FL_foot,0.24514319,0.19217536,0.02023010
0.200000,0,FR_foot,0.23738438,-0.25245303,0.02024041
0.200000,0,RL_foot,-0.17465715,0.21639748,0.02023288
0.200000,0,RR_foot,-0.20006408,-0.22710322,0.02022915
0.220000,0,FL_foot,0.24513021,0.19218430,0.02023092
0.220000,0,FR_foot,0.23737931,-0.25244340,0.02024022
0.220000,0,RL_foot,-0.17466849,0.21640065,0.02023034
0.220000,0,RR_foot,-0.20007196,-0.22710033,0.02023139
0.240000,0,FL_foot,0.24511556,0.19219658,0.02023124
0.240000,0,FR_foot,0.23737256,-0.25243017,0.02024049
0.240000,0,RL_foot,-0.17468199,0.21641031,0.02023064
0.240000,0,RR_foot,-0.20008017,-0.22709018,0.02023152
0.260000,0,FL_foot,0.24509948,0.19221218,0.02023130
0.260000,0,FR_foot,0.23736453,-0.25241396,0.02024086
0.260000,0,RL_foot,-0.17469826,0.21642496,0.02023180
0.260000,0,RR_foot,-0.20008822,-0.22707546,0.02023081
0.280000,0,FL_foot,0.24508047,0.19223188,0.02023162
0.280000,0,FR_foot,0.23735780,-0.25239325,0.02024091
0.280000,0,RL_foot,-0.17471573,0.21644065,0.02023124
0.280000,0,RR_foot,-0.20009650,-0.22705980,0.02023164
0.300000,0,FL_foot,0.24506156,0.19225320,0.02023214
0.300000,0,FR_foot,0.23735069,-0.25237077,0.02024111
0.300000,0,RL_foot,-0.17473450,0.21645984,0.02023190
0.300000,0,RR_foot,-0.20010431,-0.22704095,0.02023155
0.320000,0,FL_foot,0.24504516,0.19227314,0.02023220
0.320000,0,FR_foot,0.23734376,-0.25234786,0.02024149
0.320000,0,RL_foot,-0.17475115,0.21647753,0.02023219
0.320000,0,RR_foot,-0.20011221,-0.22702171,0.02023176
0.340000,0,FL_foot,0.24502575,0.19229575,0.02023280
0.340000,0,FR_foot,0.23733701,-0.25232428,0.02024188
0.340000,0,RL_foot,-0.17476989,0.21649730,0.02023274
0.340000,0,RR_foot,-0.20011963,-0.22700211,0.02023207
0.360000,0,FL_foot,0.24500646,0.19231749,0.02023255
0.360000,0,FR_foot,0.23733075,-0.25230151,0.02024228
0.360000,0,RL_foot,-0.17478789,0.21651560,0.02023309
0.360000,0,RR_foot,-0.20012684,-0.22698353,0.02023260
0.380000,0,FL_foot,0.24498901,0.19233890,0.02023341
0.380000,0,FR_foot,0.23732452,-0.25227895,0.02024239
0.380000,0,RL_foot,-0.17480530,0.21653596,0.02023363
0.380000,0,RR_foot,-0.20013106,-0.22696170,0.02023227
0.400000,0,FL_foot,0.24497440,0.19235638,0.02023370
0.400000,0,FR_foot,0.23732121,-0.25225696,0.02024269
0.400000,0,RL_foot,-0.17481945,0.21655048,0.02023350
0.400000,0,RR_foot,-0.20013732,-0.22694533,0.02023292
0.420000,0,FL_foot,0.24495925,0.19237393,0.02023391
0.420000,0,FR_foot,0.23731539,-0.25223860,0.02024299
0.420000,0,RL_foot,-0.17483443,0.21656623,0.02023428
0.420000,0,RR_foot,-0.20014332,-0.22692938,0.02023282
0.440000,0,FL_foot,0.24494503,0.19238912,0.02023393
0.440000,0,FR_foot,0.23731038,-0.25222236,0.02024312
0.440000,0,RL_foot,-0.17484824,0.21657960,0.02023439
0.440000,0,RR_foot,-0.20014916,-0.22691590,0.02023303
0.460000,0,FL_foot,0.24493256,0.19240250,0.02023445
0.460000,0,FR_foot,0.23730542,-0.25220817,0.02024325
0.460000,0,RL_foot,-0.17486006,0.21659082,0.02023481
0.460000,0,RR_foot,-0.20015477,-0.22690444,0.02023328
0.480000,0,FL_foot,0.24492142,0.19241303,0.02023443
0.480000,0,FR_foot,0.23730096,-0.25219676,0.02024364
0.480000,0,RL_foot,-0.17487082,0.21659999,0.02023502
0.480000,0,RR_foot,-0.20015961,-0.22689505,0.02023321
0.500000,0,FL_foot,0.24491413,0.19241877,0.02023424
0.500000,0,FR_foot,0.23729655,-0.25218803,0.02024365
0.500000,0,RL_foot,-0.17487700,0.21660519,0.02023548
0.500000,0,RR_foot,-0.20016493,-0.22688816,0.02023348
0.520000,0,FL_foot,0.24490677,0.19242509,0.02023478
0.520000,0,FR_foot,0.23729204,-0.25218105,0.02024373
0.520000,0,RL_foot,-0.17488514,0.21661100,0.02023573
0.520000,0,RR_foot,-0.20016667,-0.22688012,0.02023321
0.540000,0,FL_foot,0.24489987,0.19242947,0.02023477
0.540000,0,FR_foot,0.23729034,-0.25217536,0.02024386
0.540000,0,RL_foot,-0.17489141,0.21661370,0.02023555
0.540000,0,RR_foot,-0.20017108,-0.22687732,0.02023360
0.560000,0,FL_foot,0.24489465,0.19243155,0.02023501
0.560000,0,FR_foot,0.23728661,-0.25217286,0.02024383
0.560000,0,RL_foot,-0.17489666,0.21661511,0.02023585
0.560000,0,RR_foot,-0.20017491,-0.22687551,0.02023333
0.580000,0,FL_foot,0.24489047,0.19243172,0.02023495
0.580000,0,FR_foot,0.23728289,-0.25217205,0.02024401
0.580000,0,RL_foot,-0.17490040,0.21661480,0.02023586
0.580000,0,RR_foot,-0.20017846,-0.22687547,0.02023320
0.600000,0,FL_foot,0.24488728,0.19243076,0.02023490
0.600000,0,FR_foot,0.23727980,-0.25217262,0.02024388
0.600000,0,RL_foot,-0.17490350,0.21661298,0.02023600
0.600000,0,RR_foot,-0.20018190,-0.22687709,0.02023327
0.620000,0,FL_foot,0.24488534,0.19242831,0.02023487
0.620000,0,FR_foot,0.23727675,-0.25217474,0.02024398
0.620000,0,RL_foot,-0.17490560,0.21661037,0.02023610
0.620000,0,RR_foot,-0.20018533,-0.22687937,0.02023336
0.640000,0,FL_foot,0.24488391,0.19242512,0.02023492
0.640000,0,FR_foot,0.23727423,-0.25217772,0.02024402
0.640000,0,RL_foot,-0.17490679,0.21660687,0.02023614
0.640000,0,RR_foot,-0.20018801,-0.22688280,0.02023333
0.660000,0,FL_foot,0.24488361,0.19242105,0.02023501
0.660000,0,FR_foot,0.23727180,-0.25218144,0.02024390
0.660000,0,RL_foot,-0.17490743,0.21660265,0.02023617
0.660000,0,RR_foot,-0.20019044,-0.22688697,0.02023321
0.680000,0,FL_foot,0.24488334,0.19241646,0.02023488
0.680000,0,FR_foot,0.23726954,-0.25218576,0.02024396
0.680000,0,RL_foot,-0.17490745,0.21659814,0.02023633
0.680000,0,RR_foot,-0.20019279,-0.22689128,0.02023316
0.700000,0,FL_foot,0.24488361,0.19241160,0.02023479
0.700000,0,FR_foot,0.23726775,-0.25219068,0.02024397
0.700000,0,RL_foot,-0.17490706,0.21659313,0.02023608
0.700000,0,RR_foot,-0.20019494,-0.22689621,0.02023323
0.720000,0,FL_foot,0.24488422,0.19240671,0.02023478
0.720000,0,FR_foot,0.23726600,-0.25219542,0.02024392
0.720000,0,RL_foot,-0.17490627,0.21658829,0.02023621
0.720000,0,RR_foot,-0.20019661,-0.22690071,0.02023310
0.740000,0,FL_foot,0.24488552,0.19240180,0.02023472
0.740000,0,FR_foot,0.23726465,-0.25220010,0.02024376
0.740000,0,RL_foot,-0.17490551,0.21658371,0.02023606
0.740000,0,RR_foot,-0.20019789,-0.22690532,0.02023303
0.760000,0,FL_foot,0.24488662,0.19239727,0.02023459
0.760000,0,FR_foot,0.23726353,-0.25220469,0.02024390
0.760000,0,RL_foot,-0.17490423,0.21657908,0.02023622
0.760000,0,RR_foot,-0.20019941,-0.22690991,0.02023309
0.780000,0,FL_foot,0.24488792,0.19239292,0.02023441
0.780000,0,FR_foot,0.23726270,-0.25220910,0.02024389
0.780000,0,RL_foot,-0.17490320,0.21657474,0.02023607
0.780000,0,RR_foot,-0.20020016,-0.22691408,0.02023327
0.800000,0,FL_foot,0.24488898,0.19238909,0.02023459
0.800000,0,FR_foot,0.23726209,-0.25221288,0.02024397
0.800000,0,RL_foot,-0.17490156,0.21657121,0.02023604
0.800000,0,RR_foot,-0.20020083,-0.22691767,0.02023309
0.820000,0,FL_foot,0.24489032,0.19238557,0.02023450
0.820000,0,FR_foot,0.23726180,-0.25221625,0.02024373
0.820000,0,RL_foot,-0.17490044,0.21656789,0.02023593
0.820000,0,RR_foot,-0.20020136,-0.22692090,0.02023323
0.840000,0,FL_foot,0.24489191,0.19238266,0.02023449
0.840000,0,FR_foot,0.23726130,-0.25221938,0.02024382
0.840000,0,RL_foot,-0.17489941,0.21656518,0.02023583
0.840000,0,RR_foot,-0.20020151,-0.22692366,0.02023301
0.860000,0,FL_foot,0.24489294,0.19238041,0.02023445
0.860000,0,FR_foot,0.23726124,-0.25222161,0.02024386
0.860000,0,RL_foot,-0.17489810,0.21656272,0.02023576
0.860000,0,RR_foot,-0.20020156,-0.22692595,0.02023298
0.880000,0,FL_foot,0.24489406,0.19237849,0.02023441
0.880000,0,FR_foot,0.23726130,-0.25222343,0.02024385
0.880000,0,RL_foot,-0.17489718,0.21656106,0.02023575
0.880000,0,RR_foot,-0.20020175,-0.22692764,0.02023300
0.900000,0,FL_foot,0.24489483,0.19237711,0.02023449
0.900000,0,FR_foot,0.23726133,-0.25222498,0.02024383
0.900000,0,RL_foot,-0.17489633,0.21655992,0.02023582
0.900000,0,RR_foot,-0.20020148,-0.22692886,0.02023304
0.920000,0,FL_foot,0.24489549,0.19237617,0.02023434
0.920000,0,FR_foot,0.23726162,-0.25222594,0.02024381
0.920000,0,RL_foot,-0.17489538,0.21655889,0.02023572
0.920000,0,RR_foot,-0.20020118,-0.22692969,0.02023320
0.940000,0,FL_foot,0.24489632,0.19237557,0.02023435
0.940000,0,FR_foot,0.23726200,-0.25222653,0.02024384
0.940000,0,RL_foot,-0.17489472,0.21655849,0.02023561
0.940000,0,RR_foot,-0.20020106,-0.22693013,0.02023310
0.960000,0,FL_foot,0.24489678,0.19237573,0.02023444
0.960000,0,FR_foot,0.23726256,-0.25222647,0.02024370
0.960000,0,RL_foot,-0.17489429,0.21655850,0.02023576
0.960000,0,RR_foot,-0.20020042,-0.22693020,0.02023303
0.980000,0,FL_foot,0.24489695,0.19237572,0.02023436
0.980000,0,FR_foot,0.23726289,-0.25222662,0.02024374
0.980000,0,RL_foot,-0.17489386,0.21655884,0.02023574
0.980000,0,RR_foot,-0.20020013,-0.22692993,0.02023298
1.000000,0,FL_foot,0.24489765,0.19237627,0.02023437
1.000000,0,FR_foot,0.23726328,-0.25222602,0.02024365
1.000000,0,RL_foot,-0.17489369,0.21655931,0.02023574
1.000000,0,RR_foot,-0.20019941,-0.22692956,0.02023308
1.020000,0,FL_foot,0.24489768,0.19237702,0.02023431
1.020000,0,FR_foot,0.23726383,-0.25222546,0.02024361
1.020000,0,RL_foot,-0.17489377,0.21655996,0.02023567
1.020000,0,RR_foot,-0.20019889,-0.22692879,0.02023308
1.040000,0,FL_foot,0.24489772,0.19237754,0.02023433
1.040000,0,FR_foot,0.23726428,-0.25222471,0.02024375
1.040000,0,RL_foot,-0.17489322,0.21656087,0.02023567
1.040000,0,RR_foot,-0.20019850,-0.22692792,0.02023314
1.060000,0,FL_foot,0.24489784,0.19237882,0.02023440
1.060000,0,FR_foot,0.23726496,-0.25222367,0.02024364
1.060000,0,RL_foot,-0.17489341,0.21656185,0.02023570
1.060000,0,RR_foot,-0.20019776,-0.22692712,0.02023301
1.080000,0,FL_foot,0.24489775,0.19237973,0.02023435
1.080000,0,FR_foot,0.23726536,-0.25222287,0.02024365
1.080000,0,RL_foot,-0.17489354,0.21656275,0.02023558
1.080000,0,RR_foot,-0.20019731,-0.22692618,0.02023302
1.100000,0,FL_foot,0.24489796,0.19238074,0.02023445
1.100000,0,FR_foot,0.23726566,-0.25222185,0.02024368
1.100000,0,RL_foot,-0.17489333,0.21656395,0.02023570
1.100000,0,RR_foot,-0.20019703,-0.22692499,0.02023312
1.120000,0,FL_foot,0.24489766,0.19238165,0.02023445
1.120000,0,FR_foot,0.23726606,-0.25222096,0.02024382
1.120000,0,RL_foot,-0.17489345,0.21656467,0.02023568
1.120000,0,RR_foot,-0.20019667,-0.22692421,0.02023319
1.140000,0,FL_foot,0.24489747,0.19238259,0.02023441
1.140000,0,FR_foot,0.23726636,-0.25221997,0.02024378
1.140000,0,RL_foot,-0.17489353,0.21656567,0.02023568
1.140000,0,RR_foot,-0.20019619,-0.22692327,0.02023315
1.160000,0,FL_foot,0.24489743,0.19238345,0.02023442
1.160000,0,FR_foot,0.23726676,-0.25221926,0.02024373
1.160000,0,RL_foot,-0.17489374,0.21656671,0.02023559
1.160000,0,RR_foot,-0.20019604,-0.22692247,0.02023311
1.180000,0,FL_foot,0.24489716,0.19238433,0.02023455
1.180000,0,FR_foot,0.23726711,-0.25221828,0.02024364
1.180000,0,RL_foot,-0.17489401,0.21656753,0.02023563
1.180000,0,RR_foot,-0.20019574,-0.22692163,0.02023303
1.200000,0,FL_foot,0.24489704,0.19238515,0.02023451
1.200000,0,FR_foot,0.23726706,-0.25221765,0.02024372
1.200000,0,RL_foot,-0.17489411,0.21656813,0.02023580
1.200000,0,RR_foot,-0.20019533,-0.22692086,0.02023308
1.220000,0,FL_foot,0.24489711,0.19238572,0.02023470
1.220000,0,FR_foot,0.23726732,-0.25221699,0.02024362
1.220000,0,RL_foot,-0.17489415,0.21656895,0.02023578
1.220000,0,RR_foot,-0.20019516,-0.22692037,0.02023304
1.240000,0,FL_foot,0.24489701,0.19238612,0.02023446
1.240000,0,FR_foot,0.23726752,-0.25221652,0.02024360
1.240000,0,RL_foot,-0.17489429,0.21656929,0.02023579
1.240000,0,RR_foot,-0.20019527,-0.22691987,0.02023317
1.260000,0,FL_foot,0.24489671,0.19238648,0.02023454
1.260000,0,FR_foot,0.23726740,-0.25221619,0.02024369
1.260000,0,RL_foot,-0.17489450,0.21656962,0.02023582
1.260000,0,RR_foot,-0.20019503,-0.22691967,0.02023307
1.280000,0,FL_foot,0.24489684,0.19238666,0.02023449
1.280000,0,FR_foot,0.23726749,-0.25221586,0.02024373
1.280000,0,RL_foot,-0.17489433,0.21656983,0.02023567
1.280000,0,RR_foot,-0.20019504,-0.22691932,0.02023312
1.300000,0,FL_foot,0.24489672,0.19238685,0.02023466
1.300000,0,FR_foot,0.23726784,-0.25221571,0.02024367
1.300000,0,RL_foot,-0.17489450,0.21657011,0.02023576
1.300000,0,RR_foot,-0.20019494,-0.22691904,0.02023302
1.320000,0,FL_foot,0.24489671,0.19238691,0.02023461
1.320000,0,FR_foot,0.23726748,-0.25221577,0.02024382
1.320000,0,RL_foot,-0.17489435,0.21657005,0.02023586
1.320000,0,RR_foot,-0.20019494,-0.22691907,0.02023312
1.340000,0,FL_foot,0.24489646,0.19238688,0.02023458
1.340000,0,FR_foot,0.23726778,-0.25221571,0.02024381
1.340000,0,RL_foot,-0.17489447,0.21657008,0.02023568
1.340000,0,RR_foot,-0.20019490,-0.22691907,0.02023314
1.360000,0,FL_foot,0.24489661,0.19238688,0.02023460
1.360000,0,FR_foot,0.23726751,-0.25221583,0.02024381
1.360000,0,RL_foot,-0.17489433,0.21657005,0.02023583
1.360000,0,RR_foot,-0.20019503,-0.22691925,0.02023316
1.380000,0,FL_foot,0.24489661,0.19238679,0.02023449
1.380000,0,FR_foot,0.23726757,-0.25221589,0.02024380
1.380000,0,RL_foot,-0.17489453,0.21656995,0.02023568
1.380000,0,RR_foot,-0.20019503,-0.22691938,0.02023312
1.400000,0,FL_foot,0.24489672,0.19238658,0.02023444
1.400000,0,FR_foot,0.23726732,-0.25221616,0.02024368
1.400000,0,RL_foot,-0.17489457,0.21656986,0.02023584
1.400000,0,RR_foot,-0.20019495,-0.22691932,0.02023319
1.420000,0,FL_foot,0.24489670,0.19238639,0.02023427
1.420000,0,FR_foot,0.23726735,-0.25221622,0.02024387
1.420000,0,RL_foot,-0.17489468,0.21656947,0.02023562
1.420000,0,RR_foot,-0.20019521,-0.22691970,0.02023317
1.440000,0,FL_foot,0.24489667,0.19238639,0.02023455
1.440000,0,FR_foot,0.23726748,-0.25221613,0.02024366
1.440000,0,RL_foot,-0.17489456,0.21656954,0.02023571
1.440000,0,RR_foot,-0.20019515,-0.22691955,0.02023297
1.460000,0,FL_foot,0.24489687,0.19238615,0.02023441
1.460000,0,FR_foot,0.23726732,-0.25221655,0.02024383
1.460000,0,RL_foot,-0.17489444,0.21656923,0.02023577
1.460000,0,RR_foot,-0.20019524,-0.22692001,0.02023324
1.480000,0,FL_foot,0.24489686,0.19238582,0.02023446
1.480000,0,FR_foot,0.23726715,-0.25221667,0.02024360
1.480000,0,RL_foot,-0.17489421,0.21656898,0.02023581
1.480000,0,RR_foot,-0.20019530,-0.22692019,0.02023311
1.500000,0,FL_foot,0.24489675,0.19238579,0.02023450
1.500000,0,FR_foot,0.23726735,-0.25221691,0.02024380
1.500000,0,RL_foot,-0.17489429,0.21656889,0.02023579
1.500000,0,RR_foot,-0.20019545,-0.22692028,0.02023310
1.520000,0,FL_foot,0.24489695,0.19238555,0.02023467
1.520000,0,FR_foot,0.23726693,-0.25221708,0.02024380
1.520000,0,RL_foot,-0.17489420,0.21656868,0.02023582
1.520000,0,RR_foot,-0.20019534,-0.22692043,0.02023316
1.540000,0,FL_foot,0.24489696,0.19238536,0.02023453
1.540000,0,FR_foot,0.23726705,-0.25221720,0.02024390
1.540000,0,RL_foot,-0.17489438,0.21656837,0.02023568
1.540000,0,RR_foot,-0.20019554,-0.22692081,0.02023318
1.560000,0,FL_foot,0.24489708,0.19238521,0.02023469
1.560000,0,FR_foot,0.23726696,-0.25221747,0.02024383
1.560000,0,RL_foot,-0.17489417,0.21656832,0.02023580
1.560000,0,RR_foot,-0.20019545,-0.22692068,0.02023310
1.580000,0,FL_foot,0.24489714,0.19238509,0.02023455
1.580000,0,FR_foot,0.23726703,-0.25221759,0.02024368
1.580000,0,RL_foot,-0.17489426,0.21656834,0.02023585
1.580000,0,RR_foot,-0.20019566,-0.22692095,0.02023321
1.600000,0,FL_foot,0.24489708,0.19238484,0.02023434
1.600000,0,FR_foot,0.23726709,-0.25221786,0.02024381
1.600000,0,RL_foot,-0.17489409,0.21656795,0.02023567
1.600000,0,RR_foot,-0.20019577,-0.22692102,0.02023324
1.620000,0,FL_foot,0.24489720,0.19238487,0.02023444
1.620000,0,FR_foot,0.23726699,-0.25221786,0.02024383
1.620000,0,RL_foot,-0.17489412,0.21656802,0.02023571
1.620000,0,RR_foot,-0.20019542,-0.22692117,0.02023302
1.640000,0,FL_foot,0.24489696,0.19238482,0.02023438
1.640000,0,FR_foot,0.23726706,-0.25221801,0.02024383
1.640000,0,RL_foot,-0.17489401,0.21656775,0.02023561
1.640000,0,RR_foot,-0.20019549,-0.22692126,0.02023310
1.660000,0,FL_foot,0.24489698,0.19238460,0.02023442
1.660000,0,FR_foot,0.23726690,-0.25221804,0.02024387
1.660000,0,RL_foot,-0.17489408,0.21656781,0.02023563
1.660000,0,RR_foot,-0.20019555,-0.22692131,0.02023315
1.680000,0,FL_foot,0.24489723,0.19238465,0.02023440
1.680000,0,FR_foot,0.23726709,-0.25221804,0.02024389
1.680000,0,RL_foot,-0.17489399,0.21656777,0.02023553
1.680000,0,RR_foot,-0.20019573,-0.22692133,0.02023318
1.700000,0,FL_foot,0.24489719,0.19238457,0.02023453
1.700000,0,FR_foot,0.23726705,-0.25221801,0.02024382
1.700000,0,RL_foot,-0.17489398,0.21656784,0.02023571
1.700000,0,RR_foot,-0.20019583,-0.22692132,0.02023315
1.720000,0,FL_foot,0.24489695,0.19238460,0.02023433
1.720000,0,FR_foot,0.23726705,-0.25221801,0.02024385
1.720000,0,RL_foot,-0.17489415,0.21656784,0.02023562
1.720000,0,RR_foot,-0.20019574,-0.22692138,0.02023314
1.740000,0,FL_foot,0.24489698,0.19238457,0.02023434
1.740000,0,FR_foot,0.23726711,-0.25221792,0.02024386
1.740000,0,RL_foot,-0.17489412,0.21656778,0.02023562
1.740000,0,RR_foot,-0.20019549,-0.22692125,0.02023327
1.760000,0,FL_foot,0.24489701,0.19238460,0.02023458
1.760000,0,FR_foot,0.23726708,-0.25221807,0.02024386
1.760000,0,RL_foot,-0.17489411,0.21656778,0.02023580
1.760000,0,RR_foot,-0.20019571,-0.22692131,0.02023320
1.780000,0,FL_foot,0.24489710,0.19238472,0.02023438
1.780000,0,FR_foot,0.23726700,-0.25221786,0.02024375
1.780000,0,RL_foot,-0.17489421,0.21656789,0.02023563
1.780000,0,RR_foot,-0.20019571,-0.22692125,0.02023309
1.800000,0,FL_foot,0.24489741,0.19238476,0.02023444
1.800000,0,FR_foot,0.23726706,-0.25221792,0.02024381
1.800000,0,RL_foot,-0.17489408,0.21656801,0.02023572
1.800000,0,RR_foot,-0.20019561,-0.22692117,0.02023307
1.820000,0,FL_foot,0.24489696,0.19238479,0.02023443
1.820000,0,FR_foot,0.23726708,-0.25221768,0.02024364
1.820000,0,RL_foot,-0.17489403,0.21656795,0.02023575
1.820000,0,RR_foot,-0.20019576,-0.22692110,0.02023310
1.840000,0,FL_foot,0.24489701,0.19238472,0.02023450
1.840000,0,FR_foot,0.23726708,-0.25221777,0.02024379
1.840000,0,RL_foot,-0.17489408,0.21656796,0.02023566
1.840000,0,RR_foot,-0.20019558,-0.22692107,0.02023304
1.860000,0,FL_foot,0.24489711,0.19238485,0.02023454
1.860000,0,FR_foot,0.23726709,-0.25221771,0.02024381
1.860000,0,RL_foot,-0.17489426,0.21656814,0.02023573
1.860000,0,RR_foot,-0.20019577,-0.22692102,0.02023311
1.880000,0,FL_foot,0.24489708,0.19238496,0.02023459
1.880000,0,FR_foot,0.23726696,-0.25221771,0.02024387
1.880000,0,RL_foot,-0.17489408,0.21656807,0.02023571
1.880000,0,RR_foot,-0.20019540,-0.22692102,0.02023310
1.900000,0,FL_foot,0.24489701,0.19238487,0.02023439
1.900000,0,FR_foot,0.23726712,-0.25221774,0.02024380
1.900000,0,RL_foot,-0.17489411,0.21656811,0.02023559
1.900000,0,RR_foot,-0.20019548,-0.22692095,0.02023312
1.920000,0,FL_foot,0.24489696,0.19238506,0.02023452
1.920000,0,FR_foot,0.23726703,-0.25221759,0.02024378
1.920000,0,RL_foot,-0.17489420,0.21656829,0.02023568
1.920000,0,RR_foot,-0.20019551,-0.22692095,0.02023314
1.940000,0,FL_foot,0.24489687,0.19238500,0.02023434
1.940000,0,FR_foot,0.23726705,-0.25221777,0.02024372
1.940000,0,RL_foot,-0.17489396,0.21656822,0.02023566
1.940000,0,RR_foot,-0.20019561,-0.22692102,0.02023317
1.960000,0,FL_foot,0.24489705,0.19238502,0.02023441
1.960000,0,FR_foot,0.23726691,-0.25221753,0.02024385
1.960000,0,RL_foot,-0.17489414,0.21656801,0.02023566
1.960000,0,RR_foot,-0.20019561,-0.22692095,0.02023318
1.980000,0,FL_foot,0.24489693,0.19238512,0.02023437
1.980000,0,FR_foot,0.23726706,-0.25221753,0.02024391
1.980000,0,RL_foot,-0.17489403,0.21656814,0.02023566
1.980000,0,RR_foot,-0.20019552,-0.22692095,0.02023318
2.000000,0,FL_foot,0.24489704,0.19238511,0.02023459
2.000000,0,FR_foot,0.23726696,-0.25221756,0.02024394
2.000000,0,RL_foot,-0.17489408,0.21656825,0.02023572
2.000000,0,RR_foot,-0.20019549,-0.22692078,0.02023325
2.020000,0,FL_foot,0.24489704,0.19238511,0.02023450
2.020000,0,FR_foot,0.23726717,-0.25221768,0.02024381
2.020000,0,RL_foot,-0.17489412,0.21656828,0.02023564
2.020000,0,RR_foot,-0.20019561,-0.22692081,0.02023307
2.040000,0,FL_foot,0.24489705,0.19238509,0.02023450
2.040000,0,FR_foot,0.23726718,-0.25221753,0.02024387
2.040000,0,RL_foot,-0.17489412,0.21656820,0.02023567
2.040000,0,RR_foot,-0.20019555,-0.22692093,0.02023317
2.060000,0,FL_foot,0.24489692,0.19238511,0.02023451
2.060000,0,FR_foot,0.23726690,-0.25221756,0.02024376
2.060000,0,RL_foot,-0.17489429,0.21656826,0.02023579
2.060000,0,RR_foot,-0.20019561,-0.22692075,0.02023319
2.080000,0,FL_foot,0.24489701,0.19238505,0.02023439
2.080000,0,FR_foot,0.23726685,-0.25221750,0.02024382
2.080000,0,RL_foot,-0.17489408,0.21656814,0.02023566
2.080000,0,RR_foot,-0.20019554,-0.22692083,0.02023318
2.100000,0,FL_foot,0.24489687,0.19238518,0.02023459
2.100000,0,FR_foot,0.23726703,-0.25221744,0.02024379
2.100000,0,RL_foot,-0.17489417,0.21656831,0.02023572
2.100000,0,RR_foot,-0.20019543,-0.22692084,0.02023313
2.120000,0,FL_foot,0.24489681,0.19238500,0.02023447
2.120000,0,FR_foot,0.23726703,-0.25221753,0.02024387
2.120000,0,RL_foot,-0.17489415,0.21656822,0.02023573
2.120000,0,RR_foot,-0.20019549,-0.22692083,0.02023323
2.140000,0,FL_foot,0.24489686,0.19238505,0.02023442
2.140000,0,FR_foot,0.23726717,-0.25221759,0.02024384
2.140000,0,RL_foot,-0.17489408,0.21656822,0.02023568
2.140000,0,RR_foot,-0.20019567,-0.22692099,0.02023324
2.160000,0,FL_foot,0.24489711,0.19238512,0.02023442
2.160000,0,FR_foot,0.23726714,-0.25221762,0.02024389
2.160000,0,RL_foot,-0.17489436,0.21656814,0.02023561
2.160000,0,RR_foot,-0.20019558,-0.22692087,0.02023312
2.180000,0,FL_foot,0.24489683,0.19238512,0.02023450
2.180000,0,FR_foot,0.23726687,-0.25221750,0.02024386
2.180000,0,RL_foot,-0.17489405,0.21656831,0.02023560
2.180000,0,RR_foot,-0.20019548,-0.22692080,0.02023314
2.200000,0,FL_foot,0.24489719,0.19238517,0.02023453
2.200000,0,FR_foot,0.23726708,-0.25221756,0.02024374
2.200000,0,RL_foot,-0.17489418,0.21656819,0.02023579
2.200000,0,RR_foot,-0.20019561,-0.22692086,0.02023313
2.220000,0,FL_foot,0.24489701,0.19238503,0.02023437
2.220000,0,FR_foot,0.23726690,-0.25221771,0.02024389
2.220000,0,RL_foot,-0.17489423,0.21656825,0.02023573
2.220000,0,RR_foot,-0.20019561,-0.22692089,0.02023310
2.240000,0,FL_foot,0.24489714,0.19238526,0.02023458
2.240000,0,FR_foot,0.23726690,-0.25221744,0.02024367
2.240000,0,RL_foot,-0.17489396,0.21656840,0.02023578
2.240000,0,RR_foot,-0.20019551,-0.22692081,0.02023313
2.260000,0,FL_foot,0.24489699,0.19238511,0.02023445
2.260000,0,FR_foot,0.23726708,-0.25221771,0.02024380
2.260000,0,RL_foot,-0.17489414,0.21656808,0.02023558
2.260000,0,RR_foot,-0.20019554,-0.22692098,0.02023313
2.280000,0,FL_foot,0.24489701,0.19238511,0.02023457
2.280000,0,FR_foot,0.23726708,-0.25221753,0.02024363
2.280000,0,RL_foot,-0.17489429,0.21656828,0.02023582
2.280000,0,RR_foot,-0.20019560,-0.22692089,0.02023312
2.300000,0,FL_foot,0.24489702,0.19238506,0.02023446
2.300000,0,FR_foot,0.23726699,-0.25221768,0.02024382
2.300000,0,RL_foot,-0.17489393,0.21656814,0.02023567
2.300000,0,RR_foot,-0.20019555,-0.22692089,0.02023317
2.320000,0,FL_foot,0.24489713,0.19238512,0.02023447
2.320000,0,FR_foot,0.23726699,-0.25221759,0.02024375
2.320000,0,RL_foot,-0.17489421,0.21656808,0.02023562
2.320000,0,RR_foot,-0.20019543,-0.22692107,0.02023322
2.340000,0,FL_foot,0.24489696,0.19238506,0.02023444
2.340000,0,FR_foot,0.23726694,-0.25221765,0.02024384
2.340000,0,RL_foot,-0.17489411,0.21656813,0.02023567
2.340000,0,RR_foot,-0.20019552,-0.22692098,0.02023312
2.360000,0,FL_foot,0.24489701,0.19238502,0.02023453
2.360000,0,FR_foot,0.23726718,-0.25221777,0.02024372
2.360000,0,RL_foot,-0.17489402,0.21656825,0.02023558
2.360000,0,RR_foot,-0.20019545,-0.22692087,0.02023306
2.380000,0,FL_foot,0.24489707,0.19238493,0.02023440
2.380000,0,FR_foot,0.23726682,-0.25221771,0.02024379
2.380000,0,RL_foot,-0.17489424,0.21656805,0.02023567
2.380000,0,RR_foot,-0.20019563,-0.22692099,0.02023308
2.400000,0,FL_foot,0.24489713,0.19238500,0.02023451
2.400000,0,FR_foot,0.23726723,-0.25221759,0.02024379
2.400000,0,RL_foot,-0.17489415,0.21656816,0.02023561
2.400000,0,RR_foot,-0.20019546,-0.22692107,0.02023309
2.420000,0,FL_foot,0.24489696,0.19238499,0.02023454
2.420000,0,FR_foot,0.23726700,-0.25221765,0.02024378
2.420000,0,RL_foot,-0.17489409,0.21656822,0.02023573
2.420000,0,RR_foot,-0.20019569,-0.22692084,0.02023303
2.440000,0,FL_foot,0.24489713,0.19238500,0.02023439
2.440000,0,FR_foot,0.23726696,-0.25221774,0.02024386
2.440000,0,RL_foot,-0.17489418,0.21656805,0.02023560
2.440000,0,RR_foot,-0.20019561,-0.22692104,0.02023331
2.460000,0,FL_foot,0.24489708,0.19238493,0.02023442
2.460000,0,FR_foot,0.23726684,-0.25221765,0.02024385
2.460000,0,RL_foot,-0.17489399,0.21656814,0.02023567
2.460000,0,RR_foot,-0.20019555,-0.22692090,0.02023316
2.480000,0,FL_foot,0.24489698,0.19238496,0.02023438
2.480000,0,FR_foot,0.23726712,-0.25221768,0.02024377
2.480000,0,RL_foot,-0.17489403,0.21656799,0.02023554
2.480000,0,RR_foot,-0.20019573,-0.22692098,0.02023320
2.500000,0,FL_foot,0.24489690,0.19238491,0.02023445
2.500000,0,FR_foot,0.23726705,-0.25221780,0.02024381
2.500000,0,RL_foot,-0.17489412,0.21656819,0.02023566
2.500000,0,RR_foot,-0.20019552,-0.22692086,0.02023314
2.520000,0,FL_foot,0.24489696,0.19238511,0.02023451
2.520000,0,FR_foot,0.23726708,-0.25221747,0.02024366
2.520000,0,RL_foot,-0.17489409,0.21656823,0.02023592
2.520000,0,RR_foot,-0.20019543,-0.22692089,0.02023303
2.540000,0,FL_foot,0.24489702,0.19238512,0.02023452
2.540000,0,FR_foot,0.23726703,-0.25221741,0.02024386
2.540000,0,RL_foot,-0.17489423,0.21656807,0.02023562
2.540000,0,RR_foot,-0.20019570,-0.22692102,0.02023318
2.560000,0,FL_foot,0.24489719,0.19238493,0.02023460
2.560000,0,FR_foot,0.23726696,-0.25221771,0.02024381
2.560000,0,RL_foot,-0.17489438,0.21656819,0.02023581
2.560000,0,RR_foot,-0.20019546,-0.22692089,0.02023310
2.580000,0,FL_foot,0.24489707,0.19238494,0.02023445
2.580000,0,FR_foot,0.23726696,-0.25221768,0.02024377
2.580000,0,RL_foot,-0.17489411,0.21656822,0.02023567
2.580000,0,RR_foot,-0.20019567,-0.22692096,0.02023314
2.600000,0,FL_foot,0.24489720,0.19238494,0.02023431
2.600000,0,FR_foot,0.23726693,-0.25221768,0.02024379
2.600000,0,RL_foot,-0.17489424,0.21656817,0.02023564
2.600000,0,RR_foot,-0.20019558,-0.22692093,0.02023318
2.620000,0,FL_foot,0.24489701,0.19238506,0.02023449
2.620000,0,FR_foot,0.23726729,-0.25221771,0.02024389
2.620000,0,RL_foot,-0.17489418,0.21656823,0.02023567
2.620000,0,RR_foot,-0.20019542,-0.22692098,0.02023311
2.640000,0,FL_foot,0.24489714,0.19238503,0.02023447
2.640000,0,FR_foot,0.23726709,-0.25221765,0.02024377
2.640000,0,RL_foot,-0.17489408,0.21656828,0.02023563
2.640000,0,RR_foot,-0.20019557,-0.22692098,0.02023314
2.660000,0,FL_foot,0.24489702,0.19238499,0.02023456
2.660000,0,FR_foot,0.23726714,-0.25221759,0.02024389
2.660000,0,RL_foot,-0.17489411,0.21656811,0.02023567
2.660000,0,RR_foot,-0.20019548,-0.22692087,0.02023317
2.680000,0,FL_foot,0.24489695,0.19238503,0.02023446
2.680000,0,FR_foot,0.23726705,-0.25221759,0.02024375
2.680000,0,RL_foot,-0.17489418,0.21656813,0.02023574
2.680000,0,RR_foot,-0.20019555,-0.22692095,0.02023311
2.700000,0,FL_foot,0.24489716,0.19238512,0.02023458
2.700000,0,FR_foot,0.23726706,-0.25221753,0.02024369
2.700000,0,RL_foot,-0.17489423,0.21656823,0.02023581
2.700000,0,RR_foot,-0.20019555,-0.22692087,0.02023308
2.720000,0,FL_foot,0.24489711,0.19238502,0.02023454
2.720000,0,FR_foot,0.23726687,-0.25221765,0.02024375
2.720000,0,RL_foot,-0.17489436,0.21656828,0.02023574
2.720000,0,RR_foot,-0.20019546,-0.22692099,0.02023317
2.740000,0,FL_foot,0.24489707,0.19238505,0.02023440
2.740000,0,FR_foot,0.23726711,-0.25221765,0.02024383
2.740000,0,RL_foot,-0.17489411,0.21656822,0.02023574
2.740000,0,RR_foot,-0.20019573,-0.22692095,0.02023321
2.760000,0,FL_foot,0.24489714,0.19238503,0.02023451
2.760000,0,FR_foot,0.23726708,-0.25221774,0.02024378
2.760000,0,RL_foot,-0.17489409,0.21656816,0.02023569
2.760000,0,RR_foot,-0.20019561,-0.22692081,0.02023317
2.780000,0,FL_foot,0.24489714,0.19238517,0.02023453
2.780000,0,FR_foot,0.23726703,-0.25221744,0.02024382
2.780000,0,RL_foot,-0.17489418,0.21656817,0.02023578
2.780000,0,RR_foot,-0.20019564,-0.22692081,0.02023315
2.800000,0,FL_foot,0.24489689,0.19238496,0.02023449
2.800000,0,FR_foot,0.23726712,-0.25221756,0.02024376
2.800000,0,RL_foot,-0.17489411,0.21656825,0.02023562
2.800000,0,RR_foot,-0.20019555,-0.22692078,0.02023322
2.820000,0,FL_foot,0.24489692,0.19238506,0.02023439
2.820000,0,FR_foot,0.23726700,-0.25221771,0.02024373
2.820000,0,RL_foot,-0.17489430,0.21656802,0.02023563
2.820000,0,RR_foot,-0.20019543,-0.22692107,0.02023309
2.840000,0,FL_foot,0.24489696,0.19238496,0.02023448
2.840000,0,FR_foot,0.23726720,-0.25221771,0.02024375
2.840000,0,RL_foot,-0.17489403,0.21656835,0.02023576
2.840000,0,RR_foot,-0.20019546,-0.22692089,0.02023308
2.860000,0,FL_foot,0.24489687,0.19238500,0.02023441
2.860000,0,FR_foot,0.23726697,-0.25221756,0.02024386
2.860000,0,RL_foot,-0.17489406,0.21656831,0.02023557
2.860000,0,RR_foot,-0.20019557,-0.22692096,0.02023314
2.880000,0,FL_foot,0.24489702,0.19238503,0.02023439
2.880000,0,FR_foot,0.23726699,-0.25221762,0.02024376
2.880000,0,RL_foot,-0.17489411,0.21656831,0.02023578
2.880000,0,RR_foot,-0.20019545,-0.22692096,0.02023313
2.900000,0,FL_foot,0.24489701,0.19238491,0.02023448
2.900000,0,FR_foot,0.23726700,-0.25221765,0.02024371
2.900000,0,RL_foot,-0.17489415,0.21656819,0.02023561
2.900000,0,RR_foot,-0.20019552,-0.22692090,0.02023308
2.920000,0,FL_foot,0.24489708,0.19238500,0.02023452
2.920000,0,FR_foot,0.23726724,-0.25221774,0.02024385
2.920000,0,RL_foot,-0.17489421,0.21656820,0.02023575
2.920000,0,RR_foot,-0.20019545,-0.22692090,0.02023311
2.940000,0,FL_foot,0.24489704,0.19238508,0.02023461
2.940000,0,FR_foot,0.23726702,-0.25221750,0.02024382
2.940000,0,RL_foot,-0.17489415,0.21656841,0.02023572
2.940000,0,RR_foot,-0.20019558,-0.22692075,0.02023314
2.960000,0,FL_foot,0.24489693,0.19238505,0.02023458
2.960000,0,FR_foot,0.23726696,-0.25221765,0.02024370
2.960000,0,RL_foot,-0.17489386,0.21656831,0.02023573
2.960000,0,RR_foot,-0.20019542,-0.22692090,0.02023313
2.980000,0,FL_foot,0.24489711,0.19238500,0.02023456
2.980000,0,FR_foot,0.23726694,-0.25221765,0.02024386
2.980000,0,RL_foot,-0.17489418,0.21656813,0.02023564
2.980000,0,RR_foot,-0.20019567,-0.22692092,0.02023315
3.000000,0,FL_foot,0.24489704,0.19238499,0.02023455
3.000000,0,FR_foot,0.23726706,-0.25221771,0.02024377
3.000000,0,RL_foot,-0.17489421,0.21656810,0.02023563
3.000000,0,RR_foot,-0.20019539,-0.22692099,0.02023306
3.020000,0,FL_foot,0.24489687,0.19238509,0.02023437
3.020000,0,FR_foot,0.23726729,-0.25221780,0.02024391
3.020000,0,RL_foot,-0.17489411,0.21656810,0.02023560
3.020000,0,RR_foot,-0.20019555,-0.22692087,0.02023317
3.040000,0,FL_foot,0.24489723,0.19238517,0.02023451
3.040000,0,FR_foot,0.23726693,-0.25221759,0.02024383
3.040000,0,RL_foot,-0.17489414,0.21656823,0.02023572
3.040000,0,RR_foot,-0.20019579,-0.22692078,0.02023327
3.060000,0,FL_foot,0.24489708,0.19238514,0.02023443
3.060000,0,FR_foot,0.23726697,-0.25221756,0.02024383
3.060000,0,RL_foot,-0.17489412,0.21656820,0.02023564
3.060000,0,RR_foot,-0.20019564,-0.22692107,0.02023324
3.080000,0,FL_foot,0.24489684,0.19238502,0.02023451
3.080000,0,FR_foot,0.23726711,-0.25221774,0.02024380
3.080000,0,RL_foot,-0.17489435,0.21656823,0.02023571
3.080000,0,RR_foot,-0.20019546,-0.22692093,0.02023319
3.100000,0,FL_foot,0.24489698,0.19238505,0.02023445
3.100000,0,FR_foot,0.23726694,-0.25221765,0.02024383
3.100000,0,RL_foot,-0.17489420,0.21656804,0.02023562
3.100000,0,RR_foot,-0.20019563,-0.22692098,0.02023317
3.120000,0,FL_foot,0.24489686,0.19238502,0.02023437
3.120000,0,FR_foot,0.23726694,-0.25221765,0.02024389
3.120000,0,RL_foot,-0.17489423,0.21656808,0.02023546
3.120000,0,RR_foot,-0.20019543,-0.22692096,0.02023321
3.140000,0,FL_foot,0.24489707,0.19238499,0.02023439
3.140000,0,FR_foot,0.23726682,-0.25221765,0.02024367
3.140000,0,RL_foot,-0.17489415,0.21656831,0.02023572
3.140000,0,RR_foot,-0.20019545,-0.22692102,0.02023317
3.160000,0,FL_foot,0.24489699,0.19238505,0.02023443
3.160000,0,FR_foot,0.23726697,-0.25221750,0.02024365
3.160000,0,RL_foot,-0.17489427,0.21656807,0.02023576
3.160000,0,RR_foot,-0.20019539,-0.22692101,0.02023306
3.180000,0,FL_foot,0.24489686,0.19238493,0.02023442
3.180000,0,FR_foot,0.23726700,-0.25221756,0.02024386
3.180000,0,RL_foot,-0.17489389,0.21656819,0.02023567
3.180000,0,RR_foot,-0.20019573,-0.22692095,0.02023311
3.200000,0,FL_foot,0.24489707,0.19238502,0.02023454
3.200000,0,FR_foot,0.23726711,-0.25221762,0.02024380
3.200000,0,RL_foot,-0.17489411,0.21656819,0.02023577
3.200000,0,RR_foot,-0.20019552,-0.22692093,0.02023313
3.220000,0,FL_foot,0.24489699,0.19238497,0.02023443
3.220000,0,FR_foot,0.23726693,-0.25221762,0.02024383
3.220000,0,RL_foot,-0.17489421,0.21656805,0.02023566
3.220000,0,RR_foot,-0.20019563,-0.22692092,0.02023326
3.240000,0,FL_foot,0.24489696,0.19238503,0.02023455
3.240000,0,FR_foot,0.23726717,-0.25221777,0.02024396
3.240000,0,RL_foot,-0.17489408,0.21656820,0.02023572
3.240000,0,RR_foot,-0.20019543,-0.22692098,0.02023314
3.260000,0,FL_foot,0.24489680,0.19238497,0.02023438
3.260000,0,FR_foot,0.23726703,-0.25221774,0.02024378
3.260000,0,RL_foot,-0.17489412,0.21656814,0.02023567
3.260000,0,RR_foot,-0.20019555,-0.22692098,0.02023317
3.280000,0,FL_foot,0.24489716,0.19238493,0.02023445
3.280000,0,FR_foot,0.23726690,-0.25221768,0.02024367
3.280000,0,RL_foot,-0.17489414,0.21656814,0.02023576
3.280000,0,RR_foot,-0.20019546,-0.22692095,0.02023309
3.300000,0,FL_foot,0.24489722,0.19238505,0.02023448
3.300000,0,FR_foot,0.23726705,-0.25221774,0.02024380
3.300000,0,RL_foot,-0.17489403,0.21656816,0.02023569
3.300000,0,RR_foot,-0.20019564,-0.22692113,0.02023319
3.320000,0,FL_foot,0.24489708,0.19238496,0.02023440
3.320000,0,FR_foot,0.23726694,-0.25221759,0.02024383
3.320000,0,RL_foot,-0.17489406,0.21656802,0.02023563
3.320000,0,RR_foot,-0.20019560,-0.22692110,0.02023320
3.340000,0,FL_foot,0.24489719,0.19238500,0.02023451
3.340000,0,FR_foot,0.23726708,-0.25221780,0.02024386
3.340000,0,RL_foot,-0.17489409,0.21656825,0.02023578
3.340000,0,RR_foot,-0.20019555,-0.22692102,0.02023318
3.360000,0,FL_foot,0.24489702,0.19238503,0.02023461
3.360000,0,FR_foot,0.23726697,-0.25221759,0.02024386
3.360000,0,RL_foot,-0.17489423,0.21656819,0.02023571
3.360000,0,RR_foot,-0.20019567,-0.22692093,0.02023316
3.380000,0,FL_foot,0.24489687,0.19238511,0.02023441
3.380000,0,FR_foot,0.23726703,-0.25221753,0.02024383
3.380000,0,RL_foot,-0.17489411,0.21656813,0.02023566
3.380000,0,RR_foot,-0.20019546,-0.22692110,0.02023308
3.400000,0,FL_foot,0.24489695,0.19238497,0.02023434
3.400000,0,FR_foot,0.23726696,-0.25221774,0.02024383
3.400000,0,RL_foot,-0.17489430,0.21656825,0.02023567
3.400000,0,RR_foot,-0.20019561,-0.22692096,0.02023325
3.420000,0,FL_foot,0.24489693,0.19238514,0.02023460
3.420000,0,FR_foot,0.23726703,-0.25221750,0.02024361
3.420000,0,RL_foot,-0.17489426,0.21656829,0.02023586
3.420000,0,RR_foot,-0.20019554,-0.22692092,0.02023310
3.440000,0,FL_foot,0.24489684,0.19238488,0.02023439
3.440000,0,FR_foot,0.23726691,-0.25221771,0.02024378
3.440000,0,RL_foot,-0.17489402,0.21656808,0.02023561
3.440000,0,RR_foot,-0.20019551,-0.22692074,0.02023318
3.460000,0,FL_foot,0.24489710,0.19238500,0.02023453
3.460000,0,FR_foot,0.23726703,-0.25221750,0.02024380
3.460000,0,RL_foot,-0.17489421,0.21656825,0.02023570
3.460000,0,RR_foot,-0.20019569,-0.22692096,0.02023312
3.480000,0,FL_foot,0.24489687,0.19238499,0.02023445
3.480000,0,FR_foot,0.23726720,-0.25221771,0.02024372
3.480000,0,RL_foot,-0.17489441,0.21656813,0.02023567
3.480000,0,RR_foot,-0.20019551,-0.22692101,0.02023319
3.500000,0,FL_foot,0.24489717,0.19238496,0.02023449
3.500000,0,FR_foot,0.23726702,-0.25221753,0.02024391
3.500000,0,RL_foot,-0.17489403,0.21656822,0.02023572
3.500000,0,RR_foot,-0.20019567,-0.22692089,0.02023314
3.520000,0,FL_foot,0.24489707,0.19238523,0.02023460
3.520000,0,FR_foot,0.23726708,-0.25221741,0.02024379
3.520000,0,RL_foot,-0.17489420,0.21656828,0.02023575
3.520000,0,RR_foot,-0.20019571,-0.22692095,0.02023312
3.540000,0,FL_foot,0.24489719,0.19238503,0.02023451
3.540000,0,FR_foot,0.23726712,-0.25221768,0.02024386
3.540000,0,RL_foot,-0.17489421,0.21656820,0.02023561
3.540000,0,RR_foot,-0.20019570,-0.22692084,0.02023312
3.560000,0,FL_foot,0.24489707,0.19238502,0.02023448
3.560000,0,FR_foot,0.23726703,-0.25221762,0.02024383
3.560000,0,RL_foot,-0.17489421,0.21656820,0.02023574
3.560000,0,RR_foot,-0.20019539,-0.22692104,0.02023316
3.580000,0,FL_foot,0.24489675,0.19238502,0.02023451
3.580000,0,FR_foot,0.23726724,-0.25221753,0.02024380
3.580000,0,RL_foot,-0.17489420,0.21656820,0.02023580
3.580000,0,RR_foot,-0.20019546,-0.22692098,0.02023309
3.600000,0,FL_foot,0.24489696,0.19238506,0.02023442
3.600000,0,FR_foot,0.23726706,-0.25221768,0.02024388
3.600000,0,RL_foot,-0.17489424,0.21656811,0.02023570
3.600000,0,RR_foot,-0.20019534,-0.22692096,0.02023314
3.620000,0,FL_foot,0.24489683,0.19238509,0.02023435
3.620000,0,FR_foot,0.23726702,-0.25221756,0.02024369
3.620000,0,RL_foot,-0.17489409,0.21656813,0.02023573
3.620000,0,RR_foot,-0.20019567,-0.22692102,0.02023312
3.640000,0,FL_foot,0.24489711,0.19238500,0.02023439
3.640000,0,FR_foot,0.23726709,-0.25221783,0.02024388
3.640000,0,RL_foot,-0.17489432,0.21656814,0.02023565
3.640000,0,RR_foot,-0.20019558,-0.22692098,0.02023308
3.660000,0,FL_foot,0.24489695,0.19238503,0.02023448
3.660000,0,FR_foot,0.23726694,-0.25221759,0.02024375
3.660000,0,RL_foot,-0.17489409,0.21656826,0.02023566
3.660000,0,RR_foot,-0.20019558,-0.22692092,0.02023323
3.680000,0,FL_foot,0.24489717,0.19238509,0.02023445
3.680000,0,FR_foot,0.23726721,-0.25221765,0.02024390
3.680000,0,RL_foot,-0.17489415,0.21656808,0.02023573
3.680000,0,RR_foot,-0.20019548,-0.22692102,0.02023322
3.700000,0,FL_foot,0.24489708,0.19238502,0.02023443
3.700000,0,FR_foot,0.23726699,-0.25221753,0.02024380
3.700000,0,RL_foot,-0.17489423,0.21656826,0.02023575
3.700000,0,RR_foot,-0.20019558,-0.22692084,0.02023312
3.720000,0,FL_foot,0.24489704,0.19238499,0.02023447
3.720000,0,FR_foot,0.23726714,-0.25221762,0.02024380
3.720000,0,RL_foot,-0.17489420,0.21656817,0.02023567
3.720000,0,RR_foot,-0.20019563,-0.22692104,0.02023311
3.740000,0,FL_foot,0.24489693,0.19238485,0.02023453
3.740000,0,FR_foot,0.23726711,-0.25221765,0.02024380
3.740000,0,RL_foot,-0.17489414,0.21656826,0.02023579
3.740000,0,RR_foot,-0.20019558,-0.22692092,0.02023311
3.760000,0,FL_foot,0.24489705,0.19238511,0.02023447
3.760000,0,FR_foot,0.23726709,-0.25221762,0.02024382
3.760000,0,RL_foot,-0.17489430,0.21656826,0.02023575
3.760000,0,RR_foot,-0.20019569,-0.22692101,0.02023318
3.780000,0,FL_foot,0.24489683,0.19238506,0.02023452
3.780000,0,FR_foot,0.23726711,-0.25221768,0.02024384
3.780000,0,RL_foot,-0.17489403,0.21656829,0.02023567
3.780000,0,RR_foot,-0.20019566,-0.22692092,0.02023319
3.800000,0,FL_foot,0.24489701,0.19238508,0.02023439
3.800000,0,FR_foot,0.23726691,-0.25221768,0.02024389
3.800000,0,RL_foot,-0.17489411,0.21656825,0.02023574
3.800000,0,RR_foot,-0.20019554,-0.22692098,0.02023312
3.820000,0,FL_foot,0.24489707,0.19238515,0.02023462
3.820000,0,FR_foot,0.23726676,-0.25221756,0.02024380
3.820000,0,RL_foot,-0.17489403,0.21656817,0.02023577
3.820000,0,RR_foot,-0.20019546,-0.22692089,0.02023310
3.840000,0,FL_foot,0.24489701,0.19238502,0.02023458
3.840000,0,FR_foot,0.23726711,-0.25221765,0.02024380
3.840000,0,RL_foot,-0.17489408,0.21656817,0.02023567
3.840000,0,RR_foot,-0.20019555,-0.22692093,0.02023326
3.860000,0,FL_foot,0.24489699,0.19238505,0.02023444
3.860000,0,FR_foot,0.23726715,-0.25221762,0.02024380
3.860000,0,RL_foot,-0.17489418,0.21656813,0.02023572
3.860000,0,RR_foot,-0.20019548,-0.22692087,0.02023314
3.880000,0,FL_foot,0.24489692,0.19238502,0.02023454
3.880000,0,FR_foot,0.23726697,-0.25221759,0.02024375
3.880000,0,RL_foot,-0.17489395,0.21656823,0.02023570
3.880000,0,RR_foot,-0.20019551,-0.22692084,0.02023303
3.900000,0,FL_foot,0.24489699,0.19238509,0.02023444
3.900000,0,FR_foot,0.23726708,-0.25221756,0.02024371
3.900000,0,RL_foot,-0.17489424,0.21656820,0.02023569
3.900000,0,RR_foot,-0.20019551,-0.22692087,0.02023314
3.920000,0,FL_foot,0.24489705,0.19238506,0.02023464
3.920000,0,FR_foot,0.23726715,-0.25221768,0.02024383
3.920000,0,RL_foot,-0.17489429,0.21656819,0.02023578
3.920000,0,RR_foot,-0.20019558,-0.22692086,0.02023314
3.940000,0,FL_foot,0.24489710,0.19238511,0.02023452
3.940000,0,FR_foot,0.23726720,-0.25221762,0.02024380
3.940000,0,RL_foot,-0.17489427,0.21656825,0.02023567
3.940000,0,RR_foot,-0.20019563,-0.22692084,0.02023308
3.960000,0,FL_foot,0.24489698,0.19238503,0.02023444
3.960000,0,FR_foot,0.23726687,-0.25221759,0.02024383
3.960000,0,RL_foot,-0.17489409,0.21656817,0.02023565
3.960000,0,RR_foot,-0.20019560,-0.22692104,0.02023320
3.980000,0,FL_foot,0.24489693,0.19238499,0.02023445
3.980000,0,FR_foot,0.23726709,-0.25221771,0.02024368
3.980000,0,RL_foot,-0.17489432,0.21656814,0.02023560
3.980000,0,RR_foot,-0.20019536,-0.22692098,0.02023301
4.000000,0,FL_foot,0.24489716,0.19238502,0.02023443
4.000000,0,FR_foot,0.23726702,-0.25221765,0.02024373
4.000000,0,RL_foot,-0.17489405,0.21656817,0.02023563
4.000000,0,RR_foot,-0.20019570,-0.22692098,0.02023319
4.020000,0,FL_foot,0.24489725,0.19238502,0.02023452
4.020000,0,FR_foot,0.23726702,-0.25221765,0.02024373
4.020000,0,RL_foot,-0.17489436,0.21656819,0.02023581
4.020000,0,RR_foot,-0.20019561,-0.22692098,0.02023310
4.040000,0,FL_foot,0.24489701,0.19238511,0.02023442
4.040000,0,FR_foot,0.23726711,-0.25221774,0.02024378
4.040000,0,RL_foot,-0.17489420,0.21656814,0.02023572
4.040000,0,RR_foot,-0.20019573,-0.22692101,0.02023309
4.060000,0,FL_foot,0.24489695,0.19238503,0.02023449
4.060000,0,FR_foot,0.23726708,-0.25221753,0.02024380
4.060000,0,RL_foot,-0.17489393,0.21656814,0.02023569
4.060000,0,RR_foot,-0.20019554,-0.22692092,0.02023309
4.080000,0,FL_foot,0.24489705,0.19238502,0.02023444
4.080000,0,FR_foot,0.23726697,-0.25221774,0.02024374
4.080000,0,RL_foot,-0.17489412,0.21656820,0.02023572
4.080000,0,RR_foot,-0.20019537,-0.22692084,0.02023314
4.100000,0,FL_foot,0.24489711,0.19238511,0.02023458
4.100000,0,FR_foot,0.23726696,-0.25221759,0.02024373
4.100000,0,RL_foot,-0.17489414,0.21656829,0.02023562
4.100000,0,RR_foot,-0.20019555,-0.22692102,0.02023309
4.120000,0,FL_foot,0.24489714,0.19238505,0.02023440
4.120000,0,FR_foot,0.23726694,-0.25221765,0.02024375
4.120000,0,RL_foot,-0.17489409,0.21656813,0.02023563
4.120000,0,RR_foot,-0.20019554,-0.22692089,0.02023316
4.140000,0,FL_foot,0.24489711,0.19238517,0.02023464
4.140000,0,FR_foot,0.23726705,-0.25221756,0.02024367
4.140000,0,RL_foot,-0.17489415,0.21656826,0.02023577
4.140000,0,RR_foot,-0.20019558,-0.22692084,0.02023299
4.160000,0,FL_foot,0.24489705,0.19238506,0.02023446
4.160000,0,FR_foot,0.23726712,-0.25221762,0.02024365
4.160000,0,RL_foot,-0.17489427,0.21656831,0.02023584
4.160000,0,RR_foot,-0.20019548,-0.22692068,0.02023306
4.180000,0,FL_foot,0.24489696,0.19238503,0.02023448
4.180000,0,FR_foot,0.23726690,-0.25221771,0.02024378
4.180000,0,RL_foot,-0.17489421,0.21656802,0.02023568
4.180000,0,RR_foot,-0.20019555,-0.22692087,0.02023317
4.200000,0,FL_foot,0.24489692,0.19238503,0.02023447
4.200000,0,FR_foot,0.23726711,-0.25221780,0.02024380
4.200000,0,RL_foot,-0.17489418,0.21656817,0.02023560
4.200000,0,RR_foot,-0.20019569,-0.22692101,0.02023312
4.220000,0,FL_foot,0.24489714,0.19238502,0.02023448
4.220000,0,FR_foot,0.23726708,-0.25221771,0.02024377
4.220000,0,RL_foot,-0.17489415,0.21656819,0.02023575
4.220000,0,RR_foot,-0.20019555,-0.22692105,0.02023313
4.240000,0,FL_foot,0.24489705,0.19238493,0.02023442
4.240000,0,FR_foot,0.23726699,-0.25221768,0.02024378
4.240000,0,RL_foot,-0.17489421,0.21656817,0.02023569
4.240000,0,RR_foot,-0.20019555,-0.22692093,0.02023327
4.260000,0,FL_foot,0.24489707,0.19238509,0.02023446
4.260000,0,FR_foot,0.23726700,-0.25221774,0.02024374
4.260000,0,RL_foot,-0.17489408,0.21656823,0.02023563
4.260000,0,RR_foot,-0.20019563,-0.22692102,0.02023304
4.280000,0,FL_foot,0.24489677,0.19238496,0.02023445
4.280000,0,FR_foot,0.23726714,-0.25221768,0.02024380
4.280000,0,RL_foot,-0.17489423,0.21656816,0.02023565
4.280000,0,RR_foot,-0.20019563,-0.22692098,0.02023327
4.300000,0,FL_foot,0.24489702,0.19238488,0.02023441
4.300000,0,FR_foot,0.23726708,-0.25221774,0.02024377
4.300000,0,RL_foot,-0.17489426,0.21656817,0.02023556
4.300000,0,RR_foot,-0.20019582,-0.22692104,0.02023324
4.320000,0,FL_foot,0.24489698,0.19238511,0.02023442
4.320000,0,FR_foot,0.23726700,-0.25221762,0.02024380
4.320000,0,RL_foot,-0.17489403,0.21656814,0.02023570
4.320000,0,RR_foot,-0.20019549,-0.22692090,0.02023309
4.340000,0,FL_foot,0.24489675,0.19238514,0.02023440
4.340000,0,FR_foot,0.23726703,-0.25221747,0.02024376
4.340000,0,RL_foot,-0.17489412,0.21656817,0.02023577
4.340000,0,RR_foot,-0.20019548,-0.22692096,0.02023321
4.360000,0,FL_foot,0.24489717,0.19238508,0.02023454
4.360000,0,FR_foot,0.23726708,-0.25221759,0.02024372
4.360000,0,RL_foot,-0.17489418,0.21656820,0.02023576
4.360000,0,RR_foot,-0.20019552,-0.22692075,0.02023306
4.380000,0,FL_foot,0.24489695,0.19238499,0.02023454
4.380000,0,FR_foot,0.23726703,-0.25221765,0.02024378
4.380000,0,RL_foot,-0.17489415,0.21656817,0.02023575
4.380000,0,RR_foot,-0.20019554,-0.22692095,0.02023313
4.400000,0,FL_foot,0.24489692,0.19238499,0.02023446
4.400000,0,FR_foot,0.23726718,-0.25221774,0.02024390
4.400000,0,RL_foot,-0.17489411,0.21656804,0.02023566
4.400000,0,RR_foot,-0.20019548,-0.22692078,0.02023312
4.420000,0,FL_foot,0.24489705,0.19238506,0.02023451
4.420000,0,FR_foot,0.23726711,-0.25221756,0.02024378
4.420000,0,RL_foot,-0.17489421,0.21656814,0.02023572
4.420000,0,RR_foot,-0.20019563,-0.22692090,0.02023311
4.440000,0,FL_foot,0.24489707,0.19238509,0.02023452
4.440000,0,FR_foot,0.23726690,-0.25221753,0.02024368
4.440000,0,RL_foot,-0.17489412,0.21656834,0.02023584
4.440000,0,RR_foot,-0.20019555,-0.22692090,0.02023309
4.460000,0,FL_foot,0.24489708,0.19238505,0.02023450
4.460000,0,FR_foot,0.23726699,-0.25221771,0.02024385
4.460000,0,RL_foot,-0.17489403,0.21656813,0.02023578
4.460000,0,RR_foot,-0.20019557,-0.22692086,0.02023314
4.480000,0,FL_foot,0.24489696,0.19238503,0.02023445
4.480000,0,FR_foot,0.23726687,-0.25221765,0.02024389
4.480000,0,RL_foot,-0.17489412,0.21656814,0.02023563
4.480000,0,RR_foot,-0.20019542,-0.22692096,0.02023315
4.500000,0,FL_foot,0.24489698,0.19238508,0.02023457
4.500000,0,FR_foot,0.23726705,-0.25221753,0.02024384
4.500000,0,RL_foot,-0.17489417,0.21656826,0.02023569
4.500000,0,RR_foot,-0.20019574,-0.22692093,0.02023318
4.520000,0,FL_foot,0.24489719,0.19238503,0.02023446
4.520000,0,FR_foot,0.23726717,-0.25221765,0.02024386
4.520000,0,RL_foot,-0.17489429,0.21656831,0.02023574
4.520000,0,RR_foot,-0.20019560,-0.22692090,0.02023325
4.540000,0,FL_foot,0.24489699,0.19238499,0.02023439
4.540000,0,FR_foot,0.23726696,-0.25221771,0.02024386
4.540000,0,RL_foot,-0.17489408,0.21656813,0.02023572
4.540000,0,RR_foot,-0.20019569,-0.22692107,0.02023317
4.560000,0,FL_foot,0.24489708,0.19238503,0.02023451
4.560000,0,FR_foot,0.23726694,-0.25221762,0.02024381
4.560000,0,RL_foot,-0.17489414,0.21656813,0.02023569
4.560000,0,RR_foot,-0.20019545,-0.22692101,0.02023310
4.580000,0,FL_foot,0.24489714,0.19238508,0.02023461
4.580000,0,FR_foot,0.23726687,-0.25221759,0.02024388
4.580000,0,RL_foot,-0.17489403,0.21656817,0.02023567
4.580000,0,RR_foot,-0.20019558,-0.22692078,0.02023320
4.600000,0,FL_foot,0.24489708,0.19238499,0.02023449
4.600000,0,FR_foot,0.23726694,-0.25221768,0.02024366
4.600000,0,RL_foot,-0.17489412,0.21656805,0.02023562
4.600000,0,RR_foot,-0.20019564,-0.22692098,0.02023310
4.620000,0,FL_foot,0.24489710,0.19238511,0.02023448
4.620000,0,FR_foot,0.23726706,-0.25221765,0.02024375
4.620000,0,RL_foot,-0.17489436,0.21656831,0.02023572
4.620000,0,RR_foot,-0.20019537,-0.22692096,0.02023305
4.640000,0,FL_foot,0.24489702,0.19238505,0.02023449
4.640000,0,FR_foot,0.23726727,-0.25221765,0.02024374
4.640000,0,RL_foot,-0.17489421,0.21656814,0.02023569
4.640000,0,RR_foot,-0.20019555,-0.22692089,0.02023320
4.660000,0,FL_foot,0.24489710,0.19238505,0.02023445
4.660000,0,FR_foot,0.23726720,-0.25221765,0.02024376
4.660000,0,RL_foot,-0.17489405,0.21656822,0.02023574
4.660000,0,RR_foot,-0.20019558,-0.22692099,0.02023320
4.680000,0,FL_foot,0.24489681,0.19238508,0.02023461
4.680000,0,FR_foot,0.23726712,-0.25221750,0.02024370
4.680000,0,RL_foot,-0.17489417,0.21656828,0.02023580
4.680000,0,RR_foot,-0.20019554,-0.22692084,0.02023307
4.700000,0,FL_foot,0.24489714,0.19238505,0.02023442
4.700000,0,FR_foot,0.23726693,-0.25221771,0.02024376
4.700000,0,RL_foot,-0.17489415,0.21656810,0.02023572
4.700000,0,RR_foot,-0.20019552,-0.22692099,0.02023316
4.720000,0,FL_foot,0.24489687,0.19238503,0.02023453
4.720000,0,FR_foot,0.23726702,-0.25221768,0.02024391
4.720000,0,RL_foot,-0.17489412,0.21656813,0.02023573
4.720000,0,RR_foot,-0.20019555,-0.22692102,0.02023326
4.740000,0,FL_foot,0.24489711,0.19238494,0.02023450
4.740000,0,FR_foot,0.23726693,-0.25221771,0.02024376
4.740000,0,RL_foot,-0.17489406,0.21656822,0.02023573
4.740000,0,RR_foot,-0.20019542,-0.22692099,0.02023321
4.760000,0,FL_foot,0.24489680,0.19238500,0.02023448
4.760000,0,FR_foot,0.23726715,-0.25221762,0.02024376
4.760000,0,RL_foot,-0.17489418,0.21656814,0.02023569
4.760000,0,RR_foot,-0.20019554,-0.22692095,0.02023320
4.780000,0,FL_foot,0.24489720,0.19238499,0.02023449
4.780000,0,FR_foot,0.23726702,-0.25221756,0.02024385
4.780000,0,RL_foot,-0.17489429,0.21656802,0.02023557
4.780000,0,RR_foot,-0.20019545,-0.22692111,0.02023310
4.800000,0,FL_foot,0.24489672,0.19238505,0.02023433
4.800000,0,FR_foot,0.23726706,-0.25221777,0.02024383
4.800000,0,RL_foot,-0.17489408,0.21656817,0.02023569
4.800000,0,RR_foot,-0.20019552,-0.22692092,0.02023325
4.820000,0,FL_foot,0.24489702,0.19238502,0.02023441
4.820000,0,FR_foot,0.23726700,-0.25221762,0.02024388
4.820000,0,RL_foot,-0.17489405,0.21656804,0.02023563
4.820000,0,RR_foot,-0.20019571,-0.22692095,0.02023317
4.840000,0,FL_foot,0.24489704,0.19238505,0.02023454
4.840000,0,FR_foot,0.23726693,-0.25221765,0.02024389
4.840000,0,RL_foot,-0.17489399,0.21656817,0.02023565
4.840000,0,RR_foot,-0.20019548,-0.22692086,0.02023314
4.860000,0,FL_foot,0.24489714,0.19238499,0.02023445
4.860000,0,FR_foot,0.23726696,-0.25221768,0.02024392
4.860000,0,RL_foot,-0.17489405,0.21656810,0.02023570
4.860000,0,RR_foot,-0.20019552,-0.22692089,0.02023315
4.880000,0,FL_foot,0.24489696,0.19238508,0.02023457
4.880000,0,FR_foot,0.23726712,-0.25221759,0.02024388
4.880000,0,RL_foot,-0.17489415,0.21656811,0.02023567
4.880000,0,RR_foot,-0.20019554,-0.22692099,0.02023312
4.900000,0,FL_foot,0.24489678,0.19238490,0.02023452
4.900000,0,FR_foot,0.23726718,-0.25221765,0.02024376
4.900000,0,RL_foot,-0.17489417,0.21656816,0.02023572
4.900000,0,RR_foot,-0.20019561,-0.22692105,0.02023319
4.920000,0,FL_foot,0.24489719,0.19238502,0.02023453
4.920000,0,FR_foot,0.23726711,-0.25221768,0.02024380
4.920000,0,RL_foot,-0.17489418,0.21656829,0.02023580
4.920000,0,RR_foot,-0.20019555,-0.22692098,0.02023326
4.940000,0,FL_foot,0.24489692,0.19238497,0.02023452
4.940000,0,FR_foot,0.23726711,-0.25221774,0.02024376
4.940000,0,RL_foot,-0.17489402,0.21656817,0.02023570
4.940000,0,RR_foot,-0.20019549,-0.22692092,0.02023319
4.960000,0,FL_foot,0.24489716,0.19238509,0.02023449
4.960000,0,FR_foot,0.23726697,-0.25221759,0.02024371
4.960000,0,RL_foot,-0.17489415,0.21656817,0.02023575
4.960000,0,RR_foot,-0.20019561,-0.22692096,0.02023308
4.980000,0,FL_foot,0.24491948,0.19239652,0.02022491
4.980000,0,FR_foot,0.23729658,-0.25231728,0.02022922
4.980000,0,RL_foot,-0.17487775,0.21661596,0.02024782
4.980000,0,RR_foot,-0.20016848,-0.22686495,0.02020104
5.000000,0,FL_foot,0.24504329,0.19245121,0.02022925
5.000000,0,FR_foot,0.23740087,-0.25239041,0.02024106
5.000000,0,RL_foot,-0.17478004,0.21668251,0.02023678
5.000000,0,RR_foot,-0.20004338,-0.22680251,0.02020267
5.020000,0,FL_foot,0.24629138,0.19039696,0.02059326
5.020000,0,FR_foot,0.23760471,-0.25231123,0.02023303
5.020000,0,RL_foot,-0.17461440,0.21676627,0.02021071
5.020000,0,RR_foot,-0.19985513,-0.22669549,0.02021677
5.040000,0,FL_foot,0.25230300,0.18644366,0.02140846
5.040000,0,FR_foot,0.23786063,-0.25222006,0.02022628
5.040000,0,RL_foot,-0.17440312,0.21685529,0.02020588
5.040000,0,RR_foot,-0.19958965,-0.22658992,0.02022333
5.060000,0,FL_foot,0.26345447,0.18198991,0.02244467
5.060000,0,FR_foot,0.23815630,-0.25210592,0.02022114
5.060000,0,RL_foot,-0.17416874,0.21691255,0.02019970
5.060000,0,RR_foot,-0.19927578,-0.22649837,0.02022747
5.080000,0,FL_foot,0.27900535,0.17860879,0.02341724
5.080000,0,FR_foot,0.23846561,-0.25201106,0.02021855
5.080000,0,RL_foot,-0.17390041,0.21696289,0.02020178
5.080000,0,RR_foot,-0.19801836,-0.22576733,0.02023217
5.100000,0,FL_foot,0.29721618,0.17703733,0.02377552
5.100000,0,FR_foot,0.23877518,-0.25194597,0.02021524
5.100000,0,RL_foot,-0.17361297,0.21698530,0.02019290
5.100000,0,RR_foot,-0.19112748,-0.22222967,0.02073032
5.120000,0,FL_foot,0.31526086,0.17722847,0.02331468
5.120000,0,FR_foot,0.23907474,-0.25189012,0.02021485
5.120000,0,RL_foot,-0.17330138,0.21697117,0.02019924
5.120000,0,RR_foot,-0.17750350,-0.21729028,0.02176848
5.140000,0,FL_foot,0.33112714,0.17908898,0.02199342
5.140000,0,FR_foot,0.23937631,-0.25185457,0.02021352
5.140000,0,RL_foot,-0.17297246,0.21696700,0.02019600
5.140000,0,RR_foot,-0.16038653,-0.21382447,0.02293996
5.160000,0,FL_foot,0.34096530,0.18130563,0.02022283
5.160000,0,FR_foot,0.23969257,-0.25181583,0.02019848
5.160000,0,RL_foot,-0.17261381,0.21697317,0.02027964
5.160000,0,RR_foot,-0.14355513,-0.21306060,0.02365559
5.180000,0,FL_foot,0.34130794,0.18152738,0.02026792
5.180000,0,FR_foot,0.24003853,-0.25174853,0.02021653
5.180000,0,RL_foot,-0.17196612,0.21733086,0.02018578
5.180000,0,RR_foot,-0.12996653,-0.21519034,0.02190729
5.200000,0,FL_foot,0.34160993,0.18157764,0.02021405
5.200000,0,FR_foot,0.24057053,-0.25168565,0.02025162
5.200000,0,RL_foot,-0.17138840,0.21735947,0.02025220
5.200000,0,RR_foot,-0.12455268,-0.21721202,0.02016534
5.220000,0,FL_foot,0.34186941,0.18158430,0.02024003
5.220000,0,FR_foot,0.24957107,-0.24563813,0.02174437
5.220000,0,RL_foot,-0.16488217,0.21229315,0.02110669
5.220000,0,RR_foot,-0.12431757,-0.21722139,0.02020255
5.240000,0,FL_foot,0.34213650,0.18159589,0.02024081
5.240000,0,FR_foot,0.26909676,-0.24149024,0.02275544
5.240000,0,RL_foot,-0.15309718,0.20533644,0.02159708
5.240000,0,RR_foot,-0.12406976,-0.21717760,0.02019960
5.260000,0,FL_foot,0.34239990,0.18160836,0.02024017
5.260000,0,FR_foot,0.29693589,-0.24172372,0.02336781
5.260000,0,RL_foot,-0.13795532,0.19903897,0.02177050
5.260000,0,RR_foot,-0.12382406,-0.21714480,0.02019900
5.280000,0,FL_foot,0.34264877,0.18160217,0.02023515
5.280000,0,FR_foot,0.32924122,-0.24486566,0.02429358
5.280000,0,RL_foot,-0.12058199,0.19352444,0.02212181
5.280000,0,RR_foot,-0.12357894,-0.21709244,0.02020249
5.300000,0,FL_foot,0.34289646,0.18162476,0.02023767
5.300000,0,FR_foot,0.36205459,-0.24965890,0.02594057
5.300000,0,RL_foot,-0.10219635,0.18947765,0.02266791
5.300000,0,RR_foot,-0.12331440,-0.21701728,0.02020466
5.320000,0,FL_foot,0.34314537,0.18164204,0.02023725
5.320000,0,FR_foot,0.39221227,-0.25554150,0.02812877
5.320000,0,RL_foot,-0.08392728,0.18736683,0.02321006
5.320000,0,RR_foot,-0.12304727,-0.21697178,0.02020506
5.340000,0,FL_foot,0.34339961,0.18163638,0.02023764
5.340000,0,FR_foot,0.41764569,-0.26263860,0.03024135
5.340000,0,RL_foot,-0.06623553,0.18677533,0.02378890
5.340000,0,RR_foot,-0.12276791,-0.21692802,0.02021339
5.360000,0,FL_foot,0.34364778,0.18164879,0.02023978
5.360000,0,FR_foot,0.43693072,-0.27028757,0.03161184
5.360000,0,RL_foot,-0.04904098,0.18727194,0.02443062
5.360000,0,RR_foot,-0.12246566,-0.21688285,0.02021286
5.380000,0,FL_foot,0.34389734,0.18164918,0.02023241
5.380000,0,FR_foot,0.44966537,-0.27719629,0.03169541
5.380000,0,RL_foot,-0.03252382,0.18875630,0.02501171
5.380000,0,RR_foot,-0.12217123,-0.21685080,0.02020130
5.400000,0,FL_foot,0.34416685,0.18161853,0.02023202
5.400000,0,FR_foot,0.45701525,-0.28260741,0.03036429
5.400000,0,RL_foot,-0.01727082,0.19120154,0.02545612
5.400000,0,RR_foot,-0.12186138,-0.21683565,0.02020324
5.420000,0,FL_foot,0.34443787,0.18158634,0.02023063
5.420000,0,FR_foot,0.46083164,-0.28637490,0.02774588
5.420000,0,RL_foot,-0.00392900,0.19445083,0.02583210
5.420000,0,RR_foot,-0.12153439,-0.21681687,0.02019470
5.440000,0,FL_foot,0.34472314,0.18153475,0.02022045
5.440000,0,FR_foot,0.46242094,-0.28842300,0.02395972
5.440000,0,RL_foot,0.00698669,0.19857390,0.02613614
5.440000,0,RR_foot,-0.12120066,-0.21681471,0.02018096
5.460000,0,FL_foot,0.34503794,0.18145990,0.02024147
5.460000,0,FR_foot,0.46274540,-0.28873247,0.02027757
5.460000,0,RL_foot,0.01519607,0.20330444,0.02584357
5.460000,0,RR_foot,-0.12074094,-0.21735644,0.02023043
5.480000,0,FL_foot,0.34535301,0.18134110,0.02022389
5.480000,0,FR_foot,0.46286309,-0.28894326,0.02030181
5.480000,0,RL_foot,0.02179494,0.20791571,0.02249427
5.480000,0,RR_foot,-0.12056828,-0.21788670,0.02019343
5.500000,0,FL_foot,0.34625840,0.18212456,0.02029334
5.500000,0,FR_foot,0.46312603,-0.28910401,0.02025896
5.500000,0,RL_foot,0.02360890,0.20962700,0.02018327
5.500000,0,RR_foot,-0.12041336,-0.21874242,0.02023016
5.520000,0,FL_foot,0.35174406,0.18420944,0.02166160
5.520000,0,FR_foot,0.46322960,-0.28925756,0.02029200
5.520000,0,RL_foot,0.02377990,0.20966807,0.02024475
5.520000,0,RR_foot,-0.12117944,-0.22079504,0.02019727
5.540000,0,FL_foot,0.36084142,0.18463124,0.02301255
5.540000,0,FR_foot,0.46341127,-0.28939569,0.02029012
5.540000,0,RL_foot,0.02398829,0.20971873,0.02024368
5.540000,0,RR_foot,-0.12089483,-0.22071864,0.02019651
5.560000,0,FL_foot,0.37292856,0.18386288,0.02433192
5.560000,0,FR_foot,0.46359584,-0.28954083,0.02028788
5.560000,0,RL_foot,0.02422084,0.20976990,0.02023904
5.560000,0,RR_foot,-0.12058938,-0.22062236,0.02019549
5.580000,0,FL_foot,0.38719326,0.18242374,0.02566166
5.580000,0,FR_foot,0.46378273,-0.28967559,0.02028440
5.580000,0,RL_foot,0.02446302,0.20983109,0.02023865
5.580000,0,RR_foot,-0.12026274,-0.22051889,0.02020105
5.600000,0,FL_foot,0.40275124,0.18048401,0.02700851
5.600000,0,FR_foot,0.46396908,-0.28981090,0.02027946
5.600000,0,RL_foot,0.02470460,0.20987426,0.02023414
5.600000,0,RR_foot,-0.11959811,-0.22073191,0.02018806
5.620000,0,FL_foot,0.41883057,0.17782401,0.02831693
5.620000,0,FR_foot,0.46414927,-0.28994372,0.02027885
5.620000,0,RL_foot,0.02495390,0.20986716,0.02023605
5.620000,0,RR_foot,-0.11709495,-0.22130693,0.02019527
5.640000,0,FL_foot,0.43501839,0.17431787,0.02954037
5.640000,0,FR_foot,0.46433246,-0.29006845,0.02027515
5.640000,0,RL_foot,0.02519992,0.20983236,0.02023293
5.640000,0,RR_foot,-0.11119077,-0.22152369,0.02019429
5.660000,0,FL_foot,0.45122951,0.17048024,0.03062209
5.660000,0,FR_foot,0.46452540,-0.29019043,0.02026946
5.660000,0,RL_foot,0.02545684,0.20975764,0.02022431
5.660000,0,RR_foot,-0.10172571,-0.22108002,0.02019272
5.680000,0,FL_foot,0.46739772,0.16689122,0.03153148
5.680000,0,FR_foot,0.46472436,-0.29030585,0.02026702
5.680000,0,RL_foot,0.02572714,0.20963274,0.02022255
5.680000,0,RR_foot,-0.08883937,-0.22008143,0.02018468
5.700000,0,FL_foot,0.48385721,0.16398387,0.03221918
5.700000,0,FR_foot,0.46492764,-0.29041597,0.02026303
5.700000,0,RL_foot,0.02599816,0.20950639,0.02021611
5.700000,0,RR_foot,-0.07230256,-0.21866657,0.02018139
5.720000,0,FL_foot,0.50069326,0.16214272,0.03268808
5.720000,0,FR_foot,0.46513146,-0.29052165,0.02025797
5.720000,0,RL_foot,0.02627204,0.20937310,0.02020654
5.720000,0,RR_foot,-0.05210286,-0.21745427,0.02018320
5.740000,0,FL_foot,0.51693130,0.16186774,0.03279677
5.740000,0,FR_foot,0.46533799,-0.29061443,0.02025641
5.740000,0,RL_foot,0.02654919,0.20921966,0.02020689
5.740000,0,RR_foot,-0.02992017,-0.21772556,0.02021621
5.760000,0,FL_foot,0.53127563,0.16316546,0.03251659
5.760000,0,FR_foot,0.46553731,-0.29070979,0.02025350
5.760000,0,RL_foot,0.02682050,0.20909169,0.02020387
5.760000,0,RR_foot,-0.00693986,-0.21956886,0.02026811
5.780000,0,FL_foot,0.54302937,0.16594017,0.03189081
5.780000,0,FR_foot,0.46573856,-0.29080203,0.02024889
5.780000,0,RL_foot,0.02709306,0.20896342,0.02019496
5.780000,0,RR_foot,0.01569870,-0.22263740,0.02032511
5.800000,0,FL_foot,0.55189544,0.16983430,0.03094235
5.800000,0,FR_foot,0.46595684,-0.29088107,0.02024708
5.800000,0,RL_foot,0.02737308,0.20881316,0.02019455
5.800000,0,RR_foot,0.03689929,-0.22628368,0.02050063
5.820000,0,FL_foot,0.55820626,0.17432396,0.02974928
5.820000,0,FR_foot,0.46618047,-0.29095641,0.02024329
5.820000,0,RL_foot,0.02765370,0.20867614,0.02018764
5.820000,0,RR_foot,0.05574221,-0.23020077,0.02072847
5.840000,0,FL_foot,0.56276637,0.17874672,0.02842080
5.840000,0,FR_foot,0.46642244,-0.29102245,0.02023810
5.840000,0,RL_foot,0.02794908,0.20853680,0.02017835
5.840000,0,RR_foot,0.07135372,-0.23458375,0.02080247
5.860000,0,FL_foot,0.56615913,0.18269567,0.02693630
5.860000,0,FR_foot,0.46669182,-0.29107365,0.02023610
5.860000,0,RL_foot,0.02826119,0.20837596,0.02017399
5.860000,0,RR_foot,0.08315459,-0.23949268,0.02059461
5.880000,0,FL_foot,0.56826323,0.18594582,0.02501203
5.880000,0,FR_foot,0.46696705,-0.29112101,0.02023016
5.880000,0,RL_foot,0.02859922,0.20823504,0.02016820
5.880000,0,RR_foot,0.09024583,-0.24413183,0.02025810
5.900000,0,FL_foot,0.56824738,0.18820865,0.02203371
5.900000,0,FR_foot,0.46725544,-0.29117444,0.02022650
5.900000,0,RL_foot,0.02897161,0.20809217,0.02015509
5.900000,0,RR_foot,0.09216222,-0.24761599,0.02025513
5.920000,0,FL_foot,0.56760520,0.18882136,0.02013743
5.920000,0,FR_foot,0.46816126,-0.29120570,0.02045221
5.920000,0,RL_foot,0.03012031,0.20827915,0.02059016
5.920000,0,RR_foot,0.09181806,-0.24920008,0.02020290
5.940000,0,FL_foot,0.56782460,0.18882973,0.02022619
5.940000,0,FR_foot,0.47501087,-0.29045016,0.02119430
5.940000,0,RL_foot,0.03541213,0.20345075,0.02186517
5.940000,0,RR_foot,0.09208068,-0.24923170,0.02021655
5.960000,0,FL_foot,0.56811529,0.18882047,0.02022445
5.960000,0,FR_foot,0.48905590,-0.28911108,0.02209640
5.960000,0,RL_foot,0.04504904,0.19523780,0.02254197
5.960000,0,RR_foot,0.09233402,-0.24922214,0.02021099
5.980000,0,FL_foot,0.56839800,0.18882228,0.02022154
5.980000,0,FR_foot,0.51065272,-0.28893510,0.02310257
5.980000,0,RL_foot,0.05904707,0.18635242,0.02301735
5.980000,0,RR_foot,0.09258957,-0.24921922,0.02020787
6.000000,0,FL_foot,0.56866515,0.18883590,0.02021939
6.000000,0,FR_foot,0.53795725,-0.29014850,0.02438840
6.000000,0,RL_foot,0.07642369,0.17831546,0.02375831
6.000000,0,RR_foot,0.09285139,-0.24919730,0.02020665
6.020000,0,FL_foot,0.56892127,0.18885525,0.02021632
6.020000,0,FR_foot,0.56760454,-0.29239774,0.02629272
6.020000,0,RL_foot,0.09549665,0.17173609,0.02489660
6.020000,0,RR_foot,0.09313088,-0.24913922,0.02020407
6.040000,0,FL_foot,0.56918496,0.18887396,0.02021418
6.040000,0,FR_foot,0.59623110,-0.29551026,0.02871377
6.040000,0,RL_foot,0.11480574,0.16772732,0.02596125
6.040000,0,RR_foot,0.09342182,-0.24910055,0.02020460
6.060000,0,FL_foot,0.56944990,0.18889721,0.02021181
6.060000,0,FR_foot,0.62160259,-0.30012399,0.03103350
6.060000,0,RL_foot,0.13370879,0.16610730,0.02687515
6.060000,0,RR_foot,0.09373211,-0.24905752,0.02020079
6.080000,0,FL_foot,0.56972122,0.18890972,0.02021041
6.080000,0,FR_foot,0.64221436,-0.30569136,0.03263172
6.080000,0,RL_foot,0.15201184,0.16627809,0.02773135
6.080000,0,RR_foot,0.09407040,-0.24900347,0.02020398
6.100000,0,FL_foot,0.56999117,0.18892340,0.02020767
6.100000,0,FR_foot,0.65720892,-0.31050411,0.03288880
6.100000,0,RL_foot,0.16954736,0.16793874,0.02851620
6.100000,0,RR_foot,0.09441566,-0.24896921,0.02019971
6.120000,0,FL_foot,0.57026798,0.18892613,0.02020307
6.120000,0,FR_foot,0.66670310,-0.31360620,0.03133868
6.120000,0,RL_foot,0.18626903,0.17083889,0.02928581
6.120000,0,RR_foot,0.09477954,-0.24894384,0.02019144
6.140000,0,FL_foot,0.57056421,0.18890026,0.02020274
6.140000,0,FR_foot,0.67180610,-0.31509578,0.02794636
6.140000,0,RL_foot,0.20198922,0.17467347,0.03023762
6.140000,0,RR_foot,0.09516594,-0.24891299,0.02019002
6.160000,0,FL_foot,0.57086259,0.18886711,0.02019840
6.160000,0,FR_foot,0.67401463,-0.31547186,0.02296492
6.160000,0,RL_foot,0.21602352,0.17948742,0.03143688
6.160000,0,RR_foot,0.09556837,-0.24889173,0.02018137
6.180000,0,FL_foot,0.57118219,0.18879309,0.02019785
6.180000,0,FR_foot,0.67446876,-0.31554645,0.02029355
6.180000,0,RL_foot,0.22835553,0.18419273,0.03070236
6.180000,0,RR_foot,0.09643241,-0.25100067,0.02020751
6.200000,0,FL_foot,0.57151020,0.18869087,0.02019790
6.200000,0,FR_foot,0.67464143,-0.31574437,0.02029302
6.200000,0,RL_foot,0.23930292,0.18867336,0.02765614
6.200000,0,RR_foot,0.09667649,-0.25096577,0.02019301
6.220000,0,FL_foot,0.57179350,0.18860713,0.02019350
6.220000,0,FR_foot,0.67482555,-0.31591690,0.02029213
6.220000,0,RL_foot,0.24667981,0.19197184,0.02479140
6.220000,0,RR_foot,0.09692173,-0.25090766,0.02018782
6.240000,0,FL_foot,0.57208276,0.18853815,0.02018709
6.240000,0,FR_foot,0.67501879,-0.31605983,0.02028943
6.240000,0,RL_foot,0.25032324,0.19445248,0.02173531
6.240000,0,RR_foot,0.09718189,-0.25082999,0.02017894
6.260000,0,FL_foot,0.57335722,0.18810485,0.02121322
6.260000,0,FR_foot,0.67527914,-0.31615511,0.02028509
6.260000,0,RL_foot,0.25072032,0.19503997,0.02023893
6.260000,0,RR_foot,0.09744758,-0.25178143,0.02045539
6.280000,0,FL_foot,0.58083588,0.18593855,0.02333306
6.280000,0,FR_foot,0.67550963,-0.31621081,0.02028549
6.280000,0,RL_foot,0.25091878,0.19512504,0.02023760
6.280000,0,RR_foot,0.09768799,-0.25263292,0.02018745
6.300000,0,FL_foot,0.59273452,0.18258476,0.02492304
6.300000,0,FR_foot,0.67575347,-0.31625268,0.02027868
6.300000,0,RL_foot,0.25112391,0.19520254,0.02023092
6.300000,0,RR_foot,0.09802999,-0.25253528,0.02020520
6.320000,0,FL_foot,0.60741317,0.17869300,0.02641827
6.320000,0,FR_foot,0.67598331,-0.31630483,0.02027476
6.320000,0,RL_foot,0.25133771,0.19527312,0.02022825
6.320000,0,RR_foot,0.09837725,-0.25243115,0.02020706
6.340000,0,FL_foot,0.62351406,0.17433055,0.02781441
6.340000,0,FR_foot,0.67619872,-0.31637380,0.02027336
6.340000,0,RL_foot,0.25156176,0.19530490,0.02022759
6.340000,0,RR_foot,0.10004289,-0.25224620,0.02020033
6.360000,0,FL_foot,0.64010382,0.16918969,0.02898770
6.360000,0,FR_foot,0.67640251,-0.31643966,0.02027049
6.360000,0,RL_foot,0.25179118,0.19531491,0.02022581
6.360000,0,RR_foot,0.10497981,-0.25144550,0.02019939
6.380000,0,FL_foot,0.65693855,0.16351435,0.02993508
6.380000,0,FR_foot,0.67660820,-0.31651601,0.02026653
6.380000,0,RL_foot,0.25203487,0.19528845,0.02021975
6.380000,0,RR_foot,0.11360574,-0.24995606,0.02019554
6.400000,0,FL_foot,0.67403293,0.15804134,0.03066316
6.400000,0,FR_foot,0.67681479,-0.31659690,0.02026455
6.400000,0,RL_foot,0.25229585,0.19520926,0.02021750
6.400000,0,RR_foot,0.12591432,-0.24788909,0.02018914
6.420000,0,FL_foot,0.69129413,0.15339307,0.03115469
6.420000,0,FR_foot,0.67702484,-0.31667492,0.02026086
6.420000,0,RL_foot,0.25256342,0.19512622,0.02021208
6.420000,0,RR_foot,0.14202854,-0.24536911,0.02017872
6.440000,0,FL_foot,0.70896614,0.14995793,0.03144953
6.440000,0,FR_foot,0.67723542,-0.31675285,0.02025641
6.440000,0,RL_foot,0.25283542,0.19503166,0.02020355
6.440000,0,RR_foot,0.16239406,-0.24256581,0.02017970
6.460000,0,FL_foot,0.72672158,0.14812469,0.03160092
6.460000,0,FR_foot,0.67744792,-0.31682190,0.02025519
6.460000,0,RL_foot,0.25310689,0.19491519,0.02020218
6.460000,0,RR_foot,0.18587677,-0.24073060,0.02023629
6.480000,0,FL_foot,0.74316323,0.14830910,0.03148359
6.480000,0,FR_foot,0.67765403,-0.31688747,0.02025263
6.480000,0,RL_foot,0.25337112,0.19482549,0.02019972
6.480000,0,RR_foot,0.21076925,-0.24075377,0.02031993
6.500000,0,FL_foot,0.75704181,0.15032816,0.03098176
6.500000,0,FR_foot,0.67786252,-0.31694916,0.02024885
6.500000,0,RL_foot,0.25363731,0.19473751,0.02019273
6.500000,0,RR_foot,0.23525481,-0.24255909,0.02049656
6.520000,0,FL_foot,0.76771247,0.15378655,0.03002099
6.520000,0,FR_foot,0.67808849,-0.31700549,0.02024715
6.520000,0,RL_foot,0.25391445,0.19462810,0.02019044
6.520000,0,RR_foot,0.25797638,-0.24543376,0.02085057
6.540000,0,FL_foot,0.77512091,0.15802766,0.02859826
6.540000,0,FR_foot,0.67831779,-0.31705770,0.02024336
6.540000,0,RL_foot,0.25420040,0.19453560,0.02018463
6.540000,0,RR_foot,0.27786651,-0.24908410,0.02127469
6.560000,0,FL_foot,0.77994317,0.16226275,0.02676694
6.560000,0,FR_foot,0.67856556,-0.31710657,0.02023891
6.560000,0,RL_foot,0.25450724,0.19443963,0.02017711
6.560000,0,RR_foot,0.29403538,-0.25345486,0.02162455
6.580000,0,FL_foot,0.78316092,0.16586681,0.02456535
6.580000,0,FR_foot,0.67883891,-0.31714606,0.02023561
6.580000,0,RL_foot,0.25483665,0.19431941,0.02017025
6.580000,0,RR_foot,0.30589855,-0.25843936,0.02180213
6.600000,0,FL_foot,0.78500050,0.16847768,0.02188813
6.600000,0,FR_foot,0.67911911,-0.31718612,0.02023118
6.600000,0,RL_foot,0.25519928,0.19421792,0.02016385
6.600000,0,RR_foot,0.31293160,-0.26395795,0.02176426
6.620000,0,FL_foot,0.78533673,0.16926385,0.02019662
6.620000,0,FR_foot,0.67941529,-0.31721312,0.02023187
6.620000,0,RL_foot,0.25576025,0.19426939,0.02019605
6.620000,0,RR_foot,0.31498352,-0.26894030,0.02055059
6.640000,0,FL_foot,0.78561318,0.16927379,0.02022985
6.640000,0,FR_foot,0.68319100,-0.31518474,0.02130088
6.640000,0,RL_foot,0.25788766,0.19216959,0.02054900
6.640000,0,RR_foot,0.31529403,-0.26896563,0.02022287
6.660000,0,FL_foot,0.78588283,0.16928336,0.02022839
6.660000,0,FR_foot,0.69412702,-0.30985537,0.02250231
6.660000,0,RL_foot,0.26429394,0.18554388,0.02072147
6.660000,0,RR_foot,0.31552547,-0.26902395,0.02021974
6.680000,0,FL_foot,0.78614807,0.16928972,0.02022562
6.680000,0,FR_foot,0.71188116,-0.30565974,0.02390910
6.680000,0,RL_foot,0.27441403,0.17718640,0.02057576
6.680000,0,RR_foot,0.31575158,-0.26903763,0.02021433
6.700000,0,FL_foot,0.78640521,0.16930988,0.02022381
6.700000,0,FR_foot,0.73576915,-0.30404902,0.02541994
6.700000,0,RL_foot,0.28807643,0.16896224,0.02048916
6.700000,0,RR_foot,0.31598282,-0.26904660,0.02021299
6.720000,0,FL_foot,0.78664863,0.16934013,0.02022186
6.720000,0,FR_foot,0.76387447,-0.30449134,0.02722666
6.720000,0,RL_foot,0.30471173,0.16151901,0.02085718
6.720000,0,RR_foot,0.31621909,-0.26902655,0.02021004
6.740000,0,FL_foot,0.78688264,0.16937019,0.02021873
6.740000,0,FR_foot,0.79350895,-0.30643398,0.02958332
6.740000,0,RL_foot,0.32316285,0.15527847,0.02175733
6.740000,0,RR_foot,0.31647602,-0.26896703,0.02020878
6.760000,0,FL_foot,0.78712153,0.16940627,0.02021724
6.760000,0,FR_foot,0.82186806,-0.30968511,0.03236615
6.760000,0,RL_foot,0.34208304,0.15140717,0.02271991
6.760000,0,RR_foot,0.31674457,-0.26892120,0.02020956
6.780000,0,FL_foot,0.78736198,0.16944736,0.02021496
6.780000,0,FR_foot,0.84682345,-0.31456187,0.03503973
6.780000,0,RL_foot,0.36064592,0.14976805,0.02362334
6.780000,0,RR_foot,0.31703123,-0.26886919,0.02020650
6.800000,0,FL_foot,0.78760886,0.16947629,0.02021473
6.800000,0,FR_foot,0.86684853,-0.32033885,0.03702536
6.800000,0,RL_foot,0.37850067,0.14984307,0.02448329
6.800000,0,RR_foot,0.31734556,-0.26880693,0.02021029
6.820000,0,FL_foot,0.78785384,0.16951050,0.02021214
6.820000,0,FR_foot,0.88115394,-0.32531023,0.03770347
6.820000,0,RL_foot,0.39551461,0.15127134,0.02527832
6.820000,0,RR_foot,0.31766453,-0.26875976,0.02020616
6.840000,0,FL_foot,0.78810549,0.16953529,0.02020857
6.840000,0,FR_foot,0.89008856,-0.32860705,0.03664844
6.840000,0,RL_foot,0.41168451,0.15391283,0.02602589
6.840000,0,RR_foot,0.31800786,-0.26870874,0.02019949
6.860000,0,FL_foot,0.78837687,0.16953102,0.02020728
6.860000,0,FR_foot,0.89498812,-0.33039436,0.03390594
6.860000,0,RL_foot,0.42672968,0.15761647,0.02683918
6.860000,0,RR_foot,0.31835884,-0.26867592,0.02019800
6.880000,0,FL_foot,0.78865075,0.16952240,0.02020374
6.880000,0,FR_foot,0.89734870,-0.33113706,0.02974877
6.880000,0,RL_foot,0.43999302,0.16225204,0.02779789
6.880000,0,RR_foot,0.31873089,-0.26863840,0.02019071
6.900000,0,FL_foot,0.78893679,0.16949810,0.02019757
6.900000,0,FR_foot,0.89802355,-0.33083844,0.02437204
6.900000,0,RL_foot,0.45080018,0.16782118,0.02886229
6.900000,0,RR_foot,0.31911552,-0.26862511,0.02017941
6.920000,0,FL_foot,0.78924501,0.16943541,0.02021183
6.920000,0,FR_foot,0.89806211,-0.33033475,0.02029538
6.920000,0,RL_foot,0.45914018,0.17331898,0.02883305
6.920000,0,RR_foot,0.31987286,-0.26982969,0.02025181
6.940000,0,FL_foot,0.78955913,0.16932575,0.02019871
6.940000,0,FR_foot,0.89822978,-0.33052793,0.02029332
6.940000,0,RL_foot,0.46634704,0.17794713,0.02554384
6.940000,0,RR_foot,0.32011425,-0.26979855,0.02019324
6.960000,0,FL_foot,0.78986198,0.16923654,0.02019383
6.960000,0,FR_foot,0.89841181,-0.33069339,0.02029105
6.960000,0,RL_foot,0.47030154,0.18079433,0.02242370
6.960000,0,RR_foot,0.32035664,-0.26974499,0.02018471
6.980000,0,FL_foot,0.79097980,0.16951400,0.02067822
6.980000,0,FR_foot,0.89867127,-0.33082560,0.02026289
6.980000,0,RL_foot,0.47093853,0.18186852,0.02020547
6.980000,0,RR_foot,0.32065237,-0.27032748,0.02034374
7.000000,0,FL_foot,0.79811102,0.16839348,0.02282700
7.000000,0,FR_foot,0.89885426,-0.33091235,0.02028702
7.000000,0,RL_foot,0.47111085,0.18196468,0.02023759
7.000000,0,RR_foot,0.32088268,-0.27135769,0.02019445
7.020000,0,FL_foot,0.80940479,0.16593197,0.02448979
7.020000,0,FR_foot,0.89908266,-0.33099669,0.02028110
7.020000,0,RL_foot,0.47132328,0.18202911,0.02022989
7.020000,0,RR_foot,0.32120311,-0.27126348,0.02020524
7.040000,0,FL_foot,0.82354212,0.16273071,0.02603847
7.040000,0,FR_foot,0.89929634,-0.33107695,0.02027811
7.040000,0,RL_foot,0.47154415,0.18209484,0.02022818
7.040000,0,RR_foot,0.32153067,-0.27116123,0.02020831
7.060000,0,FL_foot,0.83932835,0.15902285,0.02752549
7.060000,0,FR_foot,0.89950365,-0.33116624,0.02027378
7.060000,0,RL_foot,0.47176838,0.18214139,0.02022414
7.060000,0,RR_foot,0.32256159,-0.27109402,0.02020288
7.080000,0,FL_foot,0.85571927,0.15456238,0.02884748
7.080000,0,FR_foot,0.89970165,-0.33126384,0.02027252
7.080000,0,RL_foot,0.47200489,0.18213952,0.02022433
7.080000,0,RR_foot,0.32612479,-0.27064320,0.02020140
7.100000,0,FL_foot,0.87228221,0.14939715,0.02993894
7.100000,0,FR_foot,0.89989573,-0.33135721,0.02026988
7.100000,0,RL_foot,0.47224674,0.18211471,0.02022132
7.100000,0,RR_foot,0.33312333,-0.26953307,0.02019831
7.120000,0,FL_foot,0.88904697,0.14414659,0.03077125
7.120000,0,FR_foot,0.90009433,-0.33145538,0.02026537
7.120000,0,RL_foot,0.47250366,0.18205704,0.02021458
7.120000,0,RR_foot,0.34361371,-0.26783568,0.02019409
7.140000,0,FL_foot,0.90591425,0.13942675,0.03133225
7.140000,0,FR_foot,0.90029675,-0.33155298,0.02026262
7.140000,0,RL_foot,0.47277471,0.18195421,0.02021089
7.140000,0,RR_foot,0.35765588,-0.26568568,0.02018717
7.160000,0,FL_foot,0.92311859,0.13564305,0.03161531
7.160000,0,FR_foot,0.90050423,-0.33164498,0.02025907
7.160000,0,RL_foot,0.47304958,0.18185556,0.02020446
7.160000,0,RR_foot,0.37585455,-0.26310080,0.02017877
7.180000,0,FL_foot,0.94061691,0.13308841,0.03173390
7.180000,0,FR_foot,0.90070969,-0.33172965,0.02025501
7.180000,0,RL_foot,0.47332424,0.18175560,0.02019709
7.180000,0,RR_foot,0.39787623,-0.26088664,0.02019242
7.200000,0,FL_foot,0.95738918,0.13239443,0.03164187
7.200000,0,FR_foot,0.90091223,-0.33180580,0.02025375
7.200000,0,RL_foot,0.47359568,0.18164027,0.02019708
7.200000,0,RR_foot,0.42177728,-0.26021978,0.02024505
7.220000,0,FL_foot,0.97206938,0.13363452,0.03126840
7.220000,0,FR_foot,0.90111673,-0.33187422,0.02025099
7.220000,0,RL_foot,0.47385907,0.18155000,0.02019434
7.220000,0,RR_foot,0.44603175,-0.26127565,0.02031464
7.240000,0,FL_foot,0.98384041,0.13652328,0.03051382
7.240000,0,FR_foot,0.90133429,-0.33193630,0.02024723
7.240000,0,RL_foot,0.47412571,0.18146200,0.02018659
7.240000,0,RR_foot,0.46938333,-0.26353681,0.02050775
7.260000,0,FL_foot,0.99251062,0.14055482,0.02935407
7.260000,0,FR_foot,0.90155298,-0.33199400,0.02024489
7.260000,0,RL_foot,0.47440228,0.18135414,0.02018367
7.260000,0,RR_foot,0.49064878,-0.26642069,0.02087629
7.280000,0,FL_foot,0.99846172,0.14500794,0.02783107
7.280000,0,FR_foot,0.90178782,-0.33204699,0.02024144
7.280000,0,RL_foot,0.47469068,0.18126087,0.02017847
7.280000,0,RR_foot,0.50871330,-0.26997584,0.02124219
7.300000,0,FL_foot,1.00258029,0.14910330,0.02600160
7.300000,0,FR_foot,0.90205044,-0.33208928,0.02023704
7.300000,0,RL_foot,0.47500065,0.18116315,0.02017089
7.300000,0,RR_foot,0.52279234,-0.27424142,0.02145860
7.320000,0,FL_foot,1.00546682,0.15233746,0.02383084
7.320000,0,FR_foot,0.90231687,-0.33212978,0.02023333
7.320000,0,RL_foot,0.47533381,0.18104540,0.02016385
7.320000,0,RR_foot,0.53241074,-0.27915853,0.02143383
7.340000,0,FL_foot,1.00681424,0.15466250,0.02109073
7.340000,0,FR_foot,0.90260381,-0.33217210,0.02022962
7.340000,0,RL_foot,0.47570494,0.18094961,0.02015792
7.340000,0,RR_foot,0.53703177,-0.28441918,0.02123080
7.360000,0,FL_foot,1.00706363,0.15489903,0.02021998
7.360000,0,FR_foot,0.90324736,-0.33183053,0.02052644
7.360000,0,RL_foot,0.47653887,0.18119039,0.02037361
7.360000,0,RR_foot,0.53745133,-0.28665781,0.02020428
7.380000,0,FL_foot,1.00732601,0.15492496,0.02022856
7.380000,0,FR_foot,0.90995485,-0.32720923,0.02148775
7.380000,0,RL_foot,0.48059946,0.17616092,0.02122058
7.380000,0,RR_foot,0.53768414,-0.28671855,0.02022231
7.400000,0,FL_foot,1.00760293,0.15493424,0.02022591
7.400000,0,FR_foot,0.92368782,-0.32160595,0.02254609
7.400000,0,RL_foot,0.48905414,0.16824713,0.02149539
7.400000,0,RR_foot,0.53792948,-0.28673455,0.02021619
7.420000,0,FL_foot,1.00787282,0.15495317,0.02022382
7.420000,0,FR_foot,0.94421232,-0.31823710,0.02376968
7.420000,0,RL_foot,0.50131488,0.15952922,0.02149264
7.420000,0,RR_foot,0.53817284,-0.28674927,0.02021405
7.440000,0,FL_foot,1.00813890,0.15497361,0.02022227
7.440000,0,FR_foot,0.96476859,-0.31483859,0.02451423
7.440000,0,RL_foot,0.51682520,0.15356991,0.02171942
7.440000,0,RR_foot,0.53843594,-0.28677091,0.02021604
7.460000,0,FL_foot,1.00836945,0.15497130,0.02022275
7.460000,0,FR_foot,0.98091900,-0.31123438,0.02453471
7.460000,0,RL_foot,0.53056717,0.14994304,0.02279416
7.460000,0,RR_foot,0.53869647,-0.28678012,0.02021999
7.480000,0,FL_foot,1.00857329,0.15495747,0.02022067
7.480000,0,FR_foot,0.99286777,-0.30888948,0.02371323
7.480000,0,RL_foot,0.54086733,0.14931716,0.02407842
7.480000,0,RR_foot,0.53894025,-0.28680232,0.02021684
7.500000,0,FL_foot,1.00879824,0.15491873,0.02021933
7.500000,0,FR_foot,0.99728715,-0.30692473,0.02083039
7.500000,0,RL_foot,0.54859376,0.15213318,0.02629211
7.500000,0,RR_foot,0.53923458,-0.28685510,0.02022908
7.520000,0,FL_foot,1.00898159,0.15483293,0.02022290
7.520000,0,FR_foot,0.99737531,-0.30701691,0.02023977
7.520000,0,RL_foot,0.55538285,0.15256584,0.02691383
7.520000,0,RR_foot,0.54402965,-0.29034993,0.02022253
7.540000,0,FL_foot,1.00907958,0.15471399,0.02022136
7.540000,0,FR_foot,0.99738312,-0.30712476,0.02023574
7.540000,0,RL_foot,0.56274468,0.14992721,0.02736388
7.540000,0,RR_foot,0.54705095,-0.29196638,0.02022656
7.560000,0,FL_foot,1.00913346,0.15458259,0.02022083
7.560000,0,FR_foot,0.99604291,-0.30640823,0.02022432
7.560000,0,RL_foot,0.56880289,0.14700489,0.02803424
7.560000,0,RR_foot,0.54815638,-0.29266509,0.02025271
7.580000,0,FL_foot,1.00918460,0.15444767,0.02022277
7.580000,0,FR_foot,0.99405611,-0.30579862,0.02023509
7.580000,0,RL_foot,0.57174414,0.14546227,0.02853507
7.580000,0,RR_foot,0.54883295,-0.29324690,0.02023946
7.600000,0,FL_foot,1.00918114,0.15427445,0.02022013
7.600000,0,FR_foot,0.99027461,-0.30496725,0.02023420
7.600000,0,RL_foot,0.57065624,0.14613159,0.02854516
7.600000,0,RR_foot,0.54875529,-0.29333505,0.02023776
7.620000,0,FL_foot,1.00914478,0.15413785,0.02022073
7.620000,0,FR_foot,0.98321581,-0.30386725,0.02023146
7.620000,0,RL_foot,0.56572449,0.14860636,0.02816380
7.620000,0,RR_foot,0.54861587,-0.29341751,0.02024074
7.640000,0,FL_foot,1.00905633,0.15398483,0.02021828
7.640000,0,FR_foot,0.97163659,-0.30271491,0.02022913
7.640000,0,RL_foot,0.55805743,0.15234876,0.02754243
7.640000,0,RR_foot,0.54845113,-0.29348913,0.02023545
7.660000,0,FL_foot,1.00894022,0.15386748,0.02021733
7.660000,0,FR_foot,0.95653117,-0.30185524,0.02021008
7.660000,0,RL_foot,0.54940993,0.15649645,0.02701047
7.660000,0,RR_foot,0.54827213,-0.29354507,0.02023226
7.680000,0,FL_foot,1.00880408,0.15377092,0.02021729
7.680000,0,FR_foot,0.94034457,-0.30151117,0.02020690
7.680000,0,RL_foot,0.54134446,0.16053435,0.02663415
7.680000,0,RR_foot,0.54808646,-0.29358149,0.02022884
7.700000,0,FL_foot,1.00865066,0.15368854,0.02021639
7.700000,0,FR_foot,0.92437160,-0.30147883,0.02020612
7.700000,0,RL_foot,0.53446025,0.16411069,0.02642003
7.700000,0,RR_foot,0.54789168,-0.29359749,0.02022159
7.720000,0,FL_foot,1.00847960,0.15361559,0.02021621
7.720000,0,FR_foot,0.90986079,-0.30168223,0.02020099
7.720000,0,RL_foot,0.52896625,0.16721527,0.02619018
7.720000,0,RR_foot,0.54769415,-0.29358009,0.02022567
7.740000,0,FL_foot,1.00828779,0.15354896,0.02021664
7.740000,0,FR_foot,0.89889717,-0.30226102,0.02020436
7.740000,0,RL_foot,0.52482915,0.16991796,0.02552116
7.740000,0,RR_foot,0.54746157,-0.29357126,0.02022645
7.760000,0,FL_foot,1.00806415,0.15349519,0.02021714
7.760000,0,FR_foot,0.89321381,-0.30319977,0.02020983
7.760000,0,RL_foot,0.52180713,0.17199613,0.02410938
7.760000,0,RR_foot,0.54720008,-0.29354784,0.02022536
7.780000,0,FL_foot,1.00780928,0.15348338,0.02021826
7.780000,0,FR_foot,0.89133221,-0.30432355,0.02020103
7.780000,0,RL_foot,0.51943886,0.17327408,0.02211993
7.780000,0,RR_foot,0.54693639,-0.29348248,0.02022707
7.800000,0,FL_foot,1.00675559,0.15267926,0.02036978
7.800000,0,FR_foot,0.89070022,-0.30572498,0.02014597
7.800000,0,RL_foot,0.51845080,0.17414416,0.02015742
7.800000,0,RR_foot,0.54674172,-0.29353541,0.02030257
7.820000,0,FL_foot,0.99941683,0.14500044,0.02154555
7.820000,0,FR_foot,0.89047128,-0.30568764,0.02020163
7.820000,0,RL_foot,0.51811767,0.17420216,0.02019257
7.820000,0,RR_foot,0.54589975,-0.29017678,0.02115837
7.840000,0,FL_foot,0.98796147,0.13431941,0.02264895
7.840000,0,FR_foot,0.89024401,-0.30562606,0.02020884
7.840000,0,RL_foot,0.51785100,0.17425497,0.02019827
7.840000,0,RR_foot,0.54094326,-0.28562394,0.02208843
7.860000,0,FL_foot,0.97312981,0.12416864,0.02375541
7.860000,0,FR_foot,0.89000678,-0.30555451,0.02021091
7.860000,0,RL_foot,0.51760924,0.17429583,0.02019991
7.860000,0,RR_foot,0.52909207,-0.28175077,0.02265313
7.880000,0,FL_foot,0.95613718,0.11831851,0.02427949
7.880000,0,FR_foot,0.88978070,-0.30546400,0.02021363
7.880000,0,RL_foot,0.51736361,0.17434168,0.02020596
7.880000,0,RR_foot,0.51135921,-0.27853906,0.02295592
7.900000,0,FL_foot,0.93735200,0.11636370,0.02416488
7.900000,0,FR_foot,0.88952941,-0.30538887,0.02021334
7.900000,0,RL_foot,0.51712078,0.17437774,0.02020665
7.900000,0,RR_foot,0.49039286,-0.27615243,0.02316564
7.920000,0,FL_foot,0.91716588,0.11659981,0.02388729
7.920000,0,FR_foot,0.88927996,-0.30531791,0.02021611
7.920000,0,RL_foot,0.51688248,0.17438886,0.02020517
7.920000,0,RR_foot,0.46793896,-0.27502039,0.02329506
7.940000,0,FL_foot,0.89645076,0.11800671,0.02379294
7.940000,0,FR_foot,0.88903391,-0.30522799,0.02021758
7.940000,0,RL_foot,0.51662785,0.17439742,0.02020921
7.940000,0,RR_foot,0.44488841,-0.27572939,0.02327115
7.960000,0,FL_foot,0.87638444,0.12074991,0.02380777
7.960000,0,FR_foot,0.88876945,-0.30515659,0.02022102
7.960000,0,RL_foot,0.51635879,0.17438857,0.02021224
7.960000,0,RR_foot,0.42264453,-0.27849272,0.02303161
7.980000,0,FL_foot,0.85793662,0.12459978,0.02390373
7.980000,0,FR_foot,0.88849002,-0.30509245,0.02022654
7.980000,0,RL_foot,0.51607770,0.17434472,0.02021315
7.980000,0,RR_foot,0.40330824,-0.28237435,0.02249869
8.000000,0,FL_foot,0.84230441,0.12939945,0.02394138
8.000000,0,FR_foot,0.88819069,-0.30502468,0.02022755
8.000000,0,RL_foot,0.51576740,0.17429604,0.02021546
8.000000,0,RR_foot,0.38891307,-0.28563598,0.02142294
8.020000,0,FL_foot,0.82988083,0.13481402,0.02317452
8.020000,0,FR_foot,0.88753659,-0.30511409,0.02024401
8.020000,0,RL_foot,0.51544297,0.17422158,0.02024189
8.020000,0,RR_foot,0.38274455,-0.28695995,0.02021120
8.040000,0,FL_foot,0.82032704,0.14048316,0.02057501
8.040000,0,FR_foot,0.88723338,-0.30506819,0.02024017
8.040000,0,RL_foot,0.51519859,0.17411609,0.02022743
8.040000,0,RR_foot,0.38239568,-0.28704777,0.02021968
8.060000,0,FL_foot,0.81997699,0.14049834,0.02019033
8.060000,0,FR_foot,0.88528830,-0.30601346,0.02050764
8.060000,0,RL_foot,0.51075518,0.17165141,0.02137209
8.060000,0,RR_foot,0.38209042,-0.28705385,0.02018741
8.080000,0,FL_foot,0.81967956,0.14056282,0.02020338
8.080000,0,FR_foot,0.88175923,-0.30704170,0.02025414
8.080000,0,RL_foot,0.50308031,0.16964276,0.02258988
8.080000,0,RR_foot,0.38182986,-0.28709501,0.02019470
8.100000,0,FL_foot,0.81938922,0.14062120,0.02020983
8.100000,0,FR_foot,0.87912518,-0.30679452,0.02025930
8.100000,0,RL_foot,0.49361524,0.16761619,0.02352522
8.100000,0,RR_foot,0.38156492,-0.28713247,0.02019983
8.120000,0,FL_foot,0.81910443,0.14066537,0.02021500
8.120000,0,FR_foot,0.87468296,-0.30554646,0.02026457
8.120000,0,RL_foot,0.48270318,0.16567776,0.02417741
8.120000,0,RR_foot,0.38130957,-0.28716367,0.02020291
8.140000,0,FL_foot,0.81883985,0.14068086,0.02021952
8.140000,0,FR_foot,0.86759073,-0.30307317,0.02026360
8.140000,0,RL_foot,0.47048819,0.16404954,0.02456458
8.140000,0,RR_foot,0.38105464,-0.28720933,0.02021042
8.160000,0,FL_foot,0.81856698,0.14068894,0.02022078
8.160000,0,FR_foot,0.85752219,-0.29947254,0.02025665
8.160000,0,RL_foot,0.45695651,0.16312052,0.02467746
8.160000,0,RR_foot,0.38079721,-0.28725359,0.02021004
8.180000,0,FL_foot,0.81830102,0.14069119,0.02022233
8.180000,0,FR_foot,0.84433430,-0.29499093,0.02024196
8.180000,0,RL_foot,0.44193107,0.16328581,0.02455829
8.180000,0,RR_foot,0.38055429,-0.28728274,0.02021076
8.200000,0,FL_foot,0.81804687,0.14067414,0.02022358
8.200000,0,FR_foot,0.82822978,-0.29011768,0.02023300
8.200000,0,RL_foot,0.42541602,0.16450426,0.02437127
8.200000,0,RR_foot,0.38031703,-0.28731966,0.02021543
8.220000,0,FL_foot,0.81778717,0.14066105,0.02022175
8.220000,0,FR_foot,0.81036621,-0.28561452,0.02023129
8.220000,0,RL_foot,0.40779358,0.16635516,0.02433775
8.220000,0,RR_foot,0.38009056,-0.28734347,0.02021429
8.240000,0,FL_foot,0.81753671,0.14065276,0.02022588
8.240000,0,FR_foot,0.79197687,-0.28214532,0.02023339
8.240000,0,RL_foot,0.38998428,0.16846508,0.02454853
8.240000,0,RR_foot,0.37987676,-0.28733388,0.02021460
8.260000,0,FL_foot,0.81729108,0.14062752,0.02022789
8.260000,0,FR_foot,0.77373213,-0.27984586,0.02025774
8.260000,0,RL_foot,0.37304577,0.17082299,0.02489094
8.260000,0,RR_foot,0.37965688,-0.28732878,0.02022047
8.280000,0,FL_foot,0.81703883,0.14061572,0.02022995
8.280000,0,FR_foot,0.75588983,-0.27849033,0.02033657
8.280000,0,RL_foot,0.35790467,0.17346698,0.02520641
8.280000,0,RR_foot,0.37943408,-0.28730798,0.02022248
8.300000,0,FL_foot,0.81678081,0.14060673,0.02023471
8.300000,0,FR_foot,0.73856533,-0.27803752,0.02045827
8.300000,0,RL_foot,0.34510607,0.17642951,0.02530582
8.300000,0,RR_foot,0.37921038,-0.28725588,0.02022402
8.320000,0,FL_foot,0.81651402,0.14058095,0.02023618
8.320000,0,FR_foot,0.72220230,-0.27880731,0.02049789
8.320000,0,RL_foot,0.33490124,0.17958400,0.02501011
8.320000,0,RR_foot,0.37896663,-0.28721443,0.02022957
8.340000,0,FL_foot,0.81622332,0.14057101,0.02023959
8.340000,0,FR_foot,0.70768458,-0.28131604,0.02018820
8.340000,0,RL_foot,0.32736763,0.18256752,0.02422402
8.340000,0,RR_foot,0.37870595,-0.28715897,0.02023035
8.360000,0,FL_foot,0.81590337,0.14056690,0.02024307
8.360000,0,FR_foot,0.70203167,-0.28310677,0.02019402
8.360000,0,RL_foot,0.32299465,0.18466489,0.02196886
8.360000,0,RR_foot,0.37840885,-0.28707609,0.02022912
8.380000,0,FL_foot,0.81365669,0.14048530,0.02098441
8.380000,0,FR_foot,0.70104343,-0.28452191,0.02017210
8.380000,0,RL_foot,0.32220429,0.18490750,0.02016427
8.380000,0,RR_foot,0.37787557,-0.28708827,0.02038064
8.400000,0,FL_foot,0.80512547,0.13815628,0.02294889
8.400000,0,FR_foot,0.70076323,-0.28448948,0.02018900
8.400000,0,RL_foot,0.32189113,0.18497314,0.02018170
8.400000,0,RR_foot,0.37354666,-0.28549773,0.02033686
8.420000,0,FL_foot,0.79363775,0.13382179,0.02445916
8.420000,0,FR_foot,0.70051390,-0.28444496,0.02019559
8.420000,0,RL_foot,0.32161450,0.18501875,0.02018785
8.420000,0,RR_foot,0.36473963,-0.28310478,0.02040689
8.440000,0,FL_foot,0.77955550,0.12930846,0.02531102
8.440000,0,FR_foot,0.70024920,-0.28441939,0.02020092
8.440000,0,RL_foot,0.32136017,0.18504512,0.02019516
8.440000,0,RR_foot,0.35078642,-0.28060022,0.02062407
8.460000,0,FL_foot,0.76367468,0.12688559,0.02531462
8.460000,0,FR_foot,0.69998109,-0.28439590,0.02020115
8.460000,0,RL_foot,0.32112238,0.18504843,0.02019419
8.460000,0,RR_foot,0.33291510,-0.27834097,0.02097669
8.480000,0,FL_foot,0.74647945,0.12643348,0.02487062
8.480000,0,FR_foot,0.69971907,-0.28435186,0.02020119
8.480000,0,RL_foot,0.32088086,0.18505301,0.02019877
8.480000,0,RR_foot,0.31312510,-0.27632567,0.02143119
8.500000,0,FL_foot,0.72860968,0.12711573,0.02444194
8.500000,0,FR_foot,0.69944197,-0.28432295,0.02020275
8.500000,0,RL_foot,0.32063720,0.18505296,0.02020062
8.500000,0,RR_foot,0.29276970,-0.27502850,0.02182966
8.520000,0,FL_foot,0.71037620,0.12822905,0.02434845
8.520000,0,FR_foot,0.69916707,-0.28429255,0.02020603
8.520000,0,RL_foot,0.32039276,0.18503667,0.02019989
8.520000,0,RR_foot,0.27183795,-0.27530122,0.02193940
8.540000,0,FL_foot,0.69224674,0.12999506,0.02455721
8.540000,0,FR_foot,0.69889241,-0.28423592,0.02020797
8.540000,0,RL_foot,0.32012686,0.18501699,0.02020554
8.540000,0,RR_foot,0.25058752,-0.27759910,0.02167899
8.560000,0,FL_foot,0.67499131,0.13281424,0.02487864
8.560000,0,FR_foot,0.69859773,-0.28420055,0.02021175
8.560000,0,RL_foot,0.31984404,0.18498228,0.02020785
8.560000,0,RR_foot,0.23075865,-0.28150403,0.02105340
8.580000,0,FL_foot,0.65962434,0.13659020,0.02506039
8.580000,0,FR_foot,0.69827545,-0.28417984,0.02023755
8.580000,0,RL_foot,0.31954852,0.18492049,0.02023143
8.580000,0,RR_foot,0.21566643,-0.28471175,0.02016030
8.600000,0,FL_foot,0.64593261,0.14051773,0.02355704
8.600000,0,FR_foot,0.69797897,-0.28414693,0.02022664
8.600000,0,RL_foot,0.31927943,0.18482994,0.02022053
8.600000,0,RR_foot,0.21372797,-0.28461209,0.02020366
8.620000,0,FL_foot,0.63505787,0.14608236,0.02145284
8.620000,0,FR_foot,0.69769001,-0.28410518,0.02022806
8.620000,0,RL_foot,0.31902689,0.18473426,0.02021893
8.620000,0,RR_foot,0.21342306,-0.28470743,0.02021967
8.640000,0,FL_foot,0.63120586,0.14932778,0.02019699
8.640000,0,FR_foot,0.69705403,-0.28449851,0.02032688
8.640000,0,RL_foot,0.31755647,0.18385004,0.02087588
8.640000,0,RR_foot,0.21314637,-0.28475013,0.02019685
8.660000,0,FL_foot,0.63090742,0.14940169,0.02020074
8.660000,0,FR_foot,0.69522619,-0.28534943,0.02024283
8.660000,0,RL_foot,0.31153458,0.18030271,0.02200129
8.660000,0,RR_foot,0.21288672,-0.28476086,0.02019440
8.680000,0,FL_foot,0.63064003,0.14945185,0.02021416
8.680000,0,FR_foot,0.69256490,-0.28529781,0.02025379
8.680000,0,RL_foot,0.30330408,0.17616519,0.02292613
8.680000,0,RR_foot,0.21264569,-0.28476188,0.02020525
8.700000,0,FL_foot,0.63036674,0.14949854,0.02021872
8.700000,0,FR_foot,0.68792969,-0.28457600,0.02025807
8.700000,0,RL_foot,0.29337090,0.17204718,0.02366490
8.700000,0,RR_foot,0.21240471,-0.28478244,0.02021202
8.720000,0,FL_foot,0.63009644,0.14953023,0.02021947
8.720000,0,FR_foot,0.68048710,-0.28292695,0.02025568
8.720000,0,RL_foot,0.28165662,0.16872928,0.02414574
8.720000,0,RR_foot,0.21216030,-0.28480628,0.02020901
8.740000,0,FL_foot,0.62984127,0.14953996,0.02022407
8.740000,0,FR_foot,0.66996336,-0.28033370,0.02025042
8.740000,0,RL_foot,0.26803324,0.16676669,0.02434051
8.740000,0,RR_foot,0.21192697,-0.28482348,0.02021686
8.760000,0,FL_foot,0.62957221,0.14954419,0.02022420
8.760000,0,FR_foot,0.65644586,-0.27689776,0.02023492
8.760000,0,RL_foot,0.25248331,0.16646746,0.02431339
8.760000,0,RR_foot,0.21169452,-0.28484643,0.02021730
8.780000,0,FL_foot,0.62931216,0.14954486,0.02022030
8.780000,0,FR_foot,0.64069819,-0.27286142,0.02035337
8.780000,0,RL_foot,0.23529850,0.16751739,0.02422834
8.780000,0,RR_foot,0.21147199,-0.28486732,0.02021280
8.800000,0,FL_foot,0.62905914,0.14952862,0.02022303
8.800000,0,FR_foot,0.62352973,-0.26936218,0.02043628
8.800000,0,RL_foot,0.21722096,0.16928735,0.02434897
8.800000,0,RR_foot,0.21126336,-0.28486261,0.02021772
8.820000,0,FL_foot,0.62880349,0.14952524,0.02022617
8.820000,0,FR_foot,0.60597205,-0.26694477,0.02047078
8.820000,0,RL_foot,0.19937916,0.17144068,0.02467203
8.820000,0,RR_foot,0.21105029,-0.28486082,0.02022047
8.840000,0,FL_foot,0.62854850,0.14952102,0.02022801
8.840000,0,FR_foot,0.58847296,-0.26560816,0.02048738
8.840000,0,RL_foot,0.18287086,0.17388476,0.02507254
8.840000,0,RR_foot,0.21083325,-0.28484568,0.02022041
8.860000,0,FL_foot,0.62829012,0.14950021,0.02023177
8.860000,0,FR_foot,0.57146502,-0.26520938,0.02052735
8.860000,0,RL_foot,0.16852474,0.17660230,0.02536126
8.860000,0,RR_foot,0.21061541,-0.28480175,0.02022719
8.880000,0,FL_foot,0.62798589,0.14949623,0.02022599
8.880000,0,FR_foot,0.56191564,-0.26847443,0.02023320
8.880000,0,RL_foot,0.15862912,0.17895398,0.02424348
8.880000,0,RR_foot,0.21033967,-0.28476706,0.02021798
8.900000,0,FL_foot,0.62772685,0.14949730,0.02023511
8.900000,0,FR_foot,0.55890113,-0.27278590,0.02088099
8.900000,0,RL_foot,0.15288988,0.17714369,0.02145258
8.900000,0,RR_foot,0.21006149,-0.28474447,0.02022754
8.920000,0,FL_foot,0.62551665,0.15055136,0.02024248
8.920000,0,FR_foot,0.55777967,-0.27644610,0.02031581
8.920000,0,RL_foot,0.15172675,0.17674750,0.02022525
8.920000,0,RR_foot,0.20983022,-0.28467527,0.02023450
8.940000,0,FL_foot,0.62089545,0.15184456,0.02024591
8.940000,0,FR_foot,0.55759221,-0.27645269,0.02019994
8.940000,0,RL_foot,0.15156072,0.17678939,0.02019687
8.940000,0,RR_foot,0.20729493,-0.28463635,0.02026777
8.960000,0,FL_foot,0.61683762,0.15283820,0.02024815
8.960000,0,FR_foot,0.55743390,-0.27645832,0.02019806
8.960000,0,RL_foot,0.15142100,0.17681876,0.02018301
8.960000,0,RR_foot,0.20474222,-0.28447279,0.02027971
8.980000,0,FL_foot,0.61318034,0.15298903,0.02025942
8.980000,0,FR_foot,0.55729651,-0.27645636,0.02019960
8.980000,0,RL_foot,0.15130056,0.17684363,0.02018197
8.980000,0,RR_foot,0.20177537,-0.28453737,0.02027756
9.000000,0,FL_foot,0.60990524,0.15254378,0.02027147
9.000000,0,FR_foot,0.55718112,-0.27644739,0.02020434
9.000000,0,RL_foot,0.15119900,0.17686762,0.02018772
9.000000,0,RR_foot,0.19865033,-0.28476262,0.02027404
9.020000,0,FL_foot,0.60658419,0.15155177,0.02028200
9.020000,0,FR_foot,0.55708629,-0.27643013,0.02020150
9.020000,0,RL_foot,0.15112039,0.17689364,0.02019608
9.020000,0,RR_foot,0.19528459,-0.28501728,0.02026358
9.040000,0,FL_foot,0.60344321,0.15030968,0.02031258
9.040000,0,FR_foot,0.55700803,-0.27640709,0.02020267
9.040000,0,RL_foot,0.15105100,0.17693008,0.02019829
9.040000,0,RR_foot,0.19181733,-0.28524041,0.02026166
9.060000,0,FL_foot,0.60062438,0.14907680,0.02034019
9.060000,0,FR_foot,0.55693871,-0.27639902,0.02020351
9.060000,0,RL_foot,0.15099381,0.17695543,0.02019930
9.060000,0,RR_foot,0.18830231,-0.28545812,0.02026068
9.080000,0,FL_foot,0.59805906,0.14899619,0.02022447
9.080000,0,FR_foot,0.55711800,-0.27734113,0.02022418
9.080000,0,RL_foot,0.15034959,0.17698568,0.02025346
9.080000,0,RR_foot,0.18827882,-0.28532332,0.02022571
9.100000,0,FL_foot,0.59815812,0.14887314,0.02022194
9.100000,0,FR_foot,0.55702525,-0.28058845,0.02021131
9.100000,0,RL_foot,0.14948799,0.17763081,0.02023761
9.100000,0,RR_foot,0.18823799,-0.28514493,0.02023191
9.120000,0,FL_foot,0.59827209,0.14870881,0.02022090
9.120000,0,FR_foot,0.55541068,-0.28427982,0.02021055
9.120000,0,RL_foot,0.14883383,0.17913784,0.02023055
9.120000,0,RR_foot,0.18820049,-0.28494662,0.02023358
9.140000,0,FL_foot,0.59839445,0.14854555,0.02021432
9.140000,0,FR_foot,0.55292088,-0.28820729,0.02020724
9.140000,0,RL_foot,0.14849111,0.18066664,0.02022607
9.140000,0,RR_foot,0.18817073,-0.28474841,0.02023057
9.160000,0,FL_foot,0.59851891,0.14838834,0.02020997
9.160000,0,FR_foot,0.55049080,-0.29220608,0.02021208
9.160000,0,RL_foot,0.14838555,0.18210234,0.02022692
9.160000,0,RR_foot,0.18815039,-0.28454149,0.02022751
9.180000,0,FL_foot,0.59808779,0.14764717,0.02019724
9.180000,0,FR_foot,0.54906338,-0.29565027,0.02021440
9.180000,0,RL_foot,0.14866275,0.18313023,0.02023244
9.180000,0,RR_foot,0.18814583,-0.28433105,0.02021451
9.200000,0,FL_foot,0.59757507,0.14684556,0.02020599
9.200000,0,FR_foot,0.54926538,-0.29829723,0.02028010
9.200000,0,RL_foot,0.14908044,0.18432583,0.02022335
9.200000,0,RR_foot,0.18816501,-0.28414878,0.02021229
9.220000,0,FL_foot,0.59237808,0.14201619,0.02023680
9.220000,0,FR_foot,0.54955906,-0.29937151,0.02022805
9.220000,0,RL_foot,0.14918675,0.18448178,0.02020359
9.220000,0,RR_foot,0.19136319,-0.27821937,0.02097208
9.240000,0,FL_foot,0.58816695,0.13401592,0.02061041
9.240000,0,FR_foot,0.54945230,-0.29949424,0.02022025
9.240000,0,RL_foot,0.14926040,0.18462355,0.02018684
9.240000,0,RR_foot,0.19474882,-0.26541054,0.02295380
9.260000,0,FL_foot,0.58915484,0.12459183,0.02085514
9.260000,0,FR_foot,0.54932839,-0.29963350,0.02021612
9.260000,0,RL_foot,0.14935769,0.18476458,0.02018243
9.260000,0,RR_foot,0.19289194,-0.25117862,0.02555033
9.280000,0,FL_foot,0.59650987,0.11571719,0.02075944
9.280000,0,FR_foot,0.54919982,-0.29977980,0.02021409
9.280000,0,RL_foot,0.14947981,0.18490972,0.02018366
9.280000,0,RR_foot,0.18580996,-0.23842037,0.02789487
9.300000,0,FL_foot,0.60824507,0.10914146,0.02025698
9.300000,0,FR_foot,0.54908478,-0.29991412,0.02021842
9.300000,0,RL_foot,0.14960784,0.18504953,0.02020095
9.300000,0,RR_foot,0.17497464,-0.22770414,0.02943826
9.320000,0,FL_foot,0.60994321,0.10906255,0.02025740
9.320000,0,FR_foot,0.54899150,-0.30004397,0.02021831
9.320000,0,RL_foot,0.14970158,0.18520421,0.02019328
9.320000,0,RR_foot,0.16329816,-0.21850607,0.02923093
9.340000,0,FL_foot,0.61978853,0.10812618,0.02027610
9.340000,0,FR_foot,0.54889262,-0.30014786,0.02020614
9.340000,0,RL_foot,0.14973602,0.18527578,0.02017340
9.340000,0,RR_foot,0.15182583,-0.21251854,0.02843423
9.360000,0,FL_foot,0.63227278,0.10573722,0.02025679
9.360000,0,FR_foot,0.54878372,-0.30030236,0.02021599
9.360000,0,RL_foot,0.14982149,0.18538199,0.02019425
9.360000,0,RR_foot,0.14077811,-0.20844816,0.02733593
9.380000,0,FL_foot,0.63754958,0.10421224,0.02026291
9.380000,0,FR_foot,0.54863983,-0.30048260,0.02021510
9.380000,0,RL_foot,0.14991359,0.18549404,0.02022508
9.380000,0,RR_foot,0.13022555,-0.20669839,0.02516298
9.400000,0,FL_foot,0.63760692,0.10397070,0.02026020
9.400000,0,FR_foot,0.54846537,-0.30067644,0.02021829
9.400000,0,RL_foot,0.14994805,0.18556327,0.02020288
9.400000,0,RR_foot,0.12051725,-0.20799682,0.02153612
9.420000,0,FL_foot,0.63767868,0.10364657,0.02025295
9.420000,0,FR_foot,0.54862553,-0.30396563,0.02059514
9.420000,0,RL_foot,0.15192136,0.18507089,0.02045822
9.420000,0,RR_foot,0.11829903,-0.20967184,0.02021945
9.440000,0,FL_foot,0.63774592,0.10337911,0.02024036
9.440000,0,FR_foot,0.55067730,-0.30985624,0.02022959
9.440000,0,RL_foot,0.15975310,0.18245563,0.02131476
9.440000,0,RR_foot,0.11826659,-0.20956185,0.02020033
9.460000,0,FL_foot,0.63784134,0.10310769,0.02023780
9.460000,0,FR_foot,0.55220449,-0.31468767,0.02023546
9.460000,0,RL_foot,0.17145441,0.18058093,0.02192393
9.460000,0,RR_foot,0.11823627,-0.20940684,0.02019593
9.480000,0,FL_foot,0.63795346,0.10281772,0.02023458
9.480000,0,FR_foot,0.55248201,-0.32097334,0.02023526
9.480000,0,RL_foot,0.18474871,0.17861533,0.02238970
9.480000,0,RR_foot,0.11822330,-0.20922187,0.02019955
9.500000,0,FL_foot,0.63808823,0.10253955,0.02023188
9.500000,0,FR_foot,0.55150080,-0.32835037,0.02023435
9.500000,0,RL_foot,0.19866508,0.17679439,0.02278553
9.500000,0,RR_foot,0.11822630,-0.20901825,0.02019720
9.520000,0,FL_foot,0.63823128,0.10225699,0.02022785
9.520000,0,FR_foot,0.54940218,-0.33589223,0.02023542
9.520000,0,RL_foot,0.21275251,0.17542434,0.02319560
9.520000,0,RR_foot,0.11824233,-0.20879996,0.02019530
9.540000,0,FL_foot,0.63837969,0.10196368,0.02022492
9.540000,0,FR_foot,0.54642755,-0.34291729,0.02023936
9.540000,0,RL_foot,0.22664709,0.17465152,0.02364657
9.540000,0,RR_foot,0.11826941,-0.20857479,0.02020122
9.560000,0,FL_foot,0.63852739,0.10169537,0.02022462
9.560000,0,FR_foot,0.54280663,-0.34907511,0.02024174
9.560000,0,RL_foot,0.24005920,0.17457408,0.02408978
9.560000,0,RR_foot,0.11831556,-0.20832878,0.02020720
9.580000,0,FL_foot,0.63867176,0.10143023,0.02022064
9.580000,0,FR_foot,0.53882283,-0.35439309,0.02024395
9.580000,0,RL_foot,0.25271162,0.17538533,0.02440142
9.580000,0,RR_foot,0.11835548,-0.20810105,0.02020759
9.600000,0,FL_foot,0.63881671,0.10116234,0.02021678
9.600000,0,FR_foot,0.53468823,-0.35912865,0.02024596
9.600000,0,RL_foot,0.26432392,0.17730151,0.02447387
9.600000,0,RR_foot,0.11840030,-0.20787157,0.02020705
9.620000,0,FL_foot,0.63895202,0.10092161,0.02021561
9.620000,0,FR_foot,0.53037214,-0.36351389,0.02024701
9.620000,0,RL_foot,0.27474186,0.18030061,0.02430778
9.620000,0,RR_foot,0.11845913,-0.20762758,0.02021267
9.640000,0,FL_foot,0.63908124,0.10068761,0.02021263
9.640000,0,FR_foot,0.52573013,-0.36761597,0.02024920
9.640000,0,RL_foot,0.28396910,0.18416972,0.02395498
9.640000,0,RR_foot,0.11850659,-0.20740442,0.02021368
9.660000,0,FL_foot,0.63921332,0.10045008,0.02021093
9.660000,0,FR_foot,0.52057898,-0.37146762,0.02025126
9.660000,0,RL_foot,0.29207569,0.18863894,0.02349744
9.660000,0,RR_foot,0.11855453,-0.20718440,0.02021722
9.680000,0,FL_foot,0.63933098,0.10022692,0.02020639
9.680000,0,FR_foot,0.51485199,-0.37498146,0.02025069
9.680000,0,RL_foot,0.29916096,0.19339462,0.02301007
9.680000,0,RR_foot,0.11860045,-0.20696571,0.02021363
9.700000,0,FL_foot,0.63944572,0.10000751,0.02020483
9.700000,0,FR_foot,0.50863278,-0.37808052,0.02025208
9.700000,0,RL_foot,0.30532807,0.19811760,0.02256637
9.700000,0,RR_foot,0.11865617,-0.20673406,0.02021835
9.720000,0,FL_foot,0.63956547,0.09977700,0.02020325
9.720000,0,FR_foot,0.50209135,-0.38070813,0.02025327
9.720000,0,RL_foot,0.31069422,0.20259184,0.02218737
9.720000,0,RR_foot,0.11869771,-0.20652322,0.02022091
9.740000,0,FL_foot,0.63967198,0.09955548,0.02020027
9.740000,0,FR_foot,0.49552929,-0.38279530,0.02025796
9.740000,0,RL_foot,0.31534144,0.20666772,0.02186292
9.740000,0,RR_foot,0.11873532,-0.20631504,0.02022075
9.760000,0,FL_foot,0.63977671,0.09932967,0.02019770
9.760000,0,FR_foot,0.48930004,-0.38429311,0.02025699
9.760000,0,RL_foot,0.31934917,0.21026710,0.02157809
9.760000,0,RR_foot,0.11876948,-0.20611170,0.02022193
9.780000,0,FL_foot,0.63988531,0.09909162,0.02019479
9.780000,0,FR_foot,0.48351988,-0.38541007,0.02025763
9.780000,0,RL_foot,0.32281548,0.21336599,0.02129797
9.780000,0,RR_foot,0.11880042,-0.20591322,0.02022313
9.800000,0,FL_foot,0.63998371,0.09885725,0.02019074
9.800000,0,FR_foot,0.47824854,-0.38628539,0.02025787
9.800000,0,RL_foot,0.32581797,0.21599899,0.02099220
9.800000,0,RR_foot,0.11882868,-0.20571956,0.02022358
9.820000,0,FL_foot,0.64008474,0.09861688,0.02018493
9.820000,0,FR_foot,0.47355881,-0.38703397,0.02025794
9.820000,0,RL_foot,0.32841387,0.21825929,0.02062988
9.820000,0,RR_foot,0.11885498,-0.20553234,0.02022357
9.840000,0,FL_foot,0.64018720,0.09836817,0.02018454
9.840000,0,FR_foot,0.46996936,-0.38762814,0.02025186
9.840000,0,RL_foot,0.33008382,0.21974517,0.02023472
9.840000,0,RR_foot,0.11887366,-0.20535876,0.02024445
9.860000,0,FL_foot,0.64017045,0.09802356,0.02042672
9.860000,0,FR_foot,0.46980304,-0.38774183,0.02024235
9.860000,0,RL_foot,0.33022058,0.21982634,0.02021527
9.860000,0,RR_foot,0.11874802,-0.20522445,0.02026521
9.880000,0,FL_foot,0.63757622,0.09827304,0.02091848
9.880000,0,FR_foot,0.46964660,-0.38782573,0.02024304
9.880000,0,RL_foot,0.33032483,0.21991338,0.02021522
9.880000,0,RR_foot,0.11878029,-0.20509513,0.02026712
9.900000,0,FL_foot,0.63274473,0.09940381,0.02167429
9.900000,0,FR_foot,0.46948776,-0.38790229,0.02024390
9.900000,0,RL_foot,0.33042657,0.22001162,0.02021700
9.900000,0,RR_foot,0.11881445,-0.20496295,0.02026743
9.920000,0,FL_foot,0.62649548,0.09916396,0.02264957
9.920000,0,FR_foot,0.46931753,-0.38797688,0.02024480
9.920000,0,RL_foot,0.33052966,0.22012550,0.02021885
9.920000,0,RR_foot,0.11970586,-0.20435824,0.02027097
9.940000,0,FL_foot,0.61967701,0.09441604,0.02388819
9.940000,0,FR_foot,0.46913174,-0.38805470,0.02024605
9.940000,0,RL_foot,0.33062705,0.22026227,0.02022119
9.940000,0,RR_foot,0.12287737,-0.20089479,0.02026670
9.960000,0,FL_foot,0.61560124,0.08461906,0.02521831
9.960000,0,FR_foot,0.46892610,-0.38812855,0.02024806
9.960000,0,RL_foot,0.33072111,0.22041352,0.02022395
9.960000,0,RR_foot,0.12681897,-0.19296159,0.02025416
9.980000,0,FL_foot,0.61670017,0.07174332,0.02659567
9.980000,0,FR_foot,0.46871036,-0.38821581,0.02024681
9.980000,0,RL_foot,0.33080932,0.22056678,0.02021614
9.980000,0,RR_foot,0.12889539,-0.17892614,0.02042427
10.000000,0,FL_foot,0.62400585,0.05779095,0.02773323
10.000000,0,FR_foot,0.46845090,-0.38829926,0.02024761
10.000000,0,RL_foot,0.33088791,0.22071080,0.02021768
10.000000,0,RR_foot,0.12558663,-0.16154917,0.02072994
10.020000,0,FL_foot,0.63577569,0.04288646,0.02878234
10.020000,0,FR_foot,0.46817890,-0.38838828,0.02024934
10.020000,0,RL_foot,0.33095175,0.22083268,0.02022294
10.020000,0,RR_foot,0.11574776,-0.14432310,0.02070424
10.040000,0,FL_foot,0.64897943,0.02807906,0.02991329
10.040000,0,FR_foot,0.46788719,-0.38848779,0.02024700
10.040000,0,RL_foot,0.33100766,0.22093672,0.02022584
10.040000,0,RR_foot,0.10282708,-0.12994640,0.02023493
10.060000,0,FL_foot,0.66095519,0.01472178,0.03073157
10.060000,0,FR_foot,0.46757531,-0.38860893,0.02024726
10.060000,0,RL_foot,0.33107749,0.22100578,0.02022729
10.060000,0,RR_foot,0.09216325,-0.11879265,0.02022155
10.080000,0,FL_foot,0.67053437,0.00360994,0.03114808
10.080000,0,FR_foot,0.46724719,-0.38874418,0.02024779
10.080000,0,RL_foot,0.33115861,0.22106101,0.02022944
10.080000,0,RR_foot,0.08396707,-0.11075079,0.02021832
10.100000,0,FL_foot,0.67736554,-0.00548920,0.03108957
10.100000,0,FR_foot,0.46692181,-0.38888484,0.02024645
10.100000,0,RL_foot,0.33125007,0.22109242,0.02022957
10.100000,0,RR_foot,0.07801902,-0.10517518,0.02021674
10.120000,0,FL_foot,0.68188089,-0.01290721,0.03056712
10.120000,0,FR_foot,0.46659446,-0.38904071,0.02024607
10.120000,0,RL_foot,0.33135790,0.22112654,0.02022927
10.120000,0,RR_foot,0.07364769,-0.10133906,0.02021623
10.140000,0,FL_foot,0.68476111,-0.01897762,0.02962514
10.140000,0,FR_foot,0.46628347,-0.38919133,0.02024524
10.140000,0,RL_foot,0.33147264,0.22113287,0.02022971
10.140000,0,RR_foot,0.07031944,-0.09867103,0.02021324
10.160000,0,FL_foot,0.68658322,-0.02393081,0.02827634
10.160000,0,FR_foot,0.46596786,-0.38935184,0.02024488
10.160000,0,RL_foot,0.33159748,0.22113357,0.02022842
10.160000,0,RR_foot,0.06800911,-0.09698247,0.02021359
10.180000,0,FL_foot,0.68777555,-0.02757197,0.02638518
10.180000,0,FR_foot,0.46566406,-0.38950676,0.02024311
10.180000,0,RL_foot,0.33174020,0.22113624,0.02022734
10.180000,0,RR_foot,0.06699684,-0.09628174,0.02021241
10.200000,0,FL_foot,0.68837363,-0.02875884,0.02350273
10.200000,0,FR_foot,0.46531922,-0.38968596,0.02024302
10.200000,0,RL_foot,0.33192158,0.22115614,0.02022378
10.200000,0,RR_foot,0.06704939,-0.09613390,0.02021562
10.220000,0,FL_foot,0.68846124,-0.02758172,0.02017508
10.220000,0,FR_foot,0.46493769,-0.38986298,0.02024977
10.220000,0,RL_foot,0.33238629,0.22135855,0.02043388
10.220000,0,RR_foot,0.06724913,-0.09583825,0.02003821
10.240000,0,FL_foot,0.68848097,-0.02790853,0.02023539
10.240000,0,FR_foot,0.46165118,-0.39108014,0.02024166
10.240000,0,RL_foot,0.33520442,0.22450443,0.02154511
10.240000,0,RR_foot,0.06730935,-0.09581216,0.02017840
10.260000,0,FL_foot,0.68851435,-0.02822335,0.02023291
10.260000,0,FR_foot,0.45812711,-0.39243639,0.02023698
10.260000,0,RL_foot,0.33953026,0.22674230,0.02208477
10.260000,0,RR_foot,0.06744631,-0.09567308,0.02019288
10.280000,0,FL_foot,0.68856740,-0.02850222,0.02023089
10.280000,0,FR_foot,0.45394376,-0.39433289,0.02023435
10.280000,0,RL_foot,0.34558961,0.22686110,0.02239884
10.280000,0,RR_foot,0.06759735,-0.09551980,0.02019799
10.300000,0,FL_foot,0.68862945,-0.02876169,0.02022809
10.300000,0,FR_foot,0.44897360,-0.39669260,0.02023409
10.300000,0,RL_foot,0.35340652,0.22498064,0.02253532
10.300000,0,RR_foot,0.06775478,-0.09535395,0.02019859
10.320000,0,FL_foot,0.68869072,-0.02901846,0.02022471
10.320000,0,FR_foot,0.44312704,-0.39948028,0.02023619
10.320000,0,RL_foot,0.36256951,0.22180404,0.02253257
10.320000,0,RR_foot,0.06791899,-0.09516994,0.02020068
10.340000,0,FL_foot,0.68875939,-0.02924818,0.02022472
10.340000,0,FR_foot,0.43632656,-0.40262684,0.02023723
10.340000,0,RL_foot,0.37242910,0.21816228,0.02244907
10.340000,0,RR_foot,0.06810500,-0.09497164,0.02020741
10.360000,0,FL_foot,0.68882257,-0.02947193,0.02022050
10.360000,0,FR_foot,0.42861637,-0.40598473,0.02024087
10.360000,0,RL_foot,0.38245189,0.21482903,0.02229678
10.360000,0,RR_foot,0.06827836,-0.09476618,0.02020509
10.380000,0,FL_foot,0.68887997,-0.02970746,0.02021786
10.380000,0,FR_foot,0.42008704,-0.40927082,0.02024482
10.380000,0,RL_foot,0.39219245,0.21222353,0.02214447
10.380000,0,RR_foot,0.06845409,-0.09455387,0.02020733
10.400000,0,FL_foot,0.68893194,-0.02992184,0.02021687
10.400000,0,FR_foot,0.41092727,-0.41208854,0.02024624
10.400000,0,RL_foot,0.40145493,0.21052736,0.02203620
10.400000,0,RR_foot,0.06864730,-0.09432977,0.02021043
10.420000,0,FL_foot,0.68897492,-0.03013901,0.02021247
10.420000,0,FR_foot,0.40146458,-0.41410676,0.02024404
10.420000,0,RL_foot,0.41018185,0.20975620,0.02198100
10.420000,0,RR_foot,0.06881724,-0.09410911,0.02020662
10.440000,0,FL_foot,0.68900895,-0.03037818,0.02021101
10.440000,0,FR_foot,0.39219311,-0.41517538,0.02024673
10.440000,0,RL_foot,0.41832966,0.20985901,0.02198584
10.440000,0,RR_foot,0.06898010,-0.09389174,0.02020695
10.460000,0,FL_foot,0.68903220,-0.03060413,0.02020884
10.460000,0,FR_foot,0.38357455,-0.41530713,0.02025257
10.460000,0,RL_foot,0.42587644,0.21073894,0.02202864
10.460000,0,RR_foot,0.06914776,-0.09366885,0.02021153
10.480000,0,FL_foot,0.68904489,-0.03083597,0.02020549
10.480000,0,FR_foot,0.37580481,-0.41475901,0.02025241
10.480000,0,RL_foot,0.43272340,0.21215159,0.02208299
10.480000,0,RR_foot,0.06928732,-0.09346072,0.02021022
10.500000,0,FL_foot,0.68905038,-0.03108757,0.02020349
10.500000,0,FR_foot,0.36891761,-0.41372868,0.02025429
10.500000,0,RL_foot,0.43877533,0.21380672,0.02212932
10.500000,0,RR_foot,0.06941469,-0.09325872,0.02021217
10.520000,0,FL_foot,0.68904537,-0.03132529,0.02020147
10.520000,0,FR_foot,0.36284167,-0.41237041,0.02025916
10.520000,0,RL_foot,0.44403833,0.21545753,0.02214797
10.520000,0,RR_foot,0.06954388,-0.09305335,0.02021472
10.540000,0,FL_foot,0.68903488,-0.03156595,0.02019831
10.540000,0,FR_foot,0.35728955,-0.41082227,0.02025833
10.540000,0,RL_foot,0.44855902,0.21690318,0.02212472
10.540000,0,RR_foot,0.06964860,-0.09286518,0.02021517
10.560000,0,FL_foot,0.68902081,-0.03181997,0.02019605
10.560000,0,FR_foot,0.35199997,-0.40919560,0.02026027
10.560000,0,RL_foot,0.45242888,0.21802622,0.02204898
10.560000,0,RR_foot,0.06974517,-0.09268390,0.02021788
10.580000,0,FL_foot,0.68899840,-0.03206231,0.02019070
10.580000,0,FR_foot,0.34685320,-0.40755141,0.02025901
10.580000,0,RL_foot,0.45575112,0.21879518,0.02191085
10.580000,0,RR_foot,0.06983455,-0.09250830,0.02021894
10.600000,0,FL_foot,0.68897480,-0.03230999,0.02018733
10.600000,0,FR_foot,0.34184676,-0.40595850,0.02025834
10.600000,0,RL_foot,0.45859841,0.21924265,0.02170212
10.600000,0,RR_foot,0.06991909,-0.09233907,0.02021989
10.620000,0,FL_foot,0.68895119,-0.03256824,0.02018205
10.620000,0,FR_foot,0.33702919,-0.40448347,0.02025559
10.620000,0,RL_foot,0.46103171,0.21949366,0.02140509
10.620000,0,RR_foot,0.07000037,-0.09217590,0.02022051
10.640000,0,FL_foot,0.68892479,-0.03282610,0.02017712
10.640000,0,FR_foot,0.33248013,-0.40321088,0.02025424
10.640000,0,RL_foot,0.46305636,0.21968324,0.02099548
10.640000,0,RR_foot,0.07008157,-0.09202058,0.02022116
10.660000,0,FL_foot,0.68890154,-0.03309974,0.02017307
10.660000,0,FR_foot,0.32813042,-0.40224054,0.02025520
10.660000,0,RL_foot,0.46464214,0.21992949,0.02045411
10.660000,0,RR_foot,0.07016129,-0.09187673,0.02022371
10.680000,0,FL_foot,0.68797934,-0.03369774,0.02042013
10.680000,0,FR_foot,0.32688594,-0.40210015,0.02024214
10.680000,0,RL_foot,0.46494883,0.21993323,0.02019671
10.680000,0,RR_foot,0.07043535,-0.09135637,0.02028687
10.700000,0,FL_foot,0.68257695,-0.03501322,0.02113325
10.700000,0,FR_foot,0.32667300,-0.40212375,0.02024191
10.700000,0,RL_foot,0.46509725,0.21995910,0.02019960
10.700000,0,RR_foot,0.07131986,-0.09086654,0.02026945
10.720000,0,FL_foot,0.67398155,-0.03749451,0.02208034
10.720000,0,FR_foot,0.32645288,-0.40215117,0.02024280
10.720000,0,RL_foot,0.46524939,0.21999232,0.02020114
10.720000,0,RR_foot,0.07317960,-0.09000724,0.02026796
10.740000,0,FL_foot,0.66517049,-0.04333388,0.02317846
10.740000,0,FR_foot,0.32621348,-0.40216580,0.02024291
10.740000,0,RL_foot,0.46540901,0.22003514,0.02020234
10.740000,0,RR_foot,0.07719065,-0.08690634,0.02026381
10.760000,0,FL_foot,0.65885270,-0.05301782,0.02422624
10.760000,0,FR_foot,0.32596415,-0.40217260,0.02024255
10.760000,0,RL_foot,0.46557465,0.22008877,0.02020186
10.760000,0,RR_foot,0.08203036,-0.08058352,0.02025681
10.780000,0,FL_foot,0.65596187,-0.06585275,0.02523473
10.780000,0,FR_foot,0.32569334,-0.40216520,0.02024247
10.780000,0,RL_foot,0.46573865,0.22014794,0.02020193
10.780000,0,RR_foot,0.08670299,-0.07023624,0.02026685
10.800000,0,FL_foot,0.65632737,-0.08085848,0.02655641
10.800000,0,FR_foot,0.32541609,-0.40215310,0.02024530
10.800000,0,RL_foot,0.46588862,0.22021528,0.02020741
10.800000,0,RR_foot,0.09013607,-0.05458121,0.02023252
10.820000,0,FL_foot,0.65955538,-0.09678888,0.02758127
10.820000,0,FR_foot,0.32514396,-0.40214390,0.02023969
10.820000,0,RL_foot,0.46602643,0.22026882,0.02019793
10.820000,0,RR_foot,0.08975583,-0.03843307,0.02025708
10.840000,0,FL_foot,0.66419798,-0.11211150,0.02848537
10.840000,0,FR_foot,0.32483426,-0.40213585,0.02024402
10.840000,0,RL_foot,0.46614656,0.22031118,0.02020844
10.840000,0,RR_foot,0.08685806,-0.02266444,0.02022741
10.860000,0,FL_foot,0.66895556,-0.12580822,0.02920259
10.860000,0,FR_foot,0.32451704,-0.40212217,0.02024245
10.860000,0,RL_foot,0.46626207,0.22034435,0.02020699
10.860000,0,RR_foot,0.08339509,-0.00837481,0.02022681
10.880000,0,FL_foot,0.67278492,-0.13738278,0.02958483
10.880000,0,FR_foot,0.32419425,-0.40210482,0.02024160
10.880000,0,RL_foot,0.46637759,0.22036706,0.02020966
10.880000,0,RR_foot,0.08049485,0.00279544,0.02022184
10.900000,0,FL_foot,0.67529553,-0.14690419,0.02957416
10.900000,0,FR_foot,0.32384858,-0.40209255,0.02024235
10.900000,0,RL_foot,0.46649322,0.22037764,0.02021161
10.900000,0,RR_foot,0.07848863,0.01080333,0.02021884
10.920000,0,FL_foot,0.67666274,-0.15471733,0.02916341
10.920000,0,FR_foot,0.32351035,-0.40208650,0.02024224
10.920000,0,RL_foot,0.46660814,0.22037075,0.02020987
10.920000,0,RR_foot,0.07717578,0.01625702,0.02021853
10.940000,0,FL_foot,0.67725015,-0.16108067,0.02837064
10.940000,0,FR_foot,0.32319704,-0.40208131,0.02024095
10.940000,0,RL_foot,0.46672982,0.22035851,0.02021338
10.940000,0,RR_foot,0.07626107,0.01985189,0.02021505
10.960000,0,FL_foot,0.67742538,-0.16607130,0.02713566
10.960000,0,FR_foot,0.32286984,-0.40208462,0.02024063
10.960000,0,RL_foot,0.46685517,0.22032575,0.02021097
10.960000,0,RR_foot,0.07569361,0.02188142,0.02021835
10.980000,0,FL_foot,0.67764544,-0.16918437,0.02520752
10.980000,0,FR_foot,0.32253522,-0.40209666,0.02024039
10.980000,0,RL_foot,0.46699247,0.22027893,0.02020733
10.980000,0,RR_foot,0.07575946,0.02199129,0.02021329
11.000000,0,FL_foot,0.67822301,-0.16908769,0.02226117
11.000000,0,FR_foot,0.32217294,-0.40210572,0.02023551
11.000000,0,RL_foot,0.46716768,0.22022420,0.02020703
11.000000,0,RR_foot,0.07586460,0.02209208,0.02022187
11.020000,0,FL_foot,0.67860883,-0.16787255,0.02023034
11.020000,0,FR_foot,0.32090530,-0.40204182,0.02028678
11.020000,0,RL_foot,0.46883652,0.22069500,0.02077645
11.020000,0,RR_foot,0.07602007,0.02217963,0.02017609
11.040000,0,FL_foot,0.67845249,-0.16818504,0.02023088
11.040000,0,FR_foot,0.31724548,-0.40170413,0.02023867
11.040000,0,RL_foot,0.47321579,0.22111520,0.02174823
11.040000,0,RR_foot,0.07615607,0.02225363,0.02019527
11.060000,0,FL_foot,0.67834425,-0.16848381,0.02022879
11.060000,0,FR_foot,0.31249377,-0.40150130,0.02023293
11.060000,0,RL_foot,0.47821191,0.21810983,0.02224381
11.060000,0,RR_foot,0.07630993,0.02233879,0.02019976
11.080000,0,FL_foot,0.67825645,-0.16876517,0.02022463
11.080000,0,FR_foot,0.30656129,-0.40132439,0.02023144
11.080000,0,RL_foot,0.48387152,0.21173845,0.02240334
11.080000,0,RR_foot,0.07647663,0.02243487,0.02019688
11.100000,0,FL_foot,0.67817295,-0.16904168,0.02022304
11.100000,0,FR_foot,0.29940259,-0.40119979,0.02023485
11.100000,0,RL_foot,0.49007043,0.20344362,0.02236036
11.100000,0,RR_foot,0.07665751,0.02253595,0.02020369
11.120000,0,FL_foot,0.67810768,-0.16929920,0.02022070
11.120000,0,FR_foot,0.29107487,-0.40103021,0.02023465
11.120000,0,RL_foot,0.49655813,0.19464211,0.02221903
11.120000,0,RR_foot,0.07685175,0.02264691,0.02020505
11.140000,0,FL_foot,0.67804348,-0.16954830,0.02021859
11.140000,0,FR_foot,0.28175619,-0.40062505,0.02023685
11.140000,0,RL_foot,0.50318074,0.18636659,0.02204550
11.140000,0,RR_foot,0.07707620,0.02276749,0.02020852
11.160000,0,FL_foot,0.67797273,-0.16980660,0.02021689
11.160000,0,FR_foot,0.27174678,-0.39980111,0.02024046
11.160000,0,RL_foot,0.50985855,0.17919041,0.02189186
11.160000,0,RR_foot,0.07729094,0.02289574,0.02021212
11.180000,0,FL_foot,0.67790240,-0.17004320,0.02021185
11.180000,0,FR_foot,0.26146305,-0.39832306,0.02023813
11.180000,0,RL_foot,0.51653099,0.17331743,0.02179577
11.180000,0,RR_foot,0.07751373,0.02302915,0.02020760
11.200000,0,FL_foot,0.67782825,-0.17027566,0.02020952
11.200000,0,FR_foot,0.25138938,-0.39605308,0.02023725
11.200000,0,RL_foot,0.52318859,0.16874883,0.02177770
11.200000,0,RR_foot,0.07775600,0.02316676,0.02020886
11.220000,0,FL_foot,0.67774075,-0.17052357,0.02020810
11.220000,0,FR_foot,0.24215201,-0.39304680,0.02024574
11.220000,0,RL_foot,0.52980888,0.16537310,0.02182351
11.220000,0,RR_foot,0.07797161,0.02330318,0.02021089
11.240000,0,FL_foot,0.67764837,-0.17075458,0.02020450
11.240000,0,FR_foot,0.23418659,-0.38961214,0.02024866
11.240000,0,RL_foot,0.53623998,0.16297884,0.02191375
11.240000,0,RR_foot,0.07818070,0.02344036,0.02020966
11.260000,0,FL_foot,0.67754889,-0.17098428,0.02020122
11.260000,0,FR_foot,0.22751436,-0.38605762,0.02024892
11.260000,0,RL_foot,0.54221082,0.16128200,0.02201326
11.260000,0,RR_foot,0.07839657,0.02357964,0.02021164
11.280000,0,FL_foot,0.67743951,-0.17122547,0.02019971
11.280000,0,FR_foot,0.22198531,-0.38259047,0.02025446
11.280000,0,RL_foot,0.54754144,0.15999541,0.02208355
11.280000,0,RR_foot,0.07858237,0.02371311,0.02021379
11.300000,0,FL_foot,0.67732811,-0.17144869,0.02019697
11.300000,0,FR_foot,0.21740301,-0.37929034,0.02025748
11.300000,0,RL_foot,0.55216688,0.15891424,0.02210457
11.300000,0,RR_foot,0.07875949,0.02384672,0.02021474
11.320000,0,FL_foot,0.67721432,-0.17167051,0.02019447
11.320000,0,FR_foot,0.21323608,-0.37609506,0.02025649
11.320000,0,RL_foot,0.55613625,0.15790710,0.02205954
11.320000,0,RR_foot,0.07894093,0.02397693,0.02021778
11.340000,0,FL_foot,0.67709672,-0.17189966,0.02019148
11.340000,0,FR_foot,0.20928952,-0.37297311,0.02025658
11.340000,0,RL_foot,0.55954659,0.15691458,0.02193534
11.340000,0,RR_foot,0.07909907,0.02410042,0.02021927
11.360000,0,FL_foot,0.67697889,-0.17211853,0.02018482
11.360000,0,FR_foot,0.20543130,-0.36992899,0.02025381
11.360000,0,RL_foot,0.56249493,0.15593176,0.02172328
11.360000,0,RR_foot,0.07925092,0.02421914,0.02022000
11.380000,0,FL_foot,0.67685825,-0.17234300,0.02018155
11.380000,0,FR_foot,0.20169215,-0.36703369,0.02025434
11.380000,0,RL_foot,0.56508118,0.15501148,0.02141508
11.380000,0,RR_foot,0.07939798,0.02433139,0.02022157
11.400000,0,FL_foot,0.67673874,-0.17257473,0.02017562
11.400000,0,FR_foot,0.19803037,-0.36437201,0.02025123
11.400000,0,RL_foot,0.56731868,0.15422522,0.02099305
11.400000,0,RR_foot,0.07953610,0.02443704,0.02022166
11.420000,0,FL_foot,0.67661345,-0.17281380,0.02016949
11.420000,0,FR_foot,0.19429047,-0.36199582,0.02025739
11.420000,0,RL_foot,0.56919920,0.15366539,0.02043035
11.420000,0,RR_foot,0.07967395,0.02453077,0.02022717
11.440000,0,FL_foot,0.67450517,-0.17291647,0.02042388
11.440000,0,FR_foot,0.19315933,-0.36142632,0.02024236
11.440000,0,RL_foot,0.56953532,0.15352322,0.02019925
11.440000,0,RR_foot,0.08056173,0.02501771,0.02031594
11.460000,0,FL_foot,0.66775233,-0.17199931,0.02119049
11.460000,0,FR_foot,0.19296138,-0.36136517,0.02024099
11.460000,0,RL_foot,0.56969398,0.15349288,0.02019801
11.460000,0,RR_foot,0.08399706,0.02500765,0.02026720
11.480000,0,FL_foot,0.65784371,-0.17141436,0.02214406
11.480000,0,FR_foot,0.19275476,-0.36130053,0.02024236
11.480000,0,RL_foot,0.56985885,0.15346676,0.02019969
11.480000,0,RR_foot,0.08760646,0.02496972,0.02026693
11.500000,0,FL_foot,0.64712369,-0.17415729,0.02324023
11.500000,0,FR_foot,0.19253378,-0.36121237,0.02024279
11.500000,0,RL_foot,0.57003224,0.15344799,0.02020139
11.500000,0,RR_foot,0.09354296,0.02662708,0.02026179
11.520000,0,FL_foot,0.63762605,-0.18138300,0.02431697
11.520000,0,FR_foot,0.19230705,-0.36111391,0.02024358
11.520000,0,RL_foot,0.57021332,0.15343750,0.02020369
11.520000,0,RR_foot,0.10112140,0.03122829,0.02026055
11.540000,0,FL_foot,0.63011611,-0.19265915,0.02559164
11.540000,0,FR_foot,0.19206959,-0.36099559,0.02024505
11.540000,0,RL_foot,0.57039160,0.15343902,0.02020797
11.540000,0,RR_foot,0.11079537,0.04051711,0.02024299
11.560000,0,FL_foot,0.62494141,-0.20705011,0.02688826
11.560000,0,FR_foot,0.19182649,-0.36086908,0.02024470
11.560000,0,RL_foot,0.57056075,0.15344375,0.02020844
11.560000,0,RR_foot,0.11908309,0.05366763,0.02023774
11.580000,0,FL_foot,0.62189847,-0.22295764,0.02800703
11.580000,0,FR_foot,0.19158822,-0.36075518,0.02024039
11.580000,0,RL_foot,0.57070869,0.15344325,0.02019914
11.580000,0,RR_foot,0.12469535,0.06917628,0.02024719
11.600000,0,FL_foot,0.62032735,-0.23841582,0.02893724
11.600000,0,FR_foot,0.19131316,-0.36061302,0.02024148
11.600000,0,RL_foot,0.57084042,0.15343852,0.02020494
11.600000,0,RR_foot,0.12812869,0.08482500,0.02023019
11.620000,0,FL_foot,0.61925250,-0.25204697,0.02960116
11.620000,0,FR_foot,0.19103788,-0.36046818,0.02024144
11.620000,0,RL_foot,0.57096422,0.15342671,0.02020820
11.620000,0,RR_foot,0.13047543,0.09857030,0.02022429
11.640000,0,FL_foot,0.61797911,-0.26329908,0.02991638
11.640000,0,FR_foot,0.19073282,-0.36031264,0.02024208
11.640000,0,RL_foot,0.57108301,0.15340291,0.02021059
11.640000,0,RR_foot,0.13224810,0.10911710,0.02022194
11.660000,0,FL_foot,0.61626798,-0.27229568,0.02984032
11.660000,0,FR_foot,0.19042529,-0.36016163,0.02024237
11.660000,0,RL_foot,0.57119405,0.15336744,0.02021005
11.660000,0,RR_foot,0.13362776,0.11657134,0.02022029
11.680000,0,FL_foot,0.61422598,-0.27941942,0.02938785
11.680000,0,FR_foot,0.19013588,-0.36001939,0.02024081
11.680000,0,RL_foot,0.57130253,0.15331793,0.02021228
11.680000,0,RR_foot,0.13461253,0.12175624,0.02021604
11.700000,0,FL_foot,0.61208957,-0.28501740,0.02855596
11.700000,0,FR_foot,0.18983547,-0.35988146,0.02024123
11.700000,0,RL_foot,0.57140183,0.15325525,0.02021125
11.700000,0,RR_foot,0.13521050,0.12532230,0.02021589
11.720000,0,FL_foot,0.61011958,-0.28927338,0.02729815
11.720000,0,FR_foot,0.18953872,-0.35975134,0.02024067
11.720000,0,RL_foot,0.57150811,0.15318424,0.02021009
11.720000,0,RR_foot,0.13550897,0.12742794,0.02021992
11.740000,0,FL_foot,0.60889494,-0.29195637,0.02538377
11.740000,0,FR_foot,0.18924880,-0.35962635,0.02023879
11.740000,0,RL_foot,0.57161397,0.15308994,0.02021077
11.740000,0,RR_foot,0.13561307,0.12750560,0.02021082
11.760000,0,FL_foot,0.60926116,-0.29198477,0.02247758
11.760000,0,FR_foot,0.18890055,-0.35948691,0.02023690
11.760000,0,RL_foot,0.57175213,0.15297236,0.02020525
11.760000,0,RR_foot,0.13574381,0.12755768,0.02022292
11.780000,0,FL_foot,0.60996598,-0.29100099,0.02022348
11.780000,0,FR_foot,0.18794879,-0.35906425,0.02035134
11.780000,0,RL_foot,0.57350838,0.15267119,0.02050798
11.780000,0,RR_foot,0.13595317,0.12757646,0.02013553
11.800000,0,FL_foot,0.60970628,-0.29120257,0.02023163
11.800000,0,FR_foot,0.18333328,-0.35694802,0.02024098
11.800000,0,RL_foot,0.57741767,0.15104485,0.02123834
11.800000,0,RR_foot,0.13610142,0.12760511,0.02019586
11.820000,0,FL_foot,0.60948920,-0.29142815,0.02022921
11.820000,0,FR_foot,0.17836416,-0.35449597,0.02023733
11.820000,0,RL_foot,0.58049697,0.14601517,0.02161704
11.820000,0,RR_foot,0.13628379,0.12762934,0.02019917
11.840000,0,FL_foot,0.60929686,-0.29164818,0.02022705
11.840000,0,FR_foot,0.17257576,-0.35166773,0.02023615
11.840000,0,RL_foot,0.58296347,0.13766211,0.02175913
11.840000,0,RR_foot,0.13648249,0.12765141,0.02020078
11.860000,0,FL_foot,0.60910940,-0.29186523,0.02022342
11.860000,0,FR_foot,0.16591005,-0.34844249,0.02023545
11.860000,0,RL_foot,0.58527017,0.12738973,0.02176587
11.860000,0,RR_foot,0.13669692,0.12767833,0.02020206
11.880000,0,FL_foot,0.60894746,-0.29207268,0.02022289
11.880000,0,FR_foot,0.15838812,-0.34474540,0.02023638
11.880000,0,RL_foot,0.58771366,0.11661504,0.02172627
11.880000,0,RR_foot,0.13694184,0.12769680,0.02020838
11.900000,0,FL_foot,0.60878760,-0.29227492,0.02021849
11.900000,0,FR_foot,0.15020700,-0.34049928,0.02023683
11.900000,0,RL_foot,0.59058398,0.10633353,0.02166082
11.900000,0,RR_foot,0.13718584,0.12772605,0.02020656
11.920000,0,FL_foot,0.60861689,-0.29248247,0.02021550
11.920000,0,FR_foot,0.14170201,-0.33564851,0.02023808
11.920000,0,RL_foot,0.59398490,0.09710672,0.02160925
11.920000,0,RR_foot,0.13743976,0.12775527,0.02020731
11.940000,0,FL_foot,0.60845923,-0.29267260,0.02021395
11.940000,0,FR_foot,0.13332339,-0.33015707,0.02024007
11.940000,0,RL_foot,0.59789693,0.08911373,0.02160471
11.940000,0,RR_foot,0.13771702,0.12777729,0.02021088
11.960000,0,FL_foot,0.60829616,-0.29285848,0.02020986
11.960000,0,FR_foot,0.12554763,-0.32414997,0.02024062
11.960000,0,RL_foot,0.60227805,0.08229912,0.02164856
11.960000,0,RR_foot,0.13797759,0.12780978,0.02020796
11.980000,0,FL_foot,0.60811585,-0.29305142,0.02020753
11.980000,0,FR_foot,0.11882086,-0.31795421,0.02024388
11.980000,0,RL_foot,0.60702878,0.07655065,0.02173875
11.980000,0,RR_foot,0.13823338,0.12784381,0.02020757
12.000000,0,FL_foot,0.60793996,-0.29322773,0.02020539
12.000000,0,FR_foot,0.11334413,-0.31194988,0.02024787
12.000000,0,RL_foot,0.61195189,0.07173385,0.02185471
12.000000,0,RR_foot,0.13849862,0.12787561,0.02021137
12.020000,0,FL_foot,0.60775852,-0.29339993,0.02020182
12.020000,0,FR_foot,0.10895944,-0.30636472,0.02025023
12.020000,0,RL_foot,0.61674392,0.06769160,0.02196004
12.020000,0,RR_foot,0.13873550,0.12791479,0.02021216
12.040000,0,FL_foot,0.60756516,-0.29357699,0.02019984
12.040000,0,FR_foot,0.10544369,-0.30122435,0.02025462
12.040000,0,RL_foot,0.62116235,0.06425825,0.02203005
12.040000,0,RR_foot,0.13896379,0.12795760,0.02021231
12.060000,0,FL_foot,0.60737693,-0.29373863,0.02019747
12.060000,0,FR_foot,0.10263379,-0.29654610,0.02025671
12.060000,0,RL_foot,0.62506670,0.06128051,0.02205684
12.060000,0,RR_foot,0.13918109,0.12800109,0.02021461
12.080000,0,FL_foot,0.60718763,-0.29389739,0.02019532
12.080000,0,FR_foot,0.10015217,-0.29211158,0.02025679
12.080000,0,RL_foot,0.62843281,0.05861890,0.02202024
12.080000,0,RR_foot,0.13940303,0.12804125,0.02021808
12.100000,0,FL_foot,0.60699171,-0.29406148,0.02019227
12.100000,0,FR_foot,0.09784196,-0.28781122,0.02025682
12.100000,0,RL_foot,0.63130367,0.05618688,0.02190991
12.100000,0,RR_foot,0.13960093,0.12808506,0.02021932
12.120000,0,FL_foot,0.60679924,-0.29421565,0.02018582
12.120000,0,FR_foot,0.09559347,-0.28360251,0.02025430
12.120000,0,RL_foot,0.63375658,0.05393592,0.02171715
12.120000,0,RR_foot,0.13979223,0.12812722,0.02022032
12.140000,0,FL_foot,0.60660177,-0.29437494,0.02018283
12.140000,0,FR_foot,0.09338311,-0.27954143,0.02025384
12.140000,0,RL_foot,0.63589978,0.05186623,0.02143483
12.140000,0,RR_foot,0.13997681,0.12816617,0.02022149
12.160000,0,FL_foot,0.60640258,-0.29454064,0.02017696
12.160000,0,FR_foot,0.09118810,-0.27573675,0.02025193
12.160000,0,RL_foot,0.63777888,0.05003324,0.02104342
12.160000,0,RR_foot,0.14015250,0.12819794,0.02022198
12.180000,0,FL_foot,0.60619521,-0.29470909,0.02017150
12.180000,0,FR_foot,0.08884930,-0.27217484,0.02025556
12.180000,0,RL_foot,0.63942546,0.04852032,0.02051950
12.180000,0,RR_foot,0.14032216,0.12822695,0.02022598
12.200000,0,FL_foot,0.60605282,-0.29485229,0.02017408
12.200000,0,FR_foot,0.08508616,-0.26816827,0.02047365
12.200000,0,RL_foot,0.64015824,0.04434709,0.02023725
12.200000,0,RR_foot,0.14040551,0.12827416,0.02023665
12.220000,0,FL_foot,0.60595274,-0.29494423,0.02016950
12.220000,0,FR_foot,0.08360632,-0.26589784,0.02029054
12.220000,0,RL_foot,0.63923734,0.04226734,0.02025973
12.220000,0,RR_foot,0.14043640,0.12826557,0.02023596
12.240000,0,FL_foot,0.60585731,-0.29500678,0.02018612
12.240000,0,FR_foot,0.08351403,-0.26588279,0.02024998
12.240000,0,RL_foot,0.63837135,0.04142408,0.02019434
12.240000,0,RR_foot,0.14043425,0.12828363,0.02027932
12.260000,0,FL_foot,0.60472840,-0.29552701,0.02015783
12.260000,0,FR_foot,0.08346646,-0.26588312,0.02024748
12.260000,0,RL_foot,0.63834870,0.04139670,0.02019030
12.260000,0,RR_foot,0.14053641,0.12848659,0.02027842
12.280000,0,FL_foot,0.60460514,-0.29568273,0.02018265
12.280000,0,FR_foot,0.08345193,-0.26589793,0.02024924
12.280000,0,RL_foot,0.63831383,0.04139023,0.02019797
12.280000,0,RR_foot,0.14048050,0.12847459,0.02027356
12.300000,0,FL_foot,0.60461318,-0.29567170,0.02017910
12.300000,0,FR_foot,0.08345930,-0.26591906,0.02024961
12.300000,0,RL_foot,0.63828373,0.04139816,0.02021900
12.300000,0,RR_foot,0.14044018,0.12846094,0.02025959
12.320000,0,FL_foot,0.60462582,-0.29566681,0.02017527
12.320000,0,FR_foot,0.08346984,-0.26593873,0.02025020
12.320000,0,RL_foot,0.63825840,0.04140946,0.02023389
12.320000,0,RR_foot,0.14041042,0.12844765,0.02024488
12.340000,0,FL_foot,0.60462648,-0.29567069,0.02017337
12.340000,0,FR_foot,0.08347096,-0.26595464,0.02024974
12.340000,0,RL_foot,0.63824302,0.04140331,0.02023371
12.340000,0,RR_foot,0.14038937,0.12843819,0.02024357
12.360000,0,FL_foot,0.60462159,-0.29567811,0.02017542
12.360000,0,FR_foot,0.08346765,-0.26596910,0.02024937
12.360000,0,RL_foot,0.63823253,0.04139048,0.02022752
12.360000,0,RR_foot,0.14037621,0.12843290,0.02024904
12.380000,0,FL_foot,0.60462070,-0.29568362,0.02017772
12.380000,0,FR_foot,0.08346765,-0.26598501,0.02024959
12.380000,0,RL_foot,0.63822252,0.04138189,0.02022480
12.380000,0,RR_foot,0.14036310,0.12842491,0.02025145
12.400000,0,FL_foot,0.60462636,-0.29568565,0.02017725
12.400000,0,FR_foot,0.08346859,-0.26600623,0.02024949
12.400000,0,RL_foot,0.63821274,0.04137866,0.02022679
12.400000,0,RR_foot,0.14034949,0.12841447,0.02024935
12.420000,0,FL_foot,0.60463333,-0.29568696,0.02017626
12.420000,0,FR_foot,0.08347534,-0.26602289,0.02024961
12.420000,0,RL_foot,0.63820821,0.04137408,0.02022976
12.420000,0,RR_foot,0.14033662,0.12840343,0.02024604
12.440000,0,FL_foot,0.60463762,-0.29569027,0.02017634
12.440000,0,FR_foot,0.08347997,-0.26603815,0.02024962
12.440000,0,RL_foot,0.63819999,0.04137013,0.02023044
12.440000,0,RR_foot,0.14032513,0.12839428,0.02024512
12.460000,0,FL_foot,0.60463953,-0.29569355,0.02017651
12.460000,0,FR_foot,0.08348241,-0.26605204,0.02024939
12.460000,0,RL_foot,0.63819259,0.04136432,0.02022899
12.460000,0,RR_foot,0.14031231,0.12838522,0.02024582
12.480000,0,FL_foot,0.60464132,-0.29569679,0.02017665
12.480000,0,FR_foot,0.08348469,-0.26606524,0.02024928
12.480000,0,RL_foot,0.63818485,0.04135899,0.02022824
12.480000,0,RR_foot,0.14030215,0.12837815,0.02024621
12.500000,0,FL_foot,0.60464376,-0.29569873,0.02017652
12.500000,0,FR_foot,0.08348745,-0.26607764,0.02024925
12.500000,0,RL_foot,0.63817656,0.04135564,0.02022891
12.500000,0,RR_foot,0.14029115,0.12837081,0.02024559
12.520000,0,FL_foot,0.60464573,-0.29570109,0.02017622
12.520000,0,FR_foot,0.08348970,-0.26608890,0.02024918
12.520000,0,RL_foot,0.63816780,0.04135310,0.02022957
12.520000,0,RR_foot,0.14028011,0.12836444,0.02024452
12.540000,0,FL_foot,0.60473299,-0.29565305,0.02017318
12.540000,0,FR_foot,0.08252524,-0.26435000,0.02042369
12.540000,0,RL_foot,0.63494819,0.03505555,0.02105857
12.540000,0,RR_foot,0.14018308,0.12835114,0.02023046
12.560000,0,FL_foot,0.60487020,-0.29556084,0.02017887
12.560000,0,FR_foot,0.08487168,-0.26217380,0.02035268
12.560000,0,RL_foot,0.62247938,0.02734226,0.02292052
12.560000,0,RR_foot,0.14004584,0.12830842,0.02023040
12.580000,0,FL_foot,0.60501772,-0.29546377,0.02018492
12.580000,0,FR_foot,0.08639882,-0.26210573,0.02024385
12.580000,0,RL_foot,0.60334611,0.02393376,0.02575636
12.580000,0,RR_foot,0.13992138,0.12826774,0.02022709
12.600000,0,FL_foot,0.60516989,-0.29535887,0.02018572
12.600000,0,FR_foot,0.08656245,-0.26234296,0.02024624
12.600000,0,RL_foot,0.58649439,0.02596380,0.02891788
12.600000,0,RR_foot,0.13979846,0.12822431,0.02022789
12.620000,0,FL_foot,0.60532612,-0.29526055,0.02018663
12.620000,0,FR_foot,0.08671389,-0.26275268,0.02024359
12.620000,0,RL_foot,0.57452166,0.03288146,0.03144656
12.620000,0,RR_foot,0.13967873,0.12817121,0.02022283
12.640000,0,FL_foot,0.60548657,-0.29516280,0.02018669
12.640000,0,FR_foot,0.08717065,-0.26401728,0.02023556
12.640000,0,RL_foot,0.56636429,0.04277970,0.03317056
12.640000,0,RR_foot,0.13955881,0.12811345,0.02021942
12.660000,0,FL_foot,0.60564679,-0.29505989,0.02018617
12.660000,0,FR_foot,0.08881522,-0.26704454,0.02023353
12.660000,0,RL_foot,0.56091332,0.05393719,0.03410933
12.660000,0,RR_foot,0.13943292,0.12806006,0.02021555
12.680000,0,FL_foot,0.60580719,-0.29494858,0.02018758
12.680000,0,FR_foot,0.09238490,-0.27220207,0.02022953
12.680000,0,RL_foot,0.55742222,0.06520119,0.03432277
12.680000,0,RR_foot,0.13929953,0.12801348,0.02021115
12.700000,0,FL_foot,0.60596979,-0.29482853,0.02019036
12.700000,0,FR_foot,0.09803567,-0.27928987,0.02022345
12.700000,0,RL_foot,0.55536294,0.07594873,0.03398192
12.700000,0,RR_foot,0.13915758,0.12797023,0.02020734
12.720000,0,FL_foot,0.60614949,-0.29469800,0.02019217
12.720000,0,FR_foot,0.10499227,-0.28770021,0.02021984
12.720000,0,RL_foot,0.55429590,0.08593592,0.03335202
12.720000,0,RR_foot,0.13900755,0.12792340,0.02020430
12.740000,0,FL_foot,0.60633260,-0.29455358,0.02019424
12.740000,0,FR_foot,0.11199495,-0.29632181,0.02022690
12.740000,0,RL_foot,0.55384588,0.09508252,0.03260750
12.740000,0,RR_foot,0.13884918,0.12786832,0.02020387
12.760000,0,FL_foot,0.60652357,-0.29440352,0.02019750
12.760000,0,FR_foot,0.11816648,-0.30415872,0.02022990
12.760000,0,RL_foot,0.55380696,0.10334077,0.03174853
12.760000,0,RR_foot,0.13868527,0.12780730,0.02020319
12.780000,0,FL_foot,0.60671210,-0.29425529,0.02019913
12.780000,0,FR_foot,0.12306812,-0.31058618,0.02023588
12.780000,0,RL_foot,0.55397898,0.11069781,0.03074278
12.780000,0,RR_foot,0.13851894,0.12774819,0.02020314
12.800000,0,FL_foot,0.60689718,-0.29409939,0.02020154
12.800000,0,FR_foot,0.12703681,-0.31582123,0.02023644
12.800000,0,RL_foot,0.55412227,0.11717907,0.02967013
12.800000,0,RR_foot,0.13835616,0.12769514,0.02020048
12.820000,0,FL_foot,0.60707259,-0.29394853,0.02020560
12.820000,0,FR_foot,0.13035282,-0.32014662,0.02023852
12.820000,0,RL_foot,0.55404210,0.12283718,0.02859752
12.820000,0,RR_foot,0.13819604,0.12764916,0.02019911
12.840000,0,FL_foot,0.60723662,-0.29379922,0.02020692
12.840000,0,FR_foot,0.13334128,-0.32385090,0.02023871
12.840000,0,RL_foot,0.55367213,0.12776299,0.02754616
12.840000,0,RR_foot,0.13803741,0.12760839,0.02019655
12.860000,0,FL_foot,0.60740036,-0.29364452,0.02020962
12.860000,0,FR_foot,0.13613592,-0.32702076,0.02023942
12.860000,0,RL_foot,0.55307204,0.13203812,0.02647308
12.860000,0,RR_foot,0.13787641,0.12757139,0.02019506
12.880000,0,FL_foot,0.60756224,-0.29348725,0.02021357
12.880000,0,FR_foot,0.13858223,-0.32944414,0.02023974
12.880000,0,RL_foot,0.55256087,0.13563287,0.02520001
12.880000,0,RR_foot,0.13770810,0.12753671,0.02019250
12.900000,0,FL_foot,0.60771865,-0.29332286,0.02021368
12.900000,0,FR_foot,0.13974912,-0.33035097,0.02023935
12.900000,0,RL_foot,0.55285460,0.13829839,0.02332871
12.900000,0,RR_foot,0.13752796,0.12750806,0.02018787
12.920000,0,FL_foot,0.60790128,-0.29313007,0.02021792
12.920000,0,FR_foot,0.13994876,-0.33050448,0.02024331
12.920000,0,RL_foot,0.55508655,0.13978021,0.02056608
12.920000,0,RR_foot,0.13734375,0.12748435,0.02018204
12.940000,0,FL_foot,0.60832602,-0.29167110,0.02075494
12.940000,0,FR_foot,0.14018437,-0.33068490,0.02023670
12.940000,0,RL_foot,0.55481017,0.13975875,0.02021742
12.940000,0,RR_foot,0.13571885,0.12710023,0.02073157
12.960000,0,FL_foot,0.60893583,-0.28736758,0.02066734
12.960000,0,FR_foot,0.14038210,-0.33084890,0.02023870
12.960000,0,RL_foot,0.55458307,0.13975042,0.02022150
12.960000,0,RR_foot,0.13310066,0.12433619,0.02176103
12.980000,0,FL_foot,0.60924995,-0.28139699,0.02023429
12.980000,0,FR_foot,0.14058565,-0.33101571,0.02024275
12.980000,0,RL_foot,0.55433983,0.13974160,0.02022299
12.980000,0,RR_foot,0.12988482,0.11869340,0.02282117
13.000000,0,FL_foot,0.60895002,-0.27565783,0.02023238
13.000000,0,FR_foot,0.14078715,-0.33118439,0.02024482
13.000000,0,RL_foot,0.55406731,0.13972782,0.02021692
13.000000,0,RR_foot,0.12598534,0.11079916,0.02317775
13.020000,0,FL_foot,0.60901272,-0.26871970,0.02023058
13.020000,0,FR_foot,0.14098912,-0.33134896,0.02024421
13.020000,0,RL_foot,0.55381274,0.13972183,0.02021212
13.020000,0,RR_foot,0.12124155,0.10172933,0.02322239
13.040000,0,FL_foot,0.60952002,-0.26117936,0.02023019
13.040000,0,FR_foot,0.14120260,-0.33152306,0.02024344
13.040000,0,RL_foot,0.55354929,0.13971393,0.02020133
13.040000,0,RR_foot,0.11578536,0.09212858,0.02306591
13.060000,0,FL_foot,0.61050075,-0.25337130,0.02022435
13.060000,0,FR_foot,0.14141010,-0.33169118,0.02024374
13.060000,0,RL_foot,0.55325866,0.13969690,0.02020368
13.060000,0,RR_foot,0.10977945,0.08218155,0.02280818
13.080000,0,FL_foot,0.61192197,-0.24554439,0.02022090
13.080000,0,FR_foot,0.14162330,-0.33185917,0.02024323
13.080000,0,RL_foot,0.55299419,0.13968797,0.02019955
13.080000,0,RR_foot,0.10348745,0.07195576,0.02251030
13.100000,0,FL_foot,0.61381400,-0.23787701,0.02021783
13.100000,0,FR_foot,0.14184485,-0.33203551,0.02024212
13.100000,0,RL_foot,0.55272990,0.13968337,0.02019234
13.100000,0,RR_foot,0.09723645,0.06173967,0.02224026
13.120000,0,FL_foot,0.61612809,-0.23046507,0.02021240
13.120000,0,FR_foot,0.14206311,-0.33220172,0.02024172
13.120000,0,RL_foot,0.55245256,0.13967474,0.02019231
13.120000,0,RR_foot,0.09123243,0.05206845,0.02203765
13.140000,0,FL_foot,0.61867219,-0.22354245,0.02020939
13.140000,0,FR_foot,0.14229344,-0.33236599,0.02024207
13.140000,0,RL_foot,0.55220902,0.13967995,0.02019074
13.140000,0,RR_foot,0.08544231,0.04349691,0.02187282
13.160000,0,FL_foot,0.62131065,-0.21732397,0.02020684
13.160000,0,FR_foot,0.14253108,-0.33253330,0.02024073
13.160000,0,RL_foot,0.55197585,0.13968788,0.02018901
13.160000,0,RR_foot,0.07983810,0.03643061,0.02168496
13.180000,0,FL_foot,0.62373275,-0.21231981,0.02020482
13.180000,0,FR_foot,0.14278533,-0.33269310,0.02023925
13.180000,0,RL_foot,0.55175108,0.13970895,0.02019008
13.180000,0,RR_foot,0.07452173,0.03100267,0.02142375
13.200000,0,FL_foot,0.62618405,-0.20811670,0.02020379
13.200000,0,FR_foot,0.14305633,-0.33285221,0.02023512
13.200000,0,RL_foot,0.55153102,0.13972974,0.02018833
13.200000,0,RR_foot,0.06970178,0.02706396,0.02101405
13.220000,0,FL_foot,0.62871683,-0.20465405,0.02020233
13.220000,0,FR_foot,0.14332680,-0.33300954,0.02023219
13.220000,0,RL_foot,0.55133635,0.13976553,0.02018953
13.220000,0,RR_foot,0.06551026,0.02432296,0.02044106
13.240000,0,FL_foot,0.62937969,-0.20387886,0.02019298
13.240000,0,FR_foot,0.14502530,-0.33277923,0.02023606
13.240000,0,RL_foot,0.54916865,0.13868006,0.02059094
13.240000,0,RR_foot,0.06468611,0.02375783,0.02023536
13.260000,0,FL_foot,0.62951726,-0.20368201,0.02020024
13.260000,0,FR_foot,0.15143788,-0.33015606,0.02022756
13.260000,0,RL_foot,0.54067594,0.13116468,0.02192987
13.260000,0,RR_foot,0.06457978,0.02366085,0.02023222
13.280000,0,FL_foot,0.62965149,-0.20348924,0.02020588
13.280000,0,FR_foot,0.16297701,-0.32633847,0.02026460
13.280000,0,RL_foot,0.52616537,0.12157520,0.02479564
13.280000,0,RR_foot,0.06446736,0.02357689,0.02023647
13.300000,0,FL_foot,0.62976503,-0.20329317,0.02020588
13.300000,0,FR_foot,0.17717016,-0.32553086,0.02063505
13.300000,0,RL_foot,0.51204944,0.11760908,0.02781670
13.300000,0,RR_foot,0.06433678,0.02349278,0.02023083
13.320000,0,FL_foot,0.62985802,-0.20311101,0.02020483
13.320000,0,FR_foot,0.19156583,-0.33028460,0.02123902
13.320000,0,RL_foot,0.50050634,0.12111998,0.02960771
13.320000,0,RR_foot,0.06419405,0.02339938,0.02022785
13.340000,0,FL_foot,0.62995863,-0.20291533,0.02020604
13.340000,0,FR_foot,0.20520726,-0.33981779,0.02189970
13.340000,0,RL_foot,0.49183795,0.12951611,0.03000968
13.340000,0,RR_foot,0.06404024,0.02329442,0.02022524
13.360000,0,FL_foot,0.63006437,-0.20271076,0.02020849
13.360000,0,FR_foot,0.21761404,-0.35242474,0.02248149
13.360000,0,RL_foot,0.48558345,0.14038491,0.02939492
13.360000,0,RR_foot,0.06388084,0.02317821,0.02022106
13.380000,0,FL_foot,0.63015383,-0.20250553,0.02021056
13.380000,0,FR_foot,0.22854167,-0.36629236,0.02291610
13.380000,0,RL_foot,0.48124185,0.15218945,0.02816952
13.380000,0,RR_foot,0.06371059,0.02304930,0.02022376
13.400000,0,FL_foot,0.63025808,-0.20228091,0.02021438
13.400000,0,FR_foot,0.23799869,-0.37946123,0.02320721
13.400000,0,RL_foot,0.47810963,0.16365330,0.02678662
13.400000,0,RR_foot,0.06353394,0.02291845,0.02022355
13.420000,0,FL_foot,0.63036150,-0.20205304,0.02021625
13.420000,0,FR_foot,0.24592948,-0.39039961,0.02331555
13.420000,0,RL_foot,0.47549641,0.17383489,0.02555067
13.420000,0,RR_foot,0.06335567,0.02277617,0.02021763
13.440000,0,FL_foot,0.63044482,-0.20183523,0.02022039
13.440000,0,FR_foot,0.25222188,-0.39835653,0.02315880
13.440000,0,RL_foot,0.47303557,0.18235938,0.02453557
13.440000,0,RR_foot,0.06316535,0.02264051,0.02022087
13.460000,0,FL_foot,0.63054341,-0.20160288,0.02022369
13.460000,0,FR_foot,0.25686395,-0.40329176,0.02265357
13.460000,0,RL_foot,0.47068644,0.18926017,0.02366818
13.460000,0,RR_foot,0.06297440,0.02250252,0.02021815
13.480000,0,FL_foot,0.63064247,-0.20136371,0.02022450
13.480000,0,FR_foot,0.25954109,-0.40575019,0.02168392
13.480000,0,RL_foot,0.46893805,0.19473960,0.02270618
13.480000,0,RR_foot,0.06278472,0.02235512,0.02020820
13.500000,0,FL_foot,0.63073027,-0.20110983,0.02022780
13.500000,0,FR_foot,0.25931841,-0.40650117,0.02022519
13.500000,0,RL_foot,0.46985590,0.19897167,0.02091251
13.500000,0,RR_foot,0.06255503,0.02218502,0.02024559
13.520000,0,FL_foot,0.63170141,-0.19828275,0.02075392
13.520000,0,FR_foot,0.25959274,-0.40655696,0.02024117
13.520000,0,RL_foot,0.46956536,0.19886094,0.02021972
13.520000,0,RR_foot,0.06131990,0.02075123,0.02061472
13.540000,0,FL_foot,0.63119137,-0.19179125,0.02161461
13.540000,0,FR_foot,0.25986004,-0.40662614,0.02023895
13.540000,0,RL_foot,0.46930760,0.19879320,0.02021406
13.540000,0,RR_foot,0.05594040,0.01692743,0.02046875
13.560000,0,FL_foot,0.63081086,-0.18382902,0.02224830
13.560000,0,FR_foot,0.26012090,-0.40669325,0.02023604
13.560000,0,RL_foot,0.46903291,0.19871999,0.02020325
13.560000,0,RR_foot,0.04875701,0.01246930,0.02022680
13.580000,0,FL_foot,0.63065088,-0.17507403,0.02256066
13.580000,0,FR_foot,0.26039186,-0.40675718,0.02023686
13.580000,0,RL_foot,0.46873811,0.19862142,0.02020564
13.580000,0,RR_foot,0.04197729,0.00733848,0.02022441
13.600000,0,FL_foot,0.63077027,-0.16596892,0.02274374
13.600000,0,FR_foot,0.26063886,-0.40681520,0.02023581
13.600000,0,RL_foot,0.46845818,0.19853924,0.02020366
13.600000,0,RR_foot,0.03546556,0.00114027,0.02022813
13.620000,0,FL_foot,0.63120550,-0.15681238,0.02286288
13.620000,0,FR_foot,0.26088145,-0.40687031,0.02023429
13.620000,0,RL_foot,0.46817726,0.19845751,0.02019800
13.620000,0,RR_foot,0.02956989,-0.00583805,0.02023096
13.640000,0,FL_foot,0.63199490,-0.14779626,0.02296875
13.640000,0,FR_foot,0.26113614,-0.40691686,0.02023492
13.640000,0,RL_foot,0.46789035,0.19836996,0.02020064
13.640000,0,RR_foot,0.02449366,-0.01308745,0.02023351
13.660000,0,FL_foot,0.63311493,-0.13906348,0.02305822
13.660000,0,FR_foot,0.26136956,-0.40695897,0.02023489
13.660000,0,RL_foot,0.46762514,0.19830039,0.02019978
13.660000,0,RR_foot,0.02026044,-0.02015291,0.02023920
13.680000,0,FL_foot,0.63452125,-0.13071835,0.02313622
13.680000,0,FR_foot,0.26160127,-0.40699577,0.02023401
13.680000,0,RL_foot,0.46737075,0.19823511,0.02019840
13.680000,0,RR_foot,0.01678221,-0.02667292,0.02024266
13.700000,0,FL_foot,0.63615900,-0.12283270,0.02320115
13.700000,0,FR_foot,0.26182920,-0.40702784,0.02023422
13.700000,0,RL_foot,0.46712139,0.19816779,0.02019618
13.700000,0,RR_foot,0.01384361,-0.03259087,0.02024755
13.720000,0,FL_foot,0.63797295,-0.11544897,0.02324195
13.720000,0,FR_foot,0.26206920,-0.40705061,0.02023418
13.720000,0,RL_foot,0.46689644,0.19811742,0.02019756
13.720000,0,RR_foot,0.01156656,-0.03760518,0.02024961
13.740000,0,FL_foot,0.63988507,-0.10858099,0.02324704
13.740000,0,FR_foot,0.26229629,-0.40706974,0.02023407
13.740000,0,RL_foot,0.46668214,0.19807224,0.02019744
13.740000,0,RR_foot,0.00978037,-0.04188261,0.02025224
13.760000,0,FL_foot,0.64182466,-0.10219809,0.02320670
13.760000,0,FR_foot,0.26252720,-0.40708587,0.02023421
13.760000,0,RL_foot,0.46647537,0.19802535,0.02019587
13.760000,0,RR_foot,0.00842607,-0.04554748,0.02025482
13.780000,0,FL_foot,0.64369792,-0.09625258,0.02311811
13.780000,0,FR_foot,0.26277161,-0.40709373,0.02023428
13.780000,0,RL_foot,0.46628207,0.19799350,0.02019607
13.780000,0,RR_foot,0.00746498,-0.04865931,0.02025536
13.800000,0,FL_foot,0.64541405,-0.09066987,0.02295903
13.800000,0,FR_foot,0.26301268,-0.40709907,0.02023485
13.800000,0,RL_foot,0.46609259,0.19796552,0.02019560
13.800000,0,RR_foot,0.00693110,-0.05106515,0.02025479
13.820000,0,FL_foot,0.64691693,-0.08538115,0.02273499
13.820000,0,FR_foot,0.26326349,-0.40710106,0.02023518
13.820000,0,RL_foot,0.46590567,0.19794011,0.02019439
13.820000,0,RR_foot,0.00656041,-0.05319363,0.02025397
13.840000,0,FL_foot,0.64816344,-0.08032414,0.02243151
13.840000,0,FR_foot,0.26352555,-0.40709713,0.02023487
13.840000,0,RL_foot,0.46572271,0.19792320,0.02019320
13.840000,0,RR_foot,0.00632444,-0.05503806,0.02025273
13.860000,0,FL_foot,0.64916807,-0.07548383,0.02202641
13.860000,0,FR_foot,0.26379001,-0.40708858,0.02023489
13.860000,0,RL_foot,0.46553090,0.19790047,0.02019268
13.860000,0,RR_foot,0.00619767,-0.05657915,0.02025144
13.880000,0,FL_foot,0.65001553,-0.07088035,0.02149129
13.880000,0,FR_foot,0.26406518,-0.40707564,0.02023591
13.880000,0,RL_foot,0.46533608,0.19788925,0.02019252
13.880000,0,RR_foot,0.00620055,-0.05770164,0.02024816
13.900000,0,FL_foot,0.65082747,-0.06654151,0.02080899
13.900000,0,FR_foot,0.26434124,-0.40705732,0.02023594
13.900000,0,RL_foot,0.46514791,0.19788142,0.02019244
13.900000,0,RR_foot,0.00620016,-0.05847222,0.02024876
13.920000,0,FL_foot,0.65149617,-0.06360525,0.02014678
13.920000,0,FR_foot,0.26463351,-0.40700451,0.02024793
13.920000,0,RL_foot,0.46477777,0.19777679,0.02029261
13.920000,0,RR_foot,0.00612899,-0.05879578,0.02018408
13.940000,0,FL_foot,0.65154535,-0.06329758,0.02017369
13.940000,0,FR_foot,0.26665065,-0.40425673,0.02024210
13.940000,0,RL_foot,0.46004114,0.19151352,0.02125137
13.940000,0,RR_foot,0.00601427,-0.05889843,0.02020480
13.960000,0,FL_foot,0.65157402,-0.06299890,0.02018379
13.960000,0,FR_foot,0.26895964,-0.40028054,0.02024086
13.960000,0,RL_foot,0.45187414,0.17884986,0.02294240
13.960000,0,RR_foot,0.00590643,-0.05899625,0.02020817
13.980000,0,FL_foot,0.65160948,-0.06271079,0.02019241
13.980000,0,FR_foot,0.27105042,-0.39718276,0.02024326
13.980000,0,RL_foot,0.43854308,0.16378757,0.02606803
13.980000,0,RR_foot,0.00580630,-0.05908076,0.02020794
14.000000,0,FL_foot,0.65162724,-0.06241947,0.02018937
14.000000,0,FR_foot,0.27290404,-0.39591050,0.02023712
14.000000,0,RL_foot,0.42404366,0.15384139,0.02968188
14.000000,0,RR_foot,0.00570922,-0.05916903,0.02020176
14.020000,0,FL_foot,0.65164977,-0.06216145,0.02019077
14.020000,0,FR_foot,0.27615473,-0.39571863,0.02023111
14.020000,0,RL_foot,0.40969658,0.15053807,0.03250568
14.020000,0,RR_foot,0.00561597,-0.05927937,0.02019929
14.040000,0,FL_foot,0.65167338,-0.06192678,0.02019199
14.040000,0,FR_foot,0.28171763,-0.39669621,0.02022832
14.040000,0,RL_foot,0.39615822,0.15206124,0.03423348
14.040000,0,RR_foot,0.00551534,-0.05938936,0.02019536
14.060000,0,FL_foot,0.65169221,-0.06169885,0.02019469
14.060000,0,FR_foot,0.28997219,-0.39878878,0.02022417
14.060000,0,RL_foot,0.38402179,0.15684471,0.03483991
14.060000,0,RR_foot,0.00540823,-0.05950780,0.02019259
14.080000,0,FL_foot,0.65171063,-0.06147387,0.02019859
14.080000,0,FR_foot,0.30107442,-0.40143684,0.02022071
14.080000,0,RL_foot,0.37356520,0.16360214,0.03452697
14.080000,0,RR_foot,0.00529608,-0.05962192,0.02019000
14.100000,0,FL_foot,0.65172660,-0.06124332,0.02019919
14.100000,0,FR_foot,0.31397882,-0.40418783,0.02022325
14.100000,0,RL_foot,0.36488244,0.17140576,0.03357738
14.100000,0,RR_foot,0.00518794,-0.05976687,0.02019024
14.120000,0,FL_foot,0.65174621,-0.06100176,0.02020248
14.120000,0,FR_foot,0.32640564,-0.40666848,0.02023206
14.120000,0,RL_foot,0.35768455,0.17954682,0.03222933
14.120000,0,RR_foot,0.00508182,-0.05993460,0.02019273
14.140000,0,FL_foot,0.65176499,-0.06075720,0.02020608
14.140000,0,FR_foot,0.33654973,-0.40845680,0.02023651
14.140000,0,RL_foot,0.35158062,0.18743831,0.03060440
14.140000,0,RR_foot,0.00497152,-0.06010630,0.02019364
14.160000,0,FL_foot,0.65177077,-0.06052985,0.02020744
14.160000,0,FR_foot,0.34363925,-0.40942416,0.02024097
14.160000,0,RL_foot,0.34624425,0.19461015,0.02879617
14.160000,0,RR_foot,0.00485770,-0.06027460,0.02019456
14.180000,0,FL_foot,0.65177453,-0.06029873,0.02021077
14.180000,0,FR_foot,0.34836784,-0.40971720,0.02024187
14.180000,0,RL_foot,0.34143549,0.20074125,0.02696695
14.180000,0,RR_foot,0.00473002,-0.06043743,0.02019326
14.200000,0,FL_foot,0.65177143,-0.06007453,0.02021416
14.200000,0,FR_foot,0.35134438,-0.40952426,0.02024109
14.200000,0,RL_foot,0.33727837,0.20591861,0.02504253
14.200000,0,RR_foot,0.00459402,-0.06059298,0.02019032
14.220000,0,FL_foot,0.65175182,-0.05985935,0.02021499
14.220000,0,FR_foot,0.35213044,-0.40916792,0.02023548
14.220000,0,RL_foot,0.33503142,0.21097846,0.02240626
14.220000,0,RR_foot,0.00444666,-0.06074506,0.02019218
14.240000,0,FL_foot,0.65172875,-0.05875007,0.02063449
14.240000,0,FR_foot,0.35239938,-0.40915716,0.02023919
14.240000,0,RL_foot,0.33604673,0.21442759,0.02022285
14.240000,0,RR_foot,0.00432688,-0.06137380,0.02038221
14.260000,0,FL_foot,0.64995223,-0.05464061,0.02120796
14.260000,0,FR_foot,0.35263109,-0.40912318,0.02023928
14.260000,0,RL_foot,0.33586809,0.21428421,0.02022695
14.260000,0,RR_foot,0.00432956,-0.06525762,0.02066121
14.280000,0,FL_foot,0.64591044,-0.04843898,0.02136012
14.280000,0,FR_foot,0.35286263,-0.40911198,0.02024226
14.280000,0,RL_foot,0.33567342,0.21409529,0.02023233
14.280000,0,RR_foot,0.00446221,-0.07259035,0.02083223
14.300000,0,FL_foot,0.64038789,-0.04093700,0.02130279
14.300000,0,FR_foot,0.35310194,-0.40910277,0.02024152
14.300000,0,RL_foot,0.33547744,0.21390833,0.02022581
14.300000,0,RR_foot,0.00504563,-0.08246251,0.02093273
14.320000,0,FL_foot,0.63455915,-0.03274763,0.02116632
14.320000,0,FR_foot,0.35335588,-0.40909174,0.02023867
14.320000,0,RL_foot,0.33527693,0.21370435,0.02021666
14.320000,0,RR_foot,0.00605211,-0.09382833,0.02100158
14.340000,0,FL_foot,0.62912375,-0.02423767,0.02105271
14.340000,0,FR_foot,0.35360077,-0.40908352,0.02024003
14.340000,0,RL_foot,0.33505923,0.21347307,0.02021794
14.340000,0,RR_foot,0.00725035,-0.10602476,0.02102759
14.360000,0,FL_foot,0.62432045,-0.01571187,0.02102421
14.360000,0,FR_foot,0.35385033,-0.40907329,0.02023898
14.360000,0,RL_foot,0.33485243,0.21326092,0.02021416
14.360000,0,RR_foot,0.00856729,-0.11875185,0.02097968
14.380000,0,FL_foot,0.62021065,-0.00738563,0.02111243
14.380000,0,FR_foot,0.35410839,-0.40905967,0.02023663
14.380000,0,RL_foot,0.33464482,0.21304983,0.02020928
14.380000,0,RR_foot,0.01018429,-0.13180764,0.02086889
14.400000,0,FL_foot,0.61686277,0.00059373,0.02131566
14.400000,0,FR_foot,0.35435873,-0.40904334,0.02023671
14.400000,0,RL_foot,0.33442512,0.21282598,0.02020940
14.400000,0,RR_foot,0.01239511,-0.14481424,0.02072665
14.420000,0,FL_foot,0.61438650,0.00816113,0.02159736
14.420000,0,FR_foot,0.35460806,-0.40902385,0.02023645
14.420000,0,RL_foot,0.33421749,0.21263249,0.02020827
14.420000,0,RR_foot,0.01534333,-0.15719433,0.02055451
14.440000,0,FL_foot,0.61283040,0.01525468,0.02191369
14.440000,0,FR_foot,0.35486132,-0.40900528,0.02023570
14.440000,0,RL_foot,0.33400863,0.21244547,0.02020681
14.440000,0,RR_foot,0.01892451,-0.16831520,0.02032687
14.460000,0,FL_foot,0.61198819,0.02178983,0.02197406
14.460000,0,FR_foot,0.35510570,-0.40897503,0.02023282
14.460000,0,RL_foot,0.33379924,0.21224886,0.02020441
14.460000,0,RR_foot,0.02216531,-0.17642955,0.02025419
14.480000,0,FL_foot,0.61160684,0.02758426,0.02183335
14.480000,0,FR_foot,0.35534379,-0.40893683,0.02023219
14.480000,0,RL_foot,0.33360562,0.21208099,0.02020510
14.480000,0,RR_foot,0.02461342,-0.18231355,0.02025639
14.500000,0,FL_foot,0.61148024,0.03262104,0.02153089
14.500000,0,FR_foot,0.35558283,-0.40889004,0.02023126
14.500000,0,RL_foot,0.33341742,0.21192117,0.02020465
14.500000,0,RR_foot,0.02645647,-0.18662582,0.02025860
14.520000,0,FL_foot,0.61153650,0.03703460,0.02105542
14.520000,0,FR_foot,0.35581762,-0.40884063,0.02022996
14.520000,0,RL_foot,0.33323711,0.21176414,0.02020399
14.520000,0,RR_foot,0.02774135,-0.18948194,0.02025837
14.540000,0,FL_foot,0.61178702,0.04087995,0.02041694
14.540000,0,FR_foot,0.35605857,-0.40877324,0.02022914
14.540000,0,RL_foot,0.33306167,0.21164513,0.02020350
14.540000,0,RR_foot,0.02850608,-0.19124368,0.02025750
14.560000,0,FL_foot,0.61185747,0.04184069,0.02017177
14.560000,0,FR_foot,0.35698339,-0.40774155,0.02030698
14.560000,0,RL_foot,0.33228517,0.21047685,0.02059977
14.560000,0,RR_foot,0.02861089,-0.19163187,0.02022943
14.580000,0,FL_foot,0.61179775,0.04206223,0.02017735
14.580000,0,FR_foot,0.35862243,-0.40490404,0.02023469
14.580000,0,RL_foot,0.33073315,0.20283861,0.02191425
14.580000,0,RR_foot,0.02855526,-0.19177790,0.02021825
14.600000,0,FL_foot,0.61174458,0.04227933,0.02018676
14.600000,0,FR_foot,0.36023113,-0.40096766,0.02023197
14.600000,0,RL_foot,0.32734615,0.18867010,0.02437879
14.600000,0,RR_foot,0.02849324,-0.19192211,0.02021975
14.620000,0,FL_foot,0.61167508,0.04249691,0.02018890
14.620000,0,FR_foot,0.36240330,-0.39780295,0.02022898
14.620000,0,RL_foot,0.32025900,0.17358650,0.02788617
14.620000,0,RR_foot,0.02842904,-0.19206606,0.02021776
14.640000,0,FL_foot,0.61160803,0.04270412,0.02018799
14.640000,0,FR_foot,0.36612311,-0.39576876,0.02022224
14.640000,0,RL_foot,0.31056672,0.16346389,0.03101883
14.640000,0,RR_foot,0.02836262,-0.19221959,0.02021345
14.660000,0,FL_foot,0.61153591,0.04289272,0.02018790
14.660000,0,FR_foot,0.37230977,-0.39436588,0.02021793
14.660000,0,RL_foot,0.29921007,0.15821536,0.03315294
14.660000,0,RR_foot,0.02829028,-0.19238089,0.02020932
14.680000,0,FL_foot,0.61146605,0.04307368,0.02019021
14.680000,0,FR_foot,0.38128555,-0.39348781,0.02021643
14.680000,0,RL_foot,0.28749231,0.15668163,0.03420966
14.680000,0,RR_foot,0.02821250,-0.19255123,0.02020634
14.700000,0,FL_foot,0.61139458,0.04325737,0.02019072
14.700000,0,FR_foot,0.39311606,-0.39293039,0.02021469
14.700000,0,RL_foot,0.27615473,0.15775105,0.03437972
14.700000,0,RR_foot,0.02813435,-0.19273077,0.02020200
14.720000,0,FL_foot,0.61131841,0.04345094,0.02019304
14.720000,0,FR_foot,0.40678298,-0.39276135,0.02021092
14.720000,0,RL_foot,0.26572433,0.16060221,0.03392284
14.720000,0,RR_foot,0.02806196,-0.19290957,0.02019800
14.740000,0,FL_foot,0.61124134,0.04365959,0.02019633
14.740000,0,FR_foot,0.42005745,-0.39292341,0.02022044
14.740000,0,RL_foot,0.25638986,0.16443865,0.03305864
14.740000,0,RR_foot,0.02800018,-0.19311629,0.02019911
14.760000,0,FL_foot,0.61116010,0.04386632,0.02019751
14.760000,0,FR_foot,0.43105701,-0.39316151,0.02022829
14.760000,0,RL_foot,0.24815771,0.16858989,0.03190454
14.760000,0,RR_foot,0.02793886,-0.19332485,0.02020150
14.780000,0,FL_foot,0.61107832,0.04407549,0.02020079
14.780000,0,FR_foot,0.43872824,-0.39323553,0.02023605
14.780000,0,RL_foot,0.24091464,0.17254120,0.03054184
14.780000,0,RR_foot,0.02787939,-0.19352414,0.02020261
14.800000,0,FL_foot,0.61099470,0.04427557,0.02020482
14.800000,0,FR_foot,0.44381452,-0.39299244,0.02023924
14.800000,0,RL_foot,0.23445590,0.17596292,0.02913143
14.800000,0,RR_foot,0.02780752,-0.19372058,0.02020122
14.820000,0,FL_foot,0.61090577,0.04445735,0.02020517
14.820000,0,FR_foot,0.44736543,-0.39250454,0.02024001
14.820000,0,RL_foot,0.22860593,0.17869911,0.02777310
14.820000,0,RR_foot,0.02773022,-0.19390723,0.02019860
14.840000,0,FL_foot,0.61081427,0.04464575,0.02020838
14.840000,0,FR_foot,0.45002571,-0.39182714,0.02023988
14.840000,0,RL_foot,0.22333464,0.18077432,0.02646102
14.840000,0,RR_foot,0.02765492,-0.19407867,0.02019571
14.860000,0,FL_foot,0.61071891,0.04483293,0.02021211
14.860000,0,FR_foot,0.45177829,-0.39107567,0.02024019
14.860000,0,RL_foot,0.21895923,0.18255335,0.02495773
14.860000,0,RR_foot,0.02756786,-0.19426511,0.02019193
14.880000,0,FL_foot,0.61061269,0.04501503,0.02021191
14.880000,0,FR_foot,0.45215887,-0.39068666,0.02023758
14.880000,0,RL_foot,0.21615744,0.18475935,0.02284776
14.880000,0,RR_foot,0.02747182,-0.19446410,0.02019157
14.900000,0,FL_foot,0.61049384,0.04527309,0.02024405
14.900000,0,FR_foot,0.45238158,-0.39056870,0.02023328
14.900000,0,RL_foot,0.21590683,0.18787023,0.02012197
14.900000,0,RR_foot,0.02736948,-0.19470635,0.02024556
14.920000,0,FL_foot,0.60832530,0.04714568,0.02085930
14.920000,0,FR_foot,0.45259714,-0.39047784,0.02023781
14.920000,0,RL_foot,0.21583901,0.18769033,0.02021956
14.920000,0,RR_foot,0.02731223,-0.19733734,0.02084516
14.940000,0,FL_foot,0.60328889,0.05037734,0.02094983
14.940000,0,FR_foot,0.45280069,-0.39038438,0.02023755
14.940000,0,RL_foot,0.21572423,0.18746813,0.02021752
14.940000,0,RR_foot,0.02856777,-0.20273167,0.02130888
14.960000,0,FL_foot,0.59611458,0.05443518,0.02081334
14.960000,0,FR_foot,0.45300671,-0.39029101,0.02024003
14.960000,0,RL_foot,0.21561009,0.18720765,0.02022153
14.960000,0,RR_foot,0.03115344,-0.21053094,0.02163366
14.980000,0,FL_foot,0.58798486,0.05921856,0.02057878
14.980000,0,FR_foot,0.45322701,-0.39019224,0.02023914
14.980000,0,RL_foot,0.21549854,0.18696015,0.02021859
14.980000,0,RR_foot,0.03462927,-0.22002749,0.02183368
15.000000,0,FL_foot,0.57977396,0.06464176,0.02034051
15.000000,0,FR_foot,0.45344120,-0.39009422,0.02023633
15.000000,0,RL_foot,0.21538736,0.18670189,0.02021068
15.000000,0,RR_foot,0.03864295,-0.23066764,0.02192615
15.020000,0,FL_foot,0.57236052,0.07004058,0.02022483
15.020000,0,FR_foot,0.45366228,-0.38999364,0.02023820
15.020000,0,RL_foot,0.21526766,0.18641777,0.02020909
15.020000,0,RR_foot,0.04310660,-0.24208659,0.02190215
15.040000,0,FL_foot,0.56599551,0.07532459,0.02026606
15.040000,0,FR_foot,0.45389360,-0.38988665,0.02023623
15.040000,0,RL_foot,0.21515200,0.18616426,0.02020923
15.040000,0,RR_foot,0.04813122,-0.25382102,0.02176500
15.060000,0,FL_foot,0.56020254,0.08126968,0.02037393
15.060000,0,FR_foot,0.45411459,-0.38978231,0.02023417
15.060000,0,RL_foot,0.21503761,0.18591492,0.02020582
15.060000,0,RR_foot,0.05370871,-0.26522952,0.02162763
15.080000,0,FL_foot,0.55481887,0.08797944,0.02056618
15.080000,0,FR_foot,0.45433909,-0.38967377,0.02023469
15.080000,0,RL_foot,0.21491866,0.18565205,0.02020568
15.080000,0,RR_foot,0.05961105,-0.27576947,0.02151275
15.100000,0,FL_foot,0.55017471,0.09485765,0.02083120
15.100000,0,FR_foot,0.45457229,-0.38956273,0.02023425
15.100000,0,RL_foot,0.21479598,0.18541959,0.02020453
15.100000,0,RR_foot,0.06553012,-0.28507674,0.02138757
15.120000,0,FL_foot,0.54649222,0.10157291,0.02111600
15.120000,0,FR_foot,0.45479795,-0.38943970,0.02023324
15.120000,0,RL_foot,0.21466844,0.18519129,0.02020424
15.120000,0,RR_foot,0.07112398,-0.29292709,0.02119283
15.140000,0,FL_foot,0.54375416,0.10793940,0.02137212
15.140000,0,FR_foot,0.45502827,-0.38930586,0.02023348
15.140000,0,RL_foot,0.21453983,0.18495537,0.02020360
15.140000,0,RR_foot,0.07608429,-0.29927698,0.02087856
15.160000,0,FL_foot,0.54179269,0.11380703,0.02157467
15.160000,0,FR_foot,0.45526299,-0.38916898,0.02023287
15.160000,0,RL_foot,0.21440460,0.18474552,0.02020404
15.160000,0,RR_foot,0.08024653,-0.30418786,0.02040745
15.180000,0,FL_foot,0.54015279,0.11891968,0.02114199
15.180000,0,FR_foot,0.45549065,-0.38902232,0.02022983
15.180000,0,RL_foot,0.21428378,0.18453828,0.02020100
15.180000,0,RR_foot,0.08176386,-0.30620062,0.02027859
15.200000,0,FL_foot,0.53913069,0.12307692,0.02040144
15.200000,0,FR_foot,0.45570654,-0.38886216,0.02022932
15.200000,0,RL_foot,0.21417153,0.18435588,0.02020235
15.200000,0,RR_foot,0.08231378,-0.30705479,0.02026789
15.220000,0,FL_foot,0.53894836,0.12400843,0.02017413
15.220000,0,FR_foot,0.45629674,-0.38742244,0.02023650
15.220000,0,RL_foot,0.21382581,0.18214467,0.02079234
15.220000,0,RR_foot,0.08236855,-0.30722877,0.02023124
15.240000,0,FL_foot,0.53881580,0.12420300,0.02017965
15.240000,0,FR_foot,0.45688975,-0.38361973,0.02023230
15.240000,0,RL_foot,0.21516371,0.17295010,0.02219102
15.240000,0,RR_foot,0.08238103,-0.30738416,0.02022424
15.260000,0,FL_foot,0.53868657,0.12439340,0.02018727
15.260000,0,FR_foot,0.45775104,-0.37847567,0.02022740
15.260000,0,RL_foot,0.21619768,0.15751530,0.02475947
15.260000,0,RR_foot,0.08238222,-0.30753571,0.02022478
15.280000,0,FL_foot,0.53854448,0.12457416,0.02018873
15.280000,0,FR_foot,0.45999327,-0.37369797,0.02022285
15.280000,0,RL_foot,0.21386606,0.14247614,0.02789216
15.280000,0,RR_foot,0.08238049,-0.30769354,0.02022192
15.300000,0,FL_foot,0.53841287,0.12474694,0.02019029
15.300000,0,FR_foot,0.46458620,-0.36944771,0.02021744
15.300000,0,RL_foot,0.20743358,0.13124855,0.03045690
15.300000,0,RR_foot,0.08238015,-0.30786198,0.02021853
15.320000,0,FL_foot,0.53827703,0.12490582,0.02018866
15.320000,0,FR_foot,0.47210369,-0.36497882,0.02021183
15.320000,0,RL_foot,0.19813842,0.12369344,0.03207788
15.320000,0,RR_foot,0.08237853,-0.30804095,0.02021421
15.340000,0,FL_foot,0.53814262,0.12506442,0.02019120
15.340000,0,FR_foot,0.48248458,-0.36025050,0.02020949
15.340000,0,RL_foot,0.18745995,0.11917985,0.03280006
15.340000,0,RR_foot,0.08237968,-0.30823171,0.02021044
15.360000,0,FL_foot,0.53800422,0.12522805,0.02019155
15.360000,0,FR_foot,0.49480397,-0.35549280,0.02021293
15.360000,0,RL_foot,0.17642906,0.11699517,0.03283023
15.360000,0,RR_foot,0.08238949,-0.30843338,0.02020784
15.380000,0,FL_foot,0.53785878,0.12540145,0.02019367
15.380000,0,FR_foot,0.50752652,-0.35114190,0.02021754
15.380000,0,RL_foot,0.16577815,0.11647192,0.03237131
15.380000,0,RR_foot,0.08240595,-0.30863985,0.02020537
15.400000,0,FL_foot,0.53770888,0.12557887,0.02019765
15.400000,0,FR_foot,0.51902032,-0.34749964,0.02022768
15.400000,0,RL_foot,0.15593222,0.11694039,0.03156802
15.400000,0,RR_foot,0.08243600,-0.30886206,0.02020641
15.420000,0,FL_foot,0.53755921,0.12574601,0.02019887
15.420000,0,FR_foot,0.52839828,-0.34456477,0.02023289
15.420000,0,RL_foot,0.14707991,0.11779788,0.03055883
15.420000,0,RR_foot,0.08246126,-0.30908194,0.02020821
15.440000,0,FL_foot,0.53740841,0.12591404,0.02020234
15.440000,0,FR_foot,0.53482842,-0.34242234,0.02023746
15.440000,0,RL_foot,0.13930641,0.11850224,0.02944552
15.440000,0,RR_foot,0.08248284,-0.30929023,0.02020821
15.460000,0,FL_foot,0.53726035,0.12607227,0.02020607
15.460000,0,FR_foot,0.53880876,-0.34085757,0.02024050
15.460000,0,RL_foot,0.13257374,0.11886096,0.02829902
15.460000,0,RR_foot,0.08249024,-0.30949563,0.02020616
15.480000,0,FL_foot,0.53711444,0.12621137,0.02020679
15.480000,0,FR_foot,0.54150087,-0.33945459,0.02024140
15.480000,0,RL_foot,0.12669067,0.11887732,0.02718045
15.480000,0,RR_foot,0.08249065,-0.30969375,0.02020352
15.500000,0,FL_foot,0.53696388,0.12635541,0.02020971
15.500000,0,FR_foot,0.54350251,-0.33804256,0.02024212
15.500000,0,RL_foot,0.12153970,0.11861808,0.02606983
15.500000,0,RR_foot,0.08248552,-0.30988815,0.02020118
15.520000,0,FL_foot,0.53680927,0.12649888,0.02021373
15.520000,0,FR_foot,0.54471105,-0.33682775,0.02024070
15.520000,0,RL_foot,0.11725705,0.11852569,0.02474413
15.520000,0,RR_foot,0.08247824,-0.31007406,0.02019796
15.540000,0,FL_foot,0.53664595,0.12663455,0.02021371
15.540000,0,FR_foot,0.54487133,-0.33648741,0.02024266
15.540000,0,RL_foot,0.11427134,0.11927617,0.02285626
15.540000,0,RR_foot,0.08246543,-0.31028992,0.02019112
15.560000,0,FL_foot,0.53645247,0.12681203,0.02021861
15.560000,0,FR_foot,0.54502320,-0.33630612,0.02023984
15.560000,0,RL_foot,0.11314029,0.12194454,0.02024377
15.560000,0,RR_foot,0.08245485,-0.31053036,0.02018625
15.580000,0,FL_foot,0.53359932,0.12827361,0.02077607
15.580000,0,FR_foot,0.54521960,-0.33609325,0.02023662
15.580000,0,RL_foot,0.11312810,0.12159063,0.02021168
15.580000,0,RR_foot,0.08335590,-0.31269339,0.02074938
15.600000,0,FL_foot,0.52689821,0.12991919,0.02100335
15.600000,0,FR_foot,0.54538679,-0.33592054,0.02023992
15.600000,0,RL_foot,0.11310557,0.12130708,0.02021844
15.600000,0,RR_foot,0.08639167,-0.31743032,0.02107097
15.620000,0,FL_foot,0.52052420,0.13478015,0.02028508
15.620000,0,FR_foot,0.54548585,-0.33586031,0.02023811
15.620000,0,RL_foot,0.11304266,0.12110188,0.02018854
15.620000,0,RR_foot,0.09395938,-0.31883892,0.02141024
15.640000,0,FL_foot,0.51973063,0.13576519,0.02021351
15.640000,0,FR_foot,0.54550081,-0.33585453,0.02024640
15.640000,0,RL_foot,0.11304659,0.12096597,0.02019528
15.640000,0,RR_foot,0.10123415,-0.31740919,0.02179966
15.660000,0,FL_foot,0.52083927,0.13603522,0.02021882
15.660000,0,FR_foot,0.54550248,-0.33586785,0.02024424
15.660000,0,RL_foot,0.11304147,0.12088241,0.02019431
15.660000,0,RR_foot,0.10602510,-0.31630436,0.02211796
15.680000,0,FL_foot,0.52288055,0.13633665,0.02022163
15.680000,0,FR_foot,0.54548675,-0.33590031,0.02024375
15.680000,0,RL_foot,0.11303899,0.12079214,0.02019826
15.680000,0,RR_foot,0.10897036,-0.31604832,0.02221908
15.700000,0,FL_foot,0.52527279,0.13660710,0.02022928
15.700000,0,FR_foot,0.54546523,-0.33593997,0.02024262
15.700000,0,RL_foot,0.11303881,0.12074722,0.02020009
15.700000,0,RR_foot,0.11065371,-0.31656453,0.02210572
15.720000,0,FL_foot,0.52781606,0.13686676,0.02023590
15.720000,0,FR_foot,0.54544026,-0.33598179,0.02023785
15.720000,0,RL_foot,0.11303759,0.12069125,0.02020296
15.720000,0,RR_foot,0.11133952,-0.31763577,0.02182000
15.740000,0,FL_foot,0.53017139,0.13721572,0.02024666
15.740000,0,FR_foot,0.54540282,-0.33603409,0.02023689
15.740000,0,RL_foot,0.11303747,0.12067771,0.02020559
15.740000,0,RR_foot,0.11116787,-0.31914344,0.02139397
15.760000,0,FL_foot,0.53219920,0.13772556,0.02025804
15.760000,0,FR_foot,0.54536217,-0.33608446,0.02023621
15.760000,0,RL_foot,0.11303518,0.12067874,0.02020699
15.760000,0,RR_foot,0.11022009,-0.32104400,0.02082890
15.780000,0,FL_foot,0.53379780,0.13841335,0.02026753
15.780000,0,FR_foot,0.54530609,-0.33614647,0.02023728
15.780000,0,RL_foot,0.11303028,0.12069611,0.02021152
15.780000,0,RR_foot,0.10883028,-0.32286912,0.02022654
15.800000,0,FL_foot,0.53383487,0.13835372,0.02021642
15.800000,0,FR_foot,0.54524404,-0.33620337,0.02024500
15.800000,0,RL_foot,0.11301370,0.12073139,0.02025611
15.800000,0,RR_foot,0.10881065,-0.32284641,0.02020460
15.820000,0,FL_foot,0.53381163,0.13833231,0.02022038
15.820000,0,FR_foot,0.54522240,-0.33622432,0.02024487
15.820000,0,RL_foot,0.11299630,0.12069222,0.02023863
15.820000,0,RR_foot,0.10878276,-0.32288498,0.02022248
15.840000,0,FL_foot,0.53378409,0.13831466,0.02022371
15.840000,0,FR_foot,0.54520518,-0.33623853,0.02024450
15.840000,0,RL_foot,0.11298014,0.12065601,0.02022127
15.840000,0,RR_foot,0.10875013,-0.32292151,0.02023769
15.860000,0,FL_foot,0.53470194,0.13644567,0.02082287
15.860000,0,FR_foot,0.54525155,-0.33613291,0.02023662
15.860000,0,RL_foot,0.11298203,0.12054168,0.02022592
15.860000,0,RR_foot,0.10487038,-0.32431936,0.02022961
15.880000,0,FL_foot,0.52953404,0.13365099,0.02165160
15.880000,0,FR_foot,0.54539084,-0.33595449,0.02023755
15.880000,0,RL_foot,0.11293807,0.12037668,0.02022348
15.880000,0,RR_foot,0.10139289,-0.32774657,0.02022308
15.900000,0,FL_foot,0.52265704,0.13699026,0.02134066
15.900000,0,FR_foot,0.54549986,-0.33585769,0.02023650
15.900000,0,RL_foot,0.11287446,0.12024362,0.02019617
15.900000,0,RR_foot,0.10148676,-0.33032066,0.02023479
15.920000,0,FL_foot,0.51957011,0.14163011,0.02071582
15.920000,0,FR_foot,0.54551548,-0.33581695,0.02023801
15.920000,0,RL_foot,0.11287358,0.12018453,0.02020564
15.920000,0,RR_foot,0.10309833,-0.33183590,0.02036012
15.940000,0,FL_foot,0.51863819,0.14409730,0.02050863
15.940000,0,FR_foot,0.54553074,-0.33578366,0.02023712
15.940000,0,RL_foot,0.11285372,0.12012547,0.02020410
15.940000,0,RR_foot,0.10428708,-0.33326527,0.02023291
15.960000,0,FL_foot,0.51848859,0.14598681,0.02030722
15.960000,0,FR_foot,0.54551935,-0.33576661,0.02023473
15.960000,0,RL_foot,0.11283430,0.12011749,0.02020493
15.960000,0,RR_foot,0.10459613,-0.33366323,0.02023617
15.980000,0,FL_foot,0.51744032,0.14643212,0.02019828
15.980000,0,FR_foot,0.54642475,-0.33494464,0.02048889
15.980000,0,RL_foot,0.11233508,0.12032852,0.02034550
15.980000,0,RR_foot,0.10462433,-0.33355618,0.02020430
16.000000,0,FL_foot,0.51758146,0.14628930,0.02019828
16.000000,0,FR_foot,0.54969370,-0.33597249,0.02069208
16.000000,0,RL_foot,0.11367811,0.12218034,0.02068817
16.000000,0,RR_foot,0.10458580,-0.33337098,0.02020485
16.020000,0,FL_foot,0.51773018,0.14614211,0.02019727
16.020000,0,FR_foot,0.55106449,-0.33960062,0.02042859
16.020000,0,RL_foot,0.11966684,0.12406731,0.02139386
16.020000,0,RR_foot,0.10455670,-0.33317575,0.02020567
16.040000,0,FL_foot,0.51788259,0.14598560,0.02019815
16.040000,0,FR_foot,0.55071229,-0.34185717,0.02024423
16.040000,0,RL_foot,0.12915161,0.12589453,0.02217928
16.040000,0,RR_foot,0.10452731,-0.33297965,0.02020499
16.060000,0,FL_foot,0.51803970,0.14581509,0.02019690
16.060000,0,FR_foot,0.54994911,-0.34408820,0.02024559
16.060000,0,RL_foot,0.13994738,0.12850045,0.02276407
16.060000,0,RR_foot,0.10449101,-0.33278418,0.02021098
16.080000,0,FL_foot,0.51819617,0.14565212,0.02019586
16.080000,0,FR_foot,0.54810190,-0.34764266,0.02024652
16.080000,0,RL_foot,0.15032579,0.13212518,0.02311594
16.080000,0,RR_foot,0.10445330,-0.33258772,0.02021389
16.100000,0,FL_foot,0.51833636,0.14555261,0.02019841
16.100000,0,FR_foot,0.54514092,-0.35229334,0.02024695
16.100000,0,RL_foot,0.15709567,0.13040559,0.02380207
16.100000,0,RR_foot,0.10439488,-0.33244187,0.02020548
16.120000,0,FL_foot,0.51840532,0.14548808,0.02019761
16.120000,0,FR_foot,0.54400766,-0.35359406,0.02025171
16.120000,0,RL_foot,0.15979072,0.12903494,0.02426205
16.120000,0,RR_foot,0.10439453,-0.33236286,0.02021312
16.140000,0,FL_foot,0.51845843,0.14543581,0.02019629
16.140000,0,FR_foot,0.54397660,-0.35365131,0.02025415
16.140000,0,RL_foot,0.15917128,0.12947460,0.02419614
16.140000,0,RR_foot,0.10439482,-0.33230156,0.02021276
16.160000,0,FL_foot,0.51849729,0.14539486,0.02019453
16.160000,0,FR_foot,0.54395443,-0.35369468,0.02025400
16.160000,0,RL_foot,0.15726618,0.13067688,0.02387636
16.160000,0,RR_foot,0.10439909,-0.33227178,0.02021305
16.180000,0,FL_foot,0.51852787,0.14536639,0.02019417
16.180000,0,FR_foot,0.54394424,-0.35372654,0.02025399
16.180000,0,RL_foot,0.15536956,0.13192552,0.02354345
16.180000,0,RR_foot,0.10440478,-0.33225551,0.02021361
16.200000,0,FL_foot,0.51855499,0.14534977,0.02019335
16.200000,0,FR_foot,0.54394048,-0.35374603,0.02025377
16.200000,0,RL_foot,0.15381086,0.13299564,0.02325890
16.200000,0,RR_foot,0.10441084,-0.33223784,0.02021335
16.220000,0,FL_foot,0.51857018,0.14533795,0.02019298
16.220000,0,FR_foot,0.54394227,-0.35375804,0.02025344
16.220000,0,RL_foot,0.15256526,0.13386172,0.02302512
16.220000,0,RR_foot,0.10441674,-0.33223763,0.02021338
16.240000,0,FL_foot,0.51857990,0.14532854,0.02019287
16.240000,0,FR_foot,0.54394686,-0.35376516,0.02025323
16.240000,0,RL_foot,0.15156229,0.13454962,0.02283148
16.240000,0,RR_foot,0.10442282,-0.33224282,0.02021343
16.260000,0,FL_foot,0.51858640,0.14532444,0.02019265
16.260000,0,FR_foot,0.54395425,-0.35376933,0.02025328
16.260000,0,RL_foot,0.15074818,0.13508284,0.02266933
16.260000,0,RR_foot,0.10442904,-0.33225149,0.02021324
16.280000,0,FL_foot,0.51859063,0.14532201,0.02019241
16.280000,0,FR_foot,0.54396319,-0.35377127,0.02025299
16.280000,0,RL_foot,0.15008660,0.13548090,0.02253380
16.280000,0,RR_foot,0.10443502,-0.33226329,0.02021296
16.300000,0,FL_foot,0.51859355,0.14532046,0.02019252
16.300000,0,FR_foot,0.54397279,-0.35377255,0.02025300
16.300000,0,RL_foot,0.14954974,0.13576274,0.02242024
16.300000,0,RR_foot,0.10444053,-0.33227742,0.02021302
16.320000,0,FL_foot,0.51859522,0.14531930,0.02019245
16.320000,0,FR_foot,0.54398251,-0.35377327,0.02025286
16.320000,0,RL_foot,0.14911424,0.13594368,0.02232455
16.320000,0,RR_foot,0.10444525,-0.33229345,0.02021282
16.340000,0,FL_foot,0.51859570,0.14531815,0.02019231
16.340000,0,FR_foot,0.54399270,-0.35377380,0.02025264
16.340000,0,RL_foot,0.14876044,0.13603806,0.02224384
16.340000,0,RR_foot,0.10445008,-0.33231077,0.02021254
16.360000,0,FL_foot,0.51859564,0.14531703,0.02019245
16.360000,0,FR_foot,0.54400289,-0.35377458,0.02025261
16.360000,0,RL_foot,0.14847103,0.13605830,0.02217576
16.360000,0,RR_foot,0.10445404,-0.33232954,0.02021245
16.380000,0,FL_foot,0.51859516,0.14531566,0.02019246
16.380000,0,FR_foot,0.54401255,-0.35377535,0.02025239
16.380000,0,RL_foot,0.14823157,0.13601455,0.02211701
16.380000,0,RR_foot,0.10445766,-0.33233720,0.02021210
16.400000,0,FL_foot,0.51859367,0.14531423,0.02019246
16.400000,0,FR_foot,0.54402363,-0.35377818,0.02025248
16.400000,0,RL_foot,0.14802969,0.13591726,0.02206793
16.400000,0,RR_foot,0.10446086,-0.33235785,0.02021207
16.420000,0,FL_foot,0.51859194,0.14531270,0.02019233
16.420000,0,FR_foot,0.54403287,-0.35377890,0.02025216
16.420000,0,RL_foot,0.14785409,0.13577363,0.02202585
16.420000,0,RR_foot,0.10446348,-0.33237928,0.02021176
16.440000,0,FL_foot,0.51858944,0.14531118,0.02019244
16.440000,0,FR_foot,0.54404193,-0.35377979,0.02025208
16.440000,0,RL_foot,0.14769490,0.13559183,0.02198952
16.440000,0,RR_foot,0.10446554,-0.33240107,0.02021158
16.460000,0,FL_foot,0.51858640,0.14530955,0.02019249
16.460000,0,FR_foot,0.54405081,-0.35378078,0.02025194
16.460000,0,RL_foot,0.14754377,0.13537829,0.02195798
16.460000,0,RR_foot,0.10446720,-0.33242345,0.02021142
16.480000,0,FL_foot,0.51858264,0.14530818,0.02019255
16.480000,0,FR_foot,0.54405957,-0.35378137,0.02025199
16.480000,0,RL_foot,0.14739403,0.13513856,0.02192929
16.480000,0,RR_foot,0.10446820,-0.33243358,0.02021132
16.500000,0,FL_foot,0.51857811,0.14530705,0.02019265
16.500000,0,FR_foot,0.54406810,-0.35378194,0.02025184
16.500000,0,RL_foot,0.14724115,0.13487893,0.02190406
16.500000,0,RR_foot,0.10446953,-0.33245650,0.02021099
16.520000,0,FL_foot,0.51857322,0.14530621,0.02019268
16.520000,0,FR_foot,0.54407573,-0.35378200,0.02025169
16.520000,0,RL_foot,0.14707956,0.13460183,0.02188127
16.520000,0,RR_foot,0.10446968,-0.33247986,0.02021072
16.540000,0,FL_foot,0.51856738,0.14530571,0.02019268
16.540000,0,FR_foot,0.54408389,-0.35378170,0.02025156
16.540000,0,RL_foot,0.14690571,0.13431141,0.02186036
16.540000,0,RR_foot,0.10446991,-0.33250338,0.02021054
16.560000,0,FL_foot,0.51856089,0.14530580,0.02019281
16.560000,0,FR_foot,0.54409218,-0.35378075,0.02025144
16.560000,0,RL_foot,0.14671652,0.13400970,0.02183966
16.560000,0,RR_foot,0.10446964,-0.33251339,0.02021031
16.580000,0,FL_foot,0.51855361,0.14530618,0.02019286
16.580000,0,FR_foot,0.54409987,-0.35377955,0.02025147
16.580000,0,RL_foot,0.14651208,0.13370220,0.02182087
16.580000,0,RR_foot,0.10446868,-0.33253783,0.02021010
16.600000,0,FL_foot,0.51854527,0.14530721,0.02019298
16.600000,0,FR_foot,0.54410744,-0.35377780,0.02025132
16.600000,0,RL_foot,0.14628941,0.13338806,0.02180264
16.600000,0,RR_foot,0.10446762,-0.33256179,0.02020992
16.620000,0,FL_foot,0.51853633,0.14530879,0.02019308
16.620000,0,FR_foot,0.54411519,-0.35377526,0.02025131
16.620000,0,RL_foot,0.14604780,0.13306999,0.02178462
16.620000,0,RR_foot,0.10446657,-0.33258590,0.02020975
16.640000,0,FL_foot,0.51852679,0.14531061,0.02019313
16.640000,0,FR_foot,0.54412252,-0.35377291,0.02025109
16.640000,0,RL_foot,0.14578706,0.13274978,0.02176675
16.640000,0,RR_foot,0.10446508,-0.33261013,0.02020968
16.660000,0,FL_foot,0.51851624,0.14531338,0.02019340
16.660000,0,FR_foot,0.54413092,-0.35377070,0.02025127
16.660000,0,RL_foot,0.14550814,0.13242739,0.02174742
16.660000,0,RR_foot,0.10446270,-0.33262044,0.02020934
16.680000,0,FL_foot,0.51850539,0.14531644,0.02019335
16.680000,0,FR_foot,0.54413825,-0.35376674,0.02025125
16.680000,0,RL_foot,0.14521199,0.13210671,0.02172865
16.680000,0,RR_foot,0.10446057,-0.33264473,0.02020915
16.700000,0,FL_foot,0.51849306,0.14532028,0.02019367
16.700000,0,FR_foot,0.54414576,-0.35376200,0.02025105
16.700000,0,RL_foot,0.14489843,0.13178518,0.02170979
16.700000,0,RR_foot,0.10445849,-0.33266920,0.02020902
16.720000,0,FL_foot,0.51848066,0.14532413,0.02019376
16.720000,0,FR_foot,0.54415268,-0.35375687,0.02025106
16.720000,0,RL_foot,0.14456895,0.13146433,0.02169009
16.720000,0,RR_foot,0.10445577,-0.33269387,0.02020876
16.740000,0,FL_foot,0.51846737,0.14532886,0.02019396
16.740000,0,FR_foot,0.54415959,-0.35375127,0.02025098
16.740000,0,RL_foot,0.14422444,0.13114312,0.02166856
16.740000,0,RR_foot,0.10445230,-0.33270371,0.02020840
16.760000,0,FL_foot,0.51845336,0.14533390,0.02019430
16.760000,0,FR_foot,0.54416674,-0.35374513,0.02025115
16.760000,0,RL_foot,0.14386716,0.13082571,0.02164774
16.760000,0,RR_foot,0.10444953,-0.33272848,0.02020843
16.780000,0,FL_foot,0.51843888,0.14533924,0.02019432
16.780000,0,FR_foot,0.54417396,-0.35373887,0.02025091
16.780000,0,RL_foot,0.14349785,0.13050850,0.02162549
16.780000,0,RR_foot,0.10444618,-0.33275363,0.02020805
16.800000,0,FL_foot,0.51843089,0.14534366,0.02019455
16.800000,0,FR_foot,0.54418081,-0.35373202,0.02025101
16.800000,0,RL_foot,0.14311723,0.13019103,0.02160284
16.800000,0,RR_foot,0.10444274,-0.33277893,0.02020781
16.820000,0,FL_foot,0.51841515,0.14534977,0.02019493
16.820000,0,FR_foot,0.54418796,-0.35372463,0.02025102
16.820000,0,RL_foot,0.14272657,0.12987328,0.02157773
16.820000,0,RR_foot,0.10443889,-0.33278829,0.02020764
16.840000,0,FL_foot,0.51839894,0.14535619,0.02019502
16.840000,0,FR_foot,0.54419458,-0.35371715,0.02025092
16.840000,0,RL_foot,0.14232939,0.12955976,0.02155280
16.840000,0,RR_foot,0.10443483,-0.33281490,0.02020745
16.860000,0,FL_foot,0.51838160,0.14536282,0.02019540
16.860000,0,FR_foot,0.54420143,-0.35370928,0.02025094
16.860000,0,RL_foot,0.14192535,0.12924667,0.02152654
16.860000,0,RR_foot,0.10443076,-0.33284104,0.02020738
16.880000,0,FL_foot,0.51836461,0.14536943,0.02019558
16.880000,0,FR_foot,0.54420972,-0.35370278,0.02025091
16.880000,0,RL_foot,0.14151536,0.12893453,0.02149897
16.880000,0,RR_foot,0.10442673,-0.33286744,0.02020707
16.900000,0,FL_foot,0.51834702,0.14537655,0.02019589
16.900000,0,FR_foot,0.54421645,-0.35369447,0.02025104
16.900000,0,RL_foot,0.14109993,0.12862113,0.02146840
16.900000,0,RR_foot,0.10442206,-0.33287734,0.02020683
16.920000,0,FL_foot,0.51833463,0.14538224,0.02019617
16.920000,0,FR_foot,0.54422313,-0.35368642,0.02025088
16.920000,0,RL_foot,0.14068177,0.12831286,0.02143841
16.920000,0,RR_foot,0.10441709,-0.33290532,0.02020687
16.940000,0,FL_foot,0.51831651,0.14538951,0.02019650
16.940000,0,FR_foot,0.54423034,-0.35367772,0.02025099
16.940000,0,RL_foot,0.14026049,0.12800686,0.02140571
16.940000,0,RR_foot,0.10441263,-0.33293304,0.02020672
16.960000,0,FL_foot,0.51829767,0.14539707,0.02019674
16.960000,0,FR_foot,0.54423732,-0.35366893,0.02025105
16.960000,0,RL_foot,0.13983661,0.12770540,0.02137064
16.960000,0,RR_foot,0.10440804,-0.33296144,0.02020643
16.980000,0,FL_foot,0.51827896,0.14540461,0.02019689
16.980000,0,FR_foot,0.54424405,-0.35366026,0.02025098
16.980000,0,RL_foot,0.13941139,0.12740880,0.02133128
16.980000,0,RR_foot,0.10440228,-0.33297285,0.02020618
17.000000,0,FL_foot,0.51825970,0.14541210,0.02019722
17.000000,0,FR_foot,0.54425108,-0.35365120,0.02025099
17.000000,0,RL_foot,0.13898726,0.12712486,0.02129062
17.000000,0,RR_foot,0.10439730,-0.33300194,0.02020612
17.020000,0,FL_foot,0.51824564,0.14541854,0.02019740
17.020000,0,FR_foot,0.54425859,-0.35364202,0.02025095
17.020000,0,RL_foot,0.13856405,0.12685050,0.02124617
17.020000,0,RR_foot,0.10439264,-0.33303148,0.02020590
17.040000,0,FL_foot,0.51822549,0.14542650,0.02019736
17.040000,0,FR_foot,0.54426616,-0.35363293,0.02025115
17.040000,0,RL_foot,0.13814422,0.12658918,0.02119579
17.040000,0,RR_foot,0.10438521,-0.33306044,0.02020441
17.060000,0,FL_foot,0.51820576,0.14543480,0.02019806
17.060000,0,FR_foot,0.54427540,-0.35362431,0.02025092
17.060000,0,RL_foot,0.13772768,0.12634352,0.02114347
17.060000,0,RR_foot,0.10438196,-0.33307478,0.02020568
17.080000,0,FL_foot,0.51818502,0.14544319,0.02019849
17.080000,0,FR_foot,0.54428375,-0.35361457,0.02025099
17.080000,0,RL_foot,0.13731977,0.12612765,0.02108438
17.080000,0,RR_foot,0.10437720,-0.33310613,0.02020555
17.100000,0,FL_foot,0.51816404,0.14545201,0.02019858
17.100000,0,FR_foot,0.54429239,-0.35360414,0.02025100
17.100000,0,RL_foot,0.13691831,0.12593782,0.02101861
17.100000,0,RR_foot,0.10437260,-0.33313850,0.02020525
17.120000,0,FL_foot,0.51814866,0.14545949,0.02019895
17.120000,0,FR_foot,0.54430163,-0.35359380,0.02025108
17.120000,0,RL_foot,0.13652579,0.12578003,0.02094379
17.120000,0,RR_foot,0.10436755,-0.33315337,0.02020501
17.140000,0,FL_foot,0.51812708,0.14546871,0.02019918
17.140000,0,FR_foot,0.54431117,-0.35358298,0.02025106
17.140000,0,RL_foot,0.13614406,0.12566637,0.02086238
17.140000,0,RR_foot,0.10436318,-0.33318737,0.02020475
17.160000,0,FL_foot,0.51810533,0.14547829,0.02019950
17.160000,0,FR_foot,0.54432166,-0.35357168,0.02025087
17.160000,0,RL_foot,0.13577321,0.12559639,0.02077184
17.160000,0,RR_foot,0.10435916,-0.33322242,0.02020460
17.180000,0,FL_foot,0.51808280,0.14548825,0.02019995
17.180000,0,FR_foot,0.54433233,-0.35356003,0.02025087
17.180000,0,RL_foot,0.13541275,0.12557472,0.02066880
17.180000,0,RR_foot,0.10435503,-0.33323935,0.02020418
17.200000,0,FL_foot,0.51806605,0.14549744,0.02020025
17.200000,0,FR_foot,0.54434556,-0.35354924,0.02025093
17.200000,0,RL_foot,0.13506553,0.12561800,0.02055692
17.200000,0,RR_foot,0.10435120,-0.33327749,0.02020394
17.220000,0,FL_foot,0.51804203,0.14550817,0.02020044
17.220000,0,FR_foot,0.54435796,-0.35353637,0.02025096
17.220000,0,RL_foot,0.13472930,0.12572931,0.02043299
17.220000,0,RR_foot,0.10434827,-0.33331621,0.02020368
17.240000,0,FL_foot,0.51801807,0.14551999,0.02020072
17.240000,0,FR_foot,0.54437184,-0.35352278,0.02025091
17.240000,0,RL_foot,0.13455708,0.12582095,0.02031145
17.240000,0,RR_foot,0.10434482,-0.33333632,0.02020296
17.260000,0,FL_foot,0.51798904,0.14553174,0.02020194
17.260000,0,FR_foot,0.54439372,-0.35350791,0.02025186
17.260000,0,RL_foot,0.13455762,0.12578078,0.02024532
17.260000,0,RR_foot,0.10434054,-0.33338767,0.02021995
17.280000,0,FL_foot,0.51796693,0.14554265,0.02020472
17.280000,0,FR_foot,0.54440588,-0.35349405,0.02025141
17.280000,0,RL_foot,0.13455477,0.12574983,0.02022962
17.280000,0,RR_foot,0.10433127,-0.33342025,0.02023521
17.300000,0,FL_foot,0.51794851,0.14555642,0.02020401
17.300000,0,FR_foot,0.54440188,-0.35347909,0.02025188
17.300000,0,RL_foot,0.13453630,0.12574714,0.02023605
17.300000,0,RR_foot,0.10432234,-0.33342174,0.02023017
17.320000,0,FL_foot,0.51578879,0.14379086,0.02025682
17.320000,0,FR_foot,0.54442835,-0.35345012,0.02024584
17.320000,0,RL_foot,0.13453892,0.12577550,0.02021454
17.320000,0,RR_foot,0.10432464,-0.33339140,0.02023246
17.340000,0,FL_foot,0.51448536,0.13939281,0.02063176
17.340000,0,FR_foot,0.54450947,-0.35340491,0.02024453
17.340000,0,RL_foot,0.13458744,0.12585071,0.02021900
17.340000,0,RR_foot,0.10441951,-0.33332223,0.02022077
17.360000,0,FL_foot,0.51738614,0.13400604,0.02120012
17.360000,0,FR_foot,0.54465771,-0.35334641,0.02024244
17.360000,0,RL_foot,0.13470179,0.12593357,0.02021536
17.360000,0,RR_foot,0.10458688,-0.33323792,0.02022075
17.380000,0,FL_foot,0.52510750,0.12865888,0.02188975
17.380000,0,FR_foot,0.54485977,-0.35328829,0.02024026
17.380000,0,RL_foot,0.13487618,0.12602417,0.02021112
17.380000,0,RR_foot,0.10480626,-0.33314326,0.02022704
17.400000,0,FL_foot,0.53743690,0.12383265,0.02266436
17.400000,0,FR_foot,0.54509366,-0.35323766,0.02023577
17.400000,0,RL_foot,0.13510080,0.12610883,0.02020791
17.400000,0,RR_foot,0.10507704,-0.33305869,0.02022844
17.420000,0,FL_foot,0.55389100,0.11996171,0.02349588
17.420000,0,FR_foot,0.54534781,-0.35319161,0.02023113
17.420000,0,RL_foot,0.13535406,0.12617254,0.02020277
17.420000,0,RR_foot,0.10538401,-0.33299169,0.02023188
17.440000,0,FL_foot,0.57304329,0.11715783,0.02423998
17.440000,0,FR_foot,0.54560727,-0.35316765,0.02023210
17.440000,0,RL_foot,0.13562474,0.12618379,0.02019974
17.440000,0,RR_foot,0.11073813,-0.33037108,0.02044259
17.460000,0,FL_foot,0.59201306,0.11519675,0.02456259
17.460000,0,FR_foot,0.54585487,-0.35316280,0.02022790
17.460000,0,RL_foot,0.13591431,0.12619756,0.02019758
17.460000,0,RR_foot,0.12420708,-0.32544017,0.02107183
17.480000,0,FL_foot,0.60861325,0.11474431,0.02422779
17.480000,0,FR_foot,0.54610372,-0.35316452,0.02022533
17.480000,0,RL_foot,0.13621429,0.12620136,0.02019207
17.480000,0,RR_foot,0.14275771,-0.32083941,0.02201587
17.500000,0,FL_foot,0.62190008,0.11599996,0.02313017
17.500000,0,FR_foot,0.54636151,-0.35316557,0.02022496
17.500000,0,RL_foot,0.13653527,0.12618291,0.02019085
17.500000,0,RR_foot,0.16237032,-0.31837830,0.02299304
17.520000,0,FL_foot,0.63148034,0.11813099,0.02126777
17.520000,0,FR_foot,0.54663789,-0.35315743,0.02021944
17.520000,0,RL_foot,0.13687424,0.12617910,0.02018420
17.520000,0,RR_foot,0.18012822,-0.31838664,0.02379834
17.540000,0,FL_foot,0.63368016,0.11860874,0.02025349
17.540000,0,FR_foot,0.54693860,-0.35312802,0.02022653
17.540000,0,RL_foot,0.13746741,0.12679133,0.02019484
17.540000,0,RR_foot,0.19456400,-0.32008299,0.02326188
17.560000,0,FL_foot,0.63392758,0.11872144,0.02025307
17.560000,0,FR_foot,0.54724663,-0.35308999,0.02022060
17.560000,0,RL_foot,0.13773577,0.12674151,0.02017108
17.560000,0,RR_foot,0.20446703,-0.32295629,0.02127022
17.580000,0,FL_foot,0.63425213,0.11870527,0.02024130
17.580000,0,FR_foot,0.54861373,-0.35043049,0.02053583
17.580000,0,RL_foot,0.13923614,0.12568025,0.02082409
17.580000,0,RR_foot,0.20607020,-0.32370380,0.02022593
17.600000,0,FL_foot,0.63455069,0.11866669,0.02022945
17.600000,0,FR_foot,0.55766904,-0.33723336,0.02126715
17.600000,0,RL_foot,0.14694794,0.11858801,0.02224636
17.600000,0,RR_foot,0.20631966,-0.32370257,0.02020981
17.620000,0,FL_foot,0.63483930,0.11864903,0.02022590
17.620000,0,FR_foot,0.57608825,-0.32699311,0.02212896
17.620000,0,RL_foot,0.15872049,0.11069217,0.02313709
17.620000,0,RR_foot,0.20656775,-0.32370195,0.02020785
17.640000,0,FL_foot,0.63512641,0.11864862,0.02022640
17.640000,0,FR_foot,0.60343218,-0.32244444,0.02262106
17.640000,0,RL_foot,0.17250386,0.10397367,0.02365169
17.640000,0,RR_foot,0.20681457,-0.32365847,0.02020354
17.660000,0,FL_foot,0.63540208,0.11863887,0.02022098
17.660000,0,FR_foot,0.63681370,-0.32159358,0.02318529
17.660000,0,RL_foot,0.18787211,0.09845468,0.02432118
17.660000,0,RR_foot,0.20707022,-0.32362098,0.02020365
17.680000,0,FL_foot,0.63567138,0.11865138,0.02021944
17.680000,0,FR_foot,0.67220378,-0.32308117,0.02434096
17.680000,0,RL_foot,0.20452021,0.09421311,0.02530834
17.680000,0,RR_foot,0.20733589,-0.32356501,0.02020442
17.700000,0,FL_foot,0.63594031,0.11867312,0.02022057
17.700000,0,FR_foot,0.70594013,-0.32667127,0.02599895
17.700000,0,RL_foot,0.22173834,0.09217099,0.02626218
17.700000,0,RR_foot,0.20762756,-0.32349539,0.02020603
17.720000,0,FL_foot,0.63621569,0.11867817,0.02022017
17.720000,0,FR_foot,0.73521239,-0.33222342,0.02766521
17.720000,0,RL_foot,0.23881905,0.09226924,0.02706907
17.720000,0,RR_foot,0.20793287,-0.32345045,0.02021249
17.740000,0,FL_foot,0.63648629,0.11869770,0.02022195
17.740000,0,FR_foot,0.75798994,-0.33877903,0.02866561
17.740000,0,RL_foot,0.25545990,0.09388729,0.02782177
17.740000,0,RR_foot,0.20826493,-0.32340670,0.02021356
17.760000,0,FL_foot,0.63675910,0.11870296,0.02021578
17.760000,0,FR_foot,0.77332199,-0.34453934,0.02829129
17.760000,0,RL_foot,0.27140236,0.09675773,0.02848816
17.760000,0,RR_foot,0.20859545,-0.32338396,0.02020295
17.780000,0,FL_foot,0.63705534,0.11867372,0.02021601
17.780000,0,FR_foot,0.78233868,-0.34884310,0.02622447
17.780000,0,RL_foot,0.28616861,0.10067897,0.02911887
17.780000,0,RR_foot,0.20894274,-0.32337976,0.02020401
17.800000,0,FL_foot,0.63734961,0.11863691,0.02021259
17.800000,0,FR_foot,0.78715062,-0.35183638,0.02256669
17.800000,0,RL_foot,0.29913896,0.10522632,0.02989982
17.800000,0,RR_foot,0.20930746,-0.32337242,0.02019444
17.820000,0,FL_foot,0.63767308,0.11856429,0.02021006
17.820000,0,FR_foot,0.78818077,-0.35251471,0.02029187
17.820000,0,RL_foot,0.31051707,0.10954289,0.02912948
17.820000,0,RR_foot,0.21005952,-0.32529312,0.02020453
17.840000,0,FL_foot,0.63799965,0.11845731,0.02021120
17.840000,0,FR_foot,0.78835475,-0.35270381,0.02029464
17.840000,0,RL_foot,0.32030177,0.11468463,0.02607441
17.840000,0,RR_foot,0.21028344,-0.32528940,0.02019995
17.860000,0,FL_foot,0.63828802,0.11837328,0.02020448
17.860000,0,FR_foot,0.78853965,-0.35286269,0.02029360
17.860000,0,RL_foot,0.32607082,0.11844419,0.02316935
17.860000,0,RR_foot,0.21049568,-0.32525998,0.02019287
17.880000,0,FL_foot,0.63857222,0.11830914,0.02022973
17.880000,0,FR_foot,0.78874594,-0.35298839,0.02028311
17.880000,0,RL_foot,0.32761988,0.12055708,0.02020999
17.880000,0,RR_foot,0.21072434,-0.32522008,0.02018992
17.900000,0,FL_foot,0.64348614,0.11951168,0.02182642
17.900000,0,FR_foot,0.78897065,-0.35306442,0.02028789
17.900000,0,RL_foot,0.32783216,0.12052920,0.02023940
17.900000,0,RR_foot,0.21024726,-0.32705316,0.02019751
17.920000,0,FL_foot,0.65332639,0.11906119,0.02326534
17.920000,0,FR_foot,0.78918123,-0.35313800,0.02028509
17.920000,0,RL_foot,0.32801947,0.12060878,0.02023696
17.920000,0,RR_foot,0.21053298,-0.32695642,0.02019826
17.940000,0,FL_foot,0.66673100,0.11773219,0.02456499
17.940000,0,FR_foot,0.78939909,-0.35321221,0.02028105
17.940000,0,RL_foot,0.32823548,0.12070372,0.02023585
17.940000,0,RR_foot,0.21084104,-0.32683447,0.02019954
17.960000,0,FL_foot,0.68250459,0.11615375,0.02584306
17.960000,0,FR_foot,0.78962183,-0.35328907,0.02027837
17.960000,0,RL_foot,0.32846451,0.12078550,0.02023117
17.960000,0,RR_foot,0.21117014,-0.32669762,0.02020231
17.980000,0,FL_foot,0.69951165,0.11440475,0.02720346
17.980000,0,FR_foot,0.78983670,-0.35336399,0.02027538
17.980000,0,RL_foot,0.32869616,0.12086916,0.02023114
17.980000,0,RR_foot,0.21161354,-0.32664198,0.02020622
18.000000,0,FL_foot,0.71692932,0.11221848,0.02854433
18.000000,0,FR_foot,0.79004776,-0.35344121,0.02027101
18.000000,0,RL_foot,0.32892853,0.12092466,0.02022688
18.000000,0,RR_foot,0.21355256,-0.32691583,0.02019883
18.020000,0,FL_foot,0.73428917,0.10941435,0.02974888
18.020000,0,FR_foot,0.79025543,-0.35351634,0.02026962
18.020000,0,RL_foot,0.32917538,0.12091979,0.02022871
18.020000,0,RR_foot,0.21901226,-0.32641426,0.02019721
18.040000,0,FL_foot,0.75156462,0.10637820,0.03074582
18.040000,0,FR_foot,0.79046756,-0.35358128,0.02026609
18.040000,0,RL_foot,0.32942620,0.12089007,0.02022455
18.040000,0,RR_foot,0.22829998,-0.32487753,0.02019375
18.060000,0,FL_foot,0.76874131,0.10364819,0.03149302
18.060000,0,FR_foot,0.79068774,-0.35364506,0.02026099
18.060000,0,RL_foot,0.32969180,0.12082967,0.02021556
18.060000,0,RR_foot,0.24133119,-0.32244545,0.02018716
18.080000,0,FL_foot,0.78613377,0.10168715,0.03197715
18.080000,0,FR_foot,0.79091024,-0.35369930,0.02025865
18.080000,0,RL_foot,0.32996887,0.12073125,0.02021256
18.080000,0,RR_foot,0.25862178,-0.31915453,0.02017681
18.100000,0,FL_foot,0.80371994,0.10088480,0.03224834
18.100000,0,FR_foot,0.79113102,-0.35375130,0.02025550
18.100000,0,RL_foot,0.33024263,0.12064832,0.02020768
18.100000,0,RR_foot,0.27987859,-0.31584683,0.02019465
18.120000,0,FL_foot,0.82041824,0.10183071,0.03220111
18.120000,0,FR_foot,0.79134816,-0.35380009,0.02025184
18.120000,0,RL_foot,0.33051434,0.12056787,0.02020116
18.120000,0,RR_foot,0.30324882,-0.31396607,0.02023383
18.140000,0,FL_foot,0.83486724,0.10450386,0.03179859
18.140000,0,FR_foot,0.79157031,-0.35383838,0.02025074
18.140000,0,RL_foot,0.33078924,0.12046935,0.02020318
18.140000,0,RR_foot,0.32722124,-0.31368697,0.02031153
18.160000,0,FL_foot,0.84632683,0.10858557,0.03098841
18.160000,0,FR_foot,0.79178894,-0.35388052,0.02024750
18.160000,0,RL_foot,0.33105928,0.12038903,0.02019766
18.160000,0,RR_foot,0.35058898,-0.31464168,0.02050558
18.180000,0,FL_foot,0.85462010,0.11355531,0.02977867
18.180000,0,FR_foot,0.79201901,-0.35391745,0.02024287
18.180000,0,RL_foot,0.33134034,0.12030619,0.02018864
18.180000,0,RR_foot,0.37202424,-0.31631467,0.02087487
18.200000,0,FL_foot,0.86021125,0.11880868,0.02825230
18.200000,0,FR_foot,0.79227263,-0.35394222,0.02024108
18.200000,0,RL_foot,0.33163691,0.12019856,0.02018627
18.200000,0,RR_foot,0.39043844,-0.31875762,0.02124598
18.220000,0,FL_foot,0.86397409,0.12364978,0.02647257
18.220000,0,FR_foot,0.79253423,-0.35396194,0.02023702
18.220000,0,RL_foot,0.33194757,0.12010393,0.02017879
18.220000,0,RR_foot,0.40510172,-0.32216597,0.02143040
18.240000,0,FL_foot,0.86644483,0.12772997,0.02438354
18.240000,0,FR_foot,0.79281628,-0.35397536,0.02023203
18.240000,0,RL_foot,0.33228686,0.12000970,0.02017042
18.240000,0,RR_foot,0.41549036,-0.32649276,0.02134314
18.260000,0,FL_foot,0.86733991,0.13085774,0.02176195
18.260000,0,FR_foot,0.79312372,-0.35398173,0.02022919
18.260000,0,RL_foot,0.33265507,0.11990194,0.02016423
18.260000,0,RR_foot,0.42098713,-0.33159080,0.02103480
18.280000,0,FL_foot,0.86745417,0.13145520,0.02021324
18.280000,0,FR_foot,0.79354918,-0.35396901,0.02038556
18.280000,0,RL_foot,0.33337924,0.12036601,0.02027678
18.280000,0,RR_foot,0.42155281,-0.33520594,0.02018527
18.300000,0,FL_foot,0.86771691,0.13150331,0.02022976
18.300000,0,FR_foot,0.79958743,-0.35130256,0.02160618
18.300000,0,RL_foot,0.33683580,0.11734306,0.02099095
18.300000,0,RR_foot,0.42179915,-0.33525294,0.02022165
18.320000,0,FL_foot,0.86798716,0.13154018,0.02022864
18.320000,0,FR_foot,0.81292945,-0.34714562,0.02291321
18.320000,0,RL_foot,0.34460428,0.11130294,0.02118208
18.320000,0,RR_foot,0.42204386,-0.33524874,0.02021686
18.340000,0,FL_foot,0.86825967,0.13158311,0.02022667
18.340000,0,FR_foot,0.83319050,-0.34406167,0.02433144
18.340000,0,RL_foot,0.35672459,0.10418180,0.02107989
18.340000,0,RR_foot,0.42228648,-0.33524093,0.02021438
18.360000,0,FL_foot,0.86851275,0.13162792,0.02022297
18.360000,0,FR_foot,0.85890824,-0.34237325,0.02591282
18.360000,0,RL_foot,0.37264872,0.09765424,0.02111365
18.360000,0,RR_foot,0.42252907,-0.33521056,0.02021047
18.380000,0,FL_foot,0.86875021,0.13168162,0.02022157
18.380000,0,FR_foot,0.88760161,-0.34203950,0.02794296
18.380000,0,RL_foot,0.39116016,0.09203520,0.02164462
18.380000,0,RR_foot,0.42278299,-0.33513910,0.02020965
18.400000,0,FL_foot,0.86899000,0.13173878,0.02022024
18.400000,0,FR_foot,0.91650784,-0.34288013,0.03054007
18.400000,0,RL_foot,0.41072971,0.08809107,0.02249618
18.400000,0,RR_foot,0.42304379,-0.33507472,0.02020898
18.420000,0,FL_foot,0.86923474,0.13178413,0.02021703
18.420000,0,FR_foot,0.94328797,-0.34529153,0.03335018
18.420000,0,RL_foot,0.43015987,0.08651015,0.02331160
18.420000,0,RR_foot,0.42332035,-0.33500198,0.02020869
18.440000,0,FL_foot,0.86947906,0.13184068,0.02021638
18.440000,0,FR_foot,0.96619129,-0.34939700,0.03581392
18.440000,0,RL_foot,0.44888368,0.08677970,0.02412318
18.440000,0,RR_foot,0.42362249,-0.33491406,0.02021023
18.460000,0,FL_foot,0.86972392,0.13189566,0.02021352
18.460000,0,FR_foot,0.98393339,-0.35397103,0.03734497
18.460000,0,RL_foot,0.46668416,0.08857550,0.02487902
18.460000,0,RR_foot,0.42393082,-0.33484030,0.02020488
18.480000,0,FL_foot,0.86998242,0.13192888,0.02021164
18.480000,0,FR_foot,0.99609423,-0.35761634,0.03738828
18.480000,0,RL_foot,0.48350242,0.09152886,0.02560736
18.480000,0,RR_foot,0.42425650,-0.33477300,0.02020448
18.500000,0,FL_foot,0.87024105,0.13196270,0.02020949
18.500000,0,FR_foot,1.00335228,-0.35982156,0.03568086
18.500000,0,RL_foot,0.49933350,0.09561512,0.02632064
18.500000,0,RR_foot,0.42460257,-0.33469802,0.02020051
18.520000,0,FL_foot,0.87051165,0.13198221,0.02020460
18.520000,0,FR_foot,1.00719714,-0.36092478,0.03239082
18.520000,0,RL_foot,0.51373321,0.10058325,0.02715874
18.520000,0,RR_foot,0.42495605,-0.33463779,0.02019089
18.540000,0,FL_foot,0.87080413,0.13197106,0.02020247
18.540000,0,FR_foot,1.00883913,-0.36112526,0.02777976
18.540000,0,RL_foot,0.52599788,0.10641489,0.02811935
18.540000,0,RR_foot,0.42533341,-0.33459061,0.02018957
18.560000,0,FL_foot,0.87109727,0.13195665,0.02019865
18.560000,0,FR_foot,1.00895834,-0.36039358,0.02200348
18.560000,0,RL_foot,0.53547603,0.11288914,0.02920460
18.560000,0,RR_foot,0.42572501,-0.33454841,0.02017920
18.580000,0,FL_foot,0.87141836,0.13189121,0.02019827
18.580000,0,FR_foot,1.00899851,-0.36015064,0.02029211
18.580000,0,RL_foot,0.54321021,0.11802650,0.02754380
18.580000,0,RR_foot,0.42696685,-0.33628988,0.02021141
18.600000,0,FL_foot,0.87174475,0.13181178,0.02019786
18.600000,0,FR_foot,1.00918329,-0.36031523,0.02029279
18.600000,0,RL_foot,0.54937267,0.12234288,0.02442924
18.600000,0,RR_foot,0.42718777,-0.33622959,0.02018718
18.620000,0,FL_foot,0.87204581,0.13174394,0.02019195
18.620000,0,FR_foot,1.00938439,-0.36046129,0.02029138
18.620000,0,RL_foot,0.55202317,0.12511939,0.02121692
18.620000,0,RR_foot,0.42743304,-0.33614889,0.02018202
18.640000,0,FL_foot,0.87466532,0.13167430,0.02172279
18.640000,0,FR_foot,1.00965333,-0.36056116,0.02028903
18.640000,0,RL_foot,0.55230111,0.12512006,0.02023854
18.640000,0,RR_foot,0.42797592,-0.33657980,0.02020417
18.660000,0,FL_foot,0.88319516,0.13075258,0.02360825
18.660000,0,FR_foot,1.00988293,-0.36062992,0.02028260
18.660000,0,RL_foot,0.55250317,0.12520422,0.02023175
18.660000,0,RR_foot,0.42829171,-0.33647335,0.02020566
18.680000,0,FL_foot,0.89564168,0.12877415,0.02522882
18.680000,0,FR_foot,1.01010168,-0.36069581,0.02028015
18.680000,0,RL_foot,0.55271316,0.12528780,0.02023009
18.680000,0,RR_foot,0.42860505,-0.33635524,0.02020612
18.700000,0,FL_foot,0.91070449,0.12635364,0.02676118
18.700000,0,FR_foot,1.01031768,-0.36076945,0.02027589
18.700000,0,RL_foot,0.55292863,0.12536021,0.02022706
18.700000,0,RR_foot,0.42893624,-0.33623871,0.02020844
18.720000,0,FL_foot,0.92700070,0.12335131,0.02821119
18.720000,0,FR_foot,1.01052141,-0.36085612,0.02027447
18.720000,0,RL_foot,0.55315596,0.12539478,0.02022607
18.720000,0,RR_foot,0.43055671,-0.33605787,0.02020237
18.740000,0,FL_foot,0.94366282,0.11954843,0.02944154
18.740000,0,FR_foot,1.01071787,-0.36093742,0.02027186
18.740000,0,RL_foot,0.55338818,0.12540741,0.02022401
18.740000,0,RR_foot,0.43525293,-0.33508629,0.02019987
18.760000,0,FL_foot,0.96047229,0.11525676,0.03042051
18.760000,0,FR_foot,1.01091790,-0.36102557,0.02026727
18.760000,0,RL_foot,0.55363536,0.12538517,0.02021788
18.760000,0,RR_foot,0.44337463,-0.33324283,0.02019905
18.780000,0,FL_foot,0.97743583,0.11115108,0.03114042
18.780000,0,FR_foot,1.01112020,-0.36111364,0.02026532
18.780000,0,RL_foot,0.55390269,0.12531359,0.02021509
18.780000,0,RR_foot,0.45494545,-0.33065730,0.02019018
18.800000,0,FL_foot,0.99446434,0.10773030,0.03158046
18.800000,0,FR_foot,1.01132655,-0.36119583,0.02026169
18.800000,0,RL_foot,0.55417633,0.12523951,0.02020959
18.800000,0,RR_foot,0.47006729,-0.32746133,0.02018247
18.820000,0,FL_foot,1.01180375,0.10534182,0.03177292
18.820000,0,FR_foot,1.01153505,-0.36127493,0.02025728
18.820000,0,RL_foot,0.55445647,0.12515621,0.02020153
18.820000,0,RR_foot,0.48935783,-0.32370204,0.02017670
18.840000,0,FL_foot,1.02914655,0.10434851,0.03181221
18.840000,0,FR_foot,1.01174653,-0.36134091,0.02025492
18.840000,0,RL_foot,0.55473685,0.12505342,0.02019801
18.840000,0,RR_foot,0.51192313,-0.32057709,0.02020426
18.860000,0,FL_foot,1.04521108,0.10520052,0.03162344
18.860000,0,FR_foot,1.01195240,-0.36140072,0.02025271
18.860000,0,RL_foot,0.55500704,0.12497727,0.02019632
18.860000,0,RR_foot,0.53595585,-0.31902543,0.02025801
18.880000,0,FL_foot,1.05879962,0.10776649,0.03113987
18.880000,0,FR_foot,1.01216054,-0.36145473,0.02024935
18.880000,0,RL_foot,0.55527467,0.12490512,0.02019076
18.880000,0,RR_foot,0.56002086,-0.31909534,0.02033338
18.900000,0,FL_foot,1.06931877,0.11168771,0.03026642
18.900000,0,FR_foot,1.01238251,-0.36150116,0.02024735
18.900000,0,RL_foot,0.55554956,0.12481469,0.02018797
18.900000,0,RR_foot,0.58295894,-0.32016718,0.02057691
18.920000,0,FL_foot,1.07679784,0.11638486,0.02901328
18.920000,0,FR_foot,1.01260698,-0.36154255,0.02024391
18.920000,0,RL_foot,0.55582803,0.12474062,0.02018273
18.920000,0,RR_foot,0.60358888,-0.32193524,0.02095610
18.940000,0,FL_foot,1.08183718,0.12114035,0.02743722
18.940000,0,FR_foot,1.01284850,-0.36157823,0.02023968
18.940000,0,RL_foot,0.55612528,0.12466500,0.02017591
18.940000,0,RR_foot,0.62083828,-0.32459745,0.02128170
18.960000,0,FL_foot,1.08537126,0.12531888,0.02557387
18.960000,0,FR_foot,1.01311922,-0.36160371,0.02023656
18.960000,0,RL_foot,0.55644292,0.12456749,0.02016978
18.960000,0,RR_foot,0.63402265,-0.32820633,0.02142508
18.980000,0,FL_foot,1.08774114,0.12847610,0.02334065
18.980000,0,FR_foot,1.01339054,-0.36162543,0.02023203
18.980000,0,RL_foot,0.55678910,0.12448680,0.02016328
18.980000,0,RR_foot,0.64268142,-0.33273426,0.02131090
19.000000,0,FL_foot,1.08848536,0.13072315,0.02046935
19.000000,0,FR_foot,1.01368117,-0.36165103,0.02022846
19.000000,0,RL_foot,0.55716664,0.12440035,0.02015613
19.000000,0,RR_foot,0.64623380,-0.33771485,0.02107142
19.020000,0,FL_foot,1.08881938,0.13077164,0.02023264
19.020000,0,FR_foot,1.01510417,-0.36030564,0.02088128
19.020000,0,RL_foot,0.55814683,0.12442852,0.02050027
19.020000,0,RR_foot,0.64648116,-0.33881420,0.02023324
19.040000,0,FL_foot,1.08909440,0.13081679,0.02022913
19.040000,0,FR_foot,1.02327394,-0.35449255,0.02183714
19.040000,0,RL_foot,0.56334925,0.11876749,0.02113697
19.040000,0,RR_foot,0.64674222,-0.33883530,0.02022124
19.060000,0,FL_foot,1.08936203,0.13085303,0.02022577
19.060000,0,FR_foot,1.03844702,-0.34826326,0.02296663
19.060000,0,RL_foot,0.57305861,0.11095299,0.02127400
19.060000,0,RR_foot,0.64698553,-0.33884966,0.02021651
19.080000,0,FL_foot,1.08961952,0.13089882,0.02022303
19.080000,0,FR_foot,1.06035876,-0.34417751,0.02421548
19.080000,0,RL_foot,0.58655894,0.10307293,0.02123954
19.080000,0,RR_foot,0.64722854,-0.33884287,0.02021345
19.100000,0,FL_foot,1.08986640,0.13095269,0.02022259
19.100000,0,FR_foot,1.08744776,-0.34205908,0.02568588
19.100000,0,RL_foot,0.60313922,0.09627044,0.02145904
19.100000,0,RR_foot,0.64747757,-0.33879289,0.02021159
19.120000,0,FL_foot,1.09010243,0.13100243,0.02021864
19.120000,0,FR_foot,1.11710036,-0.34156057,0.02766789
19.120000,0,RL_foot,0.62176108,0.09066932,0.02217844
19.120000,0,RR_foot,0.64773107,-0.33874184,0.02020945
19.140000,0,FL_foot,1.09034097,0.13105574,0.02021686
19.140000,0,FR_foot,1.14643872,-0.34246495,0.03019431
19.140000,0,RL_foot,0.64109612,0.08709153,0.02311214
19.140000,0,RR_foot,0.64799649,-0.33867630,0.02020858
19.160000,0,FL_foot,1.09058213,0.13111286,0.02021592
19.160000,0,FR_foot,1.17314720,-0.34525940,0.03282066
19.160000,0,RL_foot,0.66019136,0.08585603,0.02400375
19.160000,0,RR_foot,0.64828783,-0.33859262,0.02020862
19.180000,0,FL_foot,1.09083176,0.13115643,0.02021450
19.180000,0,FR_foot,1.19547808,-0.34969544,0.03498913
19.180000,0,RL_foot,0.67854178,0.08640903,0.02487149
19.180000,0,RR_foot,0.64858913,-0.33852550,0.02020996
19.200000,0,FL_foot,1.09107912,0.13120472,0.02021180
19.200000,0,FR_foot,1.21220243,-0.35418367,0.03608844
19.200000,0,RL_foot,0.69592780,0.08846589,0.02564561
19.200000,0,RR_foot,0.64890671,-0.33846146,0.02020648
19.220000,0,FL_foot,1.09133208,0.13124475,0.02020877
19.220000,0,FR_foot,1.22316957,-0.35747957,0.03556689
19.220000,0,RL_foot,0.71232837,0.09177037,0.02634970
19.220000,0,RR_foot,0.64924479,-0.33839038,0.02020065
19.240000,0,FL_foot,1.09160662,0.13125581,0.02020779
19.240000,0,FR_foot,1.22946560,-0.35937405,0.03330597
19.240000,0,RL_foot,0.72764093,0.09619848,0.02706707
19.240000,0,RR_foot,0.64959103,-0.33833709,0.02019954
19.260000,0,FL_foot,1.09188390,0.13126099,0.02020336
19.260000,0,FR_foot,1.23272753,-0.36031276,0.02954118
19.260000,0,RL_foot,0.74129283,0.10143072,0.02795296
19.260000,0,RR_foot,0.64995760,-0.33829051,0.02019321
19.280000,0,FL_foot,1.09217405,0.13125178,0.02019805
19.280000,0,FR_foot,1.23394716,-0.36034817,0.02447773
19.280000,0,RL_foot,0.75256938,0.10742997,0.02897959
19.280000,0,RR_foot,0.65033931,-0.33824462,0.02018116
19.300000,0,FL_foot,1.09249115,0.13120742,0.02021262
19.300000,0,FR_foot,1.23413694,-0.36000493,0.02028950
19.300000,0,RL_foot,0.76129764,0.11336599,0.02914269
19.300000,0,RR_foot,0.65107536,-0.33894646,0.02036643
19.320000,0,FL_foot,1.09281003,0.13111699,0.02019874
19.320000,0,FR_foot,1.23431230,-0.36019409,0.02029314
19.320000,0,RL_foot,0.76889873,0.11842663,0.02584879
19.320000,0,RR_foot,0.65155888,-0.33961171,0.02019681
19.340000,0,FL_foot,1.09311843,0.13104549,0.02019397
19.340000,0,FR_foot,1.23450828,-0.36034906,0.02029145
19.340000,0,RL_foot,0.77326107,0.12162905,0.02272945
19.340000,0,RR_foot,0.65179580,-0.33954650,0.02018646
19.360000,0,FL_foot,1.09382665,0.13107461,0.02053231
19.360000,0,FR_foot,1.23477554,-0.36046606,0.02025224
19.360000,0,RL_foot,0.77409917,0.12267503,0.02019079
19.360000,0,RR_foot,0.65216815,-0.33991519,0.02027312
19.380000,0,FL_foot,1.10009015,0.13059056,0.02280719
19.380000,0,FR_foot,1.23496914,-0.36054105,0.02028541
19.380000,0,RL_foot,0.77425468,0.12277374,0.02023625
19.380000,0,RR_foot,0.65270793,-0.34068152,0.02020600
19.400000,0,FL_foot,1.11105275,0.12897478,0.02456368
19.400000,0,FR_foot,1.23520541,-0.36061195,0.02028122
19.400000,0,RL_foot,0.77446198,0.12284452,0.02022988
19.400000,0,RR_foot,0.65302438,-0.34057173,0.02020606
19.420000,0,FL_foot,1.12519002,0.12668011,0.02615740
19.420000,0,FR_foot,1.23542726,-0.36067864,0.02027828
19.420000,0,RL_foot,0.77467811,0.12291894,0.02022801
19.420000,0,RR_foot,0.65334475,-0.34045407,0.02020871
19.440000,0,FL_foot,1.14116311,0.12398931,0.02767855
19.440000,0,FR_foot,1.23564184,-0.36075532,0.02027466
19.440000,0,RL_foot,0.77489954,0.12297326,0.02022418
19.440000,0,RR_foot,0.65428162,-0.34033093,0.02020077
19.460000,0,FL_foot,1.15783834,0.12058718,0.02904132
19.460000,0,FR_foot,1.23584843,-0.36084014,0.02027162
19.460000,0,RL_foot,0.77512759,0.12300110,0.02022259
19.460000,0,RR_foot,0.65754455,-0.33971012,0.02020108
19.480000,0,FL_foot,1.17471206,0.11650355,0.03016044
19.480000,0,FR_foot,1.23604667,-0.36092210,0.02026993
19.480000,0,RL_foot,0.77537590,0.12297718,0.02022113
19.480000,0,RR_foot,0.66412866,-0.33825779,0.02019835
19.500000,0,FL_foot,1.19175339,0.11230700,0.03101083
19.500000,0,FR_foot,1.23625183,-0.36100778,0.02026613
19.500000,0,RL_foot,0.77563143,0.12293597,0.02021641
19.500000,0,RR_foot,0.67410284,-0.33600837,0.02019451
19.520000,0,FL_foot,1.20885706,0.10858579,0.03157977
19.520000,0,FR_foot,1.23646176,-0.36109030,0.02026188
19.520000,0,RL_foot,0.77590460,0.12287132,0.02020894
19.520000,0,RR_foot,0.68751281,-0.33306116,0.02018864
19.540000,0,FL_foot,1.22615612,0.10577779,0.03185216
19.540000,0,FR_foot,1.23667121,-0.36116692,0.02025933
19.540000,0,RL_foot,0.77618879,0.12277336,0.02020456
19.540000,0,RR_foot,0.70487291,-0.32945329,0.02018082
19.560000,0,FL_foot,1.24369085,0.10414840,0.03194433
19.560000,0,FR_foot,1.23688173,-0.36123687,0.02025576
19.560000,0,RL_foot,0.77646863,0.12269334,0.02019949
19.560000,0,RR_foot,0.72622800,-0.32573703,0.02018209
19.580000,0,FL_foot,1.26057351,0.10425236,0.03183226
19.580000,0,FR_foot,1.23709595,-0.36129221,0.02025281
19.580000,0,RL_foot,0.77674270,0.12261791,0.02019368
19.580000,0,RR_foot,0.74967510,-0.32334092,0.02022559
19.600000,0,FL_foot,1.27539909,0.10619146,0.03145358
19.600000,0,FR_foot,1.23730373,-0.36134344,0.02025134
19.600000,0,RL_foot,0.77701616,0.12252871,0.02019401
19.600000,0,RR_foot,0.77386141,-0.32253164,0.02028937
19.620000,0,FL_foot,1.28731298,0.10967065,0.03073530
19.620000,0,FR_foot,1.23751605,-0.36138901,0.02024832
19.620000,0,RL_foot,0.77728206,0.12246121,0.02018959
19.620000,0,RR_foot,0.79751635,-0.32304490,0.02042823
19.640000,0,FL_foot,1.29610169,0.11421199,0.02961165
19.640000,0,FR_foot,1.23774576,-0.36142665,0.02024461
19.640000,0,RL_foot,0.77755660,0.12239407,0.02018228
19.640000,0,RR_foot,0.81940281,-0.32427523,0.02076834
19.660000,0,FL_foot,1.30209148,0.11915501,0.02813695
19.660000,0,FR_foot,1.23797882,-0.36146015,0.02024176
19.660000,0,RL_foot,0.77784568,0.12230698,0.02017868
19.660000,0,RR_foot,0.83834821,-0.32630432,0.02115295
19.680000,0,FL_foot,1.30615211,0.12373967,0.02637464
19.680000,0,FR_foot,1.23823369,-0.36148280,0.02023813
19.680000,0,RL_foot,0.77815121,0.12223261,0.02017273
19.680000,0,RR_foot,0.85349649,-0.32929853,0.02140857
19.700000,0,FL_foot,1.30902517,0.12748353,0.02430447
19.700000,0,FR_foot,1.23850906,-0.36150023,0.02023344
19.700000,0,RL_foot,0.77848482,0.12215649,0.02016534
19.700000,0,RR_foot,0.86433828,-0.33325037,0.02142820
19.720000,0,FL_foot,1.31051075,0.13017805,0.02172476
19.720000,0,FR_foot,1.23879337,-0.36151928,0.02023005
19.720000,0,RL_foot,0.77884698,0.12207005,0.02015877
19.720000,0,RR_foot,0.87032998,-0.33803403,0.02122924
19.740000,0,FL_foot,1.31078255,0.13064276,0.02021703
19.740000,0,FR_foot,1.23919475,-0.36147308,0.02023491
19.740000,0,RL_foot,0.77949017,0.12221494,0.02027540
19.740000,0,RR_foot,0.87135464,-0.34133473,0.02013850
19.760000,0,FL_foot,1.31106412,0.13068695,0.02022904
19.760000,0,FR_foot,1.24446440,-0.35747132,0.02154722
19.760000,0,RL_foot,0.78367233,0.11909917,0.02067845
19.760000,0,RR_foot,0.87159175,-0.34143725,0.02022235
19.780000,0,FL_foot,1.31133330,0.13071853,0.02022678
19.780000,0,FR_foot,1.25650334,-0.35113695,0.02280438
19.780000,0,RL_foot,0.79222071,0.11208713,0.02072662
19.780000,0,RR_foot,0.87183273,-0.34145477,0.02021940
19.800000,0,FL_foot,1.31160581,0.13075858,0.02022578
19.800000,0,FR_foot,1.27528977,-0.34605446,0.02424053
19.800000,0,RL_foot,0.80443972,0.10409851,0.02051701
19.800000,0,RR_foot,0.87206876,-0.34143296,0.02021538
19.820000,0,FL_foot,1.31186235,0.13080254,0.02022205
19.820000,0,FR_foot,1.30008209,-0.34299186,0.02578710
19.820000,0,RL_foot,0.81986034,0.09690864,0.02044922
19.820000,0,RR_foot,0.87230802,-0.34140638,0.02021232
19.840000,0,FL_foot,1.31210148,0.13085550,0.02021962
19.840000,0,FR_foot,1.32874489,-0.34167555,0.02767591
19.840000,0,RL_foot,0.83775514,0.09084509,0.02088959
19.840000,0,RR_foot,0.87255067,-0.34135348,0.02021066
19.860000,0,FL_foot,1.31233871,0.13091519,0.02021913
19.860000,0,FR_foot,1.35850596,-0.34181684,0.03011069
19.860000,0,RL_foot,0.85699338,0.08631993,0.02179398
19.860000,0,RR_foot,0.87281132,-0.34126753,0.02021017
19.880000,0,FL_foot,1.31257868,0.13096546,0.02021637
19.880000,0,FR_foot,1.38669682,-0.34368396,0.03286809
19.880000,0,RL_foot,0.87633210,0.08423775,0.02272297
19.880000,0,RR_foot,0.87308460,-0.34119540,0.02021113
19.900000,0,FL_foot,1.31281900,0.13102497,0.02021429
19.900000,0,FR_foot,1.41121304,-0.34741071,0.03542216
19.900000,0,RL_foot,0.89500529,0.08422194,0.02361065
19.900000,0,RR_foot,0.87337482,-0.34111980,0.02021013
19.920000,0,FL_foot,1.31305826,0.13108502,0.02021300
19.920000,0,FR_foot,1.43050504,-0.35198534,0.03717365
19.920000,0,RL_foot,0.91270423,0.08585421,0.02441559
19.920000,0,RR_foot,0.87368953,-0.34103525,0.02020764
19.940000,0,FL_foot,1.31331229,0.13112377,0.02021191
19.940000,0,FR_foot,1.44387913,-0.35577744,0.03750525
19.940000,0,RL_foot,0.92937249,0.08876513,0.02513680
19.940000,0,RR_foot,0.87401092,-0.34096858,0.02020772
19.960000,0,FL_foot,1.31356490,0.13116027,0.02020814
19.960000,0,FR_foot,1.45199478,-0.35815546,0.03608295
19.960000,0,RL_foot,0.94503748,0.09286314,0.02580940
19.960000,0,RR_foot,0.87434810,-0.34090802,0.02020261
19.980000,0,FL_foot,1.31382978,0.13118364,0.02020415
19.980000,0,FR_foot,1.45643091,-0.35944265,0.03305524
19.980000,0,RL_foot,0.95928228,0.09784052,0.02659508
19.980000,0,RR_foot,0.87470281,-0.34084097,0.02019384
20.000000,0,FL_foot,1.31411791,0.13117619,0.02020284
20.000000,0,FR_foot,1.45847940,-0.35985878,0.02867916
20.000000,0,RL_foot,0.97144645,0.10359680,0.02751350
20.000000,0,RR_foot,0.87507099,-0.34079549,0.02019067
20.020000,0,FL_foot,1.31440651,0.13116466,0.02019780
20.020000,0,FR_foot,1.45884752,-0.35934329,0.02311270
20.020000,0,RL_foot,0.98089939,0.10993020,0.02855472
20.020000,0,RR_foot,0.87546271,-0.34076473,0.02018486
20.040000,0,FL_foot,1.31472337,0.13112174,0.02020356
20.040000,0,FR_foot,1.45895803,-0.35914809,0.02029158
20.040000,0,RL_foot,0.98828167,0.11528519,0.02769974
20.040000,0,RR_foot,0.87651944,-0.34222251,0.02027807
20.060000,0,FL_foot,1.31505609,0.13104026,0.02019870
20.060000,0,FR_foot,1.45914006,-0.35931504,0.02029315
20.060000,0,RL_foot,0.99431252,0.11976086,0.02441178
20.060000,0,RR_foot,0.87675881,-0.34217799,0.02019072
20.080000,0,FL_foot,1.31535649,0.13096865,0.02019121
20.080000,0,FR_foot,1.45934534,-0.35946438,0.02029111
20.080000,0,RL_foot,0.99680322,0.12246395,0.02112929
20.080000,0,RR_foot,0.87700129,-0.34210765,0.02018380
20.100000,0,FL_foot,1.31808066,0.13079683,0.02176888
20.100000,0,FR_foot,1.45961630,-0.35956156,0.02028733
20.100000,0,RL_foot,0.99707031,0.12249331,0.02023578
20.100000,0,RR_foot,0.87767172,-0.34274974,0.02027659
20.120000,0,FL_foot,1.32675874,0.13000311,0.02372418
20.120000,0,FR_foot,1.45984399,-0.35963422,0.02028293
20.120000,0,RL_foot,0.99726933,0.12257345,0.02023048
20.120000,0,RR_foot,0.87798643,-0.34265110,0.02020746
20.140000,0,FL_foot,1.33940470,0.12810284,0.02535358
20.140000,0,FR_foot,1.46006739,-0.35970700,0.02027942
20.140000,0,RL_foot,0.99747968,0.12265069,0.02022786
20.140000,0,RR_foot,0.87829697,-0.34253734,0.02020809
20.160000,0,FL_foot,1.35466433,0.12577422,0.02690137
20.160000,0,FR_foot,1.46028554,-0.35979337,0.02027639
20.160000,0,RL_foot,0.99769652,0.12271832,0.02022708
20.160000,0,RR_foot,0.87862569,-0.34242383,0.02020847
20.180000,0,FL_foot,1.37112784,0.12291232,0.02836799
20.180000,0,FR_foot,1.46048594,-0.35987613,0.02027446
20.180000,0,RL_foot,0.99792457,0.12274837,0.02022449
20.180000,0,RR_foot,0.88020998,-0.34214261,0.02020382
20.200000,0,FL_foot,1.38790631,0.11924639,0.02962850
20.200000,0,FR_foot,1.46068478,-0.35996637,0.02027104
20.200000,0,RL_foot,0.99815768,0.12275802,0.02022169
20.200000,0,RR_foot,0.88471621,-0.34117585,0.02020094
20.220000,0,FL_foot,1.40480447,0.11510692,0.03063359
20.220000,0,FR_foot,1.46088386,-0.36006102,0.02026753
20.220000,0,RL_foot,0.99840581,0.12273435,0.02021708
20.220000,0,RR_foot,0.89257514,-0.33934718,0.02019961
20.240000,0,FL_foot,1.42183053,0.11116432,0.03135618
20.240000,0,FR_foot,1.46108270,-0.36014780,0.02026541
20.240000,0,RL_foot,0.99867350,0.12266295,0.02021409
20.240000,0,RR_foot,0.90378881,-0.33677536,0.02019499
20.260000,0,FL_foot,1.43889272,0.10786360,0.03178286
20.260000,0,FR_foot,1.46128953,-0.36023426,0.02026113
20.260000,0,RL_foot,0.99894851,0.12258980,0.02020811
20.260000,0,RR_foot,0.91851878,-0.33356112,0.02018617
20.280000,0,FL_foot,1.45623279,0.10554166,0.03193935
20.280000,0,FR_foot,1.46150005,-0.36031058,0.02025679
20.280000,0,RL_foot,0.99923080,0.12250850,0.02019989
20.280000,0,RR_foot,0.93740088,-0.32972375,0.02017873
20.300000,0,FL_foot,1.47354913,0.10454877,0.03193475
20.300000,0,FR_foot,1.46170723,-0.36037800,0.02025477
20.300000,0,RL_foot,0.99951220,0.12240936,0.02019657
20.300000,0,RR_foot,0.95968688,-0.32638434,0.02019817
20.320000,0,FL_foot,1.48962700,0.10538479,0.03171288
20.320000,0,FR_foot,1.46191370,-0.36043462,0.02025243
20.320000,0,RL_foot,0.99978268,0.12233768,0.02019438
20.320000,0,RR_foot,0.98347634,-0.32454091,0.02024187
20.340000,0,FL_foot,1.50326979,0.10796937,0.03121015
20.340000,0,FR_foot,1.46212173,-0.36048487,0.02024904
20.340000,0,RL_foot,1.00004876,0.12226959,0.02018956
20.340000,0,RR_foot,1.00737083,-0.32423556,0.02030606
20.360000,0,FL_foot,1.51387119,0.11194392,0.03035108
20.360000,0,FR_foot,1.46234298,-0.36052641,0.02024738
20.360000,0,RL_foot,1.00032032,0.12218551,0.02018699
20.360000,0,RR_foot,1.03034425,-0.32493404,0.02050363
20.380000,0,FL_foot,1.52147162,0.11673836,0.02912562
20.380000,0,FR_foot,1.46256578,-0.36056390,0.02024360
20.380000,0,RL_foot,1.00059438,0.12211680,0.02018179
20.380000,0,RR_foot,1.05120289,-0.32627234,0.02086289
20.400000,0,FL_foot,1.52664149,0.12165120,0.02759874
20.400000,0,FR_foot,1.46280551,-0.36059508,0.02023951
20.400000,0,RL_foot,1.00088608,0.12204707,0.02017507
20.400000,0,RR_foot,1.06881225,-0.32848543,0.02119126
20.420000,0,FL_foot,1.53028762,0.12602299,0.02580875
20.420000,0,FR_foot,1.46307302,-0.36061436,0.02023679
20.420000,0,RL_foot,1.00119710,0.12195585,0.02016883
20.420000,0,RR_foot,1.08243430,-0.33169842,0.02134177
20.440000,0,FL_foot,1.53280830,0.12940587,0.02368214
20.440000,0,FR_foot,1.46334279,-0.36063167,0.02023228
20.440000,0,RL_foot,1.00153673,0.12188039,0.02016256
20.440000,0,RR_foot,1.09160364,-0.33588460,0.02122775
20.460000,0,FL_foot,1.53373396,0.13182734,0.02095011
20.460000,0,FR_foot,1.46363235,-0.36065179,0.02022839
20.460000,0,RL_foot,1.00191391,0.12181224,0.02015772
20.460000,0,RR_foot,1.09574723,-0.34068841,0.02095476
20.480000,0,FL_foot,1.53409910,0.13187952,0.02023204
20.480000,0,FR_foot,1.46452498,-0.35984251,0.02074847
20.480000,0,RL_foot,1.00335741,0.12192963,0.02054852
20.480000,0,RR_foot,1.09591830,-0.34278372,0.02023474
20.500000,0,FL_foot,1.53437555,0.13191371,0.02022838
20.500000,0,FR_foot,1.47148848,-0.35448059,0.02170828
20.500000,0,RL_foot,1.00894332,0.11682752,0.02125652
20.500000,0,RR_foot,1.09618270,-0.34278852,0.02022182
20.520000,0,FL_foot,1.53465986,0.13194956,0.02022625
20.520000,0,FR_foot,1.48541105,-0.34809661,0.02285998
20.520000,0,RL_foot,1.01877928,0.10939478,0.02140818
20.520000,0,RR_foot,1.09642935,-0.34278923,0.02021828
20.540000,0,FL_foot,1.53493309,0.13198788,0.02022211
20.540000,0,FR_foot,1.50628161,-0.34353429,0.02414028
20.540000,0,RL_foot,1.03227019,0.10165861,0.02133149
20.540000,0,RR_foot,1.09667397,-0.34277314,0.02021384
20.560000,0,FL_foot,1.53518879,0.13203807,0.02022070
20.560000,0,FR_foot,1.53278565,-0.34091792,0.02558571
20.560000,0,RL_foot,1.04880583,0.09494767,0.02146797
20.560000,0,RR_foot,1.09692299,-0.34271809,0.02021189
20.580000,0,FL_foot,1.53543496,0.13209382,0.02021969
20.580000,0,FR_foot,1.56236637,-0.33998182,0.02748661
20.580000,0,RL_foot,1.06745994,0.08941322,0.02210332
20.580000,0,RR_foot,1.09717762,-0.34266233,0.02021066
20.600000,0,FL_foot,1.53567851,0.13214192,0.02021572
20.600000,0,FR_foot,1.59211051,-0.34052959,0.02993628
20.600000,0,RL_foot,1.08696890,0.08575654,0.02301743
20.600000,0,RR_foot,1.09744215,-0.34259164,0.02020950
20.620000,0,FL_foot,1.53592539,0.13219839,0.02021484
20.620000,0,FR_foot,1.61954582,-0.34303567,0.03255482
20.620000,0,RL_foot,1.10629511,0.08449834,0.02389705
20.620000,0,RR_foot,1.09773266,-0.34250546,0.02021136
20.640000,0,FL_foot,1.53617001,0.13225663,0.02021326
20.640000,0,FR_foot,1.64274204,-0.34731877,0.03479057
20.640000,0,RL_foot,1.12483501,0.08508858,0.02474740
20.640000,0,RR_foot,1.09802985,-0.34243184,0.02020791
20.660000,0,FL_foot,1.53642702,0.13229531,0.02021149
20.660000,0,FR_foot,1.66030276,-0.35183665,0.03603349
20.660000,0,RL_foot,1.14232934,0.08725259,0.02548533
20.660000,0,RR_foot,1.09834516,-0.34236544,0.02020873
20.680000,0,FL_foot,1.53668153,0.13233607,0.02020949
20.680000,0,FR_foot,1.67192805,-0.35521129,0.03568172
20.680000,0,RL_foot,1.15876448,0.09067524,0.02614620
20.680000,0,RR_foot,1.09868133,-0.34229437,0.02020556
20.700000,0,FL_foot,1.53694570,0.13236248,0.02020472
20.700000,0,FR_foot,1.67869413,-0.35719472,0.03357046
20.700000,0,RL_foot,1.17407167,0.09521684,0.02681277
20.700000,0,RR_foot,1.09902143,-0.34223747,0.02019668
20.720000,0,FL_foot,1.53723359,0.13235740,0.02020320
20.720000,0,FR_foot,1.68226480,-0.35822353,0.02994000
20.720000,0,RL_foot,1.18771195,0.10052635,0.02765578
20.720000,0,RR_foot,1.09938359,-0.34219062,0.02019544
20.740000,0,FL_foot,1.53752339,0.13234788,0.02019923
20.740000,0,FR_foot,1.68367887,-0.35837767,0.02498441
20.740000,0,RL_foot,1.19899964,0.10652307,0.02865899
20.740000,0,RR_foot,1.09976137,-0.34214604,0.02018576
20.760000,0,FL_foot,1.53782880,0.13231088,0.02020959
20.760000,0,FR_foot,1.68379796,-0.35780254,0.02026349
20.760000,0,RL_foot,1.20756173,0.11261538,0.02914552
20.760000,0,RR_foot,1.10039592,-0.34236774,0.02038781
20.780000,0,FL_foot,1.53816450,0.13222362,0.02019985
20.780000,0,FR_foot,1.68393087,-0.35801244,0.02029656
20.780000,0,RL_foot,1.21506262,0.11762589,0.02584169
20.780000,0,RR_foot,1.10109591,-0.34341303,0.02019573
20.800000,0,FL_foot,1.53846824,0.13214175,0.02019254
20.800000,0,FR_foot,1.68414104,-0.35817116,0.02029116
20.800000,0,RL_foot,1.21950209,0.12088276,0.02272569
20.800000,0,RR_foot,1.10132980,-0.34335664,0.02018763
20.820000,0,FL_foot,1.53917789,0.13216694,0.02054546
20.820000,0,FR_foot,1.68444037,-0.35828346,0.02025301
20.820000,0,RL_foot,1.22035670,0.12190999,0.02019398
20.820000,0,RR_foot,1.10171187,-0.34368071,0.02028198
20.840000,0,FL_foot,1.54545200,0.13159090,0.02283791
20.840000,0,FR_foot,1.68462873,-0.35836565,0.02028551
20.840000,0,RL_foot,1.22051346,0.12200765,0.02023604
20.840000,0,RR_foot,1.10240066,-0.34431046,0.02020577
20.860000,0,FL_foot,1.55647862,0.12993166,0.02460509
20.860000,0,FR_foot,1.68486798,-0.35843641,0.02028085
20.860000,0,RL_foot,1.22071981,0.12207525,0.02022883
20.860000,0,RR_foot,1.10271490,-0.34420317,0.02020742
20.880000,0,FL_foot,1.57069290,0.12760919,0.02621077
20.880000,0,FR_foot,1.68509138,-0.35850376,0.02027789
20.880000,0,RL_foot,1.22093487,0.12214606,0.02022698
20.880000,0,RR_foot,1.10303235,-0.34408861,0.02021013
20.900000,0,FL_foot,1.58675778,0.12494075,0.02774672
20.900000,0,FR_foot,1.68530798,-0.35858080,0.02027387
20.900000,0,RL_foot,1.22115493,0.12220056,0.02022296
20.900000,0,RR_foot,1.10393500,-0.34393892,0.02020219
20.920000,0,FL_foot,1.60352683,0.12158458,0.02912933
20.920000,0,FR_foot,1.68551576,-0.35866553,0.02027204
20.920000,0,RL_foot,1.22139001,0.12221093,0.02022256
20.920000,0,RR_foot,1.10710621,-0.34323123,0.02020401
20.940000,0,FL_foot,1.62048697,0.11756214,0.03026864
20.940000,0,FR_foot,1.68571734,-0.35875040,0.02026945
20.940000,0,RL_foot,1.22163153,0.12220103,0.02022012
20.940000,0,RR_foot,1.11352479,-0.34167698,0.02020142
20.960000,0,FL_foot,1.63760388,0.11346145,0.03112088
20.960000,0,FR_foot,1.68592000,-0.35883528,0.02026512
20.960000,0,RL_foot,1.22189009,0.12216128,0.02021375
20.960000,0,RR_foot,1.12330294,-0.33933234,0.02019569
20.980000,0,FL_foot,1.65476739,0.10983688,0.03167900
20.980000,0,FR_foot,1.68612814,-0.35891864,0.02026240
20.980000,0,RL_foot,1.22216666,0.12207914,0.02021001
20.980000,0,RR_foot,1.13648951,-0.33630031,0.02018967
21.000000,0,FL_foot,1.67211866,0.10707314,0.03193088
21.000000,0,FR_foot,1.68634164,-0.35899314,0.02025881
21.000000,0,RL_foot,1.22244811,0.12200215,0.02020361
21.000000,0,RR_foot,1.15360141,-0.33259892,0.02018064
21.020000,0,FL_foot,1.68967891,0.10544504,0.03198919
21.020000,0,FR_foot,1.68655241,-0.35906014,0.02025444
21.020000,0,RL_foot,1.22273028,0.12192401,0.02019653
21.020000,0,RR_foot,1.17473769,-0.32873011,0.02018061
21.040000,0,FL_foot,1.70658851,0.10553671,0.03185587
21.040000,0,FR_foot,1.68676174,-0.35911661,0.02025301
21.040000,0,RL_foot,1.22300863,0.12183205,0.02019517
21.040000,0,RR_foot,1.19804668,-0.32609838,0.02022218
21.060000,0,FL_foot,1.72146678,0.10748401,0.03146210
21.060000,0,FR_foot,1.68697786,-0.35915953,0.02025100
21.060000,0,RL_foot,1.22327590,0.12176552,0.02019301
21.060000,0,RR_foot,1.22216678,-0.32499638,0.02028019
21.080000,0,FL_foot,1.73344398,0.11100355,0.03074025
21.080000,0,FR_foot,1.68718934,-0.35920039,0.02024711
21.080000,0,RL_foot,1.22354257,0.12170312,0.02018647
21.080000,0,RR_foot,1.24583483,-0.32520577,0.02040229
21.100000,0,FL_foot,1.74230754,0.11562133,0.02962242
21.100000,0,FR_foot,1.68741035,-0.35923579,0.02024487
21.100000,0,RL_foot,1.22381794,0.12162282,0.02018392
21.100000,0,RR_foot,1.26781571,-0.32612431,0.02073495
21.120000,0,FL_foot,1.74838233,0.12066653,0.02816271
21.120000,0,FR_foot,1.68765426,-0.35926405,0.02024211
21.120000,0,RL_foot,1.22410119,0.12155666,0.02017827
21.120000,0,RR_foot,1.28693843,-0.32782504,0.02112122
21.140000,0,FL_foot,1.75251567,0.12538123,0.02642685
21.140000,0,FR_foot,1.68790460,-0.35928458,0.02023710
21.140000,0,RL_foot,1.22440541,0.12148821,0.02017130
21.140000,0,RR_foot,1.30230868,-0.33052564,0.02138140
21.160000,0,FL_foot,1.75544703,0.12927832,0.02439443
21.160000,0,FR_foot,1.68817341,-0.35929647,0.02023403
21.160000,0,RL_foot,1.22473180,0.12140047,0.02016466
21.160000,0,RR_foot,1.31339550,-0.33423704,0.02140547
21.180000,0,FL_foot,1.75697660,0.13210790,0.02186564
21.180000,0,FR_foot,1.68846381,-0.35931227,0.02022966
21.180000,0,RL_foot,1.22509420,0.12133341,0.02015943
21.180000,0,RR_foot,1.31965256,-0.33886278,0.02119609
21.200000,0,FL_foot,1.75713098,0.13295642,0.02017868
21.200000,0,FR_foot,1.68875134,-0.35932264,0.02023902
21.200000,0,RL_foot,1.22569942,0.12140292,0.02024988
21.200000,0,RR_foot,1.32081294,-0.34215599,0.02017165
21.220000,0,FL_foot,1.75738561,0.13300072,0.02022868
21.220000,0,FR_foot,1.69372547,-0.35594279,0.02140928
21.220000,0,RL_foot,1.22977793,0.11794900,0.02090404
21.220000,0,RR_foot,1.32106054,-0.34223625,0.02022225
21.240000,0,FL_foot,1.75766420,0.13302913,0.02022711
21.240000,0,FR_foot,1.70524287,-0.34967875,0.02260508
21.240000,0,RL_foot,1.23836780,0.11103936,0.02103526
21.240000,0,RR_foot,1.32129920,-0.34225312,0.02021985
21.260000,0,FL_foot,1.75793707,0.13305886,0.02022404
21.260000,0,FR_foot,1.72360814,-0.34454376,0.02400872
21.260000,0,RL_foot,1.25058341,0.10316172,0.02084956
21.260000,0,RR_foot,1.32153201,-0.34223217,0.02021457
21.280000,0,FL_foot,1.75819707,0.13310124,0.02022206
21.280000,0,FR_foot,1.74813008,-0.34138915,0.02553208
21.280000,0,RL_foot,1.26597726,0.09605989,0.02077042
21.280000,0,RR_foot,1.32176924,-0.34220827,0.02021340
21.300000,0,FL_foot,1.75844204,0.13315241,0.02022035
21.300000,0,FR_foot,1.77665806,-0.33995363,0.02739395
21.300000,0,RL_foot,1.28385139,0.09008600,0.02117569
21.300000,0,RR_foot,1.32200933,-0.34215814,0.02021105
21.320000,0,FL_foot,1.75867987,0.13320065,0.02021719
21.320000,0,FR_foot,1.80639148,-0.33995184,0.02980703
21.320000,0,RL_foot,1.30308533,0.08561675,0.02204700
21.320000,0,RR_foot,1.32226682,-0.34207425,0.02021017
21.340000,0,FL_foot,1.75891984,0.13325633,0.02021581
21.340000,0,FR_foot,1.83463705,-0.34166321,0.03255850
21.340000,0,RL_foot,1.32243466,0.08357204,0.02295043
21.340000,0,RR_foot,1.32253695,-0.34200299,0.02021082
21.360000,0,FL_foot,1.75916064,0.13331664,0.02021359
21.360000,0,FR_foot,1.85928714,-0.34525526,0.03512280
21.360000,0,RL_foot,1.34113383,0.08359312,0.02381548
21.360000,0,RR_foot,1.32282436,-0.34192693,0.02020742
21.380000,0,FL_foot,1.75940967,0.13336267,0.02021329
21.380000,0,FR_foot,1.87877977,-0.34976313,0.03691276
21.380000,0,RL_foot,1.35885966,0.08526210,0.02460726
21.380000,0,RR_foot,1.32313752,-0.34184298,0.02021118
21.400000,0,FL_foot,1.75965464,0.13341223,0.02021064
21.400000,0,FR_foot,1.89237618,-0.35354897,0.03729389
21.400000,0,RL_foot,1.37554443,0.08821139,0.02532009
21.400000,0,RR_foot,1.32345426,-0.34177303,0.02020664
21.420000,0,FL_foot,1.75990903,0.13345134,0.02020577
21.420000,0,FR_foot,1.90066612,-0.35592628,0.03591809
21.420000,0,RL_foot,1.39122212,0.09235717,0.02598305
21.420000,0,RR_foot,1.32378972,-0.34171087,0.02019865
21.440000,0,FL_foot,1.76018536,0.13346094,0.02020567
21.440000,0,FR_foot,1.90521085,-0.35720998,0.03292851
21.440000,0,RL_foot,1.40549612,0.09738934,0.02676423
21.440000,0,RR_foot,1.32414377,-0.34164393,0.02019800
21.460000,0,FL_foot,1.76046503,0.13346504,0.02020109
21.460000,0,FR_foot,1.90733409,-0.35763904,0.02856786
21.460000,0,RL_foot,1.41771805,0.10318502,0.02768605
21.460000,0,RR_foot,1.32451153,-0.34159538,0.02019138
21.480000,0,FL_foot,1.76075637,0.13345534,0.02019566
21.480000,0,FR_foot,1.90774584,-0.35714597,0.02299809
21.480000,0,RL_foot,1.42724752,0.10956124,0.02874273
21.480000,0,RR_foot,1.32489598,-0.34155381,0.02017902
21.500000,0,FL_foot,1.76107800,0.13338865,0.02020231
21.500000,0,FR_foot,1.90787423,-0.35696942,0.02029324
21.500000,0,RL_foot,1.43479204,0.11494345,0.02777286
21.500000,0,RR_foot,1.32596111,-0.34302354,0.02022051
21.520000,0,FL_foot,1.76139605,0.13331278,0.02019559
21.520000,0,FR_foot,1.90806031,-0.35713667,0.02029288
21.520000,0,RL_foot,1.44098020,0.11947675,0.02457329
21.520000,0,RR_foot,1.32618678,-0.34297362,0.02018881
21.540000,0,FL_foot,1.76171541,0.13324399,0.02019161
21.540000,0,FR_foot,1.90826476,-0.35728467,0.02029144
21.540000,0,RL_foot,1.44366801,0.12226070,0.02133157
21.540000,0,RR_foot,1.32642686,-0.34289941,0.02018322
21.560000,0,FL_foot,1.76431549,0.13316371,0.02173481
21.560000,0,FR_foot,1.90852654,-0.35738930,0.02028830
21.560000,0,RL_foot,1.44385147,0.12281591,0.02023623
21.560000,0,RR_foot,1.32693148,-0.34335145,0.02019542
21.580000,0,FL_foot,1.77409720,0.13375796,0.02242861
21.580000,0,FR_foot,1.90875638,-0.35745057,0.02027831
21.580000,0,RL_foot,1.44407570,0.12285292,0.02022458
21.580000,0,RR_foot,1.33108282,-0.34354836,0.02020686
21.600000,0,FL_foot,1.78479159,0.13252205,0.02244833
21.600000,0,FR_foot,1.90894091,-0.35750163,0.02027543
21.600000,0,RL_foot,1.44426751,0.12287267,0.02022118
21.600000,0,RR_foot,1.33905756,-0.34237996,0.02020346
21.620000,0,FL_foot,1.79395843,0.13088585,0.02234752
21.620000,0,FR_foot,1.90909338,-0.35755351,0.02027376
21.620000,0,RL_foot,1.44444180,0.12288344,0.02021950
21.620000,0,RR_foot,1.34830713,-0.34026518,0.02020327
21.640000,0,FL_foot,1.80499446,0.13244382,0.02024589
21.640000,0,FR_foot,1.90923822,-0.35760894,0.02024866
21.640000,0,RL_foot,1.44462395,0.12287053,0.02026249
21.640000,0,RR_foot,1.36150253,-0.34010246,0.02077339
21.660000,0,FL_foot,1.80500770,0.13244274,0.02022029
21.660000,0,FR_foot,1.90931165,-0.35762402,0.02026822
21.660000,0,RL_foot,1.45221746,0.12122193,0.02153262
21.660000,0,RR_foot,1.37490261,-0.33856809,0.02020067
21.680000,0,FL_foot,1.80492127,0.13246585,0.02022112
21.680000,0,FR_foot,1.90927792,-0.35759598,0.02027025
21.680000,0,RL_foot,1.46571434,0.11229455,0.02532815
21.680000,0,RR_foot,1.38018191,-0.33865121,0.02021628
21.700000,0,FL_foot,1.80477774,0.13251132,0.02022061
21.700000,0,FR_foot,1.90916502,-0.35752842,0.02027446
21.700000,0,RL_foot,1.47826159,0.10110636,0.03084823
21.700000,0,RR_foot,1.38170695,-0.33865488,0.02023234
21.720000,0,FL_foot,1.80457246,0.13256788,0.02022061
21.720000,0,FR_foot,1.90896297,-0.35743564,0.02028093
21.720000,0,RL_foot,1.48390687,0.09153020,0.03644963
21.720000,0,RR_foot,1.38150418,-0.33859035,0.02021479
21.740000,0,FL_foot,1.80433059,0.13261198,0.02021917
21.740000,0,FR_foot,1.90871406,-0.35734025,0.02029426
21.740000,0,RL_foot,1.48007345,0.08683144,0.03983922
21.740000,0,RR_foot,1.38126886,-0.33854905,0.02020422
21.760000,0,FL_foot,1.80410981,0.13258840,0.02021861
21.760000,0,FR_foot,1.90331614,-0.35264760,0.02028192
21.760000,0,RL_foot,1.46775949,0.08758766,0.03924165
21.760000,0,RR_foot,1.38100600,-0.33856165,0.02020845
21.780000,0,FL_foot,1.80387509,0.13251391,0.02021912
21.780000,0,FR_foot,1.88971519,-0.34253353,0.02024052
21.780000,0,RL_foot,1.45040691,0.09193131,0.03575708
21.780000,0,RR_foot,1.38072681,-0.33859637,0.02021367
21.800000,0,FL_foot,1.80364943,0.13244651,0.02022070
21.800000,0,FR_foot,1.86885083,-0.33038163,0.02020599
21.800000,0,RL_foot,1.42941296,0.09893443,0.03138052
21.800000,0,RR_foot,1.38044202,-0.33866346,0.02020830
21.820000,0,FL_foot,1.80342197,0.13238086,0.02022155
21.820000,0,FR_foot,1.84627020,-0.32194725,0.02021918
21.820000,0,RL_foot,1.40532029,0.10697107,0.02769861
21.820000,0,RR_foot,1.38017941,-0.33872992,0.02020731
21.840000,0,FL_foot,1.80317259,0.13233876,0.02022218
21.840000,0,FR_foot,1.82434046,-0.31694937,0.02022044
21.840000,0,RL_foot,1.38057399,0.11400342,0.02544027
21.840000,0,RR_foot,1.37993598,-0.33875957,0.02021034
21.860000,0,FL_foot,1.80292654,0.13230594,0.02022361
21.860000,0,FR_foot,1.80301344,-0.31398547,0.02021326
21.860000,0,RL_foot,1.35852206,0.11895378,0.02454853
21.860000,0,RR_foot,1.37969804,-0.33878306,0.02021312
21.880000,0,FL_foot,1.80267954,0.13226797,0.02022345
21.880000,0,FR_foot,1.78215182,-0.31240138,0.02022276
21.880000,0,RL_foot,1.34068835,0.12227580,0.02438636
21.880000,0,RR_foot,1.37946105,-0.33878958,0.02021964
21.900000,0,FL_foot,1.80242276,0.13224453,0.02022730
21.900000,0,FR_foot,1.76170158,-0.31178427,0.02035523
21.900000,0,RL_foot,1.32669842,0.12488893,0.02435502
21.900000,0,RR_foot,1.37922978,-0.33876607,0.02022627
21.920000,0,FL_foot,1.80216014,0.13221601,0.02022995
21.920000,0,FR_foot,1.74193442,-0.31188563,0.02073870
21.920000,0,RL_foot,1.31579292,0.12747771,0.02403258
21.920000,0,RR_foot,1.37898004,-0.33874786,0.02022741
21.940000,0,FL_foot,1.80188942,0.13216715,0.02023119
21.940000,0,FR_foot,1.72376990,-0.31304449,0.02118025
21.940000,0,RL_foot,1.30746937,0.13013411,0.02326974
21.940000,0,RR_foot,1.37871480,-0.33872136,0.02023139
21.960000,0,FL_foot,1.80159104,0.13212895,0.02023423
21.960000,0,FR_foot,1.70831585,-0.31651863,0.02120809
21.960000,0,RL_foot,1.30132222,0.13302109,0.02195705
21.960000,0,RR_foot,1.37843788,-0.33866835,0.02023271
21.980000,0,FL_foot,1.80125964,0.13210340,0.02024793
21.980000,0,FR_foot,1.69773746,-0.32282788,0.02048750
21.980000,0,RL_foot,1.29811704,0.13402301,0.02011316
21.980000,0,RR_foot,1.37813282,-0.33861411,0.02023308
22.000000,0,FL_foot,1.79590118,0.13023920,0.02072274
22.000000,0,FR_foot,1.69734538,-0.32286343,0.02018832
22.000000,0,RL_foot,1.29788268,0.13407303,0.02016724
22.000000,0,RR_foot,1.37501335,-0.33768415,0.02126097
22.020000,0,FL_foot,1.78682446,0.12583771,0.02088756
22.020000,0,FR_foot,1.69703674,-0.32290354,0.02019731
22.020000,0,RL_foot,1.29761791,0.13411687,0.02018411
22.020000,0,RR_foot,1.36760211,-0.33661985,0.02221512
22.040000,0,FL_foot,1.77478766,0.11929462,0.02070934
22.040000,0,FR_foot,1.69673491,-0.32294700,0.02020227
22.040000,0,RL_foot,1.29737175,0.13415612,0.02018915
22.040000,0,RR_foot,1.35634947,-0.33563617,0.02313513
22.060000,0,FL_foot,1.75973737,0.11262143,0.02039398
22.060000,0,FR_foot,1.69644296,-0.32297617,0.02020443
22.060000,0,RL_foot,1.29713726,0.13419464,0.02019292
22.060000,0,RR_foot,1.34145415,-0.33412340,0.02403079
22.080000,0,FL_foot,1.74365532,0.10787825,0.02025928
22.080000,0,FR_foot,1.69617546,-0.32296455,0.02021457
22.080000,0,RL_foot,1.29689622,0.13421801,0.02018797
22.080000,0,RR_foot,1.32381201,-0.33172527,0.02479542
22.100000,0,FL_foot,1.72648668,0.10488028,0.02025508
22.100000,0,FR_foot,1.69589889,-0.32294759,0.02021436
22.100000,0,RL_foot,1.29664421,0.13424304,0.02019003
22.100000,0,RR_foot,1.30503309,-0.32905096,0.02549673
22.120000,0,FL_foot,1.70810294,0.10334499,0.02026197
22.120000,0,FR_foot,1.69563019,-0.32292426,0.02021224
22.120000,0,RL_foot,1.29639184,0.13426392,0.02019493
22.120000,0,RR_foot,1.28587151,-0.32683769,0.02618439
22.140000,0,FL_foot,1.68856800,0.10291002,0.02038238
22.140000,0,FR_foot,1.69536924,-0.32287505,0.02021280
22.140000,0,RL_foot,1.29614627,0.13426375,0.02020421
22.140000,0,RR_foot,1.26614726,-0.32622561,0.02668254
22.160000,0,FL_foot,1.66857588,0.10352316,0.02067594
22.160000,0,FR_foot,1.69510317,-0.32283390,0.02021693
22.160000,0,RL_foot,1.29588103,0.13425422,0.02020683
22.160000,0,RR_foot,1.24601471,-0.32795939,0.02686110
22.180000,0,FL_foot,1.64933121,0.10540190,0.02104462
22.180000,0,FR_foot,1.69483125,-0.32278967,0.02022104
22.180000,0,RL_foot,1.29560089,0.13422661,0.02020771
22.180000,0,RR_foot,1.22696102,-0.33175850,0.02667246
22.200000,0,FL_foot,1.63202977,0.10842893,0.02139310
22.200000,0,FR_foot,1.69454718,-0.32273450,0.02022278
22.200000,0,RL_foot,1.29531229,0.13416584,0.02021074
22.200000,0,RR_foot,1.21104753,-0.33597839,0.02605477
22.220000,0,FL_foot,1.61781824,0.11266772,0.02155024
22.220000,0,FR_foot,1.69423771,-0.32270792,0.02022677
22.220000,0,RL_foot,1.29499745,0.13409951,0.02021324
22.220000,0,RR_foot,1.19986081,-0.33903071,0.02470985
22.240000,0,FL_foot,1.60708559,0.11800759,0.02155982
22.240000,0,FR_foot,1.69390130,-0.32269719,0.02023264
22.240000,0,RL_foot,1.29466450,0.13402256,0.02021611
22.240000,0,RR_foot,1.19332385,-0.34107584,0.02224464
22.260000,0,FL_foot,1.59945345,0.12317343,0.02053733
22.260000,0,FR_foot,1.69318509,-0.32297310,0.02024657
22.260000,0,RL_foot,1.29432023,0.13392919,0.02023958
22.260000,0,RR_foot,1.19131732,-0.34204704,0.02022479
22.280000,0,FL_foot,1.59911728,0.12322345,0.02018587
22.280000,0,FR_foot,1.69170153,-0.32386628,0.02048283
22.280000,0,RL_foot,1.28978133,0.13106629,0.02158201
22.280000,0,RR_foot,1.19099021,-0.34211552,0.02017901
22.300000,0,FL_foot,1.59879804,0.12328560,0.02020045
22.300000,0,FR_foot,1.68897069,-0.32496244,0.02025381
22.300000,0,RL_foot,1.28163528,0.12875994,0.02284203
22.300000,0,RR_foot,1.19071233,-0.34218043,0.02019399
22.320000,0,FL_foot,1.59849107,0.12332367,0.02020644
22.320000,0,FR_foot,1.68685949,-0.32479447,0.02026052
22.320000,0,RL_foot,1.27158892,0.12657894,0.02370484
22.320000,0,RR_foot,1.19044530,-0.34225088,0.02019601
22.340000,0,FL_foot,1.59820712,0.12333265,0.02021210
22.340000,0,FR_foot,1.68272638,-0.32365778,0.02026604
22.340000,0,RL_foot,1.26011479,0.12438696,0.02426180
22.340000,0,RR_foot,1.19018137,-0.34232682,0.02020493
22.360000,0,FL_foot,1.59792185,0.12333476,0.02021677
22.360000,0,FR_foot,1.67577136,-0.32142994,0.02026468
22.360000,0,RL_foot,1.24743342,0.12221077,0.02456354
22.360000,0,RR_foot,1.18992686,-0.34239179,0.02021028
22.380000,0,FL_foot,1.59764624,0.12332495,0.02021829
22.380000,0,FR_foot,1.66573751,-0.31829655,0.02025661
22.380000,0,RL_foot,1.23355961,0.12034875,0.02463760
22.380000,0,RR_foot,1.18966985,-0.34246024,0.02020899
22.400000,0,FL_foot,1.59738529,0.12329326,0.02021939
22.400000,0,FR_foot,1.65255260,-0.31462359,0.02024390
22.400000,0,RL_foot,1.21830285,0.11915688,0.02452893
22.400000,0,RR_foot,1.18941915,-0.34252977,0.02021164
22.420000,0,FL_foot,1.59711778,0.12326750,0.02022224
22.420000,0,FR_foot,1.63645470,-0.31088692,0.02023314
22.420000,0,RL_foot,1.20158708,0.11868817,0.02437275
22.420000,0,RR_foot,1.18918622,-0.34257641,0.02021453
22.440000,0,FL_foot,1.59685957,0.12324053,0.02022199
22.440000,0,FR_foot,1.61849594,-0.30775520,0.02024527
22.440000,0,RL_foot,1.18384063,0.11869698,0.02432986
22.440000,0,RR_foot,1.18895721,-0.34261972,0.02021440
22.460000,0,FL_foot,1.59661067,0.12319712,0.02022262
22.460000,0,FR_foot,1.59982550,-0.30582178,0.02026776
22.460000,0,RL_foot,1.16593838,0.11897862,0.02447037
22.460000,0,RR_foot,1.18873203,-0.34265113,0.02021899
22.480000,0,FL_foot,1.59635949,0.12316965,0.02022725
22.480000,0,FR_foot,1.58111322,-0.30507869,0.02032567
22.480000,0,RL_foot,1.14889479,0.11962701,0.02471793
22.480000,0,RR_foot,1.18851340,-0.34264752,0.02022246
22.500000,0,FL_foot,1.59610558,0.12314153,0.02023073
22.500000,0,FR_foot,1.56266582,-0.30532545,0.02043854
22.500000,0,RL_foot,1.13366246,0.12077876,0.02492497
22.500000,0,RR_foot,1.18828130,-0.34264475,0.02022335
22.520000,0,FL_foot,1.59584904,0.12309536,0.02023167
22.520000,0,FR_foot,1.54498255,-0.30635703,0.02063485
22.520000,0,RL_foot,1.12076306,0.12251866,0.02489009
22.520000,0,RR_foot,1.18804097,-0.34263107,0.02022815
22.540000,0,FL_foot,1.59557450,0.12306204,0.02023575
22.540000,0,FR_foot,1.52847886,-0.30844131,0.02077923
22.540000,0,RL_foot,1.11041451,0.12468985,0.02444789
22.540000,0,RR_foot,1.18779349,-0.34259072,0.02023113
22.560000,0,FL_foot,1.59527004,0.12303789,0.02023774
22.560000,0,FR_foot,1.51808774,-0.31425524,0.02054619
22.560000,0,RL_foot,1.10325646,0.12360916,0.02286835
22.560000,0,RR_foot,1.18748832,-0.34255171,0.02023015
22.580000,0,FL_foot,1.59388173,0.12303670,0.02040065
22.580000,0,FR_foot,1.51368725,-0.31986174,0.02075169
22.580000,0,RL_foot,1.10090399,0.12279274,0.02024166
22.580000,0,RR_foot,1.18719387,-0.34252474,0.02026349
22.600000,0,FL_foot,1.58852839,0.12412472,0.02037537
22.600000,0,FR_foot,1.51280785,-0.32073164,0.02019539
22.600000,0,RL_foot,1.10054398,0.12275458,0.02018601
22.600000,0,RR_foot,1.18322837,-0.34226337,0.02031163
22.620000,0,FL_foot,1.57928705,0.12530124,0.02023853
22.620000,0,FR_foot,1.51258266,-0.32091799,0.02020003
22.620000,0,RL_foot,1.10034585,0.12290120,0.02021483
22.620000,0,RR_foot,1.18258941,-0.34225586,0.02024725
22.640000,0,FL_foot,1.57539880,0.12491062,0.02024222
22.640000,0,FR_foot,1.51231802,-0.32105330,0.02021213
22.640000,0,RL_foot,1.10023105,0.12307933,0.02020443
22.640000,0,RR_foot,1.18239176,-0.34208548,0.02026812
22.660000,0,FL_foot,1.57338142,0.12405834,0.02023455
22.660000,0,FR_foot,1.51206732,-0.32119179,0.02021456
22.660000,0,RL_foot,1.10014570,0.12327250,0.02022149
22.660000,0,RR_foot,1.18222499,-0.34189719,0.02025532
22.680000,0,FL_foot,1.56740832,0.11984586,0.02025958
22.680000,0,FR_foot,1.51184905,-0.32132158,0.02022299
22.680000,0,RL_foot,1.10009241,0.12346171,0.02022713
22.680000,0,RR_foot,1.18179536,-0.34101599,0.02026815
22.700000,0,FL_foot,1.56250453,0.11546255,0.02024238
22.700000,0,FR_foot,1.51167572,-0.32143107,0.02021042
22.700000,0,RL_foot,1.10006237,0.12363245,0.02020322
22.700000,0,RR_foot,1.18167806,-0.34086004,0.02028112
22.720000,0,FL_foot,1.55523193,0.10802138,0.02075691
22.720000,0,FR_foot,1.51152074,-0.32153547,0.02019982
22.720000,0,RL_foot,1.10005212,0.12378667,0.02019292
22.720000,0,RR_foot,1.18017113,-0.33469284,0.02059383
22.740000,0,FL_foot,1.55066931,0.09907831,0.02165745
22.740000,0,FR_foot,1.51134479,-0.32166651,0.02019936
22.740000,0,RL_foot,1.10005033,0.12394760,0.02018769
22.740000,0,RR_foot,1.17576754,-0.32459146,0.02127674
22.760000,0,FL_foot,1.55106163,0.08981304,0.02265526
22.760000,0,FR_foot,1.51115263,-0.32181531,0.02019839
22.760000,0,RL_foot,1.10006678,0.12411409,0.02018704
22.760000,0,RR_foot,1.16721785,-0.31365287,0.02208270
22.780000,0,FL_foot,1.55589640,0.08180440,0.02338787
22.780000,0,FR_foot,1.51095772,-0.32195583,0.02019244
22.780000,0,RL_foot,1.10009944,0.12428347,0.02019219
22.780000,0,RR_foot,1.15501416,-0.30359235,0.02269411
22.800000,0,FL_foot,1.56354308,0.07595490,0.02353987
22.800000,0,FR_foot,1.51076066,-0.32214394,0.02019774
22.800000,0,RL_foot,1.10014856,0.12443447,0.02019475
22.800000,0,RR_foot,1.14051545,-0.29454681,0.02313894
22.820000,0,FL_foot,1.57211518,0.07184585,0.02314314
22.820000,0,FR_foot,1.51056671,-0.32234368,0.02019949
22.820000,0,RL_foot,1.10021520,0.12460981,0.02019976
22.820000,0,RR_foot,1.12512040,-0.28666654,0.02342187
22.840000,0,FL_foot,1.58021379,0.06845030,0.02237999
22.840000,0,FR_foot,1.51037562,-0.32253209,0.02019818
22.840000,0,RL_foot,1.10029256,0.12478048,0.02020752
22.840000,0,RR_foot,1.10988021,-0.28050667,0.02339128
22.860000,0,FL_foot,1.58700228,0.06523842,0.02120472
22.860000,0,FR_foot,1.51017380,-0.32276016,0.02020188
22.860000,0,RL_foot,1.10038888,0.12493242,0.02020773
22.860000,0,RR_foot,1.09540713,-0.27640793,0.02299191
22.880000,0,FL_foot,1.58977175,0.06357408,0.02027336
22.880000,0,FR_foot,1.50997293,-0.32298321,0.02022898
22.880000,0,RL_foot,1.10070968,0.12528987,0.02023597
22.880000,0,RR_foot,1.08239591,-0.27435344,0.02138847
22.900000,0,FL_foot,1.58984590,0.06328122,0.02026173
22.900000,0,FR_foot,1.50935268,-0.32553574,0.02022275
22.900000,0,RL_foot,1.10116851,0.12602712,0.02029443
22.900000,0,RR_foot,1.07965434,-0.27468669,0.02019412
22.920000,0,FL_foot,1.58988547,0.06305231,0.02025329
22.920000,0,FR_foot,1.51186049,-0.32999432,0.02022011
22.920000,0,RL_foot,1.10207784,0.12611136,0.02074509
22.920000,0,RR_foot,1.07963622,-0.27460170,0.02019848
22.940000,0,FL_foot,1.58998394,0.06280729,0.02024941
22.940000,0,FR_foot,1.51523614,-0.33569476,0.02023529
22.940000,0,RL_foot,1.10529530,0.12889461,0.02071154
22.940000,0,RR_foot,1.07959938,-0.27444935,0.02019672
22.960000,0,FL_foot,1.59012103,0.06255028,0.02024662
22.960000,0,FR_foot,1.51718891,-0.34254423,0.02023888
22.960000,0,RL_foot,1.11173427,0.13132492,0.02043646
22.960000,0,RR_foot,1.07958114,-0.27425182,0.02019281
22.980000,0,FL_foot,1.59026945,0.06228238,0.02024193
22.980000,0,FR_foot,1.51706529,-0.34988871,0.02024639
22.980000,0,RL_foot,1.12065566,0.13236126,0.02023553
22.980000,0,RR_foot,1.07958412,-0.27403411,0.02020014
23.000000,0,FL_foot,1.59043777,0.06203277,0.02024060
23.000000,0,FR_foot,1.51554847,-0.35691619,0.02026984
23.000000,0,RL_foot,1.13070238,0.13286167,0.02025006
23.000000,0,RR_foot,1.07961667,-0.27378491,0.02020234
23.020000,0,FL_foot,1.59061205,0.06177712,0.02023706
23.020000,0,FR_foot,1.51325440,-0.36393413,0.02029813
23.020000,0,RL_foot,1.14182317,0.13339776,0.02027878
23.020000,0,RR_foot,1.07964897,-0.27354717,0.02020094
23.040000,0,FL_foot,1.59078765,0.06150166,0.02023142
23.040000,0,FR_foot,1.51045787,-0.37091359,0.02033078
23.040000,0,RL_foot,1.15379691,0.13416535,0.02030897
23.040000,0,RR_foot,1.07968867,-0.27330309,0.02020330
23.060000,0,FL_foot,1.59096301,0.06124840,0.02023116
23.060000,0,FR_foot,1.50714636,-0.37774128,0.02031047
23.060000,0,RL_foot,1.16652024,0.13524620,0.02040069
23.060000,0,RR_foot,1.07974291,-0.27303833,0.02020681
23.080000,0,FL_foot,1.59113729,0.06098833,0.02022725
23.080000,0,FR_foot,1.50352156,-0.38387755,0.02024155
23.080000,0,RL_foot,1.17960954,0.13657528,0.02065637
23.080000,0,RR_foot,1.07979047,-0.27279067,0.02020352
23.100000,0,FL_foot,1.59131265,0.06071094,0.02022296
23.100000,0,FR_foot,1.50004089,-0.38896886,0.02024054
23.100000,0,RL_foot,1.19233263,0.13825004,0.02099248
23.100000,0,RR_foot,1.07984138,-0.27254289,0.02020467
23.120000,0,FL_foot,1.59148121,0.06045486,0.02022184
23.120000,0,FR_foot,1.49658144,-0.39359066,0.02024055
23.120000,0,RL_foot,1.20420480,0.14052804,0.02128574
23.120000,0,RR_foot,1.07990265,-0.27228162,0.02021069
23.140000,0,FL_foot,1.59164321,0.06019860,0.02021773
23.140000,0,FR_foot,1.49290442,-0.39802632,0.02024007
23.140000,0,RL_foot,1.21497643,0.14354004,0.02142724
23.140000,0,RR_foot,1.07995069,-0.27204493,0.02021112
23.160000,0,FL_foot,1.59180439,0.05993254,0.02021472
23.160000,0,FR_foot,1.48885894,-0.40231970,0.02024165
23.160000,0,RL_foot,1.22456503,0.14720689,0.02142588
23.160000,0,RR_foot,1.07999671,-0.27181366,0.02021280
23.180000,0,FL_foot,1.59195149,0.05968698,0.02021323
23.180000,0,FR_foot,1.48444700,-0.40636048,0.02024294
23.180000,0,RL_foot,1.23299944,0.15129440,0.02135028
23.180000,0,RR_foot,1.08004856,-0.27157146,0.02021736
23.200000,0,FL_foot,1.59209168,0.05944308,0.02020905
23.200000,0,FR_foot,1.47962892,-0.41012576,0.02024293
23.200000,0,RL_foot,1.24037814,0.15553886,0.02123356
23.200000,0,RR_foot,1.08008575,-0.27135262,0.02021690
23.220000,0,FL_foot,1.59223318,0.05918894,0.02020773
23.220000,0,FR_foot,1.47442448,-0.41357821,0.02024509
23.220000,0,RL_foot,1.24680364,0.15968846,0.02111537
23.220000,0,RR_foot,1.08011949,-0.27114064,0.02022037
23.240000,0,FL_foot,1.59235859,0.05894814,0.02020425
23.240000,0,FR_foot,1.46897888,-0.41662332,0.02024623
23.240000,0,RL_foot,1.25238681,0.16354690,0.02100776
23.240000,0,RR_foot,1.08014882,-0.27093372,0.02022148
23.260000,0,FL_foot,1.59248090,0.05870726,0.02020011
23.260000,0,FR_foot,1.46352541,-0.41921452,0.02024752
23.260000,0,RL_foot,1.25722289,0.16693228,0.02090770
23.260000,0,RR_foot,1.08017385,-0.27073047,0.02021890
23.280000,0,FL_foot,1.59260464,0.05845590,0.02019712
23.280000,0,FR_foot,1.45834410,-0.42133272,0.02025128
23.280000,0,RL_foot,1.26142776,0.16975448,0.02080951
23.280000,0,RR_foot,1.08019531,-0.27053332,0.02022035
23.300000,0,FL_foot,1.59271634,0.05821438,0.02019290
23.300000,0,FR_foot,1.45354629,-0.42311800,0.02025184
23.300000,0,RL_foot,1.26509881,0.17200619,0.02068653
23.300000,0,RR_foot,1.08021450,-0.27034155,0.02022105
23.320000,0,FL_foot,1.59282827,0.05796996,0.02018933
23.320000,0,FR_foot,1.44911981,-0.42471913,0.02025221
23.320000,0,RL_foot,1.26831853,0.17379391,0.02051003
23.320000,0,RR_foot,1.08023238,-0.27015528,0.02022210
23.340000,0,FL_foot,1.59294355,0.05771947,0.02018409
23.340000,0,FR_foot,1.44510603,-0.42621297,0.02025227
23.340000,0,RL_foot,1.27097046,0.17516133,0.02025136
23.340000,0,RR_foot,1.08025122,-0.26997480,0.02022346
23.360000,0,FL_foot,1.59306049,0.05753229,0.02032953
23.360000,0,FR_foot,1.44493115,-0.42634070,0.02023888
23.360000,0,RL_foot,1.27114069,0.17522840,0.02020574
23.360000,0,RR_foot,1.08012903,-0.26983735,0.02026977
23.380000,0,FL_foot,1.59088624,0.05785752,0.02076735
23.380000,0,FR_foot,1.44477022,-0.42643595,0.02023904
23.380000,0,RL_foot,1.27123928,0.17531618,0.02020798
23.380000,0,RR_foot,1.08014417,-0.26971203,0.02026695
23.400000,0,FL_foot,1.58593440,0.05883567,0.02147072
23.400000,0,FR_foot,1.44461846,-0.42652610,0.02023990
23.400000,0,RL_foot,1.27133727,0.17541055,0.02020953
23.400000,0,RR_foot,1.08019710,-0.26959056,0.02026837
23.420000,0,FL_foot,1.57903326,0.05801795,0.02246284
23.420000,0,FR_foot,1.44445479,-0.42661405,0.02024050
23.420000,0,RL_foot,1.27143550,0.17552269,0.02021118
23.420000,0,RR_foot,1.08122611,-0.26897293,0.02027175
23.440000,0,FL_foot,1.57190251,0.05214290,0.02376143
23.440000,0,FR_foot,1.44427812,-0.42669910,0.02024192
23.440000,0,RL_foot,1.27152812,0.17565876,0.02021201
23.440000,0,RR_foot,1.08461058,-0.26529661,0.02026709
23.460000,0,FL_foot,1.56837356,0.04167617,0.02514854
23.460000,0,FR_foot,1.44408655,-0.42678440,0.02024327
23.460000,0,RL_foot,1.27161884,0.17581218,0.02021350
23.460000,0,RR_foot,1.08843839,-0.25736648,0.02025748
23.480000,0,FL_foot,1.57042193,0.02877815,0.02670412
23.480000,0,FR_foot,1.44386721,-0.42687061,0.02024260
23.480000,0,RL_foot,1.27170515,0.17597102,0.02020745
23.480000,0,RR_foot,1.09027123,-0.24336345,0.02028863
23.500000,0,FL_foot,1.57852256,0.01530805,0.02810083
23.500000,0,FR_foot,1.44361818,-0.42696145,0.02024383
23.500000,0,RL_foot,1.27177536,0.17612165,0.02021067
23.500000,0,RR_foot,1.08660913,-0.22652237,0.02033744
23.520000,0,FL_foot,1.59062350,0.00143853,0.02930000
23.520000,0,FR_foot,1.44335854,-0.42705628,0.02024303
23.520000,0,RL_foot,1.27183282,0.17625113,0.02021543
23.520000,0,RR_foot,1.07692420,-0.21037433,0.02023654
23.540000,0,FL_foot,1.60379469,-0.01195935,0.03041192
23.540000,0,FR_foot,1.44309473,-0.42716759,0.02024233
23.540000,0,RL_foot,1.27188969,0.17634928,0.02021466
23.540000,0,RR_foot,1.06463432,-0.19603169,0.02022715
23.560000,0,FL_foot,1.61581886,-0.02349858,0.03118842
23.560000,0,FR_foot,1.44279706,-0.42729321,0.02024296
23.560000,0,RL_foot,1.27195561,0.17644827,0.02022039
23.560000,0,RR_foot,1.05321395,-0.18488029,0.02022414
23.580000,0,FL_foot,1.62539887,-0.03300152,0.03151323
23.580000,0,FR_foot,1.44249368,-0.42742419,0.02024236
23.580000,0,RL_foot,1.27203262,0.17651522,0.02022294
23.580000,0,RR_foot,1.04405475,-0.17654327,0.02022017
23.600000,0,FL_foot,1.63229549,-0.04075421,0.03131697
23.600000,0,FR_foot,1.44217312,-0.42757475,0.02024294
23.600000,0,RL_foot,1.27212095,0.17656791,0.02022417
23.600000,0,RR_foot,1.03739786,-0.17071681,0.02021556
23.620000,0,FL_foot,1.63695121,-0.04712718,0.03062920
23.620000,0,FR_foot,1.44186103,-0.42773134,0.02024300
23.620000,0,RL_foot,1.27222002,0.17660767,0.02022266
23.620000,0,RR_foot,1.03264070,-0.16677432,0.02021678
23.640000,0,FL_foot,1.64004064,-0.05237964,0.02951777
23.640000,0,FR_foot,1.44156778,-0.42787766,0.02024147
23.640000,0,RL_foot,1.27233028,0.17663515,0.02022321
23.640000,0,RR_foot,1.02919412,-0.16415751,0.02021290
23.660000,0,FL_foot,1.64209986,-0.05658266,0.02796943
23.660000,0,FR_foot,1.44126987,-0.42803752,0.02024109
23.660000,0,RL_foot,1.27245688,0.17667250,0.02022425
23.660000,0,RR_foot,1.02700746,-0.16265541,0.02021295
23.680000,0,FL_foot,1.64345801,-0.05916432,0.02573413
23.680000,0,FR_foot,1.44096529,-0.42820609,0.02024087
23.680000,0,RL_foot,1.27260256,0.17669991,0.02022146
23.680000,0,RR_foot,1.02651966,-0.16227496,0.02020865
23.700000,0,FL_foot,1.64388108,-0.05880105,0.02235059
23.700000,0,FR_foot,1.44063759,-0.42838225,0.02023805
23.700000,0,RL_foot,1.27279580,0.17675281,0.02021984
23.700000,0,RR_foot,1.02658379,-0.16212341,0.02022308
23.720000,0,FL_foot,1.64371669,-0.05782649,0.02023458
23.720000,0,FR_foot,1.43927014,-0.42897564,0.02031984
23.720000,0,RL_foot,1.27413571,0.17836806,0.02084983
23.720000,0,RR_foot,1.02670646,-0.16194901,0.02018963
23.740000,0,FL_foot,1.64373851,-0.05815105,0.02023464
23.740000,0,FR_foot,1.43557763,-0.43043739,0.02023630
23.740000,0,RL_foot,1.27717900,0.18158132,0.02180034
23.740000,0,RR_foot,1.02681780,-0.16180097,0.02019177
23.760000,0,FL_foot,1.64379072,-0.05846228,0.02023186
23.760000,0,FR_foot,1.43134177,-0.43246850,0.02023202
23.760000,0,RL_foot,1.28205109,0.18260418,0.02230795
23.760000,0,RR_foot,1.02693856,-0.16163562,0.02019398
23.780000,0,FL_foot,1.64384854,-0.05875006,0.02022853
23.780000,0,FR_foot,1.42632580,-0.43506444,0.02023244
23.780000,0,RL_foot,1.28908205,0.18118767,0.02253259
23.780000,0,RR_foot,1.02706742,-0.16146544,0.02020060
23.800000,0,FL_foot,1.64391553,-0.05900876,0.02022547
23.800000,0,FR_foot,1.42042649,-0.43819249,0.02023095
23.800000,0,RL_foot,1.29786813,0.17811479,0.02254137
23.800000,0,RR_foot,1.02720177,-0.16127726,0.02019917
23.820000,0,FL_foot,1.64398658,-0.05925115,0.02022450
23.820000,0,FR_foot,1.41358614,-0.44181919,0.02023228
23.820000,0,RL_foot,1.30766809,0.17430580,0.02242722
23.820000,0,RR_foot,1.02736080,-0.16107152,0.02020350
23.840000,0,FL_foot,1.64405704,-0.05949827,0.02022283
23.840000,0,FR_foot,1.40579891,-0.44581038,0.02023690
23.840000,0,RL_foot,1.31780446,0.17063081,0.02224460
23.840000,0,RR_foot,1.02750647,-0.16086231,0.02020841
23.860000,0,FL_foot,1.64412308,-0.05972438,0.02021795
23.860000,0,FR_foot,1.39713788,-0.44988877,0.02023984
23.860000,0,RL_foot,1.32773900,0.16769059,0.02204215
23.860000,0,RR_foot,1.02766001,-0.16063988,0.02020598
23.880000,0,FL_foot,1.64418471,-0.05994457,0.02021603
23.880000,0,FR_foot,1.38774586,-0.45365986,0.02024010
23.880000,0,RL_foot,1.33716929,0.16575658,0.02188254
23.880000,0,RR_foot,1.02783477,-0.16040233,0.02020758
23.900000,0,FL_foot,1.64424145,-0.06018212,0.02021482
23.900000,0,FR_foot,1.37792170,-0.45670721,0.02024337
23.900000,0,RL_foot,1.34601760,0.16485290,0.02179513
23.900000,0,RR_foot,1.02799022,-0.16017269,0.02021014
23.920000,0,FL_foot,1.64428616,-0.06040594,0.02021035
23.920000,0,FR_foot,1.36817396,-0.45872799,0.02024456
23.920000,0,RL_foot,1.35426533,0.16490684,0.02178373
23.920000,0,RR_foot,1.02814209,-0.15994187,0.02020604
23.940000,0,FL_foot,1.64432347,-0.06063430,0.02020805
23.940000,0,FR_foot,1.35905683,-0.45966515,0.02024712
23.940000,0,RL_foot,1.36189508,0.16580459,0.02183295
23.940000,0,RR_foot,1.02830172,-0.15970393,0.02020762
23.960000,0,FL_foot,1.64435482,-0.06088406,0.02020708
23.960000,0,FR_foot,1.35100842,-0.45976546,0.02025141
23.960000,0,RL_foot,1.36884212,0.16731440,0.02190885
23.960000,0,RR_foot,1.02843392,-0.15948559,0.02021134
23.980000,0,FL_foot,1.64437151,-0.06112013,0.02020302
23.980000,0,FR_foot,1.34402323,-0.45930186,0.02025444
23.980000,0,RL_foot,1.37500453,0.16912377,0.02197260
23.980000,0,RR_foot,1.02855539,-0.15927236,0.02021089
24.000000,0,FL_foot,1.64438391,-0.06135897,0.02020150
24.000000,0,FR_foot,1.33803225,-0.45846790,0.02025759
24.000000,0,RL_foot,1.38037896,0.17096899,0.02200988
24.000000,0,RR_foot,1.02867949,-0.15905605,0.02021347
24.020000,0,FL_foot,1.64439321,-0.06161164,0.02019945
24.020000,0,FR_foot,1.33267760,-0.45744899,0.02025906
24.020000,0,RL_foot,1.38502300,0.17264317,0.02200301
24.020000,0,RR_foot,1.02878010,-0.15885966,0.02021607
24.040000,0,FL_foot,1.64439273,-0.06185031,0.02019602
24.040000,0,FR_foot,1.32763886,-0.45635149,0.02025844
24.040000,0,RL_foot,1.38904750,0.17402844,0.02194135
24.040000,0,RR_foot,1.02887321,-0.15866993,0.02021735
24.060000,0,FL_foot,1.64439106,-0.06209174,0.02019337
24.060000,0,FR_foot,1.32278180,-0.45522693,0.02025816
24.060000,0,RL_foot,1.39254904,0.17507829,0.02181913
24.060000,0,RR_foot,1.02896035,-0.15848771,0.02021903
24.080000,0,FL_foot,1.64438915,-0.06234270,0.02018729
24.080000,0,FR_foot,1.31804430,-0.45413283,0.02025667
24.080000,0,RL_foot,1.39561367,0.17581254,0.02162473
24.080000,0,RR_foot,1.02904332,-0.15831235,0.02021968
24.100000,0,FL_foot,1.64438236,-0.06258942,0.02018271
24.100000,0,FR_foot,1.31344390,-0.45311609,0.02025472
24.100000,0,RL_foot,1.39830267,0.17632101,0.02134877
24.100000,0,RR_foot,1.02912414,-0.15814407,0.02022044
24.120000,0,FL_foot,1.64437866,-0.06284727,0.02017955
24.120000,0,FR_foot,1.30907834,-0.45225185,0.02025390
24.120000,0,RL_foot,1.40062129,0.17671670,0.02097098
24.120000,0,RR_foot,1.02920473,-0.15798303,0.02022158
24.140000,0,FL_foot,1.64437747,-0.06311134,0.02017180
24.140000,0,FR_foot,1.30487311,-0.45165083,0.02025477
24.140000,0,RL_foot,1.40253079,0.17710166,0.02046664
24.140000,0,RR_foot,1.02928567,-0.15783335,0.02022337
24.160000,0,FL_foot,1.64371359,-0.06362554,0.02037273
24.160000,0,FR_foot,1.30328870,-0.45151159,0.02024149
24.160000,0,RL_foot,1.40296113,0.17714983,0.02019581
24.160000,0,RR_foot,1.02952099,-0.15734173,0.02029710
24.180000,0,FL_foot,1.63867640,-0.06495966,0.02108293
24.180000,0,FR_foot,1.30308223,-0.45154318,0.02024133
24.180000,0,RL_foot,1.40311062,0.17719176,0.02019996
24.180000,0,RR_foot,1.03067601,-0.15661140,0.02026989
24.200000,0,FL_foot,1.63516343,-0.06964666,0.02118246
24.200000,0,FR_foot,1.30296397,-0.45156303,0.02024132
24.200000,0,RL_foot,1.40318847,0.17719312,0.02020019
24.200000,0,RR_foot,1.03135920,-0.15307608,0.02026981
24.220000,0,FL_foot,1.63275409,-0.07508376,0.02111034
24.220000,0,FR_foot,1.30288744,-0.45157653,0.02024176
24.220000,0,RL_foot,1.40322542,0.17720488,0.02020074
24.220000,0,RR_foot,1.03082347,-0.14985143,0.02026988
24.240000,0,FL_foot,1.63163638,-0.07916670,0.02102667
24.240000,0,FR_foot,1.30281126,-0.45157975,0.02024132
24.240000,0,RL_foot,1.40325296,0.17720287,0.02020082
24.240000,0,RR_foot,1.02997267,-0.14712952,0.02027186
24.260000,0,FL_foot,1.63158488,-0.08202136,0.02088238
24.260000,0,FR_foot,1.30273223,-0.45157889,0.02024124
24.260000,0,RL_foot,1.40326381,0.17720547,0.02020082
24.260000,0,RR_foot,1.02903640,-0.14504600,0.02027031
24.280000,0,FL_foot,1.63226664,-0.08390845,0.02068150
24.280000,0,FR_foot,1.30266666,-0.45157480,0.02024145
24.280000,0,RL_foot,1.40325606,0.17720990,0.02020079
24.280000,0,RR_foot,1.02821910,-0.14365306,0.02027252
24.300000,0,FL_foot,1.63427818,-0.08741505,0.02021636
24.300000,0,FR_foot,1.30274642,-0.45153886,0.02023922
24.300000,0,RL_foot,1.40316284,0.17714894,0.02019943
24.300000,0,RR_foot,1.02524579,-0.13870798,0.02025788
24.320000,0,FL_foot,1.63426745,-0.08720625,0.02018948
24.320000,0,FR_foot,1.30289471,-0.45149621,0.02025113
24.320000,0,RL_foot,1.40300143,0.17711705,0.02025120
24.320000,0,RR_foot,1.02460134,-0.13824344,0.02021246
24.340000,0,FL_foot,1.63425446,-0.08697211,0.02019050
24.340000,0,FR_foot,1.30282247,-0.44916102,0.02059178
24.340000,0,RL_foot,1.40233350,0.17189866,0.02037033
24.340000,0,RR_foot,1.02451038,-0.13838176,0.02021593
24.360000,0,FL_foot,1.63428187,-0.08674814,0.02020110
24.360000,0,FR_foot,1.30402982,-0.44226867,0.02112405
24.360000,0,RL_foot,1.39700449,0.15902920,0.02113567
24.360000,0,RR_foot,1.02443159,-0.13851430,0.02021836
24.380000,0,FL_foot,1.63431466,-0.08651660,0.02020695
24.380000,0,FR_foot,1.30700910,-0.43496564,0.02134539
24.380000,0,RL_foot,1.38501346,0.14298762,0.02383757
24.380000,0,RR_foot,1.02439463,-0.13863075,0.02021693
24.400000,0,FL_foot,1.63435030,-0.08628595,0.02020510
24.400000,0,FR_foot,1.31156969,-0.43065396,0.02122372
24.400000,0,RL_foot,1.37109280,0.13278669,0.02732304
24.400000,0,RR_foot,1.02438402,-0.13874495,0.02021010
24.420000,0,FL_foot,1.63439107,-0.08605865,0.02020558
24.420000,0,FR_foot,1.31886148,-0.42900497,0.02098313
24.420000,0,RL_foot,1.35699821,0.12999976,0.03004010
24.420000,0,RR_foot,1.02438748,-0.13887140,0.02020553
24.440000,0,FL_foot,1.63444066,-0.08583275,0.02020820
24.440000,0,FR_foot,1.32883799,-0.42938352,0.02073191
24.440000,0,RL_foot,1.34365416,0.13305321,0.03145237
24.440000,0,RR_foot,1.02439332,-0.13901681,0.02020264
24.460000,0,FL_foot,1.63448060,-0.08561279,0.02020736
24.460000,0,FR_foot,1.34074569,-0.43091410,0.02046692
24.460000,0,RL_foot,1.33179772,0.14012869,0.03159427
24.460000,0,RR_foot,1.02439916,-0.13918547,0.02020068
24.480000,0,FL_foot,1.63453519,-0.08537232,0.02021973
24.480000,0,FR_foot,1.35134959,-0.43252212,0.02022400
24.480000,0,RL_foot,1.32152438,0.14904921,0.03081512
24.480000,0,RR_foot,1.02438807,-0.13937996,0.02023808
24.500000,0,FL_foot,1.63457251,-0.08515532,0.02021687
24.500000,0,FR_foot,1.35702217,-0.43306553,0.02023721
24.500000,0,RL_foot,1.31281400,0.15754558,0.02911107
24.500000,0,RR_foot,1.02436531,-0.13954970,0.02019816
24.520000,0,FL_foot,1.63459182,-0.08495699,0.02021745
24.520000,0,FR_foot,1.36406517,-0.43309042,0.02023301
24.520000,0,RL_foot,1.30560517,0.16519623,0.02772810
24.520000,0,RR_foot,1.02433097,-0.13971269,0.02020465
24.540000,0,FL_foot,1.63460946,-0.08474401,0.02022047
24.540000,0,FR_foot,1.37004292,-0.43301374,0.02023563
24.540000,0,RL_foot,1.29969859,0.17139375,0.02631021
24.540000,0,RR_foot,1.02428174,-0.13987441,0.02019844
24.560000,0,FL_foot,1.63461375,-0.08453168,0.02022259
24.560000,0,FR_foot,1.37365031,-0.43294463,0.02023743
24.560000,0,RL_foot,1.29530680,0.17625310,0.02450429
24.560000,0,RR_foot,1.02421045,-0.14003243,0.02018884
24.580000,0,FL_foot,1.63459289,-0.08431678,0.02022459
24.580000,0,FR_foot,1.37389457,-0.43290311,0.02023457
24.580000,0,RL_foot,1.29392219,0.18068442,0.02155765
24.580000,0,RR_foot,1.02411234,-0.14017993,0.02019153
24.600000,0,FL_foot,1.63489234,-0.08238911,0.02074357
24.600000,0,FR_foot,1.37415373,-0.43284005,0.02023596
24.600000,0,RL_foot,1.29474139,0.18232509,0.02024543
24.600000,0,RR_foot,1.02367032,-0.14140330,0.02038552
24.620000,0,FL_foot,1.63357973,-0.07891510,0.02108503
24.620000,0,FR_foot,1.37440526,-0.43278521,0.02022927
24.620000,0,RL_foot,1.29458082,0.18217170,0.02022036
24.620000,0,RR_foot,1.02184033,-0.14566080,0.02068965
24.640000,0,FL_foot,1.62968552,-0.07396647,0.02106882
24.640000,0,FR_foot,1.37467027,-0.43272984,0.02023270
24.640000,0,RL_foot,1.29440737,0.18197633,0.02022540
24.640000,0,RR_foot,1.01982713,-0.15262200,0.02112492
24.660000,0,FL_foot,1.62423360,-0.06727165,0.02068917
24.660000,0,FR_foot,1.37492442,-0.43268117,0.02023202
24.660000,0,RL_foot,1.29423571,0.18178327,0.02022045
24.660000,0,RR_foot,1.01864696,-0.16156673,0.02166006
24.680000,0,FL_foot,1.61839724,-0.05980971,0.02023121
24.680000,0,FR_foot,1.37518072,-0.43263099,0.02023266
24.680000,0,RL_foot,1.29405868,0.18157972,0.02021054
24.680000,0,RR_foot,1.01816952,-0.17197976,0.02215385
24.700000,0,FL_foot,1.61345971,-0.05342903,0.02022776
24.700000,0,FR_foot,1.37545848,-0.43257105,0.02023375
24.700000,0,RL_foot,1.29385924,0.18135609,0.02020704
24.700000,0,RR_foot,1.01836491,-0.18344784,0.02226055
24.720000,0,FL_foot,1.60888612,-0.04628130,0.02022935
24.720000,0,FR_foot,1.37571979,-0.43251356,0.02023231
24.720000,0,RL_foot,1.29367149,0.18115826,0.02020612
24.720000,0,RR_foot,1.01927471,-0.19556051,0.02227896
24.740000,0,FL_foot,1.60476112,-0.03863784,0.02022954
24.740000,0,FR_foot,1.37598169,-0.43245417,0.02022965
24.740000,0,RL_foot,1.29348302,0.18096328,0.02019994
24.740000,0,RR_foot,1.02086270,-0.20777307,0.02232045
24.760000,0,FL_foot,1.60113418,-0.03055609,0.02023580
24.760000,0,FR_foot,1.37625492,-0.43238708,0.02023043
24.760000,0,RL_foot,1.29328763,0.18075432,0.02020451
24.760000,0,RR_foot,1.02301943,-0.21944988,0.02243510
24.780000,0,FL_foot,1.59800732,-0.02215598,0.02025624
24.780000,0,FR_foot,1.37651491,-0.43232042,0.02022866
24.780000,0,RL_foot,1.29310513,0.18057562,0.02020495
24.780000,0,RR_foot,1.02555561,-0.23015198,0.02259210
24.800000,0,FL_foot,1.59536612,-0.01361194,0.02033418
24.800000,0,FR_foot,1.37677658,-0.43224856,0.02022750
24.800000,0,RL_foot,1.29292226,0.18040195,0.02020224
24.800000,0,RR_foot,1.02820182,-0.23964658,0.02271220
24.820000,0,FL_foot,1.59311688,-0.00477388,0.02051176
24.820000,0,FR_foot,1.37705135,-0.43216777,0.02022818
24.820000,0,RL_foot,1.29273295,0.18021992,0.02020243
24.820000,0,RR_foot,1.03072250,-0.24784817,0.02271077
24.840000,0,FL_foot,1.59136522,0.00382962,0.02078566
24.840000,0,FR_foot,1.37731862,-0.43208185,0.02022795
24.840000,0,RL_foot,1.29254639,0.18006678,0.02020187
24.840000,0,RR_foot,1.03300846,-0.25481057,0.02254935
24.860000,0,FL_foot,1.59027851,0.01191056,0.02108396
24.860000,0,FR_foot,1.37759054,-0.43198967,0.02022752
24.860000,0,RL_foot,1.29235768,0.17991906,0.02020132
24.860000,0,RR_foot,1.03505933,-0.26057512,0.02221863
24.880000,0,FL_foot,1.58977461,0.01932531,0.02134892
24.880000,0,FR_foot,1.37786698,-0.43189305,0.02022799
24.880000,0,RL_foot,1.29216719,0.17976385,0.02020145
24.880000,0,RR_foot,1.03689826,-0.26517230,0.02173078
24.900000,0,FL_foot,1.58967113,0.02597348,0.02154489
24.900000,0,FR_foot,1.37813878,-0.43178391,0.02022775
24.900000,0,RL_foot,1.29197657,0.17963125,0.02020164
24.900000,0,RR_foot,1.03855669,-0.26865423,0.02109646
24.920000,0,FL_foot,1.58987701,0.03182564,0.02163061
24.920000,0,FR_foot,1.37841320,-0.43166614,0.02022795
24.920000,0,RL_foot,1.29178441,0.17950584,0.02020167
24.920000,0,RR_foot,1.04001999,-0.27094635,0.02032216
24.940000,0,FL_foot,1.58985484,0.03667592,0.02079181
24.940000,0,FR_foot,1.37866926,-0.43155581,0.02022455
24.940000,0,RL_foot,1.29161954,0.17937440,0.02020023
24.940000,0,RR_foot,1.04000306,-0.27115273,0.02027323
24.960000,0,FL_foot,1.59008706,0.03879243,0.02016244
24.960000,0,FR_foot,1.37916601,-0.43106207,0.02030463
24.960000,0,RL_foot,1.29111099,0.17896691,0.02038274
24.960000,0,RR_foot,1.04002607,-0.27135348,0.02021642
24.980000,0,FL_foot,1.58998501,0.03906390,0.02017695
24.980000,0,FR_foot,1.38239586,-0.42607507,0.02032833
24.980000,0,RL_foot,1.28946579,0.17161085,0.02151475
24.980000,0,RR_foot,1.03998327,-0.27148482,0.02023328
25.000000,0,FL_foot,1.58990765,0.03932158,0.02018767
25.000000,0,FR_foot,1.38619947,-0.42062560,0.02022453
25.000000,0,RL_foot,1.28645408,0.15815987,0.02370582
25.000000,0,RR_foot,1.03996599,-0.27161348,0.02022861
25.020000,0,FL_foot,1.58980405,0.03957808,0.02018939
25.020000,0,FR_foot,1.39071620,-0.41625655,0.02022082
25.020000,0,RL_foot,1.28040671,0.14533702,0.02634074
25.020000,0,RR_foot,1.03994071,-0.27175602,0.02022783
25.040000,0,FL_foot,1.58970881,0.03981482,0.02018929
25.040000,0,FR_foot,1.39723289,-0.41303810,0.02021698
25.040000,0,RL_foot,1.27142465,0.13677868,0.02852871
25.040000,0,RR_foot,1.03991544,-0.27190936,0.02022484
25.060000,0,FL_foot,1.58962083,0.04003739,0.02019069
25.060000,0,FR_foot,1.40637445,-0.41068280,0.02021412
25.060000,0,RL_foot,1.26046324,0.13215488,0.02998534
25.060000,0,RR_foot,1.03988719,-0.27207291,0.02022126
25.080000,0,FL_foot,1.58952463,0.04025700,0.02019224
25.080000,0,FR_foot,1.41788721,-0.40906072,0.02021343
25.080000,0,RL_foot,1.24875867,0.13065860,0.03072669
25.080000,0,RR_foot,1.03985834,-0.27225193,0.02021724
25.100000,0,FL_foot,1.58942950,0.04048140,0.02019440
25.100000,0,FR_foot,1.43075824,-0.40804869,0.02022435
25.100000,0,RL_foot,1.23720157,0.13146935,0.03086459
25.100000,0,RR_foot,1.03983402,-0.27244577,0.02021525
25.120000,0,FL_foot,1.58932984,0.04070129,0.02019582
25.120000,0,FR_foot,1.44381237,-0.40749067,0.02022387
25.120000,0,RL_foot,1.22631252,0.13378085,0.03056041
25.120000,0,RR_foot,1.03981113,-0.27265334,0.02021183
25.140000,0,FL_foot,1.58922684,0.04092686,0.02019899
25.140000,0,FR_foot,1.45585823,-0.40723428,0.02022871
25.140000,0,RL_foot,1.21636558,0.13685451,0.02994293
25.140000,0,RR_foot,1.03979588,-0.27287328,0.02021163
25.160000,0,FL_foot,1.58912289,0.04114842,0.02020299
25.160000,0,FR_foot,1.46607065,-0.40692621,0.02023353
25.160000,0,RL_foot,1.20742333,0.13994537,0.02918789
25.160000,0,RR_foot,1.03977621,-0.27309400,0.02021221
25.180000,0,FL_foot,1.58901739,0.04135064,0.02020486
25.180000,0,FR_foot,1.47406352,-0.40647918,0.02023885
25.180000,0,RL_foot,1.19951761,0.14257953,0.02836525
25.180000,0,RR_foot,1.03975737,-0.27331451,0.02021337
25.200000,0,FL_foot,1.58891153,0.04155607,0.02020852
25.200000,0,FR_foot,1.47927964,-0.40596920,0.02024218
25.200000,0,RL_foot,1.19261777,0.14452665,0.02745399
25.200000,0,RR_foot,1.03972554,-0.27352890,0.02021349
25.220000,0,FL_foot,1.58880496,0.04175112,0.02021175
25.220000,0,FR_foot,1.48219860,-0.40546599,0.02024326
25.220000,0,RL_foot,1.18670392,0.14590979,0.02642983
25.220000,0,RR_foot,1.03968465,-0.27373186,0.02021019
25.240000,0,FL_foot,1.58869505,0.04192463,0.02021282
25.240000,0,FR_foot,1.48371863,-0.40498963,0.02024413
25.240000,0,RL_foot,1.18179166,0.14709592,0.02524034
25.240000,0,RR_foot,1.03964114,-0.27392220,0.02020750
25.260000,0,FL_foot,1.58857727,0.04211593,0.02021663
25.260000,0,FR_foot,1.48392010,-0.40487614,0.02024788
25.260000,0,RL_foot,1.17833841,0.14881624,0.02359023
25.260000,0,RR_foot,1.03958309,-0.27412155,0.02020251
25.280000,0,FL_foot,1.58844233,0.04233051,0.02021938
25.280000,0,FR_foot,1.48410308,-0.40473527,0.02024567
25.280000,0,RL_foot,1.17727435,0.15194324,0.02130327
25.280000,0,RR_foot,1.03951943,-0.27433673,0.02019537
25.300000,0,FL_foot,1.58755600,0.04344561,0.02059311
25.300000,0,FR_foot,1.48433399,-0.40456477,0.02023975
25.300000,0,RL_foot,1.17743850,0.15314172,0.02021755
25.300000,0,RR_foot,1.03952420,-0.27555323,0.02038017
25.320000,0,FL_foot,1.58479059,0.04966683,0.02022023
25.320000,0,FR_foot,1.48443735,-0.40450576,0.02024155
25.320000,0,RL_foot,1.17734480,0.15302727,0.02018643
25.320000,0,RR_foot,1.04436910,-0.27767804,0.02023334
25.340000,0,FL_foot,1.58423972,0.05094029,0.02021914
25.340000,0,FR_foot,1.48444641,-0.40448663,0.02024754
25.340000,0,RL_foot,1.17731190,0.15294155,0.02019340
25.340000,0,RR_foot,1.04788435,-0.27862448,0.02022609
25.360000,0,FL_foot,1.58432889,0.05104159,0.02023233
25.360000,0,FR_foot,1.48442483,-0.40450227,0.02024589
25.360000,0,RL_foot,1.17728853,0.15289971,0.02019877
25.360000,0,RR_foot,1.04927421,-0.27925548,0.02023582
25.380000,0,FL_foot,1.58431280,0.05098458,0.02022587
25.380000,0,FR_foot,1.48436487,-0.40454587,0.02024720
25.380000,0,RL_foot,1.17727029,0.15286429,0.02022955
25.380000,0,RR_foot,1.04934192,-0.27936220,0.02022851
25.400000,0,FL_foot,1.58429098,0.05092765,0.02022232
25.400000,0,FR_foot,1.48430145,-0.40459001,0.02024679
25.400000,0,RL_foot,1.17724407,0.15282831,0.02023983
25.400000,0,RR_foot,1.04928982,-0.27939340,0.02021734
25.420000,0,FL_foot,1.58425891,0.05087523,0.02022495
25.420000,0,FR_foot,1.48424995,-0.40463373,0.02024758
25.420000,0,RL_foot,1.17721355,0.15276989,0.02023125
25.420000,0,RR_foot,1.04922962,-0.27944168,0.02022563
25.440000,0,FL_foot,1.58422363,0.05082272,0.02022509
25.440000,0,FR_foot,1.48418820,-0.40467823,0.02024755
25.440000,0,RL_foot,1.17717957,0.15271613,0.02023086
25.440000,0,RR_foot,1.04916227,-0.27948931,0.02022791
25.460000,0,FL_foot,1.58419144,0.05076433,0.02022372
25.460000,0,FR_foot,1.48412395,-0.40472254,0.02024752
25.460000,0,RL_foot,1.17714524,0.15266514,0.02023414
25.460000,0,RR_foot,1.04909897,-0.27953100,0.02022581
25.480000,0,FL_foot,1.58415425,0.05071590,0.02022428
25.480000,0,FR_foot,1.48406446,-0.40476280,0.02024730
25.480000,0,RL_foot,1.17710793,0.15261441,0.02023377
25.480000,0,RR_foot,1.04903483,-0.27957162,0.02022609
25.500000,0,FL_foot,1.58411968,0.05066817,0.02022382
25.500000,0,FR_foot,1.48400569,-0.40479848,0.02024767
25.500000,0,RL_foot,1.17707288,0.15256694,0.02023268
25.500000,0,RR_foot,1.04897022,-0.27961206,0.02022666
25.520000,0,FL_foot,1.58408320,0.05062964,0.02022352
25.520000,0,FR_foot,1.48395216,-0.40482882,0.02024790
25.520000,0,RL_foot,1.17703605,0.15252694,0.02023357
25.520000,0,RR_foot,1.04891324,-0.27964383,0.02022586
25.540000,0,FL_foot,1.58405066,0.05059506,0.02022322
25.540000,0,FR_foot,1.48390293,-0.40485302,0.02024831
25.540000,0,RL_foot,1.17700410,0.15249130,0.02023326
25.540000,0,RR_foot,1.04885662,-0.27967367,0.02022264
25.560000,0,FL_foot,1.58401787,0.05057157,0.02022333
25.560000,0,FR_foot,1.48386073,-0.40487036,0.02024839
25.560000,0,RL_foot,1.17697072,0.15246427,0.02023417
25.560000,0,RR_foot,1.04881120,-0.27969286,0.02022189
25.580000,0,FL_foot,1.58398604,0.05055701,0.02022383
25.580000,0,FR_foot,1.48382437,-0.40488040,0.02024842
25.580000,0,RL_foot,1.17693865,0.15244229,0.02023437
25.580000,0,RR_foot,1.04876697,-0.27971148,0.02022196
25.600000,0,FL_foot,1.58395863,0.05054501,0.02022373
25.600000,0,FR_foot,1.48379290,-0.40488490,0.02024899
25.600000,0,RL_foot,1.17691183,0.15242761,0.02023427
25.600000,0,RR_foot,1.04873228,-0.27971977,0.02022203
25.620000,0,FL_foot,1.58393073,0.05054430,0.02022389
25.620000,0,FR_foot,1.48377001,-0.40488312,0.02024931
25.620000,0,RL_foot,1.17688417,0.15241864,0.02023469
25.620000,0,RR_foot,1.04870069,-0.27972785,0.02022221
25.640000,0,FL_foot,1.58390534,0.05055002,0.02022429
25.640000,0,FR_foot,1.48375142,-0.40487576,0.02024961
25.640000,0,RL_foot,1.17685843,0.15241492,0.02023504
25.640000,0,RR_foot,1.04867446,-0.27973130,0.02022277
25.660000,0,FL_foot,1.58388507,0.05055713,0.02022446
25.660000,0,FR_foot,1.48373735,-0.40486416,0.02024997
25.660000,0,RL_foot,1.17683542,0.15241702,0.02023553
25.660000,0,RR_foot,1.04865742,-0.27972439,0.02022249
25.680000,0,FL_foot,1.58386338,0.05057285,0.02022490
25.680000,0,FR_foot,1.48372710,-0.40484858,0.02024998
25.680000,0,RL_foot,1.17681706,0.15242374,0.02023575
25.680000,0,RR_foot,1.04864085,-0.27971968,0.02022251
25.700000,0,FL_foot,1.58384418,0.05059221,0.02022519
25.700000,0,FR_foot,1.48372197,-0.40482998,0.02025045
25.700000,0,RL_foot,1.17679751,0.15243246,0.02023558
25.700000,0,RR_foot,1.04862869,-0.27971253,0.02022301
25.720000,0,FL_foot,1.58382726,0.05061433,0.02022558
25.720000,0,FR_foot,1.48371971,-0.40480945,0.02025065
25.720000,0,RL_foot,1.17678058,0.15244414,0.02023582
25.720000,0,RR_foot,1.04862046,-0.27970296,0.02022322
25.740000,0,FL_foot,1.58381486,0.05063342,0.02022578
25.740000,0,FR_foot,1.48372173,-0.40478820,0.02025085
25.740000,0,RL_foot,1.17676592,0.15245795,0.02023626
25.740000,0,RR_foot,1.04861510,-0.27969167,0.02022319
25.760000,0,FL_foot,1.58380151,0.05065741,0.02022610
25.760000,0,FR_foot,1.48372400,-0.40476620,0.02025113
25.760000,0,RL_foot,1.17675221,0.15247260,0.02023661
25.760000,0,RR_foot,1.04861200,-0.27967972,0.02022332
25.780000,0,FL_foot,1.58379006,0.05068146,0.02022664
25.780000,0,FR_foot,1.48372841,-0.40474421,0.02025139
25.780000,0,RL_foot,1.17674398,0.15248799,0.02023670
25.780000,0,RR_foot,1.04861081,-0.27966765,0.02022417
25.800000,0,FL_foot,1.58378005,0.05070448,0.02022686
25.800000,0,FR_foot,1.48373318,-0.40472355,0.02025154
25.800000,0,RL_foot,1.17673421,0.15250285,0.02023705
25.800000,0,RR_foot,1.04861081,-0.27965513,0.02022390
25.820000,0,FL_foot,1.58377385,0.05072173,0.02022695
25.820000,0,FR_foot,1.48373818,-0.40470436,0.02025176
25.820000,0,RL_foot,1.17672575,0.15251739,0.02023738
25.820000,0,RR_foot,1.04861248,-0.27964327,0.02022390
25.840000,0,FL_foot,1.58376694,0.05074147,0.02022732
25.840000,0,FR_foot,1.48374474,-0.40468735,0.02025181
25.840000,0,RL_foot,1.17671895,0.15253074,0.02023746
25.840000,0,RR_foot,1.04861796,-0.27962723,0.02022405
25.860000,0,FL_foot,1.58376098,0.05075914,0.02022758
25.860000,0,FR_foot,1.48375034,-0.40467152,0.02025183
25.860000,0,RL_foot,1.17671323,0.15254246,0.02023754
25.860000,0,RR_foot,1.04861987,-0.27961767,0.02022430
25.880000,0,FL_foot,1.58375680,0.05077418,0.02022778
25.880000,0,FR_foot,1.48375547,-0.40465823,0.02025203
25.880000,0,RL_foot,1.17670906,0.15255256,0.02023749
25.880000,0,RR_foot,1.04862273,-0.27960929,0.02022464
25.900000,0,FL_foot,1.58375347,0.05078664,0.02022808
25.900000,0,FR_foot,1.48375964,-0.40464723,0.02025207
25.900000,0,RL_foot,1.17670584,0.15256138,0.02023791
25.900000,0,RR_foot,1.04862511,-0.27960214,0.02022454
25.920000,0,FL_foot,1.58375132,0.05079630,0.02022818
25.920000,0,FR_foot,1.48376322,-0.40463877,0.02025210
25.920000,0,RL_foot,1.17670345,0.15256824,0.02023812
25.920000,0,RR_foot,1.04862714,-0.27959648,0.02022479
25.940000,0,FL_foot,1.58374918,0.05080361,0.02022825
25.940000,0,FR_foot,1.48376596,-0.40463242,0.02025225
25.940000,0,RL_foot,1.17670476,0.15257327,0.02023783
25.940000,0,RR_foot,1.04862845,-0.27959269,0.02022493
25.960000,0,FL_foot,1.58375108,0.05080374,0.02022806
25.960000,0,FR_foot,1.48376822,-0.40462837,0.02025210
25.960000,0,RL_foot,1.17670405,0.15257676,0.02023794
25.960000,0,RR_foot,1.04863036,-0.27958983,0.02022483
25.980000,0,FL_foot,1.58375025,0.05080634,0.02022823
25.980000,0,FR_foot,1.48376918,-0.40462661,0.02025234
25.980000,0,RL_foot,1.17670369,0.15257853,0.02023813
25.980000,0,RR_foot,1.04863119,-0.27958831,0.02022481
26.000000,0,FL_foot,1.58375061,0.05080689,0.02022835
26.000000,0,FR_foot,1.48376966,-0.40462601,0.02025225
26.000000,0,RL_foot,1.17670429,0.15257864,0.02023811
26.000000,0,RR_foot,1.04863191,-0.27958816,0.02022502
26.020000,0,FL_foot,1.58375144,0.05080536,0.02022826
26.020000,0,FR_foot,1.48376942,-0.40462741,0.02025217
26.020000,0,RL_foot,1.17670500,0.15257809,0.02023800
26.020000,0,RR_foot,1.04863203,-0.27958870,0.02022490
26.040000,0,FL_foot,1.58375204,0.05080261,0.02022816
26.040000,0,FR_foot,1.48376834,-0.40462980,0.02025221
26.040000,0,RL_foot,1.17670584,0.15257615,0.02023803
26.040000,0,RR_foot,1.04863143,-0.27959028,0.02022485
26.060000,0,FL_foot,1.58375347,0.05079878,0.02022814
26.060000,0,FR_foot,1.48376727,-0.40463340,0.02025204
26.060000,0,RL_foot,1.17670655,0.15257357,0.02023810
26.060000,0,RR_foot,1.04863083,-0.27959251,0.02022480
26.080000,0,FL_foot,1.58375514,0.05079390,0.02022799
26.080000,0,FR_foot,1.48376572,-0.40463769,0.02025221
26.080000,0,RL_foot,1.17670858,0.15257004,0.02023784
26.080000,0,RR_foot,1.04863036,-0.27959520,0.02022489
26.100000,0,FL_foot,1.58375597,0.05078878,0.02022798
26.100000,0,FR_foot,1.48376405,-0.40464234,0.02025189
26.100000,0,RL_foot,1.17670977,0.15256654,0.02023804
26.100000,0,RR_foot,1.04862916,-0.27959827,0.02022474
26.120000,0,FL_foot,1.58375776,0.05078302,0.02022807
26.120000,0,FR_foot,1.48376215,-0.40464714,0.02025200
26.120000,0,RL_foot,1.17671144,0.15256263,0.02023790
26.120000,0,RR_foot,1.04862833,-0.27960145,0.02022465
26.140000,0,FL_foot,1.58375955,0.05077730,0.02022803
26.140000,0,FR_foot,1.48376000,-0.40465233,0.02025208
26.140000,0,RL_foot,1.17671275,0.15255851,0.02023769
26.140000,0,RR_foot,1.04862702,-0.27960491,0.02022471
26.160000,0,FL_foot,1.58376098,0.05077181,0.02022805
26.160000,0,FR_foot,1.48375845,-0.40465730,0.02025207
26.160000,0,RL_foot,1.17671430,0.15255469,0.02023789
26.160000,0,RR_foot,1.04862607,-0.27960807,0.02022475
26.180000,0,FL_foot,1.58376276,0.05076651,0.02022780
26.180000,0,FR_foot,1.48375654,-0.40466189,0.02025193
26.180000,0,RL_foot,1.17671573,0.15255108,0.02023774
26.180000,0,RR_foot,1.04862523,-0.27961114,0.02022466
26.200000,0,FL_foot,1.58376396,0.05076157,0.02022760
26.200000,0,FR_foot,1.48375487,-0.40466639,0.02025190
26.200000,0,RL_foot,1.17671716,0.15254746,0.02023766
26.200000,0,RR_foot,1.04862440,-0.27961394,0.02022485
26.220000,0,FL_foot,1.58376503,0.05075733,0.02022775
26.220000,0,FR_foot,1.48375380,-0.40467009,0.02025179
26.220000,0,RL_foot,1.17671883,0.15254465,0.02023773
26.220000,0,RR_foot,1.04862356,-0.27961621,0.02022464
26.240000,0,FL_foot,1.58376622,0.05075332,0.02022762
26.240000,0,FR_foot,1.48375237,-0.40467346,0.02025163
26.240000,0,RL_foot,1.17671955,0.15254185,0.02023762
26.240000,0,RR_foot,1.04862297,-0.27961853,0.02022457
26.260000,0,FL_foot,1.58376694,0.05075023,0.02022762
26.260000,0,FR_foot,1.48375106,-0.40467641,0.02025193
26.260000,0,RL_foot,1.17672050,0.15253972,0.02023746
26.260000,0,RR_foot,1.04862237,-0.27962038,0.02022469
26.280000,0,FL_foot,1.58376813,0.05074761,0.02022743
26.280000,0,FR_foot,1.48375034,-0.40467858,0.02025188
26.280000,0,RL_foot,1.17672145,0.15253797,0.02023740
26.280000,0,RR_foot,1.04862201,-0.27962175,0.02022476
26.300000,0,FL_foot,1.58376896,0.05074566,0.02022753
26.300000,0,FR_foot,1.48375022,-0.40468034,0.02025180
26.300000,0,RL_foot,1.17672205,0.15253676,0.02023747
26.300000,0,RR_foot,1.04862201,-0.27962291,0.02022482
26.320000,0,FL_foot,1.58376956,0.05074434,0.02022743
26.320000,0,FR_foot,1.48374987,-0.40468156,0.02025186
26.320000,0,RL_foot,1.17672265,0.15253605,0.02023749
26.320000,0,RR_foot,1.04862177,-0.27962348,0.02022465
26.340000,0,FL_foot,1.58376992,0.05074369,0.02022755
26.340000,0,FR_foot,1.48374999,-0.40468213,0.02025166
26.340000,0,RL_foot,1.17672336,0.15253547,0.02023751
26.340000,0,RR_foot,1.04862201,-0.27962393,0.02022447
26.360000,0,FL_foot,1.58377016,0.05074338,0.02022758
26.360000,0,FR_foot,1.48374999,-0.40468249,0.02025181
26.360000,0,RL_foot,1.17672336,0.15253530,0.02023738
26.360000,0,RR_foot,1.04862165,-0.27962387,0.02022461
26.380000,0,FL_foot,1.58377099,0.05074353,0.02022745
26.380000,0,FR_foot,1.48375022,-0.40468234,0.02025170
26.380000,0,RL_foot,1.17672396,0.15253554,0.02023749
26.380000,0,RR_foot,1.04862261,-0.27962378,0.02022466
26.400000,0,FL_foot,1.58377075,0.05074405,0.02022745
26.400000,0,FR_foot,1.48375046,-0.40468189,0.02025176
26.400000,0,RL_foot,1.17672420,0.15253608,0.02023743
26.400000,0,RR_foot,1.04862309,-0.27962348,0.02022462
26.420000,0,FL_foot,1.58377051,0.05074493,0.02022756
26.420000,0,FR_foot,1.48375094,-0.40468109,0.02025172
26.420000,0,RL_foot,1.17672384,0.15253669,0.02023743
26.420000,0,RR_foot,1.04862309,-0.27962291,0.02022463
26.440000,0,FL_foot,1.58377111,0.05074609,0.02022772
26.440000,0,FR_foot,1.48375213,-0.40468031,0.02025164
26.440000,0,RL_foot,1.17672420,0.15253767,0.02023766
26.440000,0,RR_foot,1.04862416,-0.27962193,0.02022451
26.460000,0,FL_foot,1.58377111,0.05074723,0.02022741
26.460000,0,FR_foot,1.48375309,-0.40467933,0.02025178
26.460000,0,RL_foot,1.17672443,0.15253846,0.02023735
26.460000,0,RR_foot,1.04862487,-0.27962142,0.02022478
26.480000,0,FL_foot,1.58377051,0.05074849,0.02022745
26.480000,0,FR_foot,1.48375320,-0.40467817,0.02025184
26.480000,0,RL_foot,1.17672396,0.15253933,0.02023742
26.480000,0,RR_foot,1.04862511,-0.27962047,0.02022465
26.500000,0,FL_foot,1.58377111,0.05074980,0.02022757
26.500000,0,FR_foot,1.48375428,-0.40467700,0.02025173
26.500000,0,RL_foot,1.17672420,0.15254056,0.02023758
26.500000,0,RR_foot,1.04862583,-0.27961960,0.02022477
26.520000,0,FL_foot,1.58377075,0.05075117,0.02022757
26.520000,0,FR_foot,1.48375487,-0.40467590,0.02025183
26.520000,0,RL_foot,1.17672396,0.15254134,0.02023737
26.520000,0,RR_foot,1.04862618,-0.27961883,0.02022469
26.540000,0,FL_foot,1.58377075,0.05075255,0.02022757
26.540000,0,FR_foot,1.48375547,-0.40467477,0.02025159
26.540000,0,RL_foot,1.17672360,0.15254267,0.02023749
26.540000,0,RR_foot,1.04862678,-0.27961802,0.02022465
26.560000,0,FL_foot,1.58377039,0.05075364,0.02022762
26.560000,0,FR_foot,1.48375583,-0.40467378,0.02025173
26.560000,0,RL_foot,1.17672336,0.15254362,0.02023761
26.560000,0,RR_foot,1.04862750,-0.27961731,0.02022464
26.580000,0,FL_foot,1.58377051,0.05075460,0.02022764
26.580000,0,FR_foot,1.48375618,-0.40467289,0.02025186
26.580000,0,RL_foot,1.17672348,0.15254411,0.02023745
26.580000,0,RR_foot,1.04862773,-0.27961674,0.02022466
26.600000,0,FL_foot,1.58377051,0.05075559,0.02022767
26.600000,0,FR_foot,1.48375702,-0.40467200,0.02025185
26.600000,0,RL_foot,1.17672360,0.15254493,0.02023739
26.600000,0,RR_foot,1.04862809,-0.27961606,0.02022470
26.620000,0,FL_foot,1.58377028,0.05075635,0.02022763
26.620000,0,FR_foot,1.48375714,-0.40467137,0.02025177
26.620000,0,RL_foot,1.17672348,0.15254544,0.02023739
26.620000,0,RR_foot,1.04862833,-0.27961555,0.02022475
26.640000,0,FL_foot,1.58377016,0.05075693,0.02022763
26.640000,0,FR_foot,1.48375738,-0.40467098,0.02025183
26.640000,0,RL_foot,1.17672324,0.15254608,0.02023749
26.640000,0,RR_foot,1.04862869,-0.27961534,0.02022472
26.660000,0,FL_foot,1.58376980,0.05075760,0.02022775
26.660000,0,FR_foot,1.48375738,-0.40467030,0.02025152
26.660000,0,RL_foot,1.17672324,0.15254636,0.02023757
26.660000,0,RR_foot,1.04862893,-0.27961490,0.02022452
26.680000,0,FL_foot,1.58376992,0.05075787,0.02022761
26.680000,0,FR_foot,1.48375785,-0.40467015,0.02025191
26.680000,0,RL_foot,1.17672312,0.15254653,0.02023756
26.680000,0,RR_foot,1.04862881,-0.27961478,0.02022474
26.700000,0,FL_foot,1.58377016,0.05075822,0.02022770
26.700000,0,FR_foot,1.48375785,-0.40466982,0.02025172
26.700000,0,RL_foot,1.17672300,0.15254682,0.02023759
26.700000,0,RR_foot,1.04862905,-0.27961457,0.02022470
26.720000,0,FL_foot,1.58376968,0.05075823,0.02022779
26.720000,0,FR_foot,1.48375797,-0.40466988,0.02025193
26.720000,0,RL_foot,1.17672312,0.15254675,0.02023747
26.720000,0,RR_foot,1.04862881,-0.27961445,0.02022460
26.740000,0,FL_foot,1.58377004,0.05075814,0.02022761
26.740000,0,FR_foot,1.48375773,-0.40466979,0.02025182
26.740000,0,RL_foot,1.17672312,0.15254666,0.02023746
26.740000,0,RR_foot,1.04862857,-0.27961466,0.02022472
26.760000,0,FL_foot,1.58376968,0.05075802,0.02022769
26.760000,0,FR_foot,1.48375785,-0.40467000,0.02025191
26.760000,0,RL_foot,1.17672324,0.15254657,0.02023740
26.760000,0,RR_foot,1.04862893,-0.27961469,0.02022466
26.780000,0,FL_foot,1.58376992,0.05075781,0.02022763
26.780000,0,FR_foot,1.48375797,-0.40467012,0.02025177
26.780000,0,RL_foot,1.17672312,0.15254657,0.02023750
26.780000,0,RR_foot,1.04862893,-0.27961487,0.02022472
26.800000,0,FL_foot,1.58376992,0.05075757,0.02022771
26.800000,0,FR_foot,1.48375750,-0.40467039,0.02025186
26.800000,0,RL_foot,1.17672324,0.15254624,0.02023741
26.800000,0,RR_foot,1.04862893,-0.27961507,0.02022472
26.820000,0,FL_foot,1.58377016,0.05075719,0.02022761
26.820000,0,FR_foot,1.48375750,-0.40467060,0.02025189
26.820000,0,RL_foot,1.17672348,0.15254618,0.02023756
26.820000,0,RR_foot,1.04862869,-0.27961519,0.02022469
26.840000,0,FL_foot,1.58377028,0.05075693,0.02022774
26.840000,0,FR_foot,1.48375738,-0.40467069,0.02025192
26.840000,0,RL_foot,1.17672324,0.15254599,0.02023766
26.840000,0,RR_foot,1.04862845,-0.27961525,0.02022484
26.860000,0,FL_foot,1.58377016,0.05075665,0.02022759
26.860000,0,FR_foot,1.48375750,-0.40467116,0.02025190
26.860000,0,RL_foot,1.17672348,0.15254562,0.02023746
26.860000,0,RR_foot,1.04862857,-0.27961564,0.02022478
26.880000,0,FL_foot,1.58376992,0.05075626,0.02022773
26.880000,0,FR_foot,1.48375690,-0.40467143,0.02025183
26.880000,0,RL_foot,1.17672312,0.15254559,0.02023766
26.880000,0,RR_foot,1.04862821,-0.27961564,0.02022459
26.900000,0,FL_foot,1.58377016,0.05075591,0.02022773
26.900000,0,FR_foot,1.48375690,-0.40467179,0.02025194
26.900000,0,RL_foot,1.17672348,0.15254511,0.02023743
26.900000,0,RR_foot,1.04862821,-0.27961591,0.02022466
26.920000,0,FL_foot,1.58376992,0.05075580,0.02022774
26.920000,0,FR_foot,1.48375702,-0.40467194,0.02025185
26.920000,0,RL_foot,1.17672324,0.15254493,0.02023748
26.920000,0,RR_foot,1.04862809,-0.27961600,0.02022456
26.940000,0,FL_foot,1.58377016,0.05075541,0.02022763
26.940000,0,FR_foot,1.48375666,-0.40467218,0.02025192
26.940000,0,RL_foot,1.17672336,0.15254457,0.02023750
26.940000,0,RR_foot,1.04862797,-0.27961639,0.02022476
26.960000,0,FL_foot,1.58377028,0.05075526,0.02022776
26.960000,0,FR_foot,1.48375654,-0.40467218,0.02025171
26.960000,0,RL_foot,1.17672372,0.15254456,0.02023759
26.960000,0,RR_foot,1.04862785,-0.27961627,0.02022458
26.980000,0,FL_foot,1.58377051,0.05075501,0.02022779
26.980000,0,FR_foot,1.48375654,-0.40467262,0.02025191
26.980000,0,RL_foot,1.17672348,0.15254436,0.02023741
26.980000,0,RR_foot,1.04862797,-0.27961665,0.02022466
27.000000,0,FL_foot,1.58377016,0.05075479,0.02022771
27.000000,0,FR_foot,1.48375618,-0.40467265,0.02025187
27.000000,0,RL_foot,1.17672384,0.15254439,0.02023753
27.000000,0,RR_foot,1.04862750,-0.27961665,0.02022468
27.020000,0,FL_foot,1.58377039,0.05075459,0.02022769
27.020000,0,FR_foot,1.48375607,-0.40467289,0.02025201
27.020000,0,RL_foot,1.17672312,0.15254413,0.02023749
27.020000,0,RR_foot,1.04862738,-0.27961674,0.02022476
27.040000,0,FL_foot,1.58377028,0.05075457,0.02022761
27.040000,0,FR_foot,1.48375618,-0.40467298,0.02025185
27.040000,0,RL_foot,1.17672360,0.15254390,0.02023755
27.040000,0,RR_foot,1.04862761,-0.27961686,0.02022459
27.060000,0,FL_foot,1.58377028,0.05075450,0.02022764
27.060000,0,FR_foot,1.48375654,-0.40467310,0.02025190
27.060000,0,RL_foot,1.17672348,0.15254398,0.02023742
27.060000,0,RR_foot,1.04862761,-0.27961686,0.02022462
27.080000,0,FL_foot,1.58377028,0.05075447,0.02022766
27.080000,0,FR_foot,1.48375618,-0.40467289,0.02025184
27.080000,0,RL_foot,1.17672360,0.15254414,0.02023732
27.080000,0,RR_foot,1.04862750,-0.27961680,0.02022462
27.100000,0,FL_foot,1.58377028,0.05075449,0.02022759
27.100000,0,FR_foot,1.48375607,-0.40467301,0.02025189
27.100000,0,RL_foot,1.17672336,0.15254398,0.02023745
27.100000,0,RR_foot,1.04862773,-0.27961686,0.02022487
27.120000,0,FL_foot,1.58377028,0.05075456,0.02022758
27.120000,0,FR_foot,1.48375630,-0.40467298,0.02025197
27.120000,0,RL_foot,1.17672360,0.15254398,0.02023750
27.120000,0,RR_foot,1.04862761,-0.27961695,0.02022471
27.140000,0,FL_foot,1.58377039,0.05075464,0.02022748
27.140000,0,FR_foot,1.48375607,-0.40467298,0.02025175
27.140000,0,RL_foot,1.17672300,0.15254405,0.02023746
27.140000,0,RR_foot,1.04862738,-0.27961698,0.02022488
27.160000,0,FL_foot,1.58377016,0.05075476,0.02022774
27.160000,0,FR_foot,1.48375583,-0.40467277,0.02025180
27.160000,0,RL_foot,1.17672372,0.15254425,0.02023745
27.160000,0,RR_foot,1.04862738,-0.27961671,0.02022473
27.180000,0,FL_foot,1.58376992,0.05075470,0.02022758
27.180000,0,FR_foot,1.48375607,-0.40467268,0.02025180
27.180000,0,RL_foot,1.17672360,0.15254419,0.02023742
27.180000,0,RR_foot,1.04862773,-0.27961680,0.02022478
27.200000,0,FL_foot,1.58377039,0.05075476,0.02022762
27.200000,0,FR_foot,1.48375618,-0.40467283,0.02025184
27.200000,0,RL_foot,1.17672360,0.15254427,0.02023741
27.200000,0,RR_foot,1.04862750,-0.27961662,0.02022469
27.220000,0,FL_foot,1.58377016,0.05075488,0.02022759
27.220000,0,FR_foot,1.48375642,-0.40467271,0.02025181
27.220000,0,RL_foot,1.17672372,0.15254417,0.02023754
27.220000,0,RR_foot,1.04862761,-0.27961659,0.02022465
27.240000,0,FL_foot,1.58377028,0.05075488,0.02022755
27.240000,0,FR_foot,1.48375595,-0.40467250,0.02025185
27.240000,0,RL_foot,1.17672300,0.15254439,0.02023752
27.240000,0,RR_foot,1.04862773,-0.27961665,0.02022469
27.260000,0,FL_foot,1.58377051,0.05075510,0.02022747
27.260000,0,FR_foot,1.48375654,-0.40467247,0.02025178
27.260000,0,RL_foot,1.17672348,0.15254436,0.02023743
27.260000,0,RR_foot,1.04862797,-0.27961656,0.02022457
27.280000,0,FL_foot,1.58376992,0.05075497,0.02022753
27.280000,0,FR_foot,1.48375642,-0.40467244,0.02025186
27.280000,0,RL_foot,1.17672336,0.15254442,0.02023749
27.280000,0,RR_foot,1.04862785,-0.27961656,0.02022467
27.300000,0,FL_foot,1.58376956,0.05075512,0.02022758
27.300000,0,FR_foot,1.48375630,-0.40467241,0.02025192
27.300000,0,RL_foot,1.17672300,0.15254442,0.02023739
27.300000,0,RR_foot,1.04862750,-0.27961653,0.02022470
27.320000,0,FL_foot,1.58377004,0.05075511,0.02022762
27.320000,0,FR_foot,1.48375642,-0.40467232,0.02025190
27.320000,0,RL_foot,1.17672336,0.15254439,0.02023743
27.320000,0,RR_foot,1.04862785,-0.27961650,0.02022466
27.340000,0,FL_foot,1.58377004,0.05075520,0.02022753
27.340000,0,FR_foot,1.48375654,-0.40467244,0.02025190
27.340000,0,RL_foot,1.17672312,0.15254454,0.02023758
27.340000,0,RR_foot,1.04862773,-0.27961645,0.02022475
27.360000,0,FL_foot,1.58377028,0.05075536,0.02022769
27.360000,0,FR_foot,1.48375618,-0.40467229,0.02025180
27.360000,0,RL_foot,1.17672312,0.15254460,0.02023755
27.360000,0,RR_foot,1.04862785,-0.27961645,0.02022474
27.380000,0,FL_foot,1.58377004,0.05075545,0.02022758
27.380000,0,FR_foot,1.48375666,-0.40467232,0.02025178
27.380000,0,RL_foot,1.17672360,0.15254456,0.02023735
27.380000,0,RR_foot,1.04862773,-0.27961645,0.02022474
27.400000,0,FL_foot,1.58377004,0.05075542,0.02022767
27.400000,0,FR_foot,1.48375630,-0.40467227,0.02025190
27.400000,0,RL_foot,1.17672324,0.15254451,0.02023748
27.400000,0,RR_foot,1.04862761,-0.27961648,0.02022457
27.420000,0,FL_foot,1.58376980,0.05075535,0.02022755
27.420000,0,FR_foot,1.48375642,-0.40467227,0.02025196
27.420000,0,RL_foot,1.17672300,0.15254465,0.02023745
27.420000,0,RR_foot,1.04862773,-0.27961639,0.02022470
27.440000,0,FL_foot,1.58377004,0.05075535,0.02022761
27.440000,0,FR_foot,1.48375654,-0.40467221,0.02025192
27.440000,0,RL_foot,1.17672324,0.15254454,0.02023738
27.440000,0,RR_foot,1.04862773,-0.27961639,0.02022468
27.460000,0,FL_foot,1.58377016,0.05075524,0.02022752
27.460000,0,FR_foot,1.48375654,-0.40467238,0.02025192
27.460000,0,RL_foot,1.17672336,0.15254460,0.02023751
27.460000,0,RR_foot,1.04862773,-0.27961636,0.02022478
27.480000,0,FL_foot,1.58377016,0.05075538,0.02022763
27.480000,0,FR_foot,1.48375630,-0.40467229,0.02025185
27.480000,0,RL_foot,1.17672300,0.15254465,0.02023746
27.480000,0,RR_foot,1.04862773,-0.27961627,0.02022477
27.500000,0,FL_foot,1.58376992,0.05075528,0.02022752
27.500000,0,FR_foot,1.48375630,-0.40467218,0.02025177
27.500000,0,RL_foot,1.17672312,0.15254471,0.02023738
27.500000,0,RR_foot,1.04862773,-0.27961642,0.02022472
27.520000,0,FL_foot,1.58377039,0.05075529,0.02022769
27.520000,0,FR_foot,1.48375654,-0.40467209,0.02025197
27.520000,0,RL_foot,1.17672348,0.15254453,0.02023743
27.520000,0,RR_foot,1.04862773,-0.27961630,0.02022470
27.540000,0,FL_foot,1.58376980,0.05075532,0.02022750
27.540000,0,FR_foot,1.48375595,-0.40467215,0.02025180
27.540000,0,RL_foot,1.17672336,0.15254465,0.02023745
27.540000,0,RR_foot,1.04862773,-0.27961639,0.02022478
27.560000,0,FL_foot,1.58377016,0.05075534,0.02022754
27.560000,0,FR_foot,1.48375654,-0.40467238,0.02025194
27.560000,0,RL_foot,1.17672336,0.15254462,0.02023750
27.560000,0,RR_foot,1.04862761,-0.27961648,0.02022473
27.580000,0,FL_foot,1.58376980,0.05075527,0.02022777
27.580000,0,FR_foot,1.48375618,-0.40467215,0.02025185
27.580000,0,RL_foot,1.17672360,0.15254450,0.02023748
27.580000,0,RR_foot,1.04862785,-0.27961642,0.02022457
27.600000,0,FL_foot,1.58377039,0.05075519,0.02022766
27.600000,0,FR_foot,1.48375642,-0.40467232,0.02025194
27.600000,0,RL_foot,1.17672348,0.15254459,0.02023756
27.600000,0,RR_foot,1.04862761,-0.27961656,0.02022486
27.620000,0,FL_foot,1.58377016,0.05075534,0.02022760
27.620000,0,FR_foot,1.48375654,-0.40467215,0.02025178
27.620000,0,RL_foot,1.17672336,0.15254466,0.02023752
27.620000,0,RR_foot,1.04862785,-0.27961639,0.02022466
27.640000,0,FL_foot,1.58376980,0.05075521,0.02022752
27.640000,0,FR_foot,1.48375642,-0.40467238,0.02025179
27.640000,0,RL_foot,1.17672312,0.15254457,0.02023748
27.640000,0,RR_foot,1.04862785,-0.27961650,0.02022469
27.660000,0,FL_foot,1.58377016,0.05075513,0.02022752
27.660000,0,FR_foot,1.48375642,-0.40467241,0.02025184
27.660000,0,RL_foot,1.17672312,0.15254451,0.02023744
27.660000,0,RR_foot,1.04862773,-0.27961648,0.02022476
27.680000,0,FL_foot,1.58377028,0.05075532,0.02022762
27.680000,0,FR_foot,1.48375678,-0.40467235,0.02025182
27.680000,0,RL_foot,1.17672336,0.15254454,0.02023747
27.680000,0,RR_foot,1.04862797,-0.27961645,0.02022456
27.700000,0,FL_foot,1.58377004,0.05075521,0.02022756
27.700000,0,FR_foot,1.48375618,-0.40467227,0.02025188
27.700000,0,RL_foot,1.17672348,0.15254442,0.02023743
27.700000,0,RR_foot,1.04862761,-0.27961642,0.02022464
27.720000,0,FL_foot,1.58377016,0.05075518,0.02022767
27.720000,0,FR_foot,1.48375618,-0.40467232,0.02025186
27.720000,0,RL_foot,1.17672348,0.15254448,0.02023744
27.720000,0,RR_foot,1.04862773,-0.27961648,0.02022481
27.740000,0,FL_foot,1.58377004,0.05075516,0.02022769
27.740000,0,FR_foot,1.48375666,-0.40467241,0.02025196
27.740000,0,RL_foot,1.17672336,0.15254451,0.02023745
27.740000,0,RR_foot,1.04862797,-0.27961659,0.02022460
27.760000,0,FL_foot,1.58377004,0.05075527,0.02022755
27.760000,0,FR_foot,1.48375630,-0.40467241,0.02025185
27.760000,0,RL_foot,1.17672324,0.15254450,0.02023757
27.760000,0,RR_foot,1.04862750,-0.27961656,0.02022474
27.780000,0,FL_foot,1.58377016,0.05075507,0.02022750
27.780000,0,FR_foot,1.48375618,-0.40467244,0.02025177
27.780000,0,RL_foot,1.17672360,0.15254445,0.02023746
27.780000,0,RR_foot,1.04862785,-0.27961648,0.02022476
27.800000,0,FL_foot,1.58377028,0.05075520,0.02022764
27.800000,0,FR_foot,1.48375666,-0.40467238,0.02025189
27.800000,0,RL_foot,1.17672348,0.15254448,0.02023749
27.800000,0,RR_foot,1.04862809,-0.27961645,0.02022453
27.820000,0,FL_foot,1.58376992,0.05075520,0.02022747
27.820000,0,FR_foot,1.48375654,-0.40467244,0.02025182
27.820000,0,RL_foot,1.17672348,0.15254439,0.02023748
27.820000,0,RR_foot,1.04862761,-0.27961648,0.02022479
27.840000,0,FL_foot,1.58376992,0.05075506,0.02022759
27.840000,0,FR_foot,1.48375642,-0.40467235,0.02025193
27.840000,0,RL_foot,1.17672360,0.15254451,0.02023742
27.840000,0,RR_foot,1.04862750,-0.27961642,0.02022485
27.860000,0,FL_foot,1.58377016,0.05075515,0.02022757
27.860000,0,FR_foot,1.48375607,-0.40467235,0.02025186
27.860000,0,RL_foot,1.17672324,0.15254445,0.02023746
27.860000,0,RR_foot,1.04862761,-0.27961653,0.02022476
27.880000,0,FL_foot,1.58377028,0.05075510,0.02022758
27.880000,0,FR_foot,1.48375642,-0.40467253,0.02025189
27.880000,0,RL_foot,1.17672312,0.15254456,0.02023752
27.880000,0,RR_foot,1.04862785,-0.27961650,0.02022477
27.900000,0,FL_foot,1.58377028,0.05075532,0.02022767
27.900000,0,FR_foot,1.48375642,-0.40467221,0.02025165
27.900000,0,RL_foot,1.17672288,0.15254471,0.02023756
27.900000,0,RR_foot,1.04862797,-0.27961639,0.02022447
27.920000,0,FL_foot,1.58377004,0.05075520,0.02022763
27.920000,0,FR_foot,1.48375666,-0.40467232,0.02025182
27.920000,0,RL_foot,1.17672336,0.15254451,0.02023743
27.920000,0,RR_foot,1.04862750,-0.27961650,0.02022476
27.940000,0,FL_foot,1.58376992,0.05075520,0.02022757
27.940000,0,FR_foot,1.48375607,-0.40467244,0.02025185
27.940000,0,RL_foot,1.17672336,0.15254450,0.02023741
27.940000,0,RR_foot,1.04862773,-0.27961633,0.02022471
27.960000,0,FL_foot,1.58376968,0.05075507,0.02022757
27.960000,0,FR_foot,1.48375630,-0.40467241,0.02025181
27.960000,0,RL_foot,1.17672324,0.15254445,0.02023736
27.960000,0,RR_foot,1.04862773,-0.27961653,0.02022476
27.980000,0,FL_foot,1.58376980,0.05075514,0.02022761
27.980000,0,FR_foot,1.48375607,-0.40467241,0.02025199
27.980000,0,RL_foot,1.17672372,0.15254445,0.02023741
27.980000,0,RR_foot,1.04862750,-0.27961650,0.02022464
28.000000,0,FL_foot,1.58377028,0.05075508,0.02022761
28.000000,0,FR_foot,1.48375642,-0.40467235,0.02025190
28.000000,0,RL_foot,1.17672336,0.15254451,0.02023743
28.000000,0,RR_foot,1.04862761,-0.27961645,0.02022474
28.020000,0,FL_foot,1.58377028,0.05075530,0.02022771
28.020000,0,FR_foot,1.48375666,-0.40467238,0.02025187
28.020000,0,RL_foot,1.17672360,0.15254448,0.02023748
28.020000,0,RR_foot,1.04862773,-0.27961630,0.02022461
28.040000,0,FL_foot,1.58377004,0.05075520,0.02022760
28.040000,0,FR_foot,1.48375642,-0.40467241,0.02025177
28.040000,0,RL_foot,1.17672312,0.15254456,0.02023746
28.040000,0,RR_foot,1.04862750,-0.27961648,0.02022467
28.060000,0,FL_foot,1.58377004,0.05075523,0.02022753
28.060000,0,FR_foot,1.48375630,-0.40467235,0.02025180
28.060000,0,RL_foot,1.17672312,0.15254454,0.02023746
28.060000,0,RR_foot,1.04862761,-0.27961645,0.02022458
28.080000,0,FL_foot,1.58376992,0.05075518,0.02022765
28.080000,0,FR_foot,1.48375666,-0.40467241,0.02025195
28.080000,0,RL_foot,1.17672348,0.15254445,0.02023748
28.080000,0,RR_foot,1.04862773,-0.27961656,0.02022475
28.100000,0,FL_foot,1.58377004,0.05075524,0.02022753
28.100000,0,FR_foot,1.48375654,-0.40467247,0.02025177
28.100000,0,RL_foot,1.17672312,0.15254460,0.02023743
28.100000,0,RR_foot,1.04862773,-0.27961639,0.02022476
28.120000,0,FL_foot,1.58377028,0.05075523,0.02022747
28.120000,0,FR_foot,1.48375678,-0.40467241,0.02025178
28.120000,0,RL_foot,1.17672348,0.15254457,0.02023755
28.120000,0,RR_foot,1.04862797,-0.27961645,0.02022472
28.140000,0,FL_foot,1.58377028,0.05075522,0.02022750
28.140000,0,FR_foot,1.48375654,-0.40467232,0.02025182
28.140000,0,RL_foot,1.17672336,0.15254451,0.02023741
28.140000,0,RR_foot,1.04862761,-0.27961656,0.02022477
28.160000,0,FL_foot,1.58377016,0.05075520,0.02022759
28.160000,0,FR_foot,1.48375642,-0.40467241,0.02025196
28.160000,0,RL_foot,1.17672336,0.15254442,0.02023734
28.160000,0,RR_foot,1.04862750,-0.27961648,0.02022473
28.180000,0,FL_foot,1.58377028,0.05075527,0.02022769
28.180000,0,FR_foot,1.48375654,-0.40467247,0.02025187
28.180000,0,RL_foot,1.17672348,0.15254460,0.02023757
28.180000,0,RR_foot,1.04862773,-0.27961636,0.02022479
28.200000,0,FL_foot,1.58377016,0.05075517,0.02022766
28.200000,0,FR_foot,1.48375654,-0.40467253,0.02025183
28.200000,0,RL_foot,1.17672312,0.15254459,0.02023751
28.200000,0,RR_foot,1.04862761,-0.27961648,0.02022486
28.220000,0,FL_foot,1.58377039,0.05075515,0.02022772
28.220000,0,FR_foot,1.48375654,-0.40467238,0.02025188
28.220000,0,RL_foot,1.17672360,0.15254457,0.02023737
28.220000,0,RR_foot,1.04862773,-0.27961636,0.02022454
28.240000,0,FL_foot,1.58377016,0.05075528,0.02022755
28.240000,0,FR_foot,1.48375654,-0.40467238,0.02025189
28.240000,0,RL_foot,1.17672312,0.15254451,0.02023735
28.240000,0,RR_foot,1.04862797,-0.27961648,0.02022471
28.260000,0,FL_foot,1.58377016,0.05075524,0.02022756
28.260000,0,FR_foot,1.48375654,-0.40467244,0.02025200
28.260000,0,RL_foot,1.17672348,0.15254451,0.02023739
28.260000,0,RR_foot,1.04862773,-0.27961659,0.02022493
28.280000,0,FL_foot,1.58376992,0.05075515,0.02022767
28.280000,0,FR_foot,1.48375630,-0.40467232,0.02025198
28.280000,0,RL_foot,1.17672312,0.15254447,0.02023753
28.280000,0,RR_foot,1.04862738,-0.27961633,0.02022475
28.300000,0,FL_foot,1.58376992,0.05075530,0.02022761
28.300000,0,FR_foot,1.48375630,-0.40467232,0.02025180
28.300000,0,RL_foot,1.17672336,0.15254442,0.02023738
28.300000,0,RR_foot,1.04862761,-0.27961630,0.02022465
28.320000,0,FL_foot,1.58376992,0.05075523,0.02022749
28.320000,0,FR_foot,1.48375618,-0.40467247,0.02025191
28.320000,0,RL_foot,1.17672324,0.15254454,0.02023748
28.320000,0,RR_foot,1.04862738,-0.27961645,0.02022481
28.340000,0,FL_foot,1.58376992,0.05075521,0.02022771
28.340000,0,FR_foot,1.48375642,-0.40467250,0.02025189
28.340000,0,RL_foot,1.17672336,0.15254460,0.02023761
28.340000,0,RR_foot,1.04862761,-0.27961650,0.02022475
28.360000,0,FL_foot,1.58377004,0.05075521,0.02022774
28.360000,0,FR_foot,1.48375654,-0.40467235,0.02025190
28.360000,0,RL_foot,1.17672336,0.15254451,0.02023743
28.360000,0,RR_foot,1.04862785,-0.27961636,0.02022459
28.380000,0,FL_foot,1.58376992,0.05075519,0.02022766
28.380000,0,FR_foot,1.48375607,-0.40467235,0.02025190
28.380000,0,RL_foot,1.17672336,0.15254451,0.02023758
28.380000,0,RR_foot,1.04862785,-0.27961642,0.02022484
28.400000,0,FL_foot,1.58377004,0.05075525,0.02022752
28.400000,0,FR_foot,1.48375654,-0.40467235,0.02025194
28.400000,0,RL_foot,1.17672324,0.15254436,0.02023741
28.400000,0,RR_foot,1.04862750,-0.27961659,0.02022476
28.420000,0,FL_foot,1.58377028,0.05075510,0.02022754
28.420000,0,FR_foot,1.48375654,-0.40467235,0.02025189
28.420000,0,RL_foot,1.17672348,0.15254457,0.02023748
28.420000,0,RR_foot,1.04862773,-0.27961653,0.02022469
28.440000,0,FL_foot,1.58377028,0.05075514,0.02022763
28.440000,0,FR_foot,1.48375642,-0.40467227,0.02025185
28.440000,0,RL_foot,1.17672348,0.15254457,0.02023755
28.440000,0,RR_foot,1.04862773,-0.27961648,0.02022471
28.460000,0,FL_foot,1.58377016,0.05075526,0.02022762
28.460000,0,FR_foot,1.48375642,-0.40467232,0.02025191
28.460000,0,RL_foot,1.17672312,0.15254454,0.02023757
28.460000,0,RR_foot,1.04862785,-0.27961659,0.02022475
28.480000,0,FL_foot,1.58376980,0.05075524,0.02022761
28.480000,0,FR_foot,1.48375642,-0.40467229,0.02025191
28.480000,0,RL_foot,1.17672336,0.15254445,0.02023747
28.480000,0,RR_foot,1.04862761,-0.27961648,0.02022484
28.500000,0,FL_foot,1.58376992,0.05075515,0.02022753
28.500000,0,FR_foot,1.48375642,-0.40467238,0.02025185
28.500000,0,RL_foot,1.17672360,0.15254441,0.02023736
28.500000,0,RR_foot,1.04862785,-0.27961659,0.02022480
28.520000,0,FL_foot,1.58376992,0.05075530,0.02022765
28.520000,0,FR_foot,1.48375654,-0.40467229,0.02025195
28.520000,0,RL_foot,1.17672312,0.15254457,0.02023746
28.520000,0,RR_foot,1.04862773,-0.27961645,0.02022463
28.540000,0,FL_foot,1.58377028,0.05075512,0.02022765
28.540000,0,FR_foot,1.48375654,-0.40467227,0.02025183
28.540000,0,RL_foot,1.17672336,0.15254444,0.02023739
28.540000,0,RR_foot,1.04862773,-0.27961633,0.02022467
28.560000,0,FL_foot,1.58377004,0.05075531,0.02022766
28.560000,0,FR_foot,1.48375642,-0.40467229,0.02025188
28.560000,0,RL_foot,1.17672312,0.15254448,0.02023743
28.560000,0,RR_foot,1.04862773,-0.27961636,0.02022477
28.580000,0,FL_foot,1.58376968,0.05075513,0.02022752
28.580000,0,FR_foot,1.48375630,-0.40467253,0.02025189
28.580000,0,RL_foot,1.17672312,0.15254453,0.02023749
28.580000,0,RR_foot,1.04862761,-0.27961648,0.02022484
28.600000,0,FL_foot,1.58377004,0.05075506,0.02022758
28.600000,0,FR_foot,1.48375654,-0.40467232,0.02025191
28.600000,0,RL_foot,1.17672324,0.15254448,0.02023734
28.600000,0,RR_foot,1.04862738,-0.27961633,0.02022459
28.620000,0,FL_foot,1.58376992,0.05075516,0.02022753
28.620000,0,FR_foot,1.48375618,-0.40467238,0.02025189
28.620000,0,RL_foot,1.17672324,0.15254447,0.02023751
28.620000,0,RR_foot,1.04862773,-0.27961650,0.02022488
28.640000,0,FL_foot,1.58377004,0.05075517,0.02022756
28.640000,0,FR_foot,1.48375666,-0.40467247,0.02025184
28.640000,0,RL_foot,1.17672312,0.15254457,0.02023755
28.640000,0,RR_foot,1.04862785,-0.27961662,0.02022472
28.660000,0,FL_foot,1.58376992,0.05075518,0.02022751
28.660000,0,FR_foot,1.48375630,-0.40467235,0.02025185
28.660000,0,RL_foot,1.17672348,0.15254439,0.02023740
28.660000,0,RR_foot,1.04862773,-0.27961653,0.02022474
28.680000,0,FL_foot,1.58377004,0.05075519,0.02022758
28.680000,0,FR_foot,1.48375642,-0.40467238,0.02025186
28.680000,0,RL_foot,1.17672348,0.15254457,0.02023749
28.680000,0,RR_foot,1.04862773,-0.27961650,0.02022475
28.700000,0,FL_foot,1.58376980,0.05075523,0.02022761
28.700000,0,FR_foot,1.48375630,-0.40467232,0.02025186
28.700000,0,RL_foot,1.17672336,0.15254450,0.02023741
28.700000,0,RR_foot,1.04862750,-0.27961633,0.02022472
28.720000,0,FL_foot,1.58376992,0.05075518,0.02022756
28.720000,0,FR_foot,1.48375642,-0.40467235,0.02025183
28.720000,0,RL_foot,1.17672336,0.15254453,0.02023751
28.720000,0,RR_foot,1.04862773,-0.27961645,0.02022480
28.740000,0,FL_foot,1.58377016,0.05075534,0.02022757
28.740000,0,FR_foot,1.48375678,-0.40467235,0.02025177
28.740000,0,RL_foot,1.17672324,0.15254459,0.02023770
28.740000,0,RR_foot,1.04862785,-0.27961639,0.02022486
28.760000,0,FL_foot,1.58377028,0.05075515,0.02022764
28.760000,0,FR_foot,1.48375618,-0.40467224,0.02025185
28.760000,0,RL_foot,1.17672312,0.15254463,0.02023740
28.760000,0,RR_foot,1.04862773,-0.27961645,0.02022459
28.780000,0,FL_foot,1.58377028,0.05075525,0.02022761
28.780000,0,FR_foot,1.48375702,-0.40467247,0.02025184
28.780000,0,RL_foot,1.17672360,0.15254465,0.02023744
28.780000,0,RR_foot,1.04862809,-0.27961621,0.02022459
28.800000,0,FL_foot,1.58376980,0.05075523,0.02022749
28.800000,0,FR_foot,1.48375630,-0.40467238,0.02025190
28.800000,0,RL_foot,1.17672336,0.15254436,0.02023750
28.800000,0,RR_foot,1.04862785,-0.27961650,0.02022490
28.820000,0,FL_foot,1.58377016,0.05075524,0.02022760
28.820000,0,FR_foot,1.48375630,-0.40467232,0.02025185
28.820000,0,RL_foot,1.17672336,0.15254439,0.02023738
28.820000,0,RR_foot,1.04862773,-0.27961650,0.02022457
28.840000,0,FL_foot,1.58377016,0.05075526,0.02022769
28.840000,0,FR_foot,1.48375618,-0.40467221,0.02025194
28.840000,0,RL_foot,1.17672324,0.15254459,0.02023748
28.840000,0,RR_foot,1.04862773,-0.27961662,0.02022463
28.860000,0,FL_foot,1.58376980,0.05075511,0.02022761
28.860000,0,FR_foot,1.48375595,-0.40467238,0.02025184
28.860000,0,RL_foot,1.17672300,0.15254454,0.02023746
28.860000,0,RR_foot,1.04862785,-0.27961642,0.02022463
28.880000,0,FL_foot,1.58376992,0.05075530,0.02022758
28.880000,0,FR_foot,1.48375654,-0.40467247,0.02025194
28.880000,0,RL_foot,1.17672312,0.15254460,0.02023746
28.880000,0,RR_foot,1.04862761,-0.27961659,0.02022471
28.900000,0,FL_foot,1.58377004,0.05075522,0.02022768
28.900000,0,FR_foot,1.48375642,-0.40467229,0.02025180
28.900000,0,RL_foot,1.17672336,0.15254454,0.02023743
28.900000,0,RR_foot,1.04862750,-0.27961650,0.02022458
28.920000,0,FL_foot,1.58377028,0.05075525,0.02022758
28.920000,0,FR_foot,1.48375654,-0.40467241,0.02025190
28.920000,0,RL_foot,1.17672312,0.15254451,0.02023749
28.920000,0,RR_foot,1.04862773,-0.27961656,0.02022456
28.940000,0,FL_foot,1.58376980,0.05075517,0.02022753
28.940000,0,FR_foot,1.48375607,-0.40467235,0.02025184
28.940000,0,RL_foot,1.17672324,0.15254451,0.02023747
28.940000,0,RR_foot,1.04862773,-0.27961650,0.02022471
28.960000,0,FL_foot,1.58377028,0.05075520,0.02022766
28.960000,0,FR_foot,1.48375630,-0.40467227,0.02025187
28.960000,0,RL_foot,1.17672348,0.15254457,0.02023751
28.960000,0,RR_foot,1.04862761,-0.27961639,0.02022473
28.980000,0,FL_foot,1.58377028,0.05075513,0.02022752
28.980000,0,FR_foot,1.48375666,-0.40467244,0.02025186
28.980000,0,RL_foot,1.17672324,0.15254451,0.02023740
28.980000,0,RR_foot,1.04862797,-0.27961671,0.02022480
29.000000,0,FL_foot,1.58377028,0.05075518,0.02022756
29.000000,0,FR_foot,1.48375630,-0.40467238,0.02025190
29.000000,0,RL_foot,1.17672324,0.15254457,0.02023751
29.000000,0,RR_foot,1.04862773,-0.27961648,0.02022467
29.020000,0,FL_foot,1.58377016,0.05075521,0.02022757
29.020000,0,FR_foot,1.48375666,-0.40467227,0.02025186
29.020000,0,RL_foot,1.17672336,0.15254462,0.02023750
29.020000,0,RR_foot,1.04862785,-0.27961648,0.02022475
29.040000,0,FL_foot,1.58376980,0.05075523,0.02022765
29.040000,0,FR_foot,1.48375618,-0.40467244,0.02025191
29.040000,0,RL_foot,1.17672288,0.15254456,0.02023756
29.040000,0,RR_foot,1.04862761,-0.27961645,0.02022483
29.060000,0,FL_foot,1.58376980,0.05075522,0.02022752
29.060000,0,FR_foot,1.48375618,-0.40467235,0.02025189
29.060000,0,RL_foot,1.17672312,0.15254462,0.02023750
29.060000,0,RR_foot,1.04862773,-0.27961656,0.02022478
29.080000,0,FL_foot,1.58377004,0.05075518,0.02022760
29.080000,0,FR_foot,1.48375642,-0.40467238,0.02025185
29.080000,0,RL_foot,1.17672336,0.15254454,0.02023748
29.080000,0,RR_foot,1.04862773,-0.27961653,0.02022470
29.100000,0,FL_foot,1.58377028,0.05075533,0.02022762
29.100000,0,FR_foot,1.48375618,-0.40467232,0.02025181
29.100000,0,RL_foot,1.17672324,0.15254453,0.02023750
29.100000,0,RR_foot,1.04862761,-0.27961645,0.02022472
29.120000,0,FL_foot,1.58376968,0.05075532,0.02022764
29.120000,0,FR_foot,1.48375607,-0.40467232,0.02025193
29.120000,0,RL_foot,1.17672312,0.15254453,0.02023750
29.120000,0,RR_foot,1.04862773,-0.27961633,0.02022484
29.140000,0,FL_foot,1.58377004,0.05075524,0.02022761
29.140000,0,FR_foot,1.48375618,-0.40467244,0.02025177
29.140000,0,RL_foot,1.17672324,0.15254448,0.02023756
29.140000,0,RR_foot,1.04862773,-0.27961645,0.02022467
29.160000,0,FL_foot,1.58376980,0.05075519,0.02022756
29.160000,0,FR_foot,1.48375630,-0.40467238,0.02025193
29.160000,0,RL_foot,1.17672324,0.15254448,0.02023751
29.160000,0,RR_foot,1.04862761,-0.27961645,0.02022481
29.180000,0,FL_foot,1.58376968,0.05075515,0.02022760
29.180000,0,FR_foot,1.48375630,-0.40467238,0.02025196
29.180000,0,RL_foot,1.17672348,0.15254438,0.02023745
29.180000,0,RR_foot,1.04862773,-0.27961653,0.02022473
29.200000,0,FL_foot,1.58377028,0.05075514,0.02022756
29.200000,0,FR_foot,1.48375618,-0.40467238,0.02025182
29.200000,0,RL_foot,1.17672300,0.15254459,0.02023743
29.200000,0,RR_foot,1.04862738,-0.27961645,0.02022478
29.220000,0,FL_foot,1.58377016,0.05075518,0.02022753
29.220000,0,FR_foot,1.48375654,-0.40467247,0.02025197
29.220000,0,RL_foot,1.17672336,0.15254445,0.02023755
29.220000,0,RR_foot,1.04862750,-0.27961642,0.02022483
29.240000,0,FL_foot,1.58376992,0.05075517,0.02022767
29.240000,0,FR_foot,1.48375642,-0.40467241,0.02025186
29.240000,0,RL_foot,1.17672336,0.15254447,0.02023745
29.240000,0,RR_foot,1.04862750,-0.27961645,0.02022482
29.260000,0,FL_foot,1.58377016,0.05075533,0.02022773
29.260000,0,FR_foot,1.48375654,-0.40467235,0.02025187
29.260000,0,RL_foot,1.17672360,0.15254457,0.02023749
29.260000,0,RR_foot,1.04862773,-0.27961636,0.02022461
29.280000,0,FL_foot,1.58376968,0.05075521,0.02022774
29.280000,0,FR_foot,1.48375630,-0.40467244,0.02025192
29.280000,0,RL_foot,1.17672312,0.15254457,0.02023748
29.280000,0,RR_foot,1.04862761,-0.27961636,0.02022469
29.300000,0,FL_foot,1.58377004,0.05075515,0.02022752
29.300000,0,FR_foot,1.48375642,-0.40467244,0.02025196
29.300000,0,RL_foot,1.17672324,0.15254451,0.02023740
29.300000,0,RR_foot,1.04862797,-0.27961648,0.02022474
29.320000,0,FL_foot,1.58377039,0.05075512,0.02022753
29.320000,0,FR_foot,1.48375654,-0.40467238,0.02025194
29.320000,0,RL_foot,1.17672324,0.15254448,0.02023753
29.320000,0,RR_foot,1.04862761,-0.27961662,0.02022484
29.340000,0,FL_foot,1.58377004,0.05075522,0.02022754
29.340000,0,FR_foot,1.48375666,-0.40467235,0.02025194
29.340000,0,RL_foot,1.17672336,0.15254451,0.02023741
29.340000,0,RR_foot,1.04862750,-0.27961650,0.02022473
29.360000,0,FL_foot,1.58377028,0.05075524,0.02022753
29.360000,0,FR_foot,1.48375654,-0.40467227,0.02025182
29.360000,0,RL_foot,1.17672324,0.15254453,0.02023754
29.360000,0,RR_foot,1.04862761,-0.27961650,0.02022466
29.380000,0,FL_foot,1.58377016,0.05075510,0.02022764
29.380000,0,FR_foot,1.48375642,-0.40467235,0.02025185
29.380000,0,RL_foot,1.17672336,0.15254442,0.02023747
29.380000,0,RR_foot,1.04862773,-0.27961639,0.02022475
29.400000,0,FL_foot,1.58377028,0.05075527,0.02022766
29.400000,0,FR_foot,1.48375642,-0.40467238,0.02025197
29.400000,0,RL_foot,1.17672324,0.15254439,0.02023745
29.400000,0,RR_foot,1.04862785,-0.27961645,0.02022476
29.420000,0,FL_foot,1.58377016,0.05075524,0.02022765
29.420000,0,FR_foot,1.48375642,-0.40467247,0.02025193
29.420000,0,RL_foot,1.17672300,0.15254463,0.02023752
29.420000,0,RR_foot,1.04862761,-0.27961636,0.02022476
29.440000,0,FL_foot,1.58377004,0.05075514,0.02022759
29.440000,0,FR_foot,1.48375642,-0.40467265,0.02025189
29.440000,0,RL_foot,1.17672288,0.15254451,0.02023749
29.440000,0,RR_foot,1.04862761,-0.27961653,0.02022478
29.460000,0,FL_foot,1.58377028,0.05075520,0.02022771
29.460000,0,FR_foot,1.48375654,-0.40467232,0.02025186
29.460000,0,RL_foot,1.17672324,0.15254442,0.02023740
29.460000,0,RR_foot,1.04862785,-0.27961648,0.02022461
29.480000,0,FL_foot,1.58376980,0.05075517,0.02022753
29.480000,0,FR_foot,1.48375618,-0.40467232,0.02025178
29.480000,0,RL_foot,1.17672324,0.15254450,0.02023743
29.480000,0,RR_foot,1.04862761,-0.27961642,0.02022473
29.500000,0,FL_foot,1.58377004,0.05075521,0.02022750
29.500000,0,FR_foot,1.48375642,-0.40467244,0.02025191
29.500000,0,RL_foot,1.17672324,0.15254454,0.02023745
29.500000,0,RR_foot,1.04862785,-0.27961653,0.02022484
29.520000,0,FL_foot,1.58376980,0.05075516,0.02022755
29.520000,0,FR_foot,1.48375618,-0.40467235,0.02025185
29.520000,0,RL_foot,1.17672300,0.15254457,0.02023743
29.520000,0,RR_foot,1.04862797,-0.27961653,0.02022472
29.540000,0,FL_foot,1.58376992,0.05075524,0.02022762
29.540000,0,FR_foot,1.48375618,-0.40467229,0.02025185
29.540000,0,RL_foot,1.17672300,0.15254436,0.02023740
29.540000,0,RR_foot,1.04862773,-0.27961648,0.02022475
29.560000,0,FL_foot,1.58377028,0.05075521,0.02022756
29.560000,0,FR_foot,1.48375630,-0.40467250,0.02025186
29.560000,0,RL_foot,1.17672312,0.15254442,0.02023741
29.560000,0,RR_foot,1.04862761,-0.27961653,0.02022477
29.580000,0,FL_foot,1.58377016,0.05075503,0.02022753
29.580000,0,FR_foot,1.48375678,-0.40467238,0.02025186
29.580000,0,RL_foot,1.17672336,0.15254448,0.02023749
29.580000,0,RR_foot,1.04862761,-0.27961645,0.02022479
29.600000,0,FL_foot,1.58377051,0.05075511,0.02022754
29.600000,0,FR_foot,1.48375654,-0.40467241,0.02025191
29.600000,0,RL_foot,1.17672312,0.15254459,0.02023737
29.600000,0,RR_foot,1.04862797,-0.27961650,0.02022466
29.620000,0,FL_foot,1.58377016,0.05075519,0.02022771
29.620000,0,FR_foot,1.48375654,-0.40467229,0.02025189
29.620000,0,RL_foot,1.17672336,0.15254453,0.02023743
29.620000,0,RR_foot,1.04862773,-0.27961636,0.02022463
29.640000,0,FL_foot,1.58377004,0.05075514,0.02022761
29.640000,0,FR_foot,1.48375654,-0.40467241,0.02025187
29.640000,0,RL_foot,1.17672360,0.15254451,0.02023747
29.640000,0,RR_foot,1.04862785,-0.27961636,0.02022476
29.660000,0,FL_foot,1.58377004,0.05075518,0.02022761
29.660000,0,FR_foot,1.48375630,-0.40467241,0.02025181
29.660000,0,RL_foot,1.17672336,0.15254457,0.02023747
29.660000,0,RR_foot,1.04862773,-0.27961648,0.02022464
29.680000,0,FL_foot,1.58376992,0.05075506,0.02022752
29.680000,0,FR_foot,1.48375654,-0.40467238,0.02025189
29.680000,0,RL_foot,1.17672360,0.15254444,0.02023743
29.680000,0,RR_foot,1.04862797,-0.27961659,0.02022477
29.700000,0,FL_foot,1.58376980,0.05075508,0.02022761
29.700000,0,FR_foot,1.48375654,-0.40467253,0.02025186
29.700000,0,RL_foot,1.17672360,0.15254442,0.02023746
29.700000,0,RR_foot,1.04862773,-0.27961645,0.02022485
29.720000,0,FL_foot,1.58376956,0.05075513,0.02022761
29.720000,0,FR_foot,1.48375630,-0.40467247,0.02025189
29.720000,0,RL_foot,1.17672312,0.15254451,0.02023751
29.720000,0,RR_foot,1.04862785,-0.27961648,0.02022483
29.740000,0,FL_foot,1.58377016,0.05075519,0.02022756
29.740000,0,FR_foot,1.48375630,-0.40467235,0.02025181
29.740000,0,RL_foot,1.17672372,0.15254448,0.02023744
29.740000,0,RR_foot,1.04862773,-0.27961645,0.02022482
29.760000,0,FL_foot,1.58377028,0.05075534,0.02022764
29.760000,0,FR_foot,1.48375654,-0.40467241,0.02025188
29.760000,0,RL_foot,1.17672348,0.15254463,0.02023746
29.760000,0,RR_foot,1.04862785,-0.27961639,0.02022458
29.780000,0,FL_foot,1.58377028,0.05075528,0.02022766
29.780000,0,FR_foot,1.48375618,-0.40467235,0.02025186
29.780000,0,RL_foot,1.17672312,0.15254445,0.02023751
29.780000,0,RR_foot,1.04862773,-0.27961656,0.02022473
29.800000,0,FL_foot,1.58376968,0.05075512,0.02022750
29.800000,0,FR_foot,1.48375642,-0.40467238,0.02025185
29.800000,0,RL_foot,1.17672348,0.15254442,0.02023737
29.800000,0,RR_foot,1.04862773,-0.27961650,0.02022474
29.820000,0,FL_foot,1.58376992,0.05075521,0.02022758
29.820000,0,FR_foot,1.48375642,-0.40467241,0.02025195
29.820000,0,RL_foot,1.17672300,0.15254445,0.02023745
29.820000,0,RR_foot,1.04862750,-0.27961648,0.02022475
29.840000,0,FL_foot,1.58377004,0.05075527,0.02022756
29.840000,0,FR_foot,1.48375654,-0.40467235,0.02025185
29.840000,0,RL_foot,1.17672372,0.15254439,0.02023751
29.840000,0,RR_foot,1.04862785,-0.27961645,0.02022469
29.860000,0,FL_foot,1.58376992,0.05075511,0.02022762
29.860000,0,FR_foot,1.48375678,-0.40467244,0.02025186
29.860000,0,RL_foot,1.17672300,0.15254453,0.02023752
29.860000,0,RR_foot,1.04862797,-0.27961653,0.02022471
29.880000,0,FL_foot,1.58377028,0.05075516,0.02022769
29.880000,0,FR_foot,1.48375654,-0.40467238,0.02025198
29.880000,0,RL_foot,1.17672348,0.15254439,0.02023734
29.880000,0,RR_foot,1.04862797,-0.27961639,0.02022467
29.900000,0,FL_foot,1.58377016,0.05075520,0.02022766
29.900000,0,FR_foot,1.48375666,-0.40467244,0.02025189
29.900000,0,RL_foot,1.17672324,0.15254454,0.02023754
29.900000,0,RR_foot,1.04862750,-0.27961656,0.02022474
29.920000,0,FL_foot,1.58377016,0.05075524,0.02022755
29.920000,0,FR_foot,1.48375666,-0.40467238,0.02025187
29.920000,0,RL_foot,1.17672360,0.15254460,0.02023756
29.920000,0,RR_foot,1.04862785,-0.27961648,0.02022471
29.940000,0,FL_foot,1.58377016,0.05075514,0.02022759
29.940000,0,FR_foot,1.48375642,-0.40467244,0.02025178
29.940000,0,RL_foot,1.17672336,0.15254460,0.02023755
29.940000,0,RR_foot,1.04862773,-0.27961645,0.02022475
29.960000,0,FL_foot,1.58377004,0.05075505,0.02022761
29.960000,0,FR_foot,1.48375618,-0.40467229,0.02025190
29.960000,0,RL_foot,1.17672312,0.15254442,0.02023742
29.960000,0,RR_foot,1.04862773,-0.27961653,0.02022486
29.980000,0,FL_foot,1.58376980,0.05075527,0.02022761
29.980000,0,FR_foot,1.48375654,-0.40467235,0.02025180
29.980000,0,RL_foot,1.17672324,0.15254469,0.02023763
29.980000,0,RR_foot,1.04862750,-0.27961648,0.02022473
30.000000,0,FL_foot,1.58377016,0.05075533,0.02022767
30.000000,0,FR_foot,1.48375618,-0.40467238,0.02025190
30.000000,0,RL_foot,1.17672348,0.15254451,0.02023745
30.000000,0,RR_foot,1.04862773,-0.27961656,0.02022471
30.020000,0,FL_foot,1.58377028,0.05075525,0.02022762
30.020000,0,FR_foot,1.48375630,-0.40467244,0.02025182
30.020000,0,RL_foot,1.17672348,0.15254448,0.02023743
30.020000,0,RR_foot,1.04862773,-0.27961659,0.02022467
