time_s,segment,body,x_m,y_m,z_m
0.000000,0,FL_2,0.00001589,0.15770154,0.06757849
0.000000,0,FR_2,0.00002416,-0.29419219,0.06757541
0.000000,0,RL_2,-0.42198399,0.15770151,0.06757855
0.000000,0,RR_2,-0.42197573,-0.29419214,0.06757547
0.020000,0,FL_2,-0.00117895,0.15883103,0.06735218
0.020000,0,FR_2,-0.00087424,-0.29270107,0.06788987
0.020000,0,RL_2,-0.42057475,0.15696943,0.06773272
0.020000,0,RR_2,-0.42115265,-0.29636857,0.06714544
0.040000,0,FL_2,-0.00489735,0.16145657,0.06687847
0.040000,0,FR_2,-0.00284516,-0.28951788,0.06861702
0.040000,0,RL_2,-0.41663003,0.15465719,0.06826267
0.040000,0,RR_2,-0.41948739,-0.30038759,0.06643872
0.060000,0,FL_2,-0.01134229,0.16537315,0.06632985
0.060000,0,FR_2,-0.00544481,-0.28536874,0.06968030
0.060000,0,RL_2,-0.41021797,0.15076348,0.06929693
0.060000,0,RR_2,-0.41718200,-0.30529675,0.06573124
0.080000,0,FL_2,-0.02002478,0.17016920,0.06595082
0.080000,0,FR_2,-0.00829450,-0.28079921,0.07100371
0.080000,0,RL_2,-0.40207827,0.14567463,0.07090349
0.080000,0,RR_2,-0.41439083,-0.31057605,0.06516450
0.100000,0,FL_2,-0.03020347,0.17537214,0.06595404
0.100000,0,FR_2,-0.01116190,-0.27607548,0.07254036
0.100000,0,RL_2,-0.39316255,0.13986082,0.07306772
0.100000,0,RR_2,-0.41123828,-0.31598979,0.06479688
0.120000,0,FL_2,-0.04116104,0.18058981,0.06645559
0.120000,0,FR_2,-0.01392625,-0.27131358,0.07426344
0.120000,0,RL_2,-0.38428056,0.13374485,0.07568999
0.120000,0,RR_2,-0.40782923,-0.32144806,0.06464931
0.140000,0,FL_2,-0.05142749,0.18613257,0.06736273
0.140000,0,FR_2,-0.01557297,-0.26700968,0.07595383
0.140000,0,RL_2,-0.37692064,0.12737188,0.07866767
0.140000,0,RR_2,-0.40528190,-0.32647777,0.06468655
0.160000,0,FL_2,-0.06084441,0.19118233,0.06863197
0.160000,0,FR_2,-0.01652559,-0.26242250,0.07789585
0.160000,0,RL_2,-0.37079409,0.12159330,0.08162327
0.160000,0,RR_2,-0.40331483,-0.33184880,0.06489307
0.180000,0,FL_2,-0.06868706,0.19639848,0.07008642
0.180000,0,FR_2,-0.01615642,-0.25823730,0.07978562
0.180000,0,RL_2,-0.36654150,0.11605272,0.08458222
0.180000,0,RR_2,-0.40271831,-0.33704808,0.06522017
0.200000,0,FL_2,-0.07552955,0.20099577,0.07167544
0.200000,0,FR_2,-0.01539138,-0.25365186,0.08201933
0.200000,0,RL_2,-0.36304730,0.11128467,0.08730787
0.200000,0,RR_2,-0.40274182,-0.34285584,0.06576234
0.220000,0,FL_2,-0.08139865,0.20567907,0.07338466
0.220000,0,FR_2,-0.01402777,-0.24944249,0.08422319
0.220000,0,RL_2,-0.36046779,0.10662711,0.09007742
0.220000,0,RR_2,-0.40362880,-0.34864187,0.06648210
0.240000,0,FL_2,-0.08708950,0.20986748,0.07525375
0.240000,0,FR_2,-0.01294931,-0.24500230,0.08673693
0.240000,0,RL_2,-0.35777482,0.10234941,0.09280060
0.240000,0,RR_2,-0.40454602,-0.35487732,0.06750938
0.260000,0,FL_2,-0.09232644,0.21448874,0.07735578
0.260000,0,FR_2,-0.01145025,-0.24117695,0.08905201
0.260000,0,RL_2,-0.35572168,0.09784251,0.09577315
0.260000,0,RR_2,-0.40607652,-0.36073142,0.06868657
0.280000,0,FL_2,-0.09772213,0.21872862,0.07968432
0.280000,0,FR_2,-0.01031797,-0.23710713,0.09169009
0.280000,0,RL_2,-0.35339984,0.09364136,0.09872940
0.280000,0,RR_2,-0.40746590,-0.36687303,0.07019049
0.300000,0,FL_2,-0.10429092,0.22232518,0.08244035
0.300000,0,FR_2,-0.01027477,-0.23305047,0.09451077
0.300000,0,RL_2,-0.35014087,0.08937493,0.10194460
0.300000,0,RR_2,-0.40767571,-0.37330362,0.07210589
0.320000,0,FL_2,-0.10966916,0.22442763,0.08465919
0.320000,0,FR_2,-0.00992053,-0.23207958,0.09521038
0.320000,0,RL_2,-0.34785435,0.08687008,0.10392510
0.320000,0,RR_2,-0.40831116,-0.37602133,0.07298655
0.340000,0,FL_2,-0.11328706,0.22457486,0.08584782
0.340000,0,FR_2,-0.01071068,-0.23161845,0.09555497
0.340000,0,RL_2,-0.34631264,0.08617119,0.10454319
0.340000,0,RR_2,-0.40794626,-0.37677479,0.07326147
0.360000,0,FL_2,-0.11599392,0.22204930,0.08597548
0.360000,0,FR_2,-0.01351805,-0.23229210,0.09509160
0.360000,0,RL_2,-0.34416965,0.08713834,0.10396998
0.360000,0,RR_2,-0.40505227,-0.37581500,0.07305367
0.380000,0,FL_2,-0.11824384,0.21880756,0.08580991
0.380000,0,FR_2,-0.01794844,-0.23319200,0.09450503
0.380000,0,RL_2,-0.34182036,0.08805321,0.10347585
0.380000,0,RR_2,-0.39952776,-0.37393382,0.07272149
0.400000,0,FL_2,-0.11892836,0.21686757,0.08552681
0.400000,0,FR_2,-0.02124907,-0.23500955,0.09328838
0.400000,0,RL_2,-0.34092480,0.08867401,0.10310131
0.400000,0,RR_2,-0.39426482,-0.37052354,0.07199917
0.420000,0,FL_2,-0.11862678,0.21459371,0.08486427
0.420000,0,FR_2,-0.02408841,-0.23630130,0.09246859
0.420000,0,RL_2,-0.34012574,0.09002382,0.10221918
0.420000,0,RR_2,-0.38931671,-0.36706215,0.07138537
0.440000,0,FL_2,-0.11887801,0.21152486,0.08424501
0.440000,0,FR_2,-0.02756935,-0.23705500,0.09205408
0.440000,0,RL_2,-0.33835536,0.09138789,0.10143539
0.440000,0,RR_2,-0.38373563,-0.36434722,0.07117131
0.460000,0,FL_2,-0.11963353,0.20861471,0.08388402
0.460000,0,FR_2,-0.03110355,-0.23817143,0.09142793
0.460000,0,RL_2,-0.33638111,0.09237891,0.10095081
0.460000,0,RR_2,-0.37836197,-0.36151603,0.07102908
0.480000,0,FL_2,-0.12071195,0.20564783,0.08367219
0.480000,0,FR_2,-0.03470739,-0.23941851,0.09075490
0.480000,0,RL_2,-0.33427006,0.09348240,0.10043104
0.480000,0,RR_2,-0.37337905,-0.35849929,0.07091533
0.500000,0,FL_2,-0.12114391,0.20338023,0.08342220
0.500000,0,FR_2,-0.03748029,-0.24123104,0.08973622
0.500000,0,RL_2,-0.33319506,0.09463549,0.09980111
0.500000,0,RR_2,-0.36976141,-0.35498840,0.07062736
0.520000,0,FL_2,-0.12131754,0.20069808,0.08306212
0.520000,0,FR_2,-0.04025951,-0.24251086,0.08908649
0.520000,0,RL_2,-0.33203036,0.09633928,0.09885939
0.520000,0,RR_2,-0.36652833,-0.35204020,0.07049523
0.540000,0,FL_2,-0.12222238,0.19719486,0.08287708
0.540000,0,FR_2,-0.04404218,-0.24346070,0.08871596
0.540000,0,RL_2,-0.32988107,0.09811580,0.09802414
0.540000,0,RR_2,-0.36242825,-0.34958532,0.07065370
0.560000,0,FL_2,-0.12249094,0.19473162,0.08267730
0.560000,0,FR_2,-0.04712494,-0.24548361,0.08772762
0.560000,0,RL_2,-0.32885084,0.09949688,0.09733234
0.560000,0,RR_2,-0.35934663,-0.34618059,0.07057607
0.580000,0,FL_2,-0.12225692,0.19202818,0.08233846
0.580000,0,FR_2,-0.05004005,-0.24702489,0.08705412
0.580000,0,RL_2,-0.32788110,0.10142077,0.09634954
0.580000,0,RR_2,-0.35653174,-0.34301463,0.07057638
0.600000,0,FL_2,-0.12242629,0.18861017,0.08212328
0.600000,0,FR_2,-0.05369600,-0.24827307,0.08663306
0.600000,0,RL_2,-0.32614839,0.10350018,0.09542318
0.600000,0,RR_2,-0.35291222,-0.34009588,0.07081667
0.620000,0,FL_2,-0.12179197,0.18619880,0.08178819
0.620000,0,FR_2,-0.05656876,-0.25050497,0.08568747
0.620000,0,RL_2,-0.32559583,0.10526009,0.09455508
0.620000,0,RR_2,-0.35034418,-0.33632609,0.07086673
0.640000,0,FL_2,-0.12072724,0.18346742,0.08135767
0.640000,0,FR_2,-0.05928389,-0.25214243,0.08508929
0.640000,0,RL_2,-0.32501081,0.10754713,0.09345144
0.640000,0,RR_2,-0.34791389,-0.33299640,0.07102036
0.660000,0,FL_2,-0.12042975,0.17974499,0.08119661
0.660000,0,FR_2,-0.06308170,-0.25334391,0.08484381
0.660000,0,RL_2,-0.32324037,0.11003439,0.09247380
0.660000,0,RR_2,-0.34431285,-0.32996604,0.07148105
0.680000,0,FL_2,-0.11970977,0.17700717,0.08099358
0.680000,0,FR_2,-0.06645232,-0.25567099,0.08408168
0.680000,0,RL_2,-0.32242951,0.11204250,0.09163841
0.680000,0,RR_2,-0.34153634,-0.32593966,0.07182597
0.700000,0,FL_2,-0.11877315,0.17411394,0.08078805
0.700000,0,FR_2,-0.06971364,-0.25744861,0.08362811
0.700000,0,RL_2,-0.32160744,0.11442821,0.09067182
0.700000,0,RR_2,-0.33881578,-0.32228291,0.07227035
0.720000,0,FL_2,-0.11703430,0.17174073,0.08040100
0.720000,0,FR_2,-0.07224226,-0.25999969,0.08282080
0.720000,0,RL_2,-0.32173076,0.11687715,0.08957239
0.720000,0,RR_2,-0.33718678,-0.31822526,0.07259423
0.740000,0,FL_2,-0.11494334,0.16873895,0.08001634
0.740000,0,FR_2,-0.07479914,-0.26202464,0.08230148
0.740000,0,RL_2,-0.32169536,0.12000895,0.08826264
0.740000,0,RR_2,-0.33552817,-0.31467295,0.07300630
0.760000,0,FL_2,-0.11293644,0.16541514,0.07976460
0.760000,0,FR_2,-0.07779822,-0.26420003,0.08183754
0.760000,0,RL_2,-0.32141215,0.12328477,0.08701231
0.760000,0,RR_2,-0.33362222,-0.31100282,0.07355158
0.780000,0,FL_2,-0.11085968,0.16240761,0.07955515
0.780000,0,FR_2,-0.08084516,-0.26654276,0.08138658
0.780000,0,RL_2,-0.32136279,0.12638897,0.08586215
0.780000,0,RR_2,-0.33184135,-0.30719990,0.07416547
0.800000,0,FL_2,-0.10867822,0.15966092,0.07936847
0.800000,0,FR_2,-0.08371019,-0.26894745,0.08096102
0.800000,0,RL_2,-0.32155040,0.12943128,0.08475830
0.800000,0,RR_2,-0.33032781,-0.30344120,0.07480966
0.820000,0,FL_2,-0.10633445,0.15694201,0.07921374
0.820000,0,FR_2,-0.08638322,-0.27145204,0.08054633
0.820000,0,RL_2,-0.32191581,0.13261592,0.08363958
0.820000,0,RR_2,-0.32910740,-0.29971224,0.07547731
0.840000,0,FL_2,-0.10383528,0.15421849,0.07910058
0.840000,0,FR_2,-0.08891775,-0.27399996,0.08016887
0.840000,0,RL_2,-0.32244861,0.13594781,0.08251258
0.840000,0,RR_2,-0.32809958,-0.29605824,0.07617603
0.860000,0,FL_2,-0.10125548,0.15153918,0.07903954
0.860000,0,FR_2,-0.09135111,-0.27652970,0.07985118
0.860000,0,RL_2,-0.32311720,0.13934511,0.08141413
0.860000,0,RR_2,-0.32722738,-0.29253134,0.07690786
0.880000,0,FL_2,-0.09866540,0.14890194,0.07904465
0.880000,0,FR_2,-0.09372573,-0.27905080,0.07959472
0.880000,0,RL_2,-0.32386357,0.14277434,0.08036604
0.880000,0,RR_2,-0.32645059,-0.28910592,0.07767780
0.900000,0,FL_2,-0.09610704,0.14629515,0.07912444
0.900000,0,FR_2,-0.09608740,-0.28158399,0.07940061
0.900000,0,RL_2,-0.32464805,0.14622477,0.07937980
0.900000,0,RR_2,-0.32573408,-0.28573757,0.07849637
0.920000,0,FL_2,-0.09360272,0.14372082,0.07927966
0.920000,0,FR_2,-0.09846647,-0.28413501,0.07927395
0.920000,0,RL_2,-0.32545331,0.14968422,0.07846192
0.920000,0,RR_2,-0.32505006,-0.28240210,0.07937176
0.940000,0,FL_2,-0.09115768,0.14117990,0.07950809
0.940000,0,FR_2,-0.10087763,-0.28670532,0.07921885
0.940000,0,RL_2,-0.32627362,0.15314783,0.07761444
0.940000,0,RR_2,-0.32438341,-0.27908787,0.08030804
0.960000,0,FL_2,-0.08876592,0.13867156,0.07980578
0.960000,0,FR_2,-0.10332400,-0.28929445,0.07923791
0.960000,0,RL_2,-0.32711086,0.15661752,0.07683648
0.960000,0,RR_2,-0.32373148,-0.27579227,0.08130603
0.980000,0,FL_2,-0.08641626,0.13619223,0.08016919
0.980000,0,FR_2,-0.10580179,-0.29190144,0.07933223
0.980000,0,RL_2,-0.32797050,0.16009913,0.07612629
0.980000,0,RR_2,-0.32309788,-0.27251795,0.08236349
1.000000,0,FL_2,-0.08409730,0.13373835,0.08059547
1.000000,0,FR_2,-0.10830450,-0.29452550,0.07950276
1.000000,0,RL_2,-0.32885915,0.16359986,0.07548185
1.000000,0,RR_2,-0.32248870,-0.26926956,0.08347738
1.020000,0,FL_2,-0.08179720,0.13130188,0.08108409
1.020000,0,FR_2,-0.11082885,-0.29717097,0.07974985
1.020000,0,RL_2,-0.32978287,0.16713119,0.07490199
1.020000,0,RR_2,-0.32191136,-0.26604638,0.08464557
1.040000,0,FL_2,-0.07950600,0.12887660,0.08163494
1.040000,0,FR_2,-0.11337490,-0.29984254,0.08007516
1.040000,0,RL_2,-0.33074760,0.17070426,0.07438633
1.040000,0,RR_2,-0.32136813,-0.26284546,0.08586830
1.060000,0,FL_2,-0.07651974,0.12695311,0.08196669
1.060000,0,FR_2,-0.11523347,-0.30317476,0.08024400
1.060000,0,RL_2,-0.33266374,0.17410883,0.07376651
1.060000,0,RR_2,-0.32179552,-0.25955090,0.08702690
1.080000,0,FL_2,-0.07372698,0.12450669,0.08259134
1.080000,0,FR_2,-0.11714554,-0.30567753,0.08057036
1.080000,0,RL_2,-0.33428106,0.17799714,0.07325980
1.080000,0,RR_2,-0.32162952,-0.25694537,0.08808649
1.100000,0,FL_2,-0.07072780,0.12250087,0.08307874
1.100000,0,FR_2,-0.11874308,-0.30874431,0.08084570
1.100000,0,RL_2,-0.33636859,0.18162602,0.07275604
1.100000,0,RR_2,-0.32211757,-0.25402823,0.08921900
1.120000,0,FL_2,-0.06709635,0.12057953,0.08352289
1.120000,0,FR_2,-0.11968586,-0.31217784,0.08100583
1.120000,0,RL_2,-0.33924690,0.18539169,0.07218330
1.120000,0,RR_2,-0.32323194,-0.25128695,0.09024107
1.140000,0,FL_2,-0.06384775,0.11845771,0.08416460
1.140000,0,FR_2,-0.12067585,-0.31476182,0.08126312
1.140000,0,RL_2,-0.34186101,0.18931104,0.07175975
1.140000,0,RR_2,-0.32373285,-0.24916612,0.09113430
1.160000,0,FL_2,-0.06040641,0.11669590,0.08468381
1.160000,0,FR_2,-0.12128279,-0.31796408,0.08146992
1.160000,0,RL_2,-0.34491944,0.19295649,0.07134037
1.160000,0,RR_2,-0.32494476,-0.24670246,0.09212680
1.180000,0,FL_2,-0.05700056,0.11465522,0.08540428
1.180000,0,FR_2,-0.12184918,-0.32097381,0.08172816
1.180000,0,RL_2,-0.34798181,0.19687046,0.07103394
1.180000,0,RR_2,-0.32591558,-0.24450266,0.09307951
1.200000,0,FL_2,-0.05335960,0.11314810,0.08589648
1.200000,0,FR_2,-0.12195954,-0.32423583,0.08192618
1.200000,0,RL_2,-0.35160267,0.20031109,0.07069223
1.200000,0,RR_2,-0.32741252,-0.24233589,0.09399130
1.220000,0,FL_2,-0.05039788,0.11099625,0.08683396
1.220000,0,FR_2,-0.12251404,-0.32670420,0.08226746
1.220000,0,RL_2,-0.35447174,0.20421813,0.07062405
1.220000,0,RR_2,-0.32798326,-0.24053873,0.09487535
1.240000,0,FL_2,-0.04759229,0.10931470,0.08758320
1.240000,0,FR_2,-0.12320259,-0.32959890,0.08273587
1.240000,0,RL_2,-0.35732076,0.20765226,0.07059993
1.240000,0,RR_2,-0.32884359,-0.23828673,0.09600896
1.260000,0,FL_2,-0.04370143,0.10782886,0.08820584
1.260000,0,FR_2,-0.12303208,-0.33365494,0.08313210
1.260000,0,RL_2,-0.36139092,0.21093939,0.07045131
1.260000,0,RR_2,-0.33091873,-0.23583950,0.09716497
1.280000,0,FL_2,-0.04035641,0.10625347,0.08896060
1.280000,0,FR_2,-0.12286611,-0.33613196,0.08340736
1.280000,0,RL_2,-0.36517808,0.21421322,0.07044125
1.280000,0,RR_2,-0.33190072,-0.23464893,0.09775899
1.300000,0,FL_2,-0.03721147,0.10473587,0.08973643
1.300000,0,FR_2,-0.12254639,-0.33896086,0.08372922
1.300000,0,RL_2,-0.36884758,0.21737638,0.07052180
1.300000,0,RR_2,-0.33340999,-0.23294048,0.09863359
1.320000,0,FL_2,-0.03319874,0.10351016,0.09033940
1.320000,0,FR_2,-0.12132883,-0.34262487,0.08396228
1.320000,0,RL_2,-0.37359115,0.22027616,0.07050105
1.320000,0,RR_2,-0.33583939,-0.23123562,0.09945510
1.340000,0,FL_2,-0.03026585,0.10194667,0.09123753
1.340000,0,FR_2,-0.12054121,-0.34454405,0.08406998
1.340000,0,RL_2,-0.37743399,0.22337377,0.07073484
1.340000,0,RR_2,-0.33676508,-0.23054461,0.09980892
1.360000,0,FL_2,-0.02778774,0.10047489,0.09212962
1.360000,0,FR_2,-0.12010442,-0.34694189,0.08441613
1.360000,0,RL_2,-0.38071719,0.22634304,0.07109233
1.360000,0,RR_2,-0.33795998,-0.22896911,0.10073027
1.380000,0,FL_2,-0.02452278,0.09960726,0.09262645
1.380000,0,FR_2,-0.11894096,-0.35005867,0.08472845
1.380000,0,RL_2,-0.38491270,0.22851184,0.07122420
1.380000,0,RR_2,-0.33996925,-0.22752711,0.10152572
1.400000,0,FL_2,-0.02055608,0.09835182,0.09340060
1.400000,0,FR_2,-0.11700104,-0.35353908,0.08494470
1.400000,0,RL_2,-0.38992804,0.23093285,0.07143034
1.400000,0,RR_2,-0.34256351,-0.22627310,0.10218345
1.420000,0,FL_2,-0.01730243,0.09721580,0.09413974
1.420000,0,FR_2,-0.11521219,-0.35553244,0.08488716
1.420000,0,RL_2,-0.39453313,0.23328489,0.07174830
1.420000,0,RR_2,-0.34413159,-0.22592902,0.10230705
1.440000,0,FL_2,-0.01417654,0.09589498,0.09504235
1.440000,0,FR_2,-0.11335959,-0.35812819,0.08500941
1.440000,0,RL_2,-0.39900059,0.23579262,0.07221600
1.440000,0,RR_2,-0.34622219,-0.22477543,0.10298379
1.460000,0,FL_2,-0.01090422,0.09534207,0.09541035
1.460000,0,FR_2,-0.11103785,-0.36031350,0.08490993
1.460000,0,RL_2,-0.40384325,0.23732388,0.07243720
1.460000,0,RR_2,-0.34829721,-0.22435296,0.10315360
1.480000,0,FL_2,-0.00798292,0.09401742,0.09636876
1.480000,0,FR_2,-0.10879122,-0.36261585,0.08491062
1.480000,0,RL_2,-0.40826520,0.23948662,0.07296810
1.480000,0,RR_2,-0.35033411,-0.22357149,0.10360496
1.500000,0,FL_2,-0.00485963,0.09341700,0.09680501
1.500000,0,FR_2,-0.10631581,-0.36476570,0.08483564
1.500000,0,RL_2,-0.41293269,0.24088815,0.07330852
1.500000,0,RR_2,-0.35244909,-0.22308066,0.10385114
1.520000,0,FL_2,-0.00213801,0.09192749,0.09793888
1.520000,0,FR_2,-0.10420568,-0.36703986,0.08495446
1.520000,0,RL_2,-0.41713655,0.24311817,0.07403288
1.520000,0,RR_2,-0.35424381,-0.22222225,0.10440960
1.540000,0,FL_2,0.00055011,0.09174495,0.09807908
1.540000,0,FR_2,-0.10200232,-0.36850542,0.08480395
1.540000,0,RL_2,-0.42136726,0.24390572,0.07429408
1.540000,0,RR_2,-0.35591543,-0.22210547,0.10441530
1.560000,0,FL_2,0.00371943,0.09108002,0.09860355
1.560000,0,FR_2,-0.09886023,-0.37079799,0.08470574
1.560000,0,RL_2,-0.42607480,0.24464878,0.07459848
1.560000,0,RR_2,-0.35877514,-0.22157249,0.10469723
1.580000,0,FL_2,0.00658722,0.08910450,0.10018959
1.580000,0,FR_2,-0.09647083,-0.37344921,0.08501092
1.580000,0,RL_2,-0.43046349,0.24725193,0.07569838
1.580000,0,RR_2,-0.36063284,-0.22057980,0.10540783
1.600000,0,FL_2,0.00929907,0.08878238,0.10046428
1.600000,0,FR_2,-0.09436797,-0.37482747,0.08495355
1.600000,0,RL_2,-0.43484029,0.24819046,0.07621408
1.600000,0,RR_2,-0.36204249,-0.22045073,0.10545617
1.620000,0,FL_2,0.01236298,0.08812088,0.10102466
1.620000,0,FR_2,-0.09133293,-0.37694103,0.08496144
1.620000,0,RL_2,-0.43967485,0.24878402,0.07667215
1.620000,0,RR_2,-0.36473566,-0.21988568,0.10581812
1.640000,0,FL_2,0.01522171,0.08706950,0.10191678
1.640000,0,FR_2,-0.08836971,-0.37878445,0.08492762
1.640000,0,RL_2,-0.44438410,0.24995171,0.07743831
1.640000,0,RR_2,-0.36684150,-0.21965821,0.10593583
1.660000,0,FL_2,0.01809927,0.08649981,0.10241909
1.660000,0,FR_2,-0.08520441,-0.38033229,0.08476129
1.660000,0,RL_2,-0.44911313,0.25056055,0.07804121
1.660000,0,RR_2,-0.36912104,-0.21949601,0.10600096
1.680000,0,FL_2,0.02095401,0.08609594,0.10278781
1.680000,0,FR_2,-0.08158293,-0.38155439,0.08438495
1.680000,0,RL_2,-0.45386037,0.25069314,0.07850763
1.680000,0,RR_2,-0.37159818,-0.21964478,0.10580625
1.700000,0,FL_2,0.02364111,0.08578415,0.10308176
1.700000,0,FR_2,-0.07764493,-0.38243097,0.08383081
1.700000,0,RL_2,-0.45838216,0.25058448,0.07891116
1.700000,0,RR_2,-0.37414628,-0.21996826,0.10546698
1.720000,0,FL_2,0.02619233,0.08553835,0.10332201
1.720000,0,FR_2,-0.07348997,-0.38309127,0.08318490
1.720000,0,RL_2,-0.46263880,0.25031087,0.07927102
1.720000,0,RR_2,-0.37671900,-0.22034994,0.10508220
1.740000,0,FL_2,0.02864221,0.08531980,0.10354114
1.740000,0,FR_2,-0.06925131,-0.38362181,0.08251889
1.740000,0,RL_2,-0.46664596,0.24993208,0.07960590
1.740000,0,RR_2,-0.37925673,-0.22073260,0.10470112
1.760000,0,FL_2,0.03107362,0.08511482,0.10375172
1.760000,0,FR_2,-0.06499694,-0.38411582,0.08188926
1.760000,0,RL_2,-0.47050479,0.24945629,0.07992509
1.760000,0,RR_2,-0.38178518,-0.22107510,0.10435733
1.780000,0,FL_2,0.03350180,0.08488607,0.10398535
1.780000,0,FR_2,-0.06079593,-0.38458812,0.08131498
1.780000,0,RL_2,-0.47428760,0.24893330,0.08025675
1.780000,0,RR_2,-0.38428479,-0.22139308,0.10403840
1.800000,0,FL_2,0.03601209,0.08464514,0.10423400
1.800000,0,FR_2,-0.05660507,-0.38510078,0.08081353
1.800000,0,RL_2,-0.47812986,0.24833742,0.08061001
1.800000,0,RR_2,-0.38684559,-0.22166488,0.10376049
1.820000,0,FL_2,0.03853387,0.08434597,0.10453534
1.820000,0,FR_2,-0.05246758,-0.38558397,0.08036059
1.820000,0,RL_2,-0.48203155,0.24775170,0.08102294
1.820000,0,RR_2,-0.38939291,-0.22194399,0.10348029
1.840000,0,FL_2,0.04115560,0.08403833,0.10484929
1.840000,0,FR_2,-0.04828516,-0.38610470,0.07996921
1.840000,0,RL_2,-0.48608756,0.24710247,0.08148412
1.840000,0,RR_2,-0.39204198,-0.22217290,0.10324404
1.860000,0,FL_2,0.04370637,0.08365761,0.10522717
1.860000,0,FR_2,-0.04416571,-0.38652733,0.07959565
1.860000,0,RL_2,-0.49017033,0.24651745,0.08202863
1.860000,0,RR_2,-0.39461339,-0.22243741,0.10298297
1.880000,0,FL_2,0.04635812,0.08330414,0.10558800
1.880000,0,FR_2,-0.03995864,-0.38699713,0.07928319
1.880000,0,RL_2,-0.49438220,0.24582846,0.08260744
1.880000,0,RR_2,-0.39730692,-0.22261207,0.10279901
1.900000,0,FL_2,0.04885620,0.08286494,0.10602113
1.900000,0,FR_2,-0.03585286,-0.38731638,0.07896771
1.900000,0,RL_2,-0.49851328,0.24523404,0.08326285
1.900000,0,RR_2,-0.39984584,-0.22285233,0.10256603
1.920000,0,FL_2,0.05149690,0.08248900,0.10640805
1.920000,0,FR_2,-0.03162327,-0.38772452,0.07873005
1.920000,0,RL_2,-0.50273693,0.24446601,0.08391983
1.920000,0,RR_2,-0.40255150,-0.22295390,0.10245091
1.940000,0,FL_2,0.05392312,0.08250437,0.10646330
1.940000,0,FR_2,-0.02744606,-0.38733104,0.07819620
1.940000,0,RL_2,-0.50662845,0.24322313,0.08434983
1.940000,0,RR_2,-0.40510920,-0.22366041,0.10183588
1.960000,0,FL_2,0.05629785,0.08241387,0.10661091
1.960000,0,FR_2,-0.02296764,-0.38712135,0.07777581
1.960000,0,RL_2,-0.51032758,0.24193513,0.08476250
1.960000,0,RR_2,-0.40801513,-0.22397731,0.10154794
1.980000,0,FL_2,0.05849019,0.08307281,0.10613748
1.980000,0,FR_2,-0.01850433,-0.38571998,0.07690814
1.980000,0,RL_2,-0.51343626,0.23984805,0.08474240
1.980000,0,RR_2,-0.41073826,-0.22528695,0.10045330
2.000000,0,FL_2,0.06046658,0.08281976,0.10641594
2.000000,0,FR_2,-0.01375768,-0.38539383,0.07655057
2.000000,0,RL_2,-0.51636261,0.23864122,0.08506538
2.000000,0,RR_2,-0.41377059,-0.22534022,0.10039210
2.020000,0,FL_2,0.06263502,0.08301307,0.10634017
2.020000,0,FR_2,-0.00939436,-0.38453645,0.07605076
2.020000,0,RL_2,-0.51918924,0.23712876,0.08527404
2.020000,0,RR_2,-0.41628131,-0.22613606,0.09973797
2.040000,0,FL_2,0.06499887,0.08424547,0.10544956
2.040000,0,FR_2,-0.00464846,-0.38252446,0.07514794
2.040000,0,RL_2,-0.52170801,0.23408426,0.08486391
2.040000,0,RR_2,-0.41944855,-0.22757278,0.09858783
2.060000,0,FL_2,0.06664781,0.08407535,0.10565978
2.060000,0,FR_2,0.00013265,-0.38152438,0.07472827
2.060000,0,RL_2,-0.52398211,0.23266357,0.08502054
2.060000,0,RR_2,-0.42248237,-0.22794539,0.09829377
2.080000,0,FL_2,0.06883232,0.08445195,0.10546885
2.080000,0,FR_2,0.00459010,-0.38042411,0.07433904
2.080000,0,RL_2,-0.52643609,0.23086949,0.08512796
2.080000,0,RR_2,-0.42520821,-0.22865266,0.09774818
2.100000,0,FL_2,0.07107770,0.08592987,0.10444880
2.100000,0,FR_2,0.00918666,-0.37778276,0.07345997
2.100000,0,RL_2,-0.52851456,0.22755606,0.08465978
2.100000,0,RR_2,-0.42839444,-0.23044556,0.09639560
2.120000,0,FL_2,0.07262339,0.08612717,0.10438865
2.120000,0,FR_2,0.01390562,-0.37625563,0.07307537
2.120000,0,RL_2,-0.53037989,0.22573552,0.08465853
2.120000,0,RR_2,-0.43158051,-0.23095015,0.09603937
2.140000,0,FL_2,0.07460792,0.08668998,0.10408813
2.140000,0,FR_2,0.01825952,-0.37470463,0.07274149
2.140000,0,RL_2,-0.53239715,0.22374649,0.08468257
2.140000,0,RR_2,-0.43438944,-0.23181365,0.09542803
2.160000,0,FL_2,0.07677409,0.08835041,0.10301583
2.160000,0,FR_2,0.02271130,-0.37177369,0.07204212
2.160000,0,RL_2,-0.53406298,0.22029147,0.08422188
2.160000,0,RR_2,-0.43769300,-0.23362815,0.09416091
2.180000,0,FL_2,0.07817154,0.08868231,0.10287741
2.180000,0,FR_2,0.02719325,-0.36995086,0.07178521
2.180000,0,RL_2,-0.53555465,0.21841598,0.08419076
2.180000,0,RR_2,-0.44084281,-0.23421298,0.09379792
2.200000,0,FL_2,0.08006322,0.08938034,0.10252453
2.200000,0,FR_2,0.03130084,-0.36818832,0.07158844
2.200000,0,RL_2,-0.53723258,0.21633244,0.08419313
2.200000,0,RR_2,-0.44365823,-0.23507573,0.09325126
2.220000,0,FL_2,0.08215499,0.09114407,0.10147266
2.220000,0,FR_2,0.03545145,-0.36506850,0.07108824
2.220000,0,RL_2,-0.53855711,0.21284392,0.08379205
2.220000,0,RR_2,-0.44697756,-0.23691234,0.09208014
2.240000,0,FL_2,0.08354075,0.09215115,0.10091332
2.240000,0,FR_2,0.03967733,-0.36241883,0.07081966
2.240000,0,RL_2,-0.53952724,0.21031629,0.08355516
2.240000,0,RR_2,-0.45028406,-0.23804383,0.09142298
2.260000,0,FL_2,0.08516676,0.09360750,0.10010166
2.260000,0,FR_2,0.04371866,-0.35957184,0.07057206
2.260000,0,RL_2,-0.54033297,0.20748591,0.08325037
2.260000,0,RR_2,-0.45347896,-0.23949333,0.09059034
2.280000,0,FL_2,0.08674462,0.09540303,0.09910491
2.280000,0,FR_2,0.04777754,-0.35624421,0.07031391
2.280000,0,RL_2,-0.54081154,0.20423055,0.08282274
2.280000,0,RR_2,-0.45690262,-0.24119529,0.08965123
2.300000,0,FL_2,0.08806112,0.09686363,0.09833129
2.300000,0,FR_2,0.05177292,-0.35320932,0.07021067
2.300000,0,RL_2,-0.54112917,0.20145278,0.08248462
2.300000,0,RR_2,-0.46023035,-0.24256541,0.08895935
2.320000,0,FL_2,0.08958862,0.09885819,0.09729216
2.320000,0,FR_2,0.05562542,-0.34972167,0.07010129
2.320000,0,RL_2,-0.54126334,0.19815353,0.08207335
2.320000,0,RR_2,-0.46364897,-0.24437079,0.08805927
2.340000,0,FL_2,0.09074596,0.09999619,0.09675562
2.340000,0,FR_2,0.05940094,-0.34706679,0.07021429
2.340000,0,RL_2,-0.54151183,0.19583863,0.08187487
2.340000,0,RR_2,-0.46682778,-0.24536166,0.08766243
2.360000,0,FL_2,0.09232252,0.10150990,0.09607531
2.360000,0,FR_2,0.06285600,-0.34427133,0.07033016
2.360000,0,RL_2,-0.54194176,0.19314620,0.08173002
2.360000,0,RR_2,-0.46989572,-0.24669568,0.08709779
2.380000,0,FL_2,0.09392595,0.10371139,0.09505457
2.380000,0,FR_2,0.06620422,-0.34057090,0.07039143
2.380000,0,RL_2,-0.54204839,0.18969324,0.08147699
2.380000,0,RR_2,-0.47333628,-0.24868703,0.08624519
2.400000,0,FL_2,0.09491347,0.10531557,0.09432270
2.400000,0,FR_2,0.06946553,-0.33737552,0.07059027
2.400000,0,RL_2,-0.54194206,0.18713558,0.08128387
2.400000,0,RR_2,-0.47657943,-0.25011897,0.08573101
2.420000,0,FL_2,0.09608920,0.10741966,0.09338909
2.420000,0,FR_2,0.07248084,-0.33397821,0.07081057
2.420000,0,RL_2,-0.54165453,0.18418917,0.08106656
2.420000,0,RR_2,-0.47976902,-0.25186518,0.08509924
2.440000,0,FL_2,0.09716896,0.10986651,0.09231943
2.440000,0,FR_2,0.07544822,-0.33019766,0.07108486
2.440000,0,RL_2,-0.54102403,0.18092589,0.08080365
2.440000,0,RR_2,-0.48316884,-0.25385767,0.08442228
2.460000,0,FL_2,0.09797068,0.11218985,0.09132323
2.460000,0,FR_2,0.07832413,-0.32653949,0.07144523
2.460000,0,RL_2,-0.54015833,0.17796285,0.08054648
2.460000,0,RR_2,-0.48650548,-0.25572041,0.08386468
2.480000,0,FL_2,0.09882627,0.11488821,0.09021562
2.480000,0,FR_2,0.08107089,-0.32263702,0.07186977
2.480000,0,RL_2,-0.53906417,0.17470741,0.08029810
2.480000,0,RR_2,-0.48991895,-0.25783053,0.08326691
2.500000,0,FL_2,0.09945317,0.11722630,0.08928854
2.500000,0,FR_2,0.08376744,-0.31911156,0.07238101
2.500000,0,RL_2,-0.53796113,0.17192137,0.08010317
2.500000,0,RR_2,-0.49320954,-0.25959072,0.08287324
2.520000,0,FL_2,0.10023481,0.12000625,0.08825195
2.520000,0,FR_2,0.08620489,-0.31525415,0.07293437
2.520000,0,RL_2,-0.53674155,0.16875252,0.07996260
2.520000,0,RR_2,-0.49652886,-0.26175597,0.08237590
2.540000,0,FL_2,0.10074335,0.12263227,0.08729164
2.540000,0,FR_2,0.08851735,-0.31153530,0.07354964
2.540000,0,RL_2,-0.53540707,0.16588248,0.07984230
2.540000,0,RR_2,-0.49978018,-0.26378652,0.08199305
2.560000,0,FL_2,0.10103971,0.12572967,0.08617403
2.560000,0,FR_2,0.09034413,-0.30741677,0.07418530
2.560000,0,RL_2,-0.53365076,0.16279896,0.07970595
2.560000,0,RR_2,-0.50290400,-0.26635244,0.08146349
2.580000,0,FL_2,0.10078566,0.12847370,0.08514897
2.580000,0,FR_2,0.09191711,-0.30389890,0.07481252
2.580000,0,RL_2,-0.53165323,0.16035458,0.07950970
2.580000,0,RR_2,-0.50562763,-0.26846823,0.08111243
2.600000,0,FL_2,0.10043801,0.13165990,0.08401320
2.600000,0,FR_2,0.09297280,-0.30029142,0.07542186
2.600000,0,RL_2,-0.52934384,0.15764612,0.07933895
2.600000,0,RR_2,-0.50807244,-0.27093744,0.08066283
2.620000,0,FL_2,0.09986340,0.13516299,0.08280642
2.620000,0,FR_2,0.09382793,-0.29663274,0.07607782
2.620000,0,RL_2,-0.52668768,0.15478638,0.07919051
2.620000,0,RR_2,-0.51049292,-0.27354354,0.08023617
2.640000,0,FL_2,0.09909168,0.13858500,0.08166468
2.640000,0,FR_2,0.09463264,-0.29322979,0.07676326
2.640000,0,RL_2,-0.52395600,0.15212217,0.07907555
2.640000,0,RR_2,-0.51283306,-0.27599391,0.07991242
2.660000,0,FL_2,0.09831468,0.14225629,0.08053219
2.660000,0,FR_2,0.09532531,-0.28966707,0.07752766
2.660000,0,RL_2,-0.52114969,0.14927761,0.07906248
2.660000,0,RR_2,-0.51523447,-0.27867571,0.07960383
2.680000,0,FL_2,0.09741215,0.14550920,0.07955849
2.680000,0,FR_2,0.09611782,-0.28653377,0.07830057
2.680000,0,RL_2,-0.51855141,0.14688370,0.07907426
2.680000,0,RR_2,-0.51754987,-0.28097099,0.07944776
2.700000,0,FL_2,0.09666882,0.14910866,0.07860722
2.700000,0,FR_2,0.09672722,-0.28306255,0.07917590
2.700000,0,RL_2,-0.51599079,0.14414799,0.07924387
2.700000,0,RR_2,-0.51993889,-0.28367385,0.07927279
2.720000,0,FL_2,0.09583381,0.15262142,0.07773506
2.720000,0,FR_2,0.09744184,-0.27967849,0.08012543
2.720000,0,RL_2,-0.51348680,0.14156803,0.07946101
2.720000,0,RR_2,-0.52241999,-0.28628004,0.07921121
2.740000,0,FL_2,0.09503229,0.15656099,0.07687424
2.740000,0,FR_2,0.09807080,-0.27590093,0.08123881
2.740000,0,RL_2,-0.51087195,0.13864188,0.07983209
2.740000,0,RR_2,-0.52510297,-0.28929666,0.07919014
2.760000,0,FL_2,0.09399746,0.15965408,0.07618470
2.760000,0,FR_2,0.09895955,-0.27296150,0.08224288
2.760000,0,RL_2,-0.50858212,0.13658163,0.08007532
2.760000,0,RR_2,-0.52759975,-0.29149535,0.07935387
2.780000,0,FL_2,0.09318303,0.16288424,0.07557961
2.780000,0,FR_2,0.09951720,-0.26991549,0.08327379
2.780000,0,RL_2,-0.50646776,0.13429555,0.08046918
2.780000,0,RR_2,-0.52993298,-0.29393464,0.07950237
2.800000,0,FL_2,0.09241758,0.16703764,0.07495184
2.800000,0,FR_2,0.09989835,-0.26611081,0.08458918
2.800000,0,RL_2,-0.50397974,0.13126814,0.08112215
2.800000,0,RR_2,-0.53261137,-0.29718655,0.07969539
2.820000,0,FL_2,0.09122903,0.17030627,0.07441349
2.820000,0,FR_2,0.10060497,-0.26318231,0.08574167
2.820000,0,RL_2,-0.50164944,0.12922417,0.08152664
2.820000,0,RR_2,-0.53512925,-0.29957783,0.08004133
2.840000,0,FL_2,0.08959567,0.17354664,0.07385245
2.840000,0,FR_2,0.10040780,-0.26015171,0.08683121
2.840000,0,RL_2,-0.49899513,0.12729514,0.08189628
2.840000,0,RR_2,-0.53701359,-0.30249983,0.08024295
2.860000,0,FL_2,0.08769587,0.17795281,0.07325681
2.860000,0,FR_2,0.09988435,-0.25669393,0.08810656
2.860000,0,RL_2,-0.49566257,0.12451576,0.08257988
2.860000,0,RR_2,-0.53886986,-0.30611458,0.08046958
2.880000,0,FL_2,0.08501869,0.18111071,0.07264438
2.880000,0,FR_2,0.09946837,-0.25453773,0.08893415
2.880000,0,RL_2,-0.49240136,0.12312432,0.08277723
2.880000,0,RR_2,-0.54004723,-0.30861562,0.08065957
2.900000,0,FL_2,0.08251985,0.18438266,0.07213434
2.900000,0,FR_2,0.09865964,-0.25258780,0.08964550
2.900000,0,RL_2,-0.48937923,0.12141269,0.08318412
2.900000,0,RR_2,-0.54070407,-0.31102675,0.08075644
2.920000,0,FL_2,0.08005642,0.18866234,0.07172566
2.920000,0,FR_2,0.09757823,-0.24979399,0.09073687
2.920000,0,RL_2,-0.48603415,0.11891644,0.08396976
2.920000,0,RR_2,-0.54155529,-0.31442046,0.08094241
2.940000,0,FL_2,0.07725924,0.19285357,0.07136801
2.940000,0,FR_2,0.09683271,-0.24714105,0.09188092
2.940000,0,RL_2,-0.48257637,0.11669026,0.08470143
2.940000,0,RR_2,-0.54259080,-0.31768039,0.08126183
2.960000,0,FL_2,0.07415376,0.19731919,0.07109252
2.960000,0,FR_2,0.09588149,-0.24412091,0.09324476
2.960000,0,RL_2,-0.47888160,0.11427528,0.08558708
2.960000,0,RR_2,-0.54373020,-0.32139659,0.08171006
2.980000,0,FL_2,0.07088355,0.19971858,0.07072079
2.980000,0,FR_2,0.09555693,-0.24303581,0.09375764
2.980000,0,RL_2,-0.47602364,0.11359940,0.08571155
2.980000,0,RR_2,-0.54429042,-0.32309365,0.08196096
3.000000,0,FL_2,0.06788981,0.20163043,0.07039921
3.000000,0,FR_2,0.09411740,-0.24197379,0.09411928
3.000000,0,RL_2,-0.47352618,0.11290355,0.08589243
3.000000,0,RR_2,-0.54385954,-0.32503331,0.08194669
3.020000,0,FL_2,0.06521287,0.20499884,0.07033896
3.020000,0,FR_2,0.09250120,-0.24011387,0.09491153
3.020000,0,RL_2,-0.47069433,0.11094093,0.08675237
3.020000,0,RR_2,-0.54351258,-0.32802737,0.08206720
3.040000,0,FL_2,0.06198636,0.20950708,0.07044218
3.040000,0,FR_2,0.09084534,-0.23722088,0.09633373
3.040000,0,RL_2,-0.46700063,0.10837153,0.08796544
3.040000,0,RR_2,-0.54365516,-0.33223966,0.08252953
3.060000,0,FL_2,0.05824606,0.21219254,0.07030076
3.060000,0,FR_2,0.09018025,-0.23611107,0.09690078
3.060000,0,RL_2,-0.46373767,0.10747612,0.08830748
3.060000,0,RR_2,-0.54365909,-0.33442214,0.08279376
3.080000,0,FL_2,0.05443856,0.21435858,0.07013046
3.080000,0,FR_2,0.08848290,-0.23493575,0.09740679
3.080000,0,RL_2,-0.46067005,0.10662555,0.08865916
3.080000,0,RR_2,-0.54288387,-0.33675319,0.08286420
3.100000,0,FL_2,0.05101014,0.21805485,0.07037097
3.100000,0,FR_2,0.08697461,-0.23308876,0.09837189
3.100000,0,RL_2,-0.45756292,0.10447395,0.08982923
3.100000,0,RR_2,-0.54244965,-0.33985379,0.08320013
3.120000,0,FL_2,0.04694969,0.22247139,0.07080957
3.120000,0,FR_2,0.08527739,-0.23032546,0.09995486
3.120000,0,RL_2,-0.45375177,0.10208066,0.09120008
3.120000,0,RR_2,-0.54239571,-0.34414494,0.08394553
3.140000,0,FL_2,0.04263687,0.22500834,0.07090782
3.140000,0,FR_2,0.08456755,-0.22947365,0.10044485
3.140000,0,RL_2,-0.45053607,0.10125908,0.09163273
3.140000,0,RR_2,-0.54219759,-0.34628239,0.08430853
3.160000,0,FL_2,0.03839123,0.22693001,0.07093833
3.160000,0,FR_2,0.08266443,-0.22847027,0.10094120
3.160000,0,RL_2,-0.44755036,0.10048430,0.09206272
3.160000,0,RR_2,-0.54112113,-0.34861097,0.08445828
3.180000,0,FL_2,0.03455273,0.23038517,0.07149690
3.180000,0,FR_2,0.08099133,-0.22684318,0.10190958
3.180000,0,RL_2,-0.44456443,0.09841003,0.09340124
3.180000,0,RR_2,-0.54026866,-0.35172734,0.08490623
3.200000,0,FL_2,0.03041296,0.23206069,0.07161606
3.200000,0,FR_2,0.07956687,-0.22629741,0.10217650
3.200000,0,RL_2,-0.44166243,0.09801667,0.09361686
3.200000,0,RR_2,-0.53903049,-0.35374054,0.08500597
3.220000,0,FL_2,0.02632813,0.23366456,0.07177994
3.220000,0,FR_2,0.07743420,-0.22565627,0.10246854
3.220000,0,RL_2,-0.43881127,0.09717931,0.09415796
3.220000,0,RR_2,-0.53707689,-0.35591516,0.08494656
3.240000,0,FL_2,0.02203819,0.23670013,0.07244767
3.240000,0,FR_2,0.07517532,-0.22407025,0.10345699
3.240000,0,RL_2,-0.43547580,0.09527618,0.09548479
3.240000,0,RR_2,-0.53521812,-0.35931817,0.08530740
3.260000,0,FL_2,0.01752148,0.23849437,0.07279434
3.260000,0,FR_2,0.07372911,-0.22369863,0.10363734
3.260000,0,RL_2,-0.43234342,0.09459972,0.09595230
3.260000,0,RR_2,-0.53340459,-0.36129504,0.08532129
3.280000,0,FL_2,0.01298548,0.24015631,0.07317180
3.280000,0,FR_2,0.07153261,-0.22293890,0.10407138
3.280000,0,RL_2,-0.42931288,0.09365875,0.09663409
3.280000,0,RR_2,-0.53116000,-0.36354399,0.08531825
3.300000,0,FL_2,0.00829185,0.24326237,0.07414952
3.300000,0,FR_2,0.06944457,-0.22133633,0.10518183
3.300000,0,RL_2,-0.42601028,0.09162105,0.09818098
3.300000,0,RR_2,-0.52923411,-0.36692852,0.08583982
3.320000,0,FL_2,0.00307291,0.24468081,0.07460062
3.320000,0,FR_2,0.06766685,-0.22096545,0.10538180
3.320000,0,RL_2,-0.42258936,0.09112946,0.09856005
3.320000,0,RR_2,-0.52710027,-0.36910239,0.08594415
3.340000,0,FL_2,-0.00145295,0.24636130,0.07524374
3.340000,0,FR_2,0.06588683,-0.22051041,0.10565709
3.340000,0,RL_2,-0.41997552,0.09000961,0.09944871
3.340000,0,RR_2,-0.52497935,-0.37085778,0.08593786
3.360000,0,FL_2,-0.00601864,0.24849299,0.07615420
3.360000,0,FR_2,0.06383457,-0.21930636,0.10653654
3.360000,0,RL_2,-0.41709763,0.08863956,0.10056190
3.360000,0,RR_2,-0.52290547,-0.37360403,0.08635582
3.380000,0,FL_2,-0.01115703,0.24870984,0.07637079
3.380000,0,FR_2,0.06157768,-0.21948446,0.10630286
3.380000,0,RL_2,-0.41382602,0.08865288,0.10056390
3.380000,0,RR_2,-0.51999563,-0.37528345,0.08616108
3.400000,0,FL_2,-0.01533355,0.24965486,0.07692687
3.400000,0,FR_2,0.05954061,-0.21953659,0.10618463
3.400000,0,RL_2,-0.41151163,0.08774179,0.10132481
3.400000,0,RR_2,-0.51707715,-0.37646341,0.08580041
3.420000,0,FL_2,-0.01926137,0.25060651,0.07753146
3.420000,0,FR_2,0.05751680,-0.21915974,0.10642549
3.420000,0,RL_2,-0.40912306,0.08705023,0.10191488
3.420000,0,RR_2,-0.51423049,-0.37803665,0.08565249
3.440000,0,FL_2,-0.02384781,0.25074688,0.07788010
3.440000,0,FR_2,0.05486018,-0.21899731,0.10647681
3.440000,0,RL_2,-0.40605474,0.08670665,0.10222614
3.440000,0,RR_2,-0.51062524,-0.37983161,0.08543387
3.460000,0,FL_2,-0.02858723,0.25074232,0.07824016
3.460000,0,FR_2,0.05219513,-0.21930853,0.10613800
3.460000,0,RL_2,-0.40300646,0.08627362,0.10261782
3.460000,0,RR_2,-0.50658679,-0.38110116,0.08493346
3.480000,0,FL_2,-0.03353090,0.25045609,0.07856349
3.480000,0,FR_2,0.04917413,-0.21967058,0.10575141
3.480000,0,RL_2,-0.39984053,0.08600137,0.10288107
3.480000,0,RR_2,-0.50200993,-0.38217881,0.08427645
3.500000,0,FL_2,-0.03759056,0.25064239,0.07906739
3.500000,0,FR_2,0.04709150,-0.22031352,0.10515810
3.500000,0,RL_2,-0.39763340,0.08550751,0.10332456
3.500000,0,RR_2,-0.49798691,-0.38239133,0.08343589
3.520000,0,FL_2,-0.04112776,0.25047994,0.07940410
3.520000,0,FR_2,0.04499016,-0.22053088,0.10492340
3.520000,0,RL_2,-0.39562666,0.08540960,0.10343331
3.520000,0,RR_2,-0.49427521,-0.38272390,0.08276416
3.540000,0,FL_2,-0.04512518,0.24970995,0.07957187
3.540000,0,FR_2,0.04220195,-0.22067775,0.10473463
3.540000,0,RL_2,-0.39296848,0.08541954,0.10346281
3.540000,0,RR_2,-0.49001661,-0.38361302,0.08226455
3.560000,0,FL_2,-0.04970348,0.24882326,0.07982260
3.560000,0,FR_2,0.03899082,-0.22102737,0.10437149
3.560000,0,RL_2,-0.38981771,0.08521563,0.10368486
3.560000,0,RR_2,-0.48518029,-0.38459030,0.08175211
3.580000,0,FL_2,-0.05369105,0.24865301,0.08035343
3.580000,0,FR_2,0.03667568,-0.22165409,0.10379888
3.580000,0,RL_2,-0.38745996,0.08467779,0.10417961
3.580000,0,RR_2,-0.48099798,-0.38477275,0.08107807
3.600000,0,FL_2,-0.05741098,0.24829951,0.08080728
3.600000,0,FR_2,0.03437930,-0.22185223,0.10358897
3.600000,0,RL_2,-0.38520783,0.08445882,0.10440601
3.600000,0,RR_2,-0.47714868,-0.38507816,0.08056448
3.620000,0,FL_2,-0.06169754,0.24742912,0.08118222
3.620000,0,FR_2,0.03146405,-0.22194083,0.10346325
3.620000,0,RL_2,-0.38234729,0.08430499,0.10459267
3.620000,0,RR_2,-0.47278082,-0.38587287,0.08023106
3.640000,0,FL_2,-0.06618114,0.24670711,0.08171615
3.640000,0,FR_2,0.02858225,-0.22227140,0.10313985
3.640000,0,RL_2,-0.37947747,0.08388574,0.10500792
3.640000,0,RR_2,-0.46827221,-0.38647106,0.07985072
3.660000,0,FL_2,-0.07095589,0.24588923,0.08233169
3.660000,0,FR_2,0.02545475,-0.22248799,0.10291309
3.660000,0,RL_2,-0.37639770,0.08348593,0.10541637
3.660000,0,RR_2,-0.46348819,-0.38707316,0.07949970
3.680000,0,FL_2,-0.07473622,0.24587727,0.08314008
3.680000,0,FR_2,0.02355050,-0.22303464,0.10243075
3.680000,0,RL_2,-0.37449539,0.08283360,0.10601413
3.680000,0,RR_2,-0.45975843,-0.38685015,0.07896832
3.700000,0,FL_2,-0.07785594,0.24558711,0.08372092
3.700000,0,FR_2,0.02180864,-0.22303762,0.10240675
3.700000,0,RL_2,-0.37280655,0.08264123,0.10621902
3.700000,0,RR_2,-0.45664996,-0.38687602,0.07865050
3.720000,0,FL_2,-0.08141435,0.24457434,0.08412855
3.720000,0,FR_2,0.01932812,-0.22288288,0.10250907
3.720000,0,RL_2,-0.37038606,0.08252482,0.10638100
3.720000,0,RR_2,-0.45301041,-0.38754967,0.07859683
3.740000,0,FL_2,-0.08587318,0.24317181,0.08464283
3.740000,0,FR_2,0.01600983,-0.22285956,0.10249798
3.740000,0,RL_2,-0.36714494,0.08216119,0.10677905
3.740000,0,RR_2,-0.44839895,-0.38846743,0.07861638
3.760000,0,FL_2,-0.08991072,0.24265905,0.08548172
3.760000,0,FR_2,0.01353481,-0.22335555,0.10206228
3.760000,0,RL_2,-0.36475489,0.08137469,0.10751398
3.760000,0,RR_2,-0.44428504,-0.38847110,0.07832448
3.780000,0,FL_2,-0.09363645,0.24208765,0.08626071
3.780000,0,FR_2,0.01121096,-0.22342092,0.10199216
3.780000,0,RL_2,-0.36252487,0.08092894,0.10795933
3.780000,0,RR_2,-0.44045582,-0.38847449,0.07809779
3.800000,0,FL_2,-0.09758532,0.23993644,0.08649618
3.800000,0,FR_2,0.00814412,-0.22411858,0.10139460
3.800000,0,RL_2,-0.35966137,0.08138862,0.10766762
3.800000,0,RR_2,-0.43586370,-0.38787085,0.07761481
3.820000,0,FL_2,-0.10083961,0.23815595,0.08673903
3.820000,0,FR_2,0.00517251,-0.22504638,0.10061921
3.820000,0,RL_2,-0.35759506,0.08151144,0.10764088
3.820000,0,RR_2,-0.43115598,-0.38664955,0.07692903
3.840000,0,FL_2,-0.10364431,0.23578037,0.08666298
3.840000,0,FR_2,0.00200367,-0.22609270,0.09976362
3.840000,0,RL_2,-0.35538653,0.08224647,0.10712594
3.840000,0,RR_2,-0.42619246,-0.38503569,0.07615520
3.860000,0,FL_2,-0.10641511,0.23324306,0.08657188
3.860000,0,FR_2,-0.00161616,-0.22695166,0.09907688
3.860000,0,RL_2,-0.35301965,0.08280021,0.10678355
3.860000,0,RR_2,-0.42062384,-0.38352257,0.07551649
3.880000,0,FL_2,-0.10823695,0.23138741,0.08647763
3.880000,0,FR_2,-0.00425489,-0.22832657,0.09800325
3.880000,0,RL_2,-0.35155711,0.08328449,0.10646790
3.880000,0,RR_2,-0.41595045,-0.38126037,0.07467854
3.900000,0,FL_2,-0.10952988,0.22909957,0.08609927
3.900000,0,FR_2,-0.00688437,-0.22931491,0.09725331
3.900000,0,RL_2,-0.35006061,0.08428009,0.10576423
3.900000,0,RR_2,-0.41163123,-0.37912250,0.07397656
3.920000,0,FL_2,-0.11134581,0.22611474,0.08570422
3.920000,0,FR_2,-0.01033851,-0.23008652,0.09669112
3.920000,0,RL_2,-0.34776762,0.08527886,0.10512637
3.920000,0,RR_2,-0.40662834,-0.37747180,0.07356054
3.940000,0,FL_2,-0.11276250,0.22387770,0.08546841
3.940000,0,FR_2,-0.01318781,-0.23146349,0.09569329
3.940000,0,RL_2,-0.34619185,0.08590755,0.10474807
3.940000,0,RR_2,-0.40228650,-0.37519768,0.07298333
3.960000,0,FL_2,-0.11396784,0.22127642,0.08509737
3.960000,0,FR_2,-0.01610698,-0.23262376,0.09488487
3.960000,0,RL_2,-0.34449899,0.08703758,0.10402122
3.960000,0,RR_2,-0.39816472,-0.37287167,0.07246204
3.980000,0,FL_2,-0.11583352,0.21805930,0.08482396
3.980000,0,FR_2,-0.01990349,-0.23352426,0.09430201
3.980000,0,RL_2,-0.34205186,0.08815664,0.10338441
3.980000,0,RR_2,-0.39318913,-0.37088448,0.07219245
4.000000,0,FL_2,-0.11691217,0.21603991,0.08465904
4.000000,0,FR_2,-0.02261153,-0.23525013,0.09315112
4.000000,0,RL_2,-0.34089300,0.08888241,0.10295650
4.000000,0,RR_2,-0.38932580,-0.36799929,0.07165184
4.020000,0,FL_2,-0.11732908,0.21362728,0.08421667
4.020000,0,FR_2,-0.02507819,-0.23659547,0.09229477
4.020000,0,RL_2,-0.33983847,0.09036561,0.10200654
4.020000,0,RR_2,-0.38600817,-0.36518258,0.07117020
4.040000,0,FL_2,-0.11826836,0.21039729,0.08380824
4.040000,0,FR_2,-0.02847246,-0.23749763,0.09178708
4.040000,0,RL_2,-0.33791932,0.09191491,0.10111950
4.040000,0,RR_2,-0.38180399,-0.36296228,0.07101198
4.060000,0,FL_2,-0.11976144,0.20718300,0.08364844
4.060000,0,FR_2,-0.03237335,-0.23863645,0.09116994
4.060000,0,RL_2,-0.33561590,0.09308266,0.10056002
4.060000,0,RR_2,-0.37703231,-0.36056647,0.07095249
4.080000,0,FL_2,-0.12068936,0.20472786,0.08350316
4.080000,0,FR_2,-0.03558696,-0.24042234,0.09015782
4.080000,0,RL_2,-0.33417159,0.09414922,0.10001153
4.080000,0,RR_2,-0.37306708,-0.35730135,0.07068673
4.100000,0,FL_2,-0.12136398,0.20188425,0.08325482
4.100000,0,FR_2,-0.03885228,-0.24176735,0.08946950
4.100000,0,RL_2,-0.33260703,0.09571142,0.09918642
4.100000,0,RR_2,-0.36914462,-0.35420391,0.07055154
4.120000,0,FL_2,-0.12229793,0.19868065,0.08309203
4.120000,0,FR_2,-0.04257579,-0.24297769,0.08892353
4.120000,0,RL_2,-0.33064201,0.09727631,0.09844113
4.120000,0,RR_2,-0.36476582,-0.35127443,0.07060698
4.140000,0,FL_2,-0.12214641,0.19660616,0.08278163
4.140000,0,FR_2,-0.04514304,-0.24504934,0.08785807
4.140000,0,RL_2,-0.33009315,0.09863218,0.09769259
4.140000,0,RR_2,-0.36183453,-0.34761021,0.07041497
4.160000,0,FL_2,-0.12134114,0.19409783,0.08225257
4.160000,0,FR_2,-0.04745692,-0.24651481,0.08717069
4.160000,0,RL_2,-0.32956046,0.10067419,0.09656596
4.160000,0,RR_2,-0.35935870,-0.34448609,0.07032664
4.180000,0,FL_2,-0.12119281,0.19054417,0.08188693
4.180000,0,FR_2,-0.05085348,-0.24754184,0.08682682
4.180000,0,RL_2,-0.32788220,0.10289407,0.09552751
4.180000,0,RR_2,-0.35584527,-0.34188083,0.07054209
4.200000,0,FL_2,-0.12057087,0.18794684,0.08151831
4.200000,0,FR_2,-0.05377572,-0.24964744,0.08591497
4.200000,0,RL_2,-0.32714674,0.10463305,0.09467843
4.200000,0,RR_2,-0.35315493,-0.33835566,0.07058454
4.220000,0,FL_2,-0.11970860,0.18511140,0.08111772
4.220000,0,FR_2,-0.05668678,-0.25128227,0.08530267
4.220000,0,RL_2,-0.32633603,0.10680837,0.09364385
4.220000,0,RR_2,-0.35053250,-0.33507982,0.07072378
4.240000,0,FL_2,-0.11970638,0.18136713,0.08100736
4.240000,0,FR_2,-0.06070852,-0.25251153,0.08503179
4.240000,0,RL_2,-0.32437035,0.10915142,0.09273908
4.240000,0,RR_2,-0.34670305,-0.33202434,0.07116973
4.260000,0,FL_2,-0.11928907,0.17866366,0.08086456
4.260000,0,FR_2,-0.06423339,-0.25484458,0.08424331
4.260000,0,RL_2,-0.32342166,0.11101691,0.09197233
4.260000,0,RR_2,-0.34370172,-0.32795367,0.07149509
4.280000,0,FL_2,-0.11860394,0.17581888,0.08069880
4.280000,0,FR_2,-0.06756850,-0.25661388,0.08376962
4.280000,0,RL_2,-0.32251698,0.11329404,0.09104327
4.280000,0,RR_2,-0.34081411,-0.32425693,0.07191814
4.300000,0,FL_2,-0.11768579,0.17290692,0.08052879
4.300000,0,FR_2,-0.07080388,-0.25865933,0.08322316
4.300000,0,RL_2,-0.32176214,0.11574496,0.09006089
4.300000,0,RR_2,-0.33819640,-0.32042336,0.07238155
4.320000,0,FL_2,-0.11649013,0.16985480,0.08035477
4.320000,0,FR_2,-0.07402842,-0.26068035,0.08275134
4.320000,0,RL_2,-0.32110277,0.11845648,0.08900482
4.320000,0,RR_2,-0.33573630,-0.31662214,0.07290839
4.340000,0,FL_2,-0.11501321,0.16686514,0.08017331
4.340000,0,FR_2,-0.07719171,-0.26287001,0.08227046
4.340000,0,RL_2,-0.32066280,0.12126806,0.08793117
4.340000,0,RR_2,-0.33353746,-0.31275409,0.07347821
4.360000,0,FL_2,-0.11312431,0.16403823,0.07994373
4.360000,0,FR_2,-0.08011056,-0.26520905,0.08177078
4.360000,0,RL_2,-0.32060021,0.12419531,0.08680806
4.360000,0,RR_2,-0.33177251,-0.30888817,0.07405371
4.380000,0,FL_2,-0.11082983,0.16125436,0.07968201
4.380000,0,FR_2,-0.08277862,-0.26764768,0.08127140
4.380000,0,RL_2,-0.32085702,0.12732817,0.08561589
4.380000,0,RR_2,-0.33041379,-0.30510157,0.07463109
4.400000,0,FL_2,-0.10821321,0.15844405,0.07942557
4.400000,0,FR_2,-0.08527897,-0.27015838,0.08079377
4.400000,0,RL_2,-0.32135412,0.13067433,0.08437568
4.400000,0,RR_2,-0.32935202,-0.30140549,0.07522558
4.420000,0,FL_2,-0.10542838,0.15566260,0.07921049
4.420000,0,FR_2,-0.08767834,-0.27266979,0.08037037
4.420000,0,RL_2,-0.32202327,0.13412027,0.08314650
4.420000,0,RR_2,-0.32846299,-0.29783913,0.07585073
4.440000,0,FL_2,-0.10262603,0.15294112,0.07906621
4.440000,0,FR_2,-0.09002182,-0.27516618,0.08001089
4.440000,0,RL_2,-0.32278028,0.13758326,0.08197274
4.440000,0,RR_2,-0.32767209,-0.29438934,0.07651580
4.460000,0,FL_2,-0.09989151,0.15025780,0.07901114
4.460000,0,FR_2,-0.09235884,-0.27768219,0.07971162
4.460000,0,RL_2,-0.32355976,0.14105271,0.08086937
4.460000,0,RR_2,-0.32693687,-0.29098770,0.07723417
4.480000,0,FL_2,-0.09726050,0.14761512,0.07904716
4.480000,0,FR_2,-0.09472352,-0.28022251,0.07947888
4.480000,0,RL_2,-0.32434073,0.14451556,0.07984339
4.480000,0,RR_2,-0.32622018,-0.28760239,0.07801702
4.500000,0,FL_2,-0.09473871,0.14502163,0.07916817
4.500000,0,FR_2,-0.09712555,-0.28277943,0.07931784
4.500000,0,RL_2,-0.32512066,0.14796166,0.07889641
4.500000,0,RR_2,-0.32550532,-0.28423017,0.07886774
4.520000,0,FL_2,-0.09230860,0.14247133,0.07936690
4.520000,0,FR_2,-0.09956352,-0.28535363,0.07922982
4.520000,0,RL_2,-0.32590455,0.15139909,0.07802418
4.520000,0,RR_2,-0.32479545,-0.28087065,0.07978553
4.540000,0,FL_2,-0.08994286,0.13995734,0.07963632
4.540000,0,FR_2,-0.10203031,-0.28794360,0.07921533
4.540000,0,RL_2,-0.32670245,0.15483923,0.07722189
4.540000,0,RR_2,-0.32409936,-0.27753094,0.08076635
4.560000,0,FL_2,-0.08761570,0.13747245,0.07997107
4.560000,0,FR_2,-0.10451915,-0.29054829,0.07927495
4.560000,0,RL_2,-0.32752612,0.15829387,0.07648507
4.560000,0,RR_2,-0.32342836,-0.27421859,0.08180547
4.580000,0,FL_2,-0.08530943,0.13501254,0.08036719
4.580000,0,FR_2,-0.10702249,-0.29316592,0.07940860
4.580000,0,RL_2,-0.32838431,0.16177072,0.07581141
4.580000,0,RR_2,-0.32279003,-0.27094182,0.08289780
4.600000,0,FL_2,-0.08301248,0.13257056,0.08082412
4.600000,0,FR_2,-0.10953884,-0.29579991,0.07961661
4.600000,0,RL_2,-0.32928261,0.16527945,0.07519975
4.600000,0,RR_2,-0.32219023,-0.26770070,0.08404071
4.620000,0,FL_2,-0.08071782,0.13014019,0.08134237
4.620000,0,FR_2,-0.11206959,-0.29845628,0.07990062
4.620000,0,RL_2,-0.33022505,0.16882984,0.07465044
4.620000,0,RR_2,-0.32163054,-0.26448977,0.08523455
4.640000,0,FL_2,-0.07821347,0.12786660,0.08183859
4.640000,0,FR_2,-0.11440685,-0.30132884,0.08019098
4.640000,0,RL_2,-0.33148649,0.17236529,0.07411435
4.640000,0,RR_2,-0.32138950,-0.26126760,0.08644511
4.660000,0,FL_2,-0.07524914,0.12579787,0.08225843
4.660000,0,FR_2,-0.11625546,-0.30444285,0.08041590
4.660000,0,RL_2,-0.33335820,0.17592241,0.07353068
4.660000,0,RR_2,-0.32168609,-0.25818321,0.08758087
4.680000,0,FL_2,-0.07224549,0.12356012,0.08280609
4.680000,0,FR_2,-0.11792834,-0.30722901,0.08069301
4.680000,0,RL_2,-0.33531076,0.17971985,0.07300272
4.680000,0,RR_2,-0.32189661,-0.25548786,0.08864006
4.700000,0,FL_2,-0.06866728,0.12178770,0.08315816
4.700000,0,FR_2,-0.11888832,-0.31061983,0.08081922
4.700000,0,RL_2,-0.33814254,0.18332344,0.07239365
4.700000,0,RR_2,-0.32303002,-0.25270826,0.08964229
4.720000,0,FL_2,-0.06562421,0.11935239,0.08392629
4.720000,0,FR_2,-0.12014937,-0.31302500,0.08112412
4.720000,0,RL_2,-0.34035873,0.18746081,0.07199831
4.720000,0,RR_2,-0.32321000,-0.25056052,0.09057304
4.740000,0,FL_2,-0.06274541,0.11740946,0.08455386
4.740000,0,FR_2,-0.12142977,-0.31589901,0.08148560
4.740000,0,RL_2,-0.34268007,0.19114530,0.07167181
4.740000,0,RR_2,-0.32375935,-0.24795549,0.09170046
4.760000,0,FL_2,-0.05871955,0.11580892,0.08497092
4.760000,0,FR_2,-0.12172461,-0.31997949,0.08165447
4.760000,0,RL_2,-0.34637290,0.19473489,0.07117674
4.760000,0,RR_2,-0.32567072,-0.24513415,0.09279632
4.780000,0,FL_2,-0.05533312,0.11382020,0.08569759
4.780000,0,FR_2,-0.12217831,-0.32239279,0.08189068
4.780000,0,RL_2,-0.34955564,0.19858462,0.07089235
4.780000,0,RR_2,-0.32629690,-0.24355322,0.09351060
4.800000,0,FL_2,-0.05230092,0.11207314,0.08638614
4.800000,0,FR_2,-0.12265585,-0.32515052,0.08219795
4.800000,0,RL_2,-0.35254085,0.20213118,0.07071482
4.800000,0,RR_2,-0.32730252,-0.24144296,0.09447921
4.820000,0,FL_2,-0.04826716,0.11054388,0.08694248
4.820000,0,FR_2,-0.12231803,-0.32912809,0.08241435
4.820000,0,RL_2,-0.35667232,0.20560363,0.07043255
4.820000,0,RR_2,-0.32947007,-0.23903245,0.09551308
4.840000,0,FL_2,-0.04507616,0.10870910,0.08777694
4.840000,0,FR_2,-0.12233901,-0.33139718,0.08265004
4.840000,0,RL_2,-0.36011988,0.20922664,0.07038388
4.840000,0,RR_2,-0.33017844,-0.23777369,0.09613473
4.860000,0,FL_2,-0.04228947,0.10705064,0.08858506
4.860000,0,FR_2,-0.12256192,-0.33407685,0.08303544
4.860000,0,RL_2,-0.36320496,0.21258432,0.07044759
4.860000,0,RR_2,-0.33122662,-0.23581609,0.09714293
4.880000,0,FL_2,-0.03850454,0.10559014,0.08927266
4.880000,0,FR_2,-0.12208787,-0.33798835,0.08342960
4.880000,0,RL_2,-0.36737308,0.21579191,0.07041931
4.880000,0,RR_2,-0.33333409,-0.23355871,0.09826151
4.900000,0,FL_2,-0.03534918,0.10406157,0.09007652
4.900000,0,FR_2,-0.12177165,-0.34036151,0.08370808
4.900000,0,RL_2,-0.37115067,0.21893053,0.07052910
4.900000,0,RR_2,-0.33428037,-0.23246372,0.09883814
4.920000,0,FL_2,-0.03238003,0.10255602,0.09091599
4.920000,0,FR_2,-0.12142731,-0.34316570,0.08409438
4.920000,0,RL_2,-0.37475634,0.22198583,0.07073463
4.920000,0,RR_2,-0.33573094,-0.23075354,0.09977446
4.940000,0,FL_2,-0.02858024,0.10150950,0.09146997
4.940000,0,FR_2,-0.12018316,-0.34662166,0.08437431
4.940000,0,RL_2,-0.37942034,0.22452599,0.07078356
4.940000,0,RR_2,-0.33803484,-0.22922736,0.10055222
4.960000,0,FL_2,-0.02548691,0.10001859,0.09237289
4.960000,0,FR_2,-0.11910176,-0.34886444,0.08450820
4.960000,0,RL_2,-0.38352233,0.22739466,0.07106773
4.960000,0,RR_2,-0.33935669,-0.22844750,0.10095465
4.980000,0,FL_2,-0.02267426,0.09885275,0.09309859
4.980000,0,FR_2,-0.11804059,-0.35123342,0.08471241
4.980000,0,RL_2,-0.38738340,0.22992501,0.07137418
4.980000,0,RR_2,-0.34091181,-0.22727285,0.10162141
5.000000,0,FL_2,-0.01909073,0.09786390,0.09371337
5.000000,0,FR_2,-0.11617398,-0.35443148,0.08490673
5.000000,0,RL_2,-0.39211106,0.23209196,0.07158275
5.000000,0,RR_2,-0.34336618,-0.22600546,0.10231027
5.020000,0,FL_2,-0.01596477,0.09654544,0.09459715
5.020000,0,FR_2,-0.11445858,-0.35671762,0.08496653
5.020000,0,RL_2,-0.39651707,0.23455144,0.07199132
5.020000,0,RR_2,-0.34498367,-0.22536397,0.10264688
5.040000,0,FL_2,-0.01301062,0.09561825,0.09522982
5.040000,0,FR_2,-0.11265951,-0.35894701,0.08502121
5.040000,0,RL_2,-0.40082833,0.23655879,0.07235084
5.040000,0,RR_2,-0.34683299,-0.22454217,0.10311174
5.060000,0,FL_2,-0.00943877,0.09457197,0.09596556
5.060000,0,FR_2,-0.11021597,-0.36194235,0.08514535
5.060000,0,RL_2,-0.40581626,0.23849471,0.07273243
5.060000,0,RR_2,-0.34941876,-0.22351234,0.10370448
5.080000,0,FL_2,-0.00679681,0.09342293,0.09680924
5.080000,0,FR_2,-0.10836245,-0.36354458,0.08507055
5.080000,0,RL_2,-0.41001648,0.24058409,0.07328659
5.080000,0,RR_2,-0.35067266,-0.22327359,0.10380772
5.100000,0,FL_2,-0.00445376,0.09236208,0.09760869
5.100000,0,FR_2,-0.10680719,-0.36555892,0.08524610
5.100000,0,RL_2,-0.41375056,0.24254937,0.07388575
5.100000,0,RR_2,-0.35221636,-0.22227393,0.10447755
5.120000,0,FL_2,-0.00143354,0.09203403,0.09785542
5.120000,0,FR_2,-0.10448743,-0.36778179,0.08529355
5.120000,0,RL_2,-0.41820219,0.24337067,0.07411361
5.120000,0,RR_2,-0.35441214,-0.22175942,0.10475862
5.140000,0,FL_2,0.00196615,0.09079139,0.09882745
5.140000,0,FR_2,-0.10162736,-0.37059054,0.08543631
5.140000,0,RL_2,-0.42309159,0.24492894,0.07468409
5.140000,0,RR_2,-0.35709897,-0.22096810,0.10524970
5.160000,0,FL_2,0.00521110,0.09006558,0.09941143
5.160000,0,FR_2,-0.09872703,-0.37240916,0.08526154
5.160000,0,RL_2,-0.42806569,0.24611585,0.07519601
5.160000,0,RR_2,-0.35920423,-0.22093822,0.10518062
5.180000,0,FL_2,0.00862240,0.08890758,0.10035876
5.180000,0,FR_2,-0.09539934,-0.37487987,0.08526158
5.180000,0,RL_2,-0.43335137,0.24759509,0.07591905
5.180000,0,RR_2,-0.36198178,-0.22020832,0.10565470
5.200000,0,FL_2,0.01124977,0.08776548,0.10130999
5.200000,0,FR_2,-0.09281199,-0.37637398,0.08513554
5.200000,0,RL_2,-0.43799707,0.24933070,0.07681990
5.200000,0,RR_2,-0.36346543,-0.22003934,0.10573719
5.220000,0,FL_2,0.01355962,0.08706970,0.10190369
5.220000,0,FR_2,-0.09049118,-0.37785619,0.08510713
5.220000,0,RL_2,-0.44217274,0.25048140,0.07752964
5.220000,0,RR_2,-0.36512351,-0.21950324,0.10611998
5.240000,0,FL_2,0.01647745,0.08669649,0.10223921
5.240000,0,FR_2,-0.08744526,-0.37973380,0.08508337
5.240000,0,RL_2,-0.44682950,0.25076944,0.07795949
5.240000,0,RR_2,-0.36755395,-0.21915089,0.10633592
5.260000,0,FL_2,0.01925980,0.08623244,0.10265517
5.260000,0,FR_2,-0.08403747,-0.38102594,0.08476301
5.260000,0,RL_2,-0.45137304,0.25089705,0.07837442
5.260000,0,RR_2,-0.36993265,-0.21936975,0.10608321
5.280000,0,FL_2,0.02216863,0.08599018,0.10289055
5.280000,0,FR_2,-0.08004640,-0.38213664,0.08426663
5.280000,0,RL_2,-0.45596182,0.25063971,0.07868624
5.280000,0,RR_2,-0.37273219,-0.21964569,0.10577492
5.300000,0,FL_2,0.02466920,0.08562626,0.10322790
5.300000,0,FR_2,-0.07597274,-0.38271719,0.08357327
5.300000,0,RL_2,-0.46014160,0.25050479,0.07906806
5.300000,0,RR_2,-0.37519431,-0.22017495,0.10526697
5.320000,0,FL_2,0.02725255,0.08548066,0.10338531
5.320000,0,FR_2,-0.07164408,-0.38335428,0.08290184
5.320000,0,RL_2,-0.46424463,0.25007072,0.07936072
5.320000,0,RR_2,-0.37789041,-0.22049619,0.10493125
5.340000,0,FL_2,0.02963510,0.08521226,0.10364691
5.340000,0,FR_2,-0.06737920,-0.38378310,0.08221065
5.340000,0,RL_2,-0.46811673,0.24970366,0.07970175
5.340000,0,RR_2,-0.38033631,-0.22093426,0.10450740
5.360000,0,FL_2,0.03226738,0.08506776,0.10381097
5.360000,0,FR_2,-0.06294585,-0.38440210,0.08162637
5.360000,0,RL_2,-0.47213355,0.24907596,0.07999514
5.360000,0,RR_2,-0.38306576,-0.22118101,0.10424143
5.380000,0,FL_2,0.03453632,0.08471010,0.10415219
5.380000,0,FR_2,-0.05888535,-0.38469899,0.08102637
5.380000,0,RL_2,-0.47585291,0.24872914,0.08041205
5.380000,0,RR_2,-0.38533831,-0.22161046,0.10383524
5.400000,0,FL_2,0.03696610,0.08452953,0.10434956
5.400000,0,FR_2,-0.05488348,-0.38520136,0.08057495
5.400000,0,RL_2,-0.47962049,0.24815214,0.08077899
5.400000,0,RR_2,-0.38781735,-0.22177479,0.10365026
5.420000,0,FL_2,0.03965957,0.08426438,0.10462712
5.420000,0,FR_2,-0.05066521,-0.38584381,0.08020102
5.420000,0,RL_2,-0.48371330,0.24742301,0.08118251
5.420000,0,RR_2,-0.39053559,-0.22199124,0.10342105
5.440000,0,FL_2,0.04230004,0.08387914,0.10500870
5.440000,0,FR_2,-0.04647177,-0.38633570,0.07981822
5.440000,0,RL_2,-0.48787656,0.24680954,0.08170070
5.440000,0,RR_2,-0.39318994,-0.22228563,0.10313153
5.460000,0,FL_2,0.04502216,0.08350993,0.10538234
5.460000,0,FR_2,-0.04218365,-0.38682812,0.07947678
5.460000,0,RL_2,-0.49218106,0.24613503,0.08227527
5.460000,0,RR_2,-0.39594832,-0.22249970,0.10291164
5.480000,0,FL_2,0.04755131,0.08306165,0.10582212
5.480000,0,FR_2,-0.03801937,-0.38714308,0.07912581
5.480000,0,RL_2,-0.49638307,0.24557883,0.08293465
5.480000,0,RR_2,-0.39851296,-0.22277024,0.10265096
5.500000,0,FL_2,0.05019924,0.08269253,0.10620161
5.500000,0,FR_2,-0.03375664,-0.38754797,0.07885633
5.500000,0,RL_2,-0.50065237,0.24484715,0.08358950
5.500000,0,RR_2,-0.40122247,-0.22288786,0.10252051
5.520000,0,FL_2,0.05261722,0.08228312,0.10661256
5.520000,0,FR_2,-0.02965373,-0.38768929,0.07853782
5.520000,0,RL_2,-0.50470638,0.24416101,0.08426775
5.520000,0,RR_2,-0.40370724,-0.22317457,0.10225444
5.540000,0,FL_2,0.05519749,0.08275697,0.10629034
5.540000,0,FR_2,-0.02525487,-0.38699162,0.07788001
5.540000,0,RL_2,-0.50851572,0.24228951,0.08444009
5.540000,0,RR_2,-0.40653405,-0.22404353,0.10150544
5.560000,0,FL_2,0.05716568,0.08230406,0.10673016
5.560000,0,FR_2,-0.02084106,-0.38678265,0.07749397
5.560000,0,RL_2,-0.51185948,0.24142814,0.08495810
5.560000,0,RR_2,-0.40928254,-0.22425748,0.10130675
5.580000,0,FL_2,0.05957763,0.08265974,0.10651578
5.580000,0,FR_2,-0.01642113,-0.38610700,0.07696667
5.580000,0,RL_2,-0.51511681,0.23972780,0.08515119
5.580000,0,RR_2,-0.41199300,-0.22497934,0.10069591
5.600000,0,FL_2,0.06167989,0.08324315,0.10611583
5.600000,0,FR_2,-0.01183107,-0.38467705,0.07618272
5.600000,0,RL_2,-0.51788348,0.23753156,0.08505917
5.600000,0,RR_2,-0.41490716,-0.22607748,0.09979062
5.620000,0,FL_2,0.06372381,0.08381151,0.10573991
5.620000,0,FR_2,-0.00698996,-0.38327178,0.07548290
5.620000,0,RL_2,-0.52035236,0.23531631,0.08492419
5.620000,0,RR_2,-0.41803312,-0.22698247,0.09905684
5.640000,0,FL_2,0.06567347,0.08451512,0.10526688
5.640000,0,FR_2,-0.00215450,-0.38151199,0.07473008
5.640000,0,RL_2,-0.52251250,0.23299597,0.08470774
5.640000,0,RR_2,-0.42107534,-0.22814786,0.09813617
5.660000,0,FL_2,0.06761128,0.08498999,0.10498789
5.660000,0,FR_2,0.00270884,-0.38004711,0.07417841
5.660000,0,RL_2,-0.52461350,0.23090848,0.08459809
5.660000,0,RR_2,-0.42416373,-0.22891410,0.09754475
5.680000,0,FL_2,0.06968513,0.08600923,0.10431078
5.680000,0,FR_2,0.00745939,-0.37789574,0.07346024
5.680000,0,RL_2,-0.52657628,0.22821656,0.08428853
5.680000,0,RR_2,-0.42723674,-0.23030107,0.09649884
5.700000,0,FL_2,0.07142969,0.08596499,0.10444207
5.700000,0,FR_2,0.01211302,-0.37683615,0.07321253
5.700000,0,RL_2,-0.52866596,0.22671509,0.08443964
5.700000,0,RR_2,-0.43021169,-0.23055516,0.09632403
5.720000,0,FL_2,0.07362477,0.08639079,0.10425042
5.720000,0,FR_2,0.01634120,-0.37552512,0.07292691
5.720000,0,RL_2,-0.53103656,0.22481203,0.08457920
5.720000,0,RR_2,-0.43290475,-0.23133844,0.09576286
5.740000,0,FL_2,0.07591043,0.08796795,0.10323343
5.740000,0,FR_2,0.02068411,-0.37271985,0.07222188
5.740000,0,RL_2,-0.53303963,0.22139414,0.08420680
5.740000,0,RR_2,-0.43616939,-0.23313044,0.09449540
5.760000,0,FL_2,0.07731819,0.08820146,0.10316163
5.760000,0,FR_2,0.02506553,-0.37101823,0.07196000
5.760000,0,RL_2,-0.53477454,0.21963494,0.08426744
5.760000,0,RR_2,-0.43928528,-0.23367918,0.09414851
5.780000,0,FL_2,0.07920323,0.08883969,0.10284141
5.780000,0,FR_2,0.02909598,-0.36938736,0.07176115
5.780000,0,RL_2,-0.53662306,0.21765812,0.08433312
5.780000,0,RR_2,-0.44205570,-0.23449481,0.09362279
5.800000,0,FL_2,0.08128195,0.09056821,0.10179457
5.800000,0,FR_2,0.03320775,-0.36636773,0.07123739
5.800000,0,RL_2,-0.53805512,0.21422936,0.08394924
5.800000,0,RR_2,-0.44533065,-0.23630354,0.09244934
5.820000,0,FL_2,0.08266754,0.09153073,0.10125398
5.820000,0,FR_2,0.03744224,-0.36381936,0.07095036
5.820000,0,RL_2,-0.53909147,0.21174291,0.08371928
5.820000,0,RR_2,-0.44861355,-0.23738849,0.09180652
5.840000,0,FL_2,0.08431351,0.09293839,0.10046045
5.840000,0,FR_2,0.04152673,-0.36105344,0.07067992
5.840000,0,RL_2,-0.53995222,0.20893954,0.08341084
5.840000,0,RR_2,-0.45179033,-0.23880351,0.09097619
5.860000,0,FL_2,0.08592727,0.09470639,0.09946606
5.860000,0,FR_2,0.04565848,-0.35775629,0.07038523
5.860000,0,RL_2,-0.54047585,0.20566906,0.08296398
5.860000,0,RR_2,-0.45521599,-0.24049842,0.09001863
5.880000,0,FL_2,0.08726418,0.09608844,0.09872793
5.880000,0,FR_2,0.04974226,-0.35478356,0.07025797
5.880000,0,RL_2,-0.54084843,0.20292982,0.08262315
5.880000,0,RR_2,-0.45854077,-0.24181990,0.08933602
5.900000,0,FL_2,0.08883760,0.09803107,0.09770392
5.900000,0,FR_2,0.05367883,-0.35133559,0.07011619
5.900000,0,RL_2,-0.54105604,0.19964042,0.08220430
5.900000,0,RR_2,-0.46195120,-0.24360391,0.08842262
5.920000,0,FL_2,0.09003083,0.09910964,0.09719332
5.920000,0,FR_2,0.05753186,-0.34871817,0.07020473
5.920000,0,RL_2,-0.54138154,0.19734286,0.08200946
5.920000,0,RR_2,-0.46512809,-0.24456608,0.08802406
5.940000,0,FL_2,0.09164318,0.10056663,0.09653167
5.940000,0,FR_2,0.06105486,-0.34596705,0.07029621
5.940000,0,RL_2,-0.54189855,0.19467273,0.08186786
5.940000,0,RR_2,-0.46818697,-0.24587169,0.08745320
5.960000,0,FL_2,0.09328489,0.10273184,0.09551069
5.960000,0,FR_2,0.06446905,-0.34228864,0.07032114
5.960000,0,RL_2,-0.54209161,0.19121335,0.08160612
5.960000,0,RR_2,-0.47162607,-0.24785079,0.08657753
5.980000,0,FL_2,0.09429619,0.10426662,0.09480174
5.980000,0,FR_2,0.06779546,-0.33914900,0.07049320
5.980000,0,RL_2,-0.54207432,0.18868597,0.08141612
5.980000,0,RR_2,-0.47486216,-0.24923611,0.08606322
6.000000,0,FL_2,0.09551214,0.10629462,0.09388956
6.000000,0,FR_2,0.07086976,-0.33582398,0.07068490
6.000000,0,RL_2,-0.54189175,0.18577430,0.08120057
6.000000,0,RR_2,-0.47803363,-0.25093102,0.08542837
6.020000,0,FL_2,0.09665394,0.10872313,0.09281037
6.020000,0,FR_2,0.07389625,-0.33204386,0.07092027
6.020000,0,RL_2,-0.54134828,0.18247083,0.08092628
6.020000,0,RR_2,-0.48144338,-0.25292832,0.08471768
6.040000,0,FL_2,0.09747630,0.11094094,0.09184320
6.040000,0,FR_2,0.07684671,-0.32845983,0.07125034
6.040000,0,RL_2,-0.54057717,0.17956316,0.08066364
6.040000,0,RR_2,-0.48476985,-0.25471669,0.08416361
6.060000,0,FL_2,0.09840785,0.11365945,0.09070753
6.060000,0,FR_2,0.07965232,-0.32451126,0.07163472
6.060000,0,RL_2,-0.53954428,0.17622763,0.08039573
6.060000,0,RR_2,-0.48820546,-0.25686774,0.08351488
6.080000,0,FL_2,0.09903164,0.11581136,0.08983736
6.080000,0,FR_2,0.08244500,-0.32113272,0.07212043
6.080000,0,RL_2,-0.53854805,0.17357686,0.08019309
6.080000,0,RR_2,-0.49146491,-0.25847369,0.08315420
6.100000,0,FL_2,0.09988505,0.11832526,0.08889140
6.100000,0,FR_2,0.08494729,-0.31754231,0.07263128
6.100000,0,RL_2,-0.53754783,0.17059784,0.08006065
6.100000,0,RR_2,-0.49466923,-0.26042143,0.08269585
6.120000,0,FL_2,0.10065105,0.12124547,0.08782215
6.120000,0,FR_2,0.08729767,-0.31349584,0.07321433
6.120000,0,RL_2,-0.53626353,0.16730320,0.07994422
6.120000,0,RR_2,-0.49806562,-0.26273936,0.08217748
6.140000,0,FL_2,0.10097348,0.12394897,0.08682609
6.140000,0,FR_2,0.08945243,-0.30967960,0.07384560
6.140000,0,RL_2,-0.53475398,0.16449176,0.07980575
6.140000,0,RR_2,-0.50127423,-0.26489356,0.08177395
6.160000,0,FL_2,0.10105157,0.12719797,0.08564571
6.160000,0,FR_2,0.09109645,-0.30551285,0.07449559
6.160000,0,RL_2,-0.53273714,0.16142276,0.07963936
6.160000,0,RR_2,-0.50431317,-0.26756001,0.08123472
6.180000,0,FL_2,0.10059562,0.12998389,0.08459753
6.180000,0,FR_2,0.09253530,-0.30212107,0.07512259
6.180000,0,RL_2,-0.53054559,0.15907009,0.07941666
6.180000,0,RR_2,-0.50690746,-0.26962796,0.08091269
6.200000,0,FL_2,0.10013169,0.13314298,0.08348081
6.200000,0,FR_2,0.09346198,-0.29869801,0.07572084
6.200000,0,RL_2,-0.52815723,0.15646233,0.07924734
6.200000,0,RR_2,-0.50919849,-0.27201331,0.08049804
6.220000,0,FL_2,0.09955240,0.13687567,0.08223984
6.220000,0,FR_2,0.09417323,-0.29492092,0.07640199
6.220000,0,RL_2,-0.52538246,0.15341988,0.07914232
6.220000,0,RR_2,-0.51160508,-0.27480561,0.08004559
6.240000,0,FL_2,0.09867109,0.14002851,0.08118735
6.240000,0,FR_2,0.09501613,-0.29183498,0.07707518
6.240000,0,RL_2,-0.52273446,0.15105075,0.07902633
6.240000,0,RR_2,-0.51385117,-0.27697936,0.07981399
6.260000,0,FL_2,0.09794376,0.14346603,0.08015557
6.260000,0,FR_2,0.09562851,-0.28852284,0.07780562
6.260000,0,RL_2,-0.52013785,0.14840016,0.07904743
6.260000,0,RR_2,-0.51608151,-0.27950445,0.07954267
6.280000,0,FL_2,0.09719554,0.14727759,0.07910983
6.280000,0,FR_2,0.09624951,-0.28485110,0.07868388
6.280000,0,RL_2,-0.51740599,0.14546716,0.07918616
6.280000,0,RR_2,-0.51856560,-0.28235817,0.07930830
6.300000,0,FL_2,0.09628089,0.15067020,0.07820689
6.300000,0,FR_2,0.09705959,-0.28157255,0.07958854
6.300000,0,RL_2,-0.51485115,0.14300793,0.07932495
6.300000,0,RR_2,-0.52104574,-0.28481287,0.07924151
6.320000,0,FL_2,0.09547721,0.15441763,0.07733253
6.320000,0,FR_2,0.09771796,-0.27795422,0.08062024
6.320000,0,RL_2,-0.51229066,0.14022286,0.07962149
6.320000,0,RR_2,-0.52363282,-0.28765789,0.07918733
6.340000,0,FL_2,0.09454955,0.15796530,0.07655147
6.340000,0,FR_2,0.09849284,-0.27456164,0.08169284
6.340000,0,RL_2,-0.50981343,0.13770930,0.07993229
6.340000,0,RR_2,-0.52625197,-0.29028812,0.07926183
6.360000,0,FL_2,0.09367233,0.16188553,0.07580738
6.360000,0,FR_2,0.09911547,-0.27086064,0.08290517
6.360000,0,RL_2,-0.50726527,0.13488132,0.08040231
6.360000,0,RR_2,-0.52898467,-0.29328194,0.07938230
6.380000,0,FL_2,0.09261045,0.16515291,0.07519267
6.380000,0,FR_2,0.09992139,-0.26784170,0.08401463
6.380000,0,RL_2,-0.50496948,0.13273063,0.08076353
6.380000,0,RR_2,-0.53155404,-0.29563498,0.07964255
6.400000,0,FL_2,0.09171645,0.16862620,0.07465724
6.400000,0,FR_2,0.10042053,-0.26467136,0.08518009
6.400000,0,RL_2,-0.50276822,0.13032018,0.08128501
6.400000,0,RR_2,-0.53401601,-0.29825616,0.07991044
6.420000,0,FL_2,0.09054098,0.17292134,0.07408250
6.420000,0,FR_2,0.10048628,-0.26076701,0.08661135
6.420000,0,RL_2,-0.49997088,0.12738970,0.08198778
6.420000,0,RR_2,-0.53660893,-0.30183396,0.08019678
6.440000,0,FL_2,0.08836666,0.17529520,0.07350735
6.440000,0,FR_2,0.10056973,-0.25875875,0.08739804
6.440000,0,RL_2,-0.49733755,0.12646779,0.08200532
6.440000,0,RR_2,-0.53814691,-0.30385110,0.08043076
6.460000,0,FL_2,0.08637967,0.17762575,0.07300937
6.460000,0,FR_2,0.09988438,-0.25721940,0.08789343
6.460000,0,RL_2,-0.49494708,0.12530966,0.08217181
6.460000,0,RR_2,-0.53870344,-0.30571988,0.08044922
6.480000,0,FL_2,0.08437557,0.18121649,0.07251773
6.480000,0,FR_2,0.09861831,-0.25480202,0.08868320
6.480000,0,RL_2,-0.49199265,0.12315386,0.08271875
6.480000,0,RR_2,-0.53917402,-0.30875924,0.08041461
6.500000,0,FL_2,0.08198935,0.18607235,0.07204334
6.500000,0,FR_2,0.09750088,-0.25155485,0.08992204
6.500000,0,RL_2,-0.48827556,0.12020048,0.08360782
6.500000,0,RR_2,-0.54018414,-0.31265244,0.08057490
6.520000,0,FL_2,0.07896848,0.19017421,0.07156861
6.520000,0,FR_2,0.09697456,-0.24898557,0.09102204
6.520000,0,RL_2,-0.48457330,0.11817124,0.08417762
6.520000,0,RR_2,-0.54133737,-0.31573057,0.08087926
6.540000,0,FL_2,0.07580753,0.19428584,0.07118220
6.540000,0,FR_2,0.09617895,-0.24629050,0.09220056
6.540000,0,RL_2,-0.48094857,0.11603341,0.08487990
6.540000,0,RR_2,-0.54241973,-0.31897151,0.08123945
6.560000,0,FL_2,0.07266589,0.19903103,0.07096995
6.560000,0,FR_2,0.09542504,-0.24320894,0.09364974
6.560000,0,RL_2,-0.47726619,0.11340268,0.08590768
6.560000,0,RR_2,-0.54381460,-0.32267395,0.08179507
6.580000,0,FL_2,0.06923816,0.20141196,0.07060283
6.580000,0,FR_2,0.09503004,-0.24200678,0.09422451
6.580000,0,RL_2,-0.47437206,0.11281150,0.08600087
6.580000,0,RR_2,-0.54447997,-0.32452929,0.08210334
6.600000,0,FL_2,0.06620230,0.20335695,0.07030679
6.600000,0,FR_2,0.09362986,-0.24099541,0.09457791
6.600000,0,RL_2,-0.47190499,0.11207460,0.08622003
6.600000,0,RR_2,-0.54410636,-0.32645288,0.08212283
6.620000,0,FL_2,0.06345741,0.20666529,0.07027127
6.620000,0,FR_2,0.09192771,-0.23913769,0.09537920
6.620000,0,RL_2,-0.46907908,0.11016782,0.08707610
6.620000,0,RR_2,-0.54371417,-0.32950303,0.08226259
6.640000,0,FL_2,0.06023826,0.21116813,0.07043146
6.640000,0,FR_2,0.09028724,-0.23632143,0.09679000
6.640000,0,RL_2,-0.46543640,0.10757413,0.08833937
6.640000,0,RR_2,-0.54380178,-0.33367392,0.08274487
6.660000,0,FL_2,0.05645579,0.21378754,0.07031333
6.660000,0,FR_2,0.08953626,-0.23522046,0.09735389
6.660000,0,RL_2,-0.46216387,0.10672167,0.08867279
6.660000,0,RR_2,-0.54370028,-0.33590066,0.08300306
6.680000,0,FL_2,0.05263207,0.21594188,0.07017443
6.680000,0,FR_2,0.08782910,-0.23409580,0.09784345
6.680000,0,RL_2,-0.45910117,0.10584563,0.08905582
6.680000,0,RR_2,-0.54283565,-0.33820799,0.08306344
6.700000,0,FL_2,0.04914622,0.21959975,0.07044962
6.700000,0,FR_2,0.08627232,-0.23225947,0.09881751
6.700000,0,RL_2,-0.45598137,0.10371505,0.09023991
6.700000,0,RR_2,-0.54230255,-0.34132677,0.08340065
6.720000,0,FL_2,0.04506486,0.22372878,0.07087730
6.720000,0,FR_2,0.08462752,-0.22976062,0.10026190
6.720000,0,RL_2,-0.45227629,0.10152876,0.09150974
6.720000,0,RR_2,-0.54208970,-0.34534732,0.08408273
6.740000,0,FL_2,0.04080141,0.22586069,0.07091816
6.740000,0,FR_2,0.08382228,-0.22917612,0.10057312
6.740000,0,RL_2,-0.44921449,0.10095110,0.09179751
6.740000,0,RR_2,-0.54160976,-0.34720644,0.08431134
6.760000,0,FL_2,0.03666930,0.22749011,0.07091280
6.760000,0,FR_2,0.08180588,-0.22839054,0.10092069
6.760000,0,RL_2,-0.44636747,0.10031037,0.09214915
6.760000,0,RR_2,-0.54021722,-0.34933019,0.08432643
6.780000,0,FL_2,0.03286889,0.23072799,0.07144164
6.780000,0,FR_2,0.07996570,-0.22688651,0.10179731
6.780000,0,RL_2,-0.44340986,0.09833831,0.09342691
6.780000,0,RR_2,-0.53902608,-0.35238266,0.08466306
6.800000,0,FL_2,0.02850463,0.23372471,0.07195950
6.800000,0,FR_2,0.07817423,-0.22528669,0.10278584
6.800000,0,RL_2,-0.43998706,0.09685751,0.09440494
6.800000,0,RR_2,-0.53788352,-0.35570052,0.08514901
6.820000,0,FL_2,0.02394680,0.23711242,0.07270195
6.820000,0,FR_2,0.07661141,-0.22360073,0.10389701
6.820000,0,RL_2,-0.43654981,0.09492774,0.09575297
6.820000,0,RR_2,-0.53695828,-0.35903513,0.08578593
6.840000,0,FL_2,0.01904277,0.23840179,0.07283983
6.840000,0,FR_2,0.07506444,-0.22331870,0.10400374
6.840000,0,RL_2,-0.43333200,0.09472822,0.09586582
6.840000,0,RR_2,-0.53543663,-0.36090115,0.08585053
6.860000,0,FL_2,0.01480007,0.23983555,0.07313032
6.860000,0,FR_2,0.07311199,-0.22301260,0.10410989
6.860000,0,RL_2,-0.43076035,0.09389010,0.09646921
6.860000,0,RR_2,-0.53339416,-0.36255267,0.08570772
6.880000,0,FL_2,0.01033413,0.24245408,0.07390518
6.880000,0,FR_2,0.07064469,-0.22151740,0.10510519
6.880000,0,RL_2,-0.42759955,0.09221238,0.09772819
6.880000,0,RR_2,-0.53121108,-0.36585042,0.08609131
6.900000,0,FL_2,0.00567344,0.24379452,0.07429688
6.900000,0,FR_2,0.06902476,-0.22144035,0.10507940
6.900000,0,RL_2,-0.42454076,0.09169749,0.09811811
6.900000,0,RR_2,-0.52893889,-0.36766198,0.08600198
6.920000,0,FL_2,0.00111858,0.24504459,0.07472862
6.920000,0,FR_2,0.06667261,-0.22091547,0.10537335
6.920000,0,RL_2,-0.42162919,0.09086780,0.09876586
6.920000,0,RR_2,-0.52621537,-0.36967224,0.08587912
6.940000,0,FL_2,-0.00357929,0.24746141,0.07569917
6.940000,0,FR_2,0.06447275,-0.21973270,0.10621744
6.940000,0,RL_2,-0.41848826,0.08915886,0.10013597
6.940000,0,RR_2,-0.52368796,-0.37260860,0.08620646
6.960000,0,FL_2,-0.00876826,0.24815543,0.07607362
6.960000,0,FR_2,0.06239989,-0.21973400,0.10613187
6.960000,0,RL_2,-0.41514143,0.08893202,0.10033059
6.960000,0,RR_2,-0.52081233,-0.37437367,0.08603937
6.980000,0,FL_2,-0.01299222,0.24947163,0.07675365
6.980000,0,FR_2,0.06063659,-0.21957155,0.10619630
6.980000,0,RL_2,-0.41284311,0.08787541,0.10120691
6.980000,0,RR_2,-0.51821053,-0.37564728,0.08579354
7.000000,0,FL_2,-0.01692990,0.25066006,0.07743211
7.000000,0,FR_2,0.05886757,-0.21900705,0.10659751
7.000000,0,RL_2,-0.41053089,0.08712520,0.10184316
7.000000,0,RR_2,-0.51583624,-0.37733221,0.08580619
7.020000,0,FL_2,-0.02150031,0.25091803,0.07779956
7.020000,0,FR_2,0.05638023,-0.21873005,0.10674722
7.020000,0,RL_2,-0.40754271,0.08677945,0.10215309
7.020000,0,RR_2,-0.51270485,-0.37925038,0.08574387
7.040000,0,FL_2,-0.02638145,0.25086668,0.07811774
7.040000,0,FR_2,0.05361491,-0.21897674,0.10645727
7.040000,0,RL_2,-0.40438432,0.08640075,0.10249777
7.040000,0,RR_2,-0.50887430,-0.38074908,0.08536702
7.060000,0,FL_2,-0.03117045,0.25075847,0.07847264
7.060000,0,FR_2,0.05082295,-0.21944167,0.10598803
7.060000,0,RL_2,-0.40140876,0.08604297,0.10282853
7.060000,0,RR_2,-0.50464207,-0.38173836,0.08472352
7.080000,0,FL_2,-0.03581769,0.25053361,0.07882908
7.080000,0,FR_2,0.04800228,-0.21992293,0.10550892
7.080000,0,RL_2,-0.39857933,0.08577164,0.10308972
7.080000,0,RR_2,-0.50011176,-0.38247105,0.08395652
7.100000,0,FL_2,-0.04013957,0.25030220,0.07920808
7.100000,0,FR_2,0.04539189,-0.22040732,0.10503674
7.100000,0,RL_2,-0.39602017,0.08550613,0.10334647
7.100000,0,RR_2,-0.49559629,-0.38296038,0.08315140
7.120000,0,FL_2,-0.04458009,0.24973762,0.07951218
7.120000,0,FR_2,0.04246952,-0.22071981,0.10470542
7.120000,0,RL_2,-0.39321277,0.08537976,0.10349268
7.120000,0,RR_2,-0.49081412,-0.38365433,0.08244377
7.140000,0,FL_2,-0.04808354,0.24974681,0.07999249
7.140000,0,FR_2,0.04060442,-0.22129713,0.10418010
7.140000,0,RL_2,-0.39132464,0.08494346,0.10389036
7.140000,0,RR_2,-0.48694235,-0.38365516,0.08167957
7.160000,0,FL_2,-0.05108657,0.24945238,0.08030100
7.160000,0,FR_2,0.03875013,-0.22140220,0.10405209
7.160000,0,RL_2,-0.38954628,0.08487150,0.10397993
7.160000,0,RR_2,-0.48362714,-0.38390428,0.08116922
7.180000,0,FL_2,-0.05467250,0.24854559,0.08046299
7.180000,0,FR_2,0.03614042,-0.22142570,0.10397987
7.180000,0,RL_2,-0.38700879,0.08486542,0.10402928
7.180000,0,RR_2,-0.47982520,-0.38479203,0.08088485
7.200000,0,FL_2,-0.05926482,0.24736848,0.08072425
7.200000,0,FR_2,0.03273978,-0.22162348,0.10375168
7.200000,0,RL_2,-0.38364357,0.08464858,0.10427679
7.200000,0,RR_2,-0.47512013,-0.38594964,0.08062235
7.220000,0,FL_2,-0.06323373,0.24722797,0.08137810
7.220000,0,FR_2,0.03049670,-0.22232041,0.10312925
7.220000,0,RL_2,-0.38133529,0.08394267,0.10491979
7.220000,0,RR_2,-0.47116575,-0.38603103,0.08006314
7.240000,0,FL_2,-0.06672721,0.24700110,0.08194927
7.240000,0,FR_2,0.02846454,-0.22248566,0.10295857
7.240000,0,RL_2,-0.37933812,0.08365991,0.10520191
7.240000,0,RR_2,-0.46772510,-0.38613823,0.07963100
7.260000,0,FL_2,-0.07072520,0.24615012,0.08239473
7.260000,0,FR_2,0.02579749,-0.22246483,0.10293718
7.260000,0,RL_2,-0.37672934,0.08350788,0.10538991
7.260000,0,RR_2,-0.46374637,-0.38680920,0.07941481
7.280000,0,FL_2,-0.07559131,0.24494156,0.08293188
7.280000,0,FR_2,0.02239699,-0.22254518,0.10282651
7.280000,0,RL_2,-0.37339297,0.08317368,0.10575429
7.280000,0,RR_2,-0.45885211,-0.38772464,0.07925529
7.300000,0,FL_2,-0.07996436,0.24456266,0.08377696
7.300000,0,FR_2,0.01988386,-0.22308612,0.10234462
7.300000,0,RL_2,-0.37091801,0.08243817,0.10643990
7.300000,0,RR_2,-0.45449182,-0.38775605,0.07882573
7.320000,0,FL_2,-0.08394126,0.24408747,0.08454195
7.320000,0,FR_2,0.01752335,-0.22319289,0.10223149
7.320000,0,RL_2,-0.36863345,0.08204261,0.10683677
7.320000,0,RR_2,-0.45048025,-0.38780731,0.07849024
7.340000,0,FL_2,-0.08833048,0.24304713,0.08522589
7.340000,0,FR_2,0.01460258,-0.22312737,0.10226148
7.340000,0,RL_2,-0.36579317,0.08171645,0.10719401
7.340000,0,RR_2,-0.44595185,-0.38829821,0.07836035
7.360000,0,FL_2,-0.09270509,0.24217618,0.08603904
7.360000,0,FR_2,0.01181534,-0.22331600,0.10208384
7.360000,0,RL_2,-0.36309639,0.08113766,0.10776497
7.360000,0,RR_2,-0.44142511,-0.38854414,0.07818249
7.380000,0,FL_2,-0.09722037,0.24114059,0.08688568
7.380000,0,FR_2,0.00880975,-0.22333209,0.10205396
7.380000,0,RL_2,-0.36020011,0.08061328,0.10830057
7.380000,0,RR_2,-0.43671161,-0.38883418,0.07807630
7.400000,0,FL_2,-0.10029646,0.23971710,0.08720501
7.400000,0,FR_2,0.00682912,-0.22479157,0.10083391
7.400000,0,RL_2,-0.35847455,0.08094273,0.10808207
7.400000,0,RR_2,-0.43300954,-0.38709682,0.07717512
7.420000,0,FL_2,-0.10205834,0.23776011,0.08694871
7.420000,0,FR_2,0.00457128,-0.22570179,0.10008434
7.420000,0,RL_2,-0.35728210,0.08185354,0.10737056
7.420000,0,RR_2,-0.42943555,-0.38527009,0.07630652
7.440000,0,FL_2,-0.10388195,0.23502536,0.08645016
7.440000,0,FR_2,0.00142279,-0.22645581,0.09947166
7.440000,0,RL_2,-0.35533595,0.08286496,0.10662736
7.440000,0,RR_2,-0.42490542,-0.38400984,0.07572228
7.460000,0,FL_2,-0.10647655,0.23196082,0.08613057
7.460000,0,FR_2,-0.00266439,-0.22719596,0.09888479
7.460000,0,RL_2,-0.35250616,0.08349178,0.10625719
7.460000,0,RR_2,-0.41914299,-0.38297802,0.07530807
7.480000,0,FL_2,-0.10821291,0.23012352,0.08603196
7.480000,0,FR_2,-0.00543365,-0.22883260,0.09761631
7.480000,0,RL_2,-0.35096613,0.08376797,0.10611656
7.480000,0,RR_2,-0.41443196,-0.38060945,0.07446005
7.500000,0,FL_2,-0.10921375,0.22799245,0.08563337
7.500000,0,FR_2,-0.00785840,-0.23003097,0.09671539
7.500000,0,RL_2,-0.34969789,0.08480202,0.10538039
7.500000,0,RR_2,-0.41039211,-0.37810963,0.07364707
7.520000,0,FL_2,-0.11069316,0.22513139,0.08519234
7.520000,0,FR_2,-0.01105988,-0.23081245,0.09615387
7.520000,0,RL_2,-0.34770283,0.08591661,0.10464768
7.520000,0,RR_2,-0.40570208,-0.37628359,0.07318507
7.540000,0,FL_2,-0.11321753,0.22184733,0.08501972
7.540000,0,FR_2,-0.01519616,-0.23159526,0.09562025
7.540000,0,RL_2,-0.34478754,0.08674792,0.10421470
7.540000,0,RR_2,-0.40000743,-0.37469459,0.07294489
7.560000,0,FL_2,-0.11501752,0.21980859,0.08502755
7.560000,0,FR_2,-0.01817376,-0.23334213,0.09440173
7.560000,0,RL_2,-0.34321424,0.08722296,0.10397476
7.560000,0,RR_2,-0.39548847,-0.37186810,0.07232621
7.580000,0,FL_2,-0.11606790,0.21746972,0.08474705
7.580000,0,FR_2,-0.02082020,-0.23468710,0.09350337
7.580000,0,RL_2,-0.34191298,0.08848765,0.10315836
7.580000,0,RR_2,-0.39165521,-0.36899605,0.07174532
7.600000,0,FL_2,-0.11750075,0.21439117,0.08445037
7.600000,0,FR_2,-0.02426030,-0.23555072,0.09298231
7.600000,0,RL_2,-0.33988816,0.08984187,0.10236479
7.600000,0,RR_2,-0.38711992,-0.36679578,0.07150893
7.620000,0,FL_2,-0.11881475,0.21175401,0.08427458
7.620000,0,FR_2,-0.02751528,-0.23688014,0.09216896
7.620000,0,RL_2,-0.33816484,0.09083997,0.10182361
7.620000,0,RR_2,-0.38282716,-0.36426750,0.07124358
7.640000,0,FL_2,-0.12017368,0.20874548,0.08408463
7.640000,0,FR_2,-0.03106176,-0.23805766,0.09150052
7.640000,0,RL_2,-0.33610836,0.09212834,0.10114220
7.640000,0,RR_2,-0.37838921,-0.36167133,0.07106437
7.660000,0,FL_2,-0.12083733,0.20633674,0.08383748
7.660000,0,FR_2,-0.03399007,-0.23978920,0.09049309
7.660000,0,RL_2,-0.33491084,0.09330922,0.10048051
7.660000,0,RR_2,-0.37472287,-0.35847586,0.07074210
7.680000,0,FL_2,-0.12117022,0.20358536,0.08346450
7.680000,0,FR_2,-0.03694943,-0.24105099,0.08982427
7.680000,0,RL_2,-0.33359510,0.09491885,0.09958036
7.680000,0,RR_2,-0.37116644,-0.35559911,0.07056722
7.700000,0,FL_2,-0.12217577,0.20007597,0.08324581
7.700000,0,FR_2,-0.04085478,-0.24200287,0.08942056
7.700000,0,RL_2,-0.33132187,0.09655229,0.09880608
7.700000,0,RR_2,-0.36664250,-0.35307756,0.07067674
7.720000,0,FL_2,-0.12250736,0.19765325,0.08302484
7.720000,0,FR_2,-0.04395293,-0.24398375,0.08840567
7.720000,0,RL_2,-0.33021045,0.09778394,0.09818455
7.720000,0,RR_2,-0.36314577,-0.34957606,0.07054430
7.740000,0,FL_2,-0.12232455,0.19500375,0.08265453
7.740000,0,FR_2,-0.04681721,-0.24546772,0.08771811
7.740000,0,RL_2,-0.32918867,0.09957979,0.09724348
7.740000,0,RR_2,-0.36001897,-0.34633282,0.07049420
7.760000,0,FL_2,-0.12273747,0.19148803,0.08244011
7.760000,0,FR_2,-0.05058115,-0.24653623,0.08735854
7.760000,0,RL_2,-0.32720593,0.10154628,0.09636468
7.760000,0,RR_2,-0.35596645,-0.34350145,0.07073419
7.780000,0,FL_2,-0.12251805,0.18897974,0.08217667
7.780000,0,FR_2,-0.05365818,-0.24864078,0.08643499
7.780000,0,RL_2,-0.32632548,0.10312460,0.09560429
7.780000,0,RR_2,-0.35291511,-0.33978555,0.07078066
7.800000,0,FL_2,-0.12189230,0.18624307,0.08182080
7.800000,0,FR_2,-0.05656195,-0.25021127,0.08583719
7.800000,0,RL_2,-0.32547033,0.10519733,0.09460546
7.800000,0,RR_2,-0.35010967,-0.33643761,0.07091816
7.820000,0,FL_2,-0.12132452,0.18317004,0.08152499
7.820000,0,FR_2,-0.05974223,-0.25180209,0.08529721
7.820000,0,RL_2,-0.32435986,0.10740522,0.09361690
7.820000,0,RR_2,-0.34713352,-0.33315656,0.07117213
7.840000,0,FL_2,-0.12033014,0.18043537,0.08117463
7.840000,0,FR_2,-0.06264965,-0.25380251,0.08458430
7.840000,0,RL_2,-0.32375020,0.10959325,0.09261295
7.840000,0,RR_2,-0.34468696,-0.32955092,0.07138952
7.860000,0,FL_2,-0.11954659,0.17715949,0.08094566
7.860000,0,FR_2,-0.06602713,-0.25532225,0.08419883
7.860000,0,RL_2,-0.32259464,0.11209111,0.09158998
7.860000,0,RR_2,-0.34175426,-0.32625878,0.07179518
7.880000,0,FL_2,-0.11813526,0.17463711,0.08059567
7.880000,0,FR_2,-0.06883826,-0.25778398,0.08338579
7.880000,0,RL_2,-0.32239345,0.11438058,0.09056773
7.880000,0,RR_2,-0.33977497,-0.32228276,0.07208565
7.900000,0,FL_2,-0.11648250,0.17168781,0.08025447
7.900000,0,FR_2,-0.07166322,-0.25967780,0.08288847
7.900000,0,RL_2,-0.32204944,0.11719321,0.08938403
7.900000,0,RR_2,-0.33773375,-0.31876335,0.07248120
7.920000,0,FL_2,-0.11498708,0.16838704,0.08005218
7.920000,0,FR_2,-0.07491642,-0.26171443,0.08244029
7.920000,0,RL_2,-0.32139298,0.12016003,0.08825223
7.920000,0,RR_2,-0.33540726,-0.31509766,0.07301568
7.940000,0,FL_2,-0.11335981,0.16534743,0.07987820
7.940000,0,FR_2,-0.07818809,-0.26400489,0.08196327
7.940000,0,RL_2,-0.32099935,0.12304084,0.08717811
7.940000,0,RR_2,-0.33325356,-0.31117970,0.07361461
7.960000,0,FL_2,-0.11148220,0.16258582,0.07968786
7.960000,0,FR_2,-0.08120283,-0.26637939,0.08149569
7.960000,0,RL_2,-0.32095855,0.12592247,0.08610374
7.960000,0,RR_2,-0.33145404,-0.30727834,0.07423656
7.980000,0,FL_2,-0.10928623,0.15985434,0.07948677
7.980000,0,FR_2,-0.08394139,-0.26885620,0.08102655
7.980000,0,RL_2,-0.32119673,0.12901410,0.08496544
7.980000,0,RR_2,-0.33004576,-0.30343434,0.07486676
8.000000,0,FL_2,-0.10679261,0.15708382,0.07929642
8.000000,0,FR_2,-0.08648853,-0.27139547,0.08058095
8.000000,0,RL_2,-0.32167119,0.13233225,0.08377552
8.000000,0,RR_2,-0.32893673,-0.29968408,0.07551493
8.020000,0,FL_2,-0.10412684,0.15434995,0.07914148
8.020000,0,FR_2,-0.08890425,-0.27391061,0.08019342
8.020000,0,RL_2,-0.32233000,0.13574830,0.08259434
8.020000,0,RR_2,-0.32801524,-0.29609987,0.07618660
8.040000,0,FL_2,-0.10141754,0.15166624,0.07904902
8.040000,0,FR_2,-0.09124275,-0.27640584,0.07986698
8.040000,0,RL_2,-0.32308528,0.13919508,0.08146159
8.040000,0,RR_2,-0.32721859,-0.29265490,0.07688863
8.060000,0,FL_2,-0.09874147,0.14900909,0.07903716
8.060000,0,FR_2,-0.09356602,-0.27892071,0.07959948
8.060000,0,RL_2,-0.32387307,0.14266299,0.08039256
8.060000,0,RR_2,-0.32649884,-0.28927335,0.07763644
8.080000,0,FL_2,-0.09613933,0.14638640,0.07910938
8.080000,0,FR_2,-0.09591570,-0.28145868,0.07939816
8.080000,0,RL_2,-0.32467046,0.14613183,0.07939710
8.080000,0,RR_2,-0.32580933,-0.28591993,0.07844316
8.100000,0,FL_2,-0.09362601,0.14380653,0.07926238
8.100000,0,FR_2,-0.09830680,-0.28401610,0.07926863
8.100000,0,RL_2,-0.32547110,0.14959016,0.07847816
8.100000,0,RR_2,-0.32512677,-0.28258204,0.07931499
8.120000,0,FL_2,-0.09119320,0.14126605,0.07949094
8.120000,0,FR_2,-0.10073997,-0.28659368,0.07921302
8.120000,0,RL_2,-0.32627714,0.15304294,0.07763343
8.120000,0,RR_2,-0.32444808,-0.27925438,0.08025352
8.140000,0,FL_2,-0.08882199,0.13876079,0.07978919
8.140000,0,FR_2,-0.10320851,-0.28918868,0.07923229
8.140000,0,RL_2,-0.32709798,0.15649903,0.07685876
8.140000,0,RR_2,-0.32377934,-0.27594215,0.08125571
8.160000,0,FL_2,-0.08649208,0.13628516,0.08015251
8.160000,0,FR_2,-0.10570306,-0.29179958,0.07932675
8.160000,0,RL_2,-0.32794297,0.15996842,0.07615069
8.160000,0,RR_2,-0.32313046,-0.27265316,0.08231726
8.180000,0,FL_2,-0.08418745,0.13383383,0.08057769
8.180000,0,FR_2,-0.10821544,-0.29442513,0.07949639
8.180000,0,RL_2,-0.32882118,0.16346017,0.07550668
8.180000,0,RR_2,-0.32251054,-0.26939452,0.08343358
8.200000,0,FL_2,-0.08189496,0.13139875,0.08106428
8.200000,0,FR_2,-0.11074290,-0.29707032,0.07974140
8.200000,0,RL_2,-0.32973853,0.16698602,0.07492559
8.200000,0,RR_2,-0.32192695,-0.26616582,0.08460213
8.220000,0,FL_2,-0.07960552,0.12897350,0.08161280
8.220000,0,FR_2,-0.11328719,-0.29974055,0.08006372
8.220000,0,RL_2,-0.33070052,0.17055663,0.07440750
8.220000,0,RR_2,-0.32138142,-0.26296303,0.08582331
8.240000,0,FL_2,-0.07665168,0.12702553,0.08195571
8.240000,0,FR_2,-0.11517639,-0.30303979,0.08024012
8.240000,0,RL_2,-0.33257172,0.17397159,0.07379305
8.240000,0,RR_2,-0.32176340,-0.25967410,0.08698488
8.260000,0,FL_2,-0.07388005,0.12457933,0.08258015
8.260000,0,FR_2,-0.11711739,-0.30555201,0.08057064
8.260000,0,RL_2,-0.33416209,0.17785028,0.07328881
8.260000,0,RR_2,-0.32158354,-0.25704217,0.08805509
8.280000,0,FL_2,-0.07087019,0.12258179,0.08306034
8.280000,0,FR_2,-0.11871859,-0.30864030,0.08084330
8.280000,0,RL_2,-0.33625662,0.18147059,0.07278045
8.280000,0,RR_2,-0.32208267,-0.25410929,0.08919021
8.300000,0,FL_2,-0.06725078,0.12064806,0.08350851
8.300000,0,FR_2,-0.11967944,-0.31204781,0.08100650
8.300000,0,RL_2,-0.33911276,0.18524288,0.07220806
8.300000,0,RR_2,-0.32316855,-0.25137967,0.09020945
8.320000,0,FL_2,-0.06394942,0.11856427,0.08412476
8.320000,0,FR_2,-0.12062381,-0.31468925,0.08124813
8.320000,0,RL_2,-0.34178790,0.18913838,0.07176837
8.320000,0,RR_2,-0.32374495,-0.24923819,0.09109880
8.340000,0,FL_2,-0.06039168,0.11683652,0.08461450
8.340000,0,FR_2,-0.12110923,-0.31794560,0.08141856
8.340000,0,RL_2,-0.34498063,0.19277941,0.07132012
8.340000,0,RR_2,-0.32507268,-0.24680367,0.09205864
8.360000,0,FL_2,-0.05722389,0.11463510,0.08543247
8.360000,0,FR_2,-0.12185459,-0.32063407,0.08171663
8.360000,0,RL_2,-0.34775850,0.19680585,0.07106900
8.360000,0,RR_2,-0.32570261,-0.24473245,0.09299365
8.380000,0,FL_2,-0.05407230,0.11296066,0.08604705
8.380000,0,FR_2,-0.12248233,-0.32367891,0.08205207
8.380000,0,RL_2,-0.35077813,0.20032121,0.07083551
8.380000,0,RR_2,-0.32672721,-0.24240573,0.09404758
8.400000,0,FL_2,-0.05011377,0.11139756,0.08659770
8.400000,0,FR_2,-0.12234932,-0.32749125,0.08227976
8.400000,0,RL_2,-0.35476226,0.20379640,0.07052650
8.400000,0,RR_2,-0.32866824,-0.24004924,0.09505323
8.420000,0,FL_2,-0.04713990,0.10944984,0.08747988
8.420000,0,FR_2,-0.12271672,-0.32962844,0.08258645
8.420000,0,RL_2,-0.35785654,0.20749828,0.07049257
8.420000,0,RR_2,-0.32911783,-0.23869203,0.09574718
8.440000,0,FL_2,-0.04452333,0.10767991,0.08833708
8.440000,0,FR_2,-0.12334269,-0.33236077,0.08307542
8.440000,0,RL_2,-0.36060277,0.21095504,0.07057476
8.440000,0,RR_2,-0.32996187,-0.23651484,0.09688396
8.460000,0,FL_2,-0.04082644,0.10618065,0.08902691
8.460000,0,FR_2,-0.12324226,-0.33635402,0.08356006
8.460000,0,RL_2,-0.36453292,0.21421620,0.07053557
8.460000,0,RR_2,-0.33191174,-0.23407775,0.09810172
8.480000,0,FL_2,-0.03688830,0.10498708,0.08956859
8.480000,0,FR_2,-0.12243055,-0.33950123,0.08377881
8.480000,0,RL_2,-0.36911318,0.21709011,0.07042941
8.480000,0,RR_2,-0.33374643,-0.23277576,0.09869982
8.500000,0,FL_2,-0.03331525,0.10359210,0.09029210
8.500000,0,FR_2,-0.12130260,-0.34214044,0.08386575
8.500000,0,RL_2,-0.37351835,0.22007109,0.07046597
8.500000,0,RR_2,-0.33557010,-0.23169337,0.09919076
8.520000,0,FL_2,-0.02961064,0.10231099,0.09098104
8.520000,0,FR_2,-0.11973441,-0.34511277,0.08392083
8.520000,0,RL_2,-0.37820223,0.22296491,0.07055061
8.520000,0,RR_2,-0.33779287,-0.23045051,0.09977250
8.540000,0,FL_2,-0.02688069,0.10068916,0.09196188
8.540000,0,FR_2,-0.11878545,-0.34709510,0.08402090
8.540000,0,RL_2,-0.38193983,0.22612223,0.07090497
8.540000,0,RR_2,-0.33880979,-0.22956640,0.10025788
8.560000,0,FL_2,-0.02439834,0.09941560,0.09275356
8.560000,0,FR_2,-0.11814696,-0.34952790,0.08434855
8.560000,0,RL_2,-0.38534373,0.22883685,0.07126950
8.560000,0,RR_2,-0.34004959,-0.22805057,0.10116287
8.580000,0,FL_2,-0.02103456,0.09846009,0.09333501
8.580000,0,FR_2,-0.11681057,-0.35281169,0.08469959
8.580000,0,RL_2,-0.38967469,0.23097765,0.07146500
8.580000,0,RR_2,-0.34220055,-0.22654490,0.10202169
8.600000,0,FL_2,-0.01767458,0.09716201,0.09418367
8.600000,0,FR_2,-0.11531304,-0.35557011,0.08492969
8.600000,0,RL_2,-0.39412135,0.23336580,0.07180344
8.600000,0,RR_2,-0.34402791,-0.22560765,0.10254259
8.620000,0,FL_2,-0.01423143,0.09628318,0.09476270
8.620000,0,FR_2,-0.11336869,-0.35811490,0.08500844
8.620000,0,RL_2,-0.39887625,0.23528560,0.07206392
8.620000,0,RR_2,-0.34619886,-0.22484919,0.10293202
8.640000,0,FL_2,-0.01103500,0.09484164,0.09577936
8.640000,0,FR_2,-0.11142045,-0.36063614,0.08512677
8.640000,0,RL_2,-0.40346020,0.23776080,0.07260019
8.640000,0,RR_2,-0.34817326,-0.22398797,0.10342993
8.660000,0,FL_2,-0.00789344,0.09444505,0.09604905
8.660000,0,FR_2,-0.10905297,-0.36252052,0.08496203
8.660000,0,RL_2,-0.40823415,0.23904064,0.07281712
8.660000,0,RR_2,-0.35021287,-0.22373317,0.10349180
8.680000,0,FL_2,-0.00513859,0.09323431,0.09694450
8.680000,0,FR_2,-0.10665631,-0.36458209,0.08487990
8.680000,0,RL_2,-0.41255525,0.24094151,0.07333703
8.680000,0,RR_2,-0.35226396,-0.22311808,0.10383329
8.700000,0,FL_2,-0.00209259,0.09235271,0.09761026
8.700000,0,FR_2,-0.10417889,-0.36694542,0.08491436
8.700000,0,RL_2,-0.41709685,0.24259642,0.07384151
8.700000,0,RR_2,-0.35440475,-0.22237729,0.10428201
8.720000,0,FL_2,0.00074463,0.09076936,0.09884374
8.720000,0,FR_2,-0.10213795,-0.36946952,0.08518361
8.720000,0,RL_2,-0.42143121,0.24497238,0.07469955
8.720000,0,RR_2,-0.35613945,-0.22134642,0.10499626
8.740000,0,FL_2,0.00353864,0.09072450,0.09888318
8.740000,0,FR_2,-0.09989712,-0.37083420,0.08501807
8.740000,0,RL_2,-0.42588106,0.24553885,0.07493940
8.740000,0,RR_2,-0.35779488,-0.22136353,0.10490604
8.760000,0,FL_2,0.00661421,0.09017389,0.09933047
8.760000,0,FR_2,-0.09663798,-0.37282890,0.08482352
8.760000,0,RL_2,-0.43063244,0.24601695,0.07521067
8.760000,0,RR_2,-0.36066192,-0.22104093,0.10503738
8.780000,0,FL_2,0.00945134,0.08854420,0.10065930
8.780000,0,FR_2,-0.09383029,-0.37515971,0.08493474
8.780000,0,RL_2,-0.43510327,0.24805143,0.07616671
8.780000,0,RR_2,-0.36275381,-0.22035789,0.10550416
8.800000,0,FL_2,0.01231552,0.08804268,0.10108870
8.800000,0,FR_2,-0.09115861,-0.37674135,0.08483433
8.800000,0,RL_2,-0.43966603,0.24897552,0.07675175
8.800000,0,RR_2,-0.36458963,-0.22015655,0.10560129
8.820000,0,FL_2,0.01532368,0.08740071,0.10164228
8.820000,0,FR_2,-0.08789377,-0.37854558,0.08470467
8.820000,0,RL_2,-0.44449794,0.24953501,0.07726800
8.820000,0,RR_2,-0.36712077,-0.21983689,0.10577905
8.840000,0,FL_2,0.01803890,0.08660452,0.10233061
8.840000,0,FR_2,-0.08470540,-0.37999067,0.08449121
8.840000,0,RL_2,-0.44908249,0.25031865,0.07793394
8.840000,0,RR_2,-0.36924347,-0.21978208,0.10575891
8.860000,0,FL_2,0.02085312,0.08620333,0.10269632
8.860000,0,FR_2,-0.08120814,-0.38130617,0.08418798
8.860000,0,RL_2,-0.45369971,0.25053984,0.07842559
8.860000,0,RR_2,-0.37167668,-0.21975803,0.10570917
8.880000,0,FL_2,0.02335542,0.08579982,0.10306513
8.880000,0,FR_2,-0.07761436,-0.38215008,0.08370247
8.880000,0,RL_2,-0.45798904,0.25061038,0.07888083
8.880000,0,RR_2,-0.37393257,-0.22005326,0.10540140
8.900000,0,FL_2,0.02599847,0.08563120,0.10324105
8.900000,0,FR_2,-0.07362728,-0.38301349,0.08318099
8.900000,0,RL_2,-0.46224940,0.25025117,0.07919878
8.900000,0,RR_2,-0.37657019,-0.22027802,0.10514623
8.920000,0,FL_2,0.02833883,0.08532277,0.10353422
8.920000,0,FR_2,-0.06965978,-0.38351303,0.08255553
8.920000,0,RL_2,-0.46614954,0.24998300,0.07956357
8.920000,0,RR_2,-0.37892485,-0.22072418,0.10471582
8.940000,0,FL_2,0.03086576,0.08518469,0.10368933
8.940000,0,FR_2,-0.06547493,-0.38414189,0.08199257
8.940000,0,RL_2,-0.47006387,0.24942788,0.07985024
8.940000,0,RR_2,-0.38156360,-0.22097854,0.10444315
8.960000,0,FL_2,0.03327915,0.08489760,0.10397172
8.960000,0,FR_2,-0.06132162,-0.38459951,0.08141454
8.960000,0,RL_2,-0.47387308,0.24895634,0.08020343
8.960000,0,RR_2,-0.38402975,-0.22136925,0.10406356
8.980000,0,FL_2,0.03598129,0.08470353,0.10418412
8.980000,0,FR_2,-0.05694165,-0.38523135,0.08092678
8.980000,0,RL_2,-0.47792718,0.24825671,0.08054164
8.980000,0,RR_2,-0.38680983,-0.22159141,0.10382271
9.000000,0,FL_2,0.03833158,0.08429627,0.10457329
9.000000,0,FR_2,-0.05286609,-0.38552743,0.08039758
9.000000,0,RL_2,-0.48176259,0.24785960,0.08102214
9.000000,0,RR_2,-0.38916433,-0.22200574,0.10343266
9.020000,0,FL_2,0.04083368,0.08406035,0.10482387
9.020000,0,FR_2,-0.04879349,-0.38599929,0.07999560
9.020000,0,RL_2,-0.48567680,0.24724948,0.08147014
9.020000,0,RR_2,-0.39171439,-0.22215758,0.10326221
9.040000,0,FL_2,0.04350723,0.08373416,0.10515802
9.040000,0,FR_2,-0.04454596,-0.38654369,0.07965234
9.040000,0,RL_2,-0.48984012,0.24653271,0.08196898
9.040000,0,RR_2,-0.39441848,-0.22236663,0.10304508
9.060000,0,FL_2,0.04616641,0.08333131,0.10556038
9.060000,0,FR_2,-0.04028080,-0.38698834,0.07931721
9.060000,0,RL_2,-0.49407771,0.24586433,0.08255772
9.060000,0,RR_2,-0.39711204,-0.22260413,0.10280834
9.080000,0,FL_2,0.04880470,0.08290988,0.10598180
9.080000,0,FR_2,-0.03600971,-0.38736689,0.07900657
9.080000,0,RL_2,-0.49834380,0.24519543,0.08320821
9.080000,0,RR_2,-0.39979804,-0.22281018,0.10260196
9.100000,0,FL_2,0.05137059,0.08246876,0.10642174
9.100000,0,FR_2,-0.03178479,-0.38767245,0.07872202
9.100000,0,RL_2,-0.50255984,0.24453034,0.08390473
9.100000,0,RR_2,-0.40242159,-0.22299641,0.10241656
9.120000,0,FL_2,0.05390745,0.08255346,0.10642162
9.120000,0,FR_2,-0.02749172,-0.38732433,0.07819696
9.120000,0,RL_2,-0.50654638,0.24318726,0.08431438
9.120000,0,RR_2,-0.40509775,-0.22364180,0.10185155
9.140000,0,FL_2,0.05614427,0.08228274,0.10671587
9.140000,0,FR_2,-0.02310963,-0.38715583,0.07780041
9.140000,0,RL_2,-0.51021123,0.24215807,0.08482400
9.140000,0,RR_2,-0.40785775,-0.22392771,0.10159042
9.160000,0,FL_2,0.05847760,0.08286890,0.10630490
9.160000,0,FR_2,-0.01867048,-0.38605657,0.07705934
9.160000,0,RL_2,-0.51348239,0.24016620,0.08488179
9.160000,0,RR_2,-0.41060391,-0.22500399,0.10068464
9.180000,0,FL_2,0.06044514,0.08270483,0.10650969
9.180000,0,FR_2,-0.01405927,-0.38554844,0.07662747
9.180000,0,RL_2,-0.51643753,0.23886968,0.08517580
9.180000,0,RR_2,-0.41352189,-0.22528332,0.10043965
9.200000,0,FL_2,0.06266233,0.08315407,0.10622671
9.200000,0,FR_2,-0.00959946,-0.38447034,0.07602934
9.200000,0,RL_2,-0.51922530,0.23699786,0.08523426
9.200000,0,RR_2,-0.41621643,-0.22620301,0.09968447
9.220000,0,FL_2,0.06481607,0.08401608,0.10562381
9.220000,0,FR_2,-0.00485918,-0.38273031,0.07523200
9.220000,0,RL_2,-0.52167159,0.23439938,0.08496772
9.220000,0,RR_2,-0.41932437,-0.22739057,0.09873145
9.240000,0,FL_2,0.06668393,0.08444955,0.10536602
9.240000,0,FR_2,-0.00003109,-0.38121587,0.07460990
9.240000,0,RL_2,-0.52385795,0.23231575,0.08486150
9.240000,0,RR_2,-0.42242941,-0.22825596,0.09805186
9.260000,0,FL_2,0.06874939,0.08559605,0.10457706
9.260000,0,FR_2,0.00479305,-0.37897789,0.07380539
9.260000,0,RL_2,-0.52579993,0.22949433,0.08447468
9.260000,0,RR_2,-0.42557737,-0.22972316,0.09692964
9.280000,0,FL_2,0.07039234,0.08548086,0.10475354
9.280000,0,FR_2,0.00954052,-0.37795311,0.07352988
9.280000,0,RL_2,-0.52780575,0.22808455,0.08461498
9.280000,0,RR_2,-0.42856815,-0.22994959,0.09676981
9.300000,0,FL_2,0.07257887,0.08580645,0.10462853
9.300000,0,FR_2,0.01382272,-0.37681738,0.07326739
9.300000,0,RL_2,-0.53016448,0.22632805,0.08477609
9.300000,0,RR_2,-0.43120214,-0.23061362,0.09628715
9.320000,0,FL_2,0.07491971,0.08727964,0.10367149
9.320000,0,FR_2,0.01819989,-0.37418109,0.07256466
9.320000,0,RL_2,-0.53225839,0.22300160,0.08442150
9.320000,0,RR_2,-0.43439633,-0.23232043,0.09505880
9.340000,0,FL_2,0.07646071,0.08759214,0.10354459
9.340000,0,FR_2,0.02265768,-0.37242702,0.07224499
9.340000,0,RL_2,-0.53409851,0.22107792,0.08444938
9.340000,0,RR_2,-0.43755767,-0.23295756,0.09463733
9.360000,0,FL_2,0.07835782,0.08833938,0.10313666
9.360000,0,FR_2,0.02680156,-0.37059018,0.07195058
9.360000,0,RL_2,-0.53594768,0.21892780,0.08444932
9.360000,0,RR_2,-0.44042364,-0.23393342,0.09398723
9.380000,0,FL_2,0.08037539,0.09016787,0.10199834
9.380000,0,FR_2,0.03104671,-0.36739430,0.07133968
9.380000,0,RL_2,-0.53729838,0.21539199,0.08398452
9.380000,0,RR_2,-0.44377774,-0.23584850,0.09272379
9.400000,0,FL_2,0.08164044,0.09087206,0.10161544
9.400000,0,FR_2,0.03536540,-0.36512268,0.07109471
9.400000,0,RL_2,-0.53835070,0.21322326,0.08381193
9.400000,0,RR_2,-0.44699192,-0.23668475,0.09223279
9.420000,0,FL_2,0.08335737,0.09193872,0.10103926
9.420000,0,FR_2,0.03941673,-0.36286813,0.07090607
9.420000,0,RL_2,-0.53947186,0.21079975,0.08363865
9.420000,0,RR_2,-0.44996440,-0.23777762,0.09158814
9.440000,0,FL_2,0.08527289,0.09399007,0.09986335
9.440000,0,FR_2,0.04352587,-0.35934764,0.07049806
9.440000,0,RL_2,-0.54019964,0.20710330,0.08313654
9.440000,0,RR_2,-0.45343518,-0.23977774,0.09040816
9.460000,0,FL_2,0.08643512,0.09483768,0.09943245
9.460000,0,FR_2,0.04764634,-0.35683390,0.07042381
9.460000,0,RL_2,-0.54079914,0.20488971,0.08293030
9.460000,0,RR_2,-0.45666963,-0.24066940,0.08996770
9.480000,0,FL_2,0.08807074,0.09600536,0.09886357
9.480000,0,FR_2,0.05143848,-0.35441217,0.07040348
9.480000,0,RL_2,-0.54159498,0.20245560,0.08278289
9.480000,0,RR_2,-0.45964542,-0.24177365,0.08941181
9.500000,0,FL_2,0.08991446,0.09816072,0.09774546
9.500000,0,FR_2,0.05519120,-0.35076323,0.07022253
9.500000,0,RL_2,-0.54205114,0.19880518,0.08240134
9.500000,0,RR_2,-0.46311024,-0.24379586,0.08836707
9.520000,0,FL_2,0.09102472,0.09950763,0.09707371
9.520000,0,FR_2,0.05892775,-0.34770611,0.07024480
9.520000,0,RL_2,-0.54226506,0.19624451,0.08215231
9.520000,0,RR_2,-0.46642283,-0.24508290,0.08779839
9.540000,0,FL_2,0.09239170,0.10126057,0.09622542
9.540000,0,FR_2,0.06240508,-0.34457681,0.07030252
9.540000,0,RL_2,-0.54240602,0.19341190,0.08189690
9.540000,0,RR_2,-0.46959826,-0.24661449,0.08712430
9.560000,0,FL_2,0.09379400,0.10363038,0.09508166
9.560000,0,FR_2,0.06583460,-0.34072629,0.07034954
9.560000,0,RL_2,-0.54217470,0.18989486,0.08152945
9.560000,0,RR_2,-0.47310036,-0.24866156,0.08624233
9.580000,0,FL_2,0.09470717,0.10536331,0.09426966
9.580000,0,FR_2,0.06920832,-0.33745807,0.07055486
9.580000,0,RL_2,-0.54181236,0.18724039,0.08125114
9.580000,0,RR_2,-0.47640336,-0.25011256,0.08572099
9.600000,0,FL_2,0.09589753,0.10753024,0.09330560
9.600000,0,FR_2,0.07234915,-0.33400145,0.07078935
9.600000,0,RL_2,-0.54138988,0.18419811,0.08098949
9.600000,0,RR_2,-0.47967085,-0.25187203,0.08508777
9.620000,0,FL_2,0.09700397,0.10983150,0.09231234
9.620000,0,FR_2,0.07542388,-0.33033052,0.07108794
9.620000,0,RL_2,-0.54079831,0.18103389,0.08074042
9.620000,0,RR_2,-0.48308012,-0.25374186,0.08446962
9.640000,0,FL_2,0.09794535,0.11220021,0.09131454
9.640000,0,FR_2,0.07833102,-0.32658061,0.07144781
9.640000,0,RL_2,-0.54001296,0.17795880,0.08050564
9.640000,0,RR_2,-0.48646253,-0.25569260,0.08387329
9.660000,0,FL_2,0.09878290,0.11464338,0.09031889
9.660000,0,FR_2,0.08110841,-0.32286370,0.07187961
9.660000,0,RL_2,-0.53908116,0.17493515,0.08029659
9.660000,0,RR_2,-0.48981699,-0.25762153,0.08334790
9.680000,0,FL_2,0.09955119,0.11724613,0.08929603
9.680000,0,FR_2,0.08371638,-0.31906417,0.07237164
9.680000,0,RL_2,-0.53799164,0.17186199,0.08011413
9.680000,0,RR_2,-0.49316138,-0.25966713,0.08283545
9.700000,0,FL_2,0.10018872,0.11987055,0.08829967
9.700000,0,FR_2,0.08617987,-0.31532606,0.07292716
9.700000,0,RL_2,-0.53677946,0.16888788,0.07996330
9.700000,0,RR_2,-0.49645826,-0.26168495,0.08239572
9.720000,0,FL_2,0.10073768,0.12274095,0.08724856
9.720000,0,FR_2,0.08841098,-0.31142011,0.07353478
9.720000,0,RL_2,-0.53535688,0.16580434,0.07983632
9.720000,0,RR_2,-0.49973717,-0.26392627,0.08193387
9.740000,0,FL_2,0.10091102,0.12549163,0.08623850
9.740000,0,FR_2,0.09034109,-0.30769235,0.07416345
9.740000,0,RL_2,-0.53370166,0.16307586,0.07968842
9.740000,0,RR_2,-0.50277072,-0.26610422,0.08153465
9.760000,0,FL_2,0.10085683,0.12877299,0.08505819
9.760000,0,FR_2,0.09176742,-0.30365679,0.07480676
9.760000,0,RL_2,-0.53156012,0.16007444,0.07952340
9.760000,0,RR_2,-0.50563210,-0.26875597,0.08101472
9.780000,0,FL_2,0.10031767,0.13156494,0.08402202
9.780000,0,FR_2,0.09303527,-0.30041176,0.07541993
9.780000,0,RL_2,-0.52930343,0.15777765,0.07931046
9.780000,0,RR_2,-0.50807774,-0.27079043,0.08071113
9.800000,0,FL_2,0.09981249,0.13472274,0.08293069
9.800000,0,FR_2,0.09384167,-0.29709706,0.07601434
9.800000,0,RL_2,-0.52689993,0.15520383,0.07916799
9.800000,0,RR_2,-0.51027310,-0.27315491,0.08031810
9.820000,0,FL_2,0.09922574,0.13852577,0.08170681
9.820000,0,FR_2,0.09447737,-0.29331052,0.07671926
9.820000,0,RL_2,-0.52411014,0.15211836,0.07910879
9.820000,0,RR_2,-0.51266891,-0.27601027,0.07987964
9.840000,0,FL_2,0.09831086,0.14161871,0.08069623
9.840000,0,FR_2,0.09532908,-0.29030189,0.07741059
9.840000,0,RL_2,-0.52150381,0.14983125,0.07901926
9.840000,0,RR_2,-0.51491362,-0.27813002,0.07969043
9.860000,0,FL_2,0.09757943,0.14493313,0.07972752
9.860000,0,FR_2,0.09594338,-0.28710690,0.07814885
9.860000,0,RL_2,-0.51901323,0.14730228,0.07906891
9.860000,0,RR_2,-0.51710445,-0.28056633,0.07946412
9.880000,0,FL_2,0.09689903,0.14908007,0.07865809
9.880000,0,FR_2,0.09648741,-0.28310898,0.07911924
9.880000,0,RL_2,-0.51619929,0.14406703,0.07930233
9.880000,0,RR_2,-0.51971811,-0.28375223,0.07921201
9.900000,0,FL_2,0.09583701,0.15198565,0.07785831
9.900000,0,FR_2,0.09747674,-0.28029755,0.07997803
9.900000,0,RL_2,-0.51381856,0.14211236,0.07937449
9.900000,0,RR_2,-0.52211344,-0.28573170,0.07926192
9.920000,0,FL_2,0.09508120,0.15484837,0.07717761
9.920000,0,FR_2,0.09810411,-0.27751392,0.08080942
9.920000,0,RL_2,-0.51179349,0.14005302,0.07958420
9.920000,0,RR_2,-0.52422595,-0.28785893,0.07927296
9.940000,0,FL_2,0.09448419,0.15867101,0.07642888
9.940000,0,FR_2,0.09849801,-0.27387613,0.08189009
9.940000,0,RL_2,-0.50945646,0.13714686,0.08004326
9.940000,0,RR_2,-0.52666295,-0.29087821,0.07925014
9.960000,0,FL_2,0.09365007,0.16318192,0.07563577
9.960000,0,FR_2,0.09904867,-0.26967266,0.08326431
9.960000,0,RL_2,-0.50663924,0.13383746,0.08064509
9.960000,0,RR_2,-0.52962601,-0.29438567,0.07936560
9.980000,0,FL_2,0.09237543,0.16638185,0.07501113
9.980000,0,FR_2,0.10007439,-0.26674145,0.08440789
9.980000,0,RL_2,-0.50421578,0.13186570,0.08094869
9.980000,0,RR_2,-0.53235483,-0.29658452,0.07970926
10.000000,0,FL_2,0.09135386,0.16949897,0.07450646
10.000000,0,FR_2,0.10065132,-0.26388481,0.08549874
10.000000,0,RL_2,-0.50211352,0.12979266,0.08138338
10.000000,0,RR_2,-0.53473371,-0.29887462,0.08001859
10.020000,0,FL_2,0.08983616,0.17340000,0.07390982
10.020000,0,FR_2,0.10026925,-0.26022607,0.08677875
10.020000,0,RL_2,-0.49922377,0.12728642,0.08192937
10.020000,0,RR_2,-0.53682816,-0.30246705,0.08019772
10.040000,0,FL_2,0.08771729,0.17781046,0.07326623
10.040000,0,FR_2,0.09985316,-0.25677523,0.08806811
10.040000,0,RL_2,-0.49570686,0.12463327,0.08253726
10.040000,0,RR_2,-0.53877807,-0.30608192,0.08044684
10.060000,0,FL_2,0.08501523,0.18148878,0.07263738
10.060000,0,FR_2,0.09940950,-0.25422379,0.08905797
10.060000,0,RL_2,-0.49221349,0.12280826,0.08289001
10.060000,0,RR_2,-0.54018253,-0.30893677,0.08068325
10.080000,0,FL_2,0.08244296,0.18554614,0.07212488
10.080000,0,FR_2,0.09873583,-0.25164434,0.09007575
10.080000,0,RL_2,-0.48883596,0.12054016,0.08351345
10.080000,0,RR_2,-0.54136622,-0.31189328,0.08092130
10.100000,0,FL_2,0.07976551,0.18959387,0.07169829
10.100000,0,FR_2,0.09801454,-0.24903774,0.09115536
10.100000,0,RL_2,-0.48549876,0.11837764,0.08416852
10.100000,0,RR_2,-0.54249406,-0.31497765,0.08121054
10.120000,0,FL_2,0.07696030,0.19354746,0.07135016
10.120000,0,FR_2,0.09722263,-0.24649513,0.09225252
10.120000,0,RL_2,-0.48219746,0.11630060,0.08485737
10.120000,0,RR_2,-0.54351008,-0.31810147,0.08153999
10.140000,0,FL_2,0.07402647,0.19701381,0.07104632
10.140000,0,FR_2,0.09642891,-0.24435738,0.09320190
10.140000,0,RL_2,-0.47906601,0.11462992,0.08542231
10.140000,0,RR_2,-0.54427767,-0.32090580,0.08185428
10.160000,0,FL_2,0.07103547,0.20088801,0.07085834
10.160000,0,FR_2,0.09527399,-0.24185842,0.09433597
10.160000,0,RL_2,-0.47577399,0.11255294,0.08623873
10.160000,0,RR_2,-0.54493493,-0.32424545,0.08222483
10.180000,0,FL_2,0.06787845,0.20329694,0.07057604
10.180000,0,FR_2,0.09453651,-0.24074675,0.09483112
10.180000,0,RL_2,-0.47297299,0.11174992,0.08646618
10.180000,0,RR_2,-0.54508388,-0.32620269,0.08240527
10.200000,0,FL_2,0.06480803,0.20557663,0.07034553
10.200000,0,FR_2,0.09293072,-0.23948887,0.09531016
10.200000,0,RL_2,-0.47024617,0.11075214,0.08682694
10.200000,0,RR_2,-0.54450685,-0.32851937,0.08241740
10.220000,0,FL_2,0.06187632,0.20929751,0.07039377
10.220000,0,FR_2,0.09134455,-0.23743124,0.09627257
10.220000,0,RL_2,-0.46713993,0.10858747,0.08784986
10.220000,0,RR_2,-0.54420996,-0.33178201,0.08265191
10.240000,0,FL_2,0.05836289,0.21308644,0.07046901
10.240000,0,FR_2,0.08994487,-0.23520268,0.09741061
10.240000,0,RL_2,-0.46360165,0.10667785,0.08876970
10.240000,0,RR_2,-0.54415804,-0.33529127,0.08306558
10.260000,0,FL_2,0.05446664,0.21689355,0.07060833
10.260000,0,FR_2,0.08870526,-0.23307995,0.09855981
10.260000,0,RL_2,-0.45996580,0.10475646,0.08975659
10.260000,0,RR_2,-0.54423553,-0.33866537,0.08358201
10.280000,0,FL_2,0.05039037,0.21962431,0.07061475
10.280000,0,FR_2,0.08762859,-0.23181885,0.09923288
10.280000,0,RL_2,-0.45672125,0.10371190,0.09027036
10.280000,0,RR_2,-0.54404491,-0.34109625,0.08392236
10.300000,0,FL_2,0.04642202,0.22256565,0.07076703
10.300000,0,FR_2,0.08599661,-0.23028322,0.10005134
10.300000,0,RL_2,-0.45358974,0.10224912,0.09108587
10.300000,0,RR_2,-0.54350835,-0.34392849,0.08426581
10.320000,0,FL_2,0.04249670,0.22607104,0.07115744
10.320000,0,FR_2,0.08450404,-0.22850142,0.10108350
10.320000,0,RL_2,-0.45039010,0.10039959,0.09219696
10.320000,0,RR_2,-0.54309928,-0.34713891,0.08478466
10.340000,0,FL_2,0.03837048,0.22751765,0.07108899
10.340000,0,FR_2,0.08320415,-0.22819726,0.10117196
10.340000,0,RL_2,-0.44756737,0.10023517,0.09222964
10.340000,0,RR_2,-0.54202294,-0.34882531,0.08480090
10.360000,0,FL_2,0.03462476,0.22896408,0.07111137
10.360000,0,FR_2,0.08116066,-0.22775356,0.10129820
10.360000,0,RL_2,-0.44500518,0.09955969,0.09262318
10.360000,0,RR_2,-0.54018712,-0.35065222,0.08462204
10.380000,0,FL_2,0.03083196,0.23188619,0.07159971
10.380000,0,FR_2,0.07893772,-0.22625607,0.10215698
10.380000,0,RL_2,-0.44193766,0.09777877,0.09378815
10.380000,0,RR_2,-0.53843707,-0.35383734,0.08483844
10.400000,0,FL_2,0.02664614,0.23480162,0.07215121
10.400000,0,FR_2,0.07734376,-0.22494452,0.10297094
10.400000,0,RL_2,-0.43863466,0.09626116,0.09481078
10.400000,0,RR_2,-0.53703898,-0.35681424,0.08517998
10.420000,0,FL_2,0.02194657,0.23806641,0.07289113
10.420000,0,FR_2,0.07548650,-0.22309627,0.10419586
10.420000,0,RL_2,-0.43502426,0.09439790,0.09612735
10.420000,0,RR_2,-0.53580463,-0.36035651,0.08580440
10.440000,0,FL_2,0.01713394,0.23970734,0.07318901
10.440000,0,FR_2,0.07427043,-0.22280797,0.10433409
10.440000,0,RL_2,-0.43190110,0.09389520,0.09647386
10.440000,0,RR_2,-0.53444648,-0.36214674,0.08591663
10.460000,0,FL_2,0.01258303,0.24112105,0.07349671
10.460000,0,FR_2,0.07211842,-0.22222857,0.10464282
10.460000,0,RL_2,-0.42908776,0.09313982,0.09702535
10.460000,0,RR_2,-0.53244066,-0.36414087,0.08591330
10.480000,0,FL_2,0.00791217,0.24393192,0.07439142
10.480000,0,FR_2,0.06982172,-0.22078402,0.10563144
10.480000,0,RL_2,-0.42589229,0.09129284,0.09843701
10.480000,0,RR_2,-0.53041941,-0.36745158,0.08639099
10.500000,0,FL_2,0.00285712,0.24521925,0.07480565
10.500000,0,FR_2,0.06797050,-0.22059776,0.10568570
10.500000,0,RL_2,-0.42260554,0.09084712,0.09878221
10.500000,0,RR_2,-0.52811241,-0.36949229,0.08639567
10.520000,0,FL_2,-0.00156597,0.24675356,0.07539994
10.520000,0,FR_2,0.06603687,-0.22020577,0.10590625
10.520000,0,RL_2,-0.41999489,0.08980384,0.09961337
10.520000,0,RR_2,-0.52571929,-0.37122270,0.08629668
10.540000,0,FL_2,-0.00616212,0.24868830,0.07623751
10.540000,0,FR_2,0.06382434,-0.21913223,0.10667783
10.540000,0,RL_2,-0.41701448,0.08852631,0.10065477
10.540000,0,RR_2,-0.52326655,-0.37391287,0.08658382
10.560000,0,FL_2,-0.01100762,0.24889286,0.07644220
10.560000,0,FR_2,0.06179460,-0.21949872,0.10629970
10.560000,0,RL_2,-0.41398305,0.08853796,0.10065700
10.560000,0,RR_2,-0.52028626,-0.37521556,0.08621849
10.580000,0,FL_2,-0.01522773,0.24955824,0.07688129
10.580000,0,FR_2,0.05946724,-0.21947128,0.10623562
10.580000,0,RL_2,-0.41152969,0.08781521,0.10126403
10.580000,0,RR_2,-0.51705045,-0.37649083,0.08580393
10.600000,0,FL_2,-0.01967006,0.25027466,0.07741132
10.600000,0,FR_2,0.05694707,-0.21916756,0.10640030
10.600000,0,RL_2,-0.40866268,0.08715372,0.10183198
10.600000,0,RR_2,-0.51354957,-0.37832510,0.08558598
10.620000,0,FL_2,-0.02428100,0.25071388,0.07789596
10.620000,0,FR_2,0.05453001,-0.21921228,0.10628706
10.620000,0,RL_2,-0.40572008,0.08659127,0.10232574
10.620000,0,RR_2,-0.50985813,-0.37981540,0.08522555
10.640000,0,FL_2,-0.02903470,0.25074625,0.07827964
10.640000,0,FR_2,0.05187556,-0.21939494,0.10605650
10.640000,0,RL_2,-0.40271467,0.08623902,0.10264981
10.640000,0,RR_2,-0.50584096,-0.38104936,0.08472416
10.660000,0,FL_2,-0.03331593,0.25084201,0.07871160
10.660000,0,FR_2,0.04962214,-0.21982917,0.10563026
10.660000,0,RL_2,-0.40023208,0.08583108,0.10302035
10.660000,0,RR_2,-0.50198609,-0.38169593,0.08406241
10.680000,0,FL_2,-0.03747152,0.25054681,0.07901232
10.680000,0,FR_2,0.04708448,-0.22008401,0.10535016
10.680000,0,RL_2,-0.39770687,0.08569835,0.10316209
10.680000,0,RR_2,-0.49797231,-0.38242334,0.08344637
10.700000,0,FL_2,-0.04194294,0.24992105,0.07925817
10.700000,0,FR_2,0.04412067,-0.22041044,0.10500351
10.700000,0,RL_2,-0.39481306,0.08556966,0.10330923
10.700000,0,RR_2,-0.49343574,-0.38333297,0.08284858
10.720000,0,FL_2,-0.04573712,0.24980289,0.07969388
10.720000,0,FR_2,0.04195044,-0.22099480,0.10446321
10.720000,0,RL_2,-0.39262921,0.08515324,0.10369282
10.720000,0,RR_2,-0.48945019,-0.38357502,0.08213481
10.740000,0,FL_2,-0.04925808,0.24942991,0.08002166
10.740000,0,FR_2,0.03970196,-0.22119913,0.10424230
10.740000,0,RL_2,-0.39046776,0.08502749,0.10383289
10.740000,0,RR_2,-0.48569918,-0.38397831,0.08158335
10.760000,0,FL_2,-0.05338202,0.24855506,0.08026241
10.760000,0,FR_2,0.03678581,-0.22133903,0.10406518
10.760000,0,RL_2,-0.38763380,0.08494361,0.10395198
10.760000,0,RR_2,-0.48136649,-0.38486972,0.08118454
10.780000,0,FL_2,-0.05765697,0.24791820,0.08068413
10.780000,0,FR_2,0.03399667,-0.22175218,0.10366571
10.780000,0,RL_2,-0.38484383,0.08455908,0.10432822
10.780000,0,RR_2,-0.47694841,-0.38548726,0.08071041
10.800000,0,FL_2,-0.06223299,0.24718899,0.08117685
10.800000,0,FR_2,0.03096047,-0.22201529,0.10339238
10.800000,0,RL_2,-0.38184288,0.08422890,0.10466734
10.800000,0,RR_2,-0.47228518,-0.38613179,0.08027104
10.820000,0,FL_2,-0.06625593,0.24699099,0.08185251
10.820000,0,FR_2,0.02872451,-0.22250462,0.10294686
10.820000,0,RL_2,-0.37959045,0.08368005,0.10517939
10.820000,0,RR_2,-0.46824655,-0.38619861,0.07972768
10.840000,0,FL_2,-0.07000381,0.24654604,0.08241460
10.840000,0,FR_2,0.02647620,-0.22259602,0.10283683
10.840000,0,RL_2,-0.37738937,0.08343885,0.10543287
10.840000,0,RR_2,-0.46449172,-0.38645613,0.07935189
10.860000,0,FL_2,-0.07428465,0.24555488,0.08290268
10.860000,0,FR_2,0.02357726,-0.22259079,0.10280249
10.860000,0,RL_2,-0.37455094,0.08322565,0.10568105
10.860000,0,RR_2,-0.46016863,-0.38718349,0.07916047
10.880000,0,FL_2,-0.07846311,0.24488951,0.08356351
10.880000,0,FR_2,0.02097010,-0.22290824,0.10250536
10.880000,0,RL_2,-0.37198254,0.08270315,0.10618783
10.880000,0,RR_2,-0.45596439,-0.38753089,0.07886943
10.900000,0,FL_2,-0.08271222,0.24408244,0.08423594
10.900000,0,FR_2,0.01818661,-0.22300640,0.10239416
10.900000,0,RL_2,-0.36927348,0.08229784,0.10660325
10.900000,0,RR_2,-0.45165497,-0.38792419,0.07864203
10.920000,0,FL_2,-0.08701204,0.24328721,0.08498336
10.920000,0,FR_2,0.01543044,-0.22318174,0.10222250
10.920000,0,RL_2,-0.36659411,0.08179027,0.10710818
10.920000,0,RR_2,-0.44726658,-0.38822085,0.07842074
10.940000,0,FL_2,-0.09131762,0.24244747,0.08577229
10.940000,0,FR_2,0.01265799,-0.22328711,0.10211354
10.940000,0,RL_2,-0.36391288,0.08128994,0.10761108
10.940000,0,RR_2,-0.44283837,-0.38847148,0.07823338
10.960000,0,FL_2,-0.09514429,0.24191472,0.08661285
10.960000,0,FR_2,0.01040216,-0.22351228,0.10191110
10.960000,0,RL_2,-0.36174905,0.08072028,0.10816026
10.960000,0,RR_2,-0.43890518,-0.38840577,0.07798715
10.980000,0,FL_2,-0.09872691,0.24044611,0.08703855
10.980000,0,FR_2,0.00786594,-0.22392966,0.10155036
10.980000,0,RL_2,-0.35936728,0.08086520,0.10811605
10.980000,0,RR_2,-0.43488929,-0.38797259,0.07762142
11.000000,0,FL_2,-0.10182244,0.23814966,0.08703190
11.000000,0,FR_2,0.00495425,-0.22497773,0.10067472
11.000000,0,RL_2,-0.35711217,0.08147354,0.10769051
11.000000,0,RR_2,-0.43049836,-0.38668370,0.07692681
11.020000,0,FL_2,-0.10452447,0.23590533,0.08698049
11.020000,0,FR_2,0.00169037,-0.22579101,0.10000663
11.020000,0,RL_2,-0.35500205,0.08192932,0.10740048
11.020000,0,RR_2,-0.42563146,-0.38539112,0.07629634
11.040000,0,FL_2,-0.10660888,0.23366451,0.08678634
11.040000,0,FR_2,-0.00124379,-0.22705495,0.09899465
11.040000,0,RL_2,-0.35319155,0.08259615,0.10693957
11.040000,0,RR_2,-0.42091465,-0.38347414,0.07549588
11.060000,0,FL_2,-0.10858302,0.23114832,0.08650286
11.060000,0,FR_2,-0.00452419,-0.22792144,0.09831949
11.060000,0,RL_2,-0.35116202,0.08335588,0.10643103
11.060000,0,RR_2,-0.41587177,-0.38173768,0.07486377
11.080000,0,FL_2,-0.11016101,0.22888571,0.08622758
11.080000,0,FR_2,-0.00737864,-0.22917940,0.09735941
11.080000,0,RL_2,-0.34950414,0.08405152,0.10597194
11.080000,0,RR_2,-0.41121271,-0.37957922,0.07415736
11.100000,0,FL_2,-0.11171558,0.22628179,0.08587480
11.100000,0,FR_2,-0.01047231,-0.23014061,0.09665143
11.100000,0,RL_2,-0.34760031,0.08499161,0.10535499
11.100000,0,RR_2,-0.40651056,-0.37755299,0.07359444
11.120000,0,FL_2,-0.11352599,0.22351144,0.08560372
11.120000,0,FR_2,-0.01384282,-0.23119046,0.09590177
11.120000,0,RL_2,-0.34546018,0.08585643,0.10483287
11.120000,0,RR_2,-0.40159309,-0.37551954,0.07313097
11.140000,0,FL_2,-0.11500881,0.22113433,0.08539240
11.140000,0,FR_2,-0.01682149,-0.23251870,0.09497085
11.140000,0,RL_2,-0.34379804,0.08666286,0.10434431
11.140000,0,RR_2,-0.39718947,-0.37307149,0.07259139
11.160000,0,FL_2,-0.11655587,0.21830992,0.08512339
11.160000,0,FR_2,-0.02011065,-0.23360030,0.09425190
11.160000,0,RL_2,-0.34181508,0.08780590,0.10365370
11.160000,0,RR_2,-0.39266336,-0.37073562,0.07218811
11.180000,0,FL_2,-0.11767441,0.21592714,0.08487827
11.180000,0,FR_2,-0.02298901,-0.23503038,0.09331074
11.180000,0,RL_2,-0.34041676,0.08879042,0.10305869
11.180000,0,RR_2,-0.38865513,-0.36806142,0.07172924
11.200000,0,FL_2,-0.11869572,0.21314284,0.08454719
11.200000,0,FR_2,-0.02607524,-0.23616202,0.09261200
11.200000,0,RL_2,-0.33874899,0.09013107,0.10225913
11.200000,0,RR_2,-0.38462448,-0.36556995,0.07141036
11.220000,0,FL_2,-0.11998285,0.21008408,0.08429632
11.220000,0,FR_2,-0.02961021,-0.23730709,0.09194693
11.220000,0,RL_2,-0.33673641,0.09140033,0.10157092
11.220000,0,RR_2,-0.38018733,-0.36311197,0.07122543
11.240000,0,FL_2,-0.12055352,0.20779425,0.08402070
11.240000,0,FR_2,-0.03239508,-0.23901939,0.09092453
11.240000,0,RL_2,-0.33564943,0.09252361,0.10092378
11.240000,0,RR_2,-0.37664452,-0.36001506,0.07086672
11.260000,0,FL_2,-0.12082417,0.20506537,0.08360509
11.260000,0,FR_2,-0.03524756,-0.24029452,0.09022410
11.260000,0,RL_2,-0.33438325,0.09414819,0.09999105
11.260000,0,RR_2,-0.37319919,-0.35718066,0.07064347
11.280000,0,FL_2,-0.12179676,0.20155838,0.08334328
11.280000,0,FR_2,-0.03909313,-0.24125730,0.08979136
11.280000,0,RL_2,-0.33214954,0.09578700,0.09918826
11.280000,0,RR_2,-0.36873373,-0.35469791,0.07070748
11.300000,0,FL_2,-0.12213224,0.19916379,0.08310457
11.300000,0,FR_2,-0.04213862,-0.24321786,0.08875899
11.300000,0,RL_2,-0.33106595,0.09699067,0.09856676
11.300000,0,RR_2,-0.36524376,-0.35125539,0.07053410
11.320000,0,FL_2,-0.12198331,0.19653738,0.08272201
11.320000,0,FR_2,-0.04496555,-0.24469113,0.08805296
11.320000,0,RL_2,-0.33004862,0.09875663,0.09762412
11.320000,0,RR_2,-0.36210382,-0.34805030,0.07044519
11.340000,0,FL_2,-0.12247451,0.19302008,0.08249798
11.340000,0,FR_2,-0.04873247,-0.24574055,0.08768174
11.340000,0,RL_2,-0.32803327,0.10068651,0.09674703
11.340000,0,RR_2,-0.35798869,-0.34526354,0.07065494
11.360000,0,FL_2,-0.12236217,0.19051726,0.08224338
11.360000,0,FR_2,-0.05182011,-0.24782015,0.08674254
11.360000,0,RL_2,-0.32710660,0.10220821,0.09600746
11.360000,0,RR_2,-0.35484019,-0.34158093,0.07067048
11.380000,0,FL_2,-0.12184513,0.18779506,0.08189374
11.380000,0,FR_2,-0.05473311,-0.24937545,0.08612843
11.380000,0,RL_2,-0.32620844,0.10422210,0.09502476
11.380000,0,RR_2,-0.35194695,-0.33824190,0.07077798
11.400000,0,FL_2,-0.12162553,0.18452108,0.08166226
11.400000,0,FR_2,-0.05818582,-0.25077972,0.08567861
11.400000,0,RL_2,-0.32474980,0.10638859,0.09408299
11.400000,0,RR_2,-0.34856310,-0.33507949,0.07106967
11.420000,0,FL_2,-0.12049496,0.18222436,0.08125475
11.420000,0,FR_2,-0.06076921,-0.25314566,0.08472858
11.420000,0,RL_2,-0.32455483,0.10834419,0.09311431
11.420000,0,RR_2,-0.34645113,-0.33118969,0.07116140
11.440000,0,FL_2,-0.11895306,0.17948295,0.08077022
11.440000,0,FR_2,-0.06324791,-0.25487584,0.08413421
11.440000,0,RL_2,-0.32427284,0.11090045,0.09190007
11.440000,0,RR_2,-0.34446231,-0.32787165,0.07135120
11.460000,0,FL_2,-0.11807882,0.17581314,0.08055225
11.460000,0,FR_2,-0.06675658,-0.25629640,0.08382842
11.460000,0,RL_2,-0.32292885,0.11368214,0.09080070
11.460000,0,RR_2,-0.34144619,-0.32476056,0.07180990
11.480000,0,FL_2,-0.11674148,0.17312695,0.08026244
11.480000,0,FR_2,-0.06984763,-0.25879091,0.08305971
11.480000,0,RL_2,-0.32256463,0.11599842,0.08981970
11.480000,0,RR_2,-0.33927804,-0.32074159,0.07217281
11.500000,0,FL_2,-0.11527954,0.17018935,0.08001293
11.500000,0,FR_2,-0.07293002,-0.26070556,0.08260937
11.500000,0,RL_2,-0.32208118,0.11870658,0.08873679
11.500000,0,RR_2,-0.33702070,-0.31714010,0.07264543
11.520000,0,FL_2,-0.11392938,0.16697825,0.07988383
11.520000,0,FR_2,-0.07630476,-0.26283243,0.08217131
11.520000,0,RL_2,-0.32138398,0.12158594,0.08768068
11.520000,0,RR_2,-0.33461642,-0.31332850,0.07323847
11.540000,0,FL_2,-0.11233582,0.16400039,0.07974958
11.540000,0,FR_2,-0.07958335,-0.26520348,0.08170060
11.540000,0,RL_2,-0.32103214,0.12447128,0.08662795
11.540000,0,RR_2,-0.33249474,-0.30930135,0.07388100
11.560000,0,FL_2,-0.11041395,0.16125447,0.07958126
11.560000,0,FR_2,-0.08255558,-0.26762220,0.08124800
11.560000,0,RL_2,-0.32106858,0.12741955,0.08554535
11.560000,0,RR_2,-0.33076710,-0.30536357,0.07453638
11.580000,0,FL_2,-0.10814746,0.15853556,0.07939742
11.580000,0,FR_2,-0.08523251,-0.27010292,0.08080488
11.580000,0,RL_2,-0.32139599,0.13057554,0.08440081
11.580000,0,RR_2,-0.32943922,-0.30155578,0.07519102
11.600000,0,FL_2,-0.10560093,0.15579432,0.07922798
11.600000,0,FR_2,-0.08771072,-0.27261713,0.08039190
11.600000,0,RL_2,-0.32194650,0.13392466,0.08322144
11.600000,0,RR_2,-0.32840928,-0.29789105,0.07585443
11.620000,0,FL_2,-0.10290879,0.15308039,0.07910135
11.620000,0,FR_2,-0.09007031,-0.27511722,0.08003311
11.620000,0,RL_2,-0.32265139,0.13736111,0.08206086
11.620000,0,RR_2,-0.32756442,-0.29438737,0.07653730
11.640000,0,FL_2,-0.10019083,0.15040129,0.07904324
11.640000,0,FR_2,-0.09238037,-0.27761763,0.07973290
11.640000,0,RL_2,-0.32343158,0.14083099,0.08095267
11.640000,0,RR_2,-0.32682946,-0.29099196,0.07725456
11.660000,0,FL_2,-0.09752123,0.14775370,0.07906736
11.660000,0,FR_2,-0.09469948,-0.28013921,0.07949531
11.660000,0,RL_2,-0.32423636,0.14431202,0.07991283
11.660000,0,RR_2,-0.32614675,-0.28764337,0.07802317
11.680000,0,FL_2,-0.09493822,0.14514628,0.07917521
11.680000,0,FR_2,-0.09705800,-0.28268358,0.07932693
11.680000,0,RL_2,-0.32504585,0.14778544,0.07894979
11.680000,0,RR_2,-0.32547671,-0.28431237,0.07885513
11.700000,0,FL_2,-0.09244825,0.14258201,0.07936299
11.700000,0,FR_2,-0.09946425,-0.28524968,0.07923178
11.700000,0,RL_2,-0.32585630,0.15124759,0.07806379
11.700000,0,RR_2,-0.32480502,-0.28098753,0.07975537
11.720000,0,FL_2,-0.09003845,0.14005709,0.07962468
11.720000,0,FR_2,-0.10191382,-0.28783557,0.07921171
11.720000,0,RL_2,-0.32667288,0.15470488,0.07725155
11.720000,0,RR_2,-0.32413366,-0.27766991,0.08072314
11.740000,0,FL_2,-0.08768702,0.13756578,0.07995457
11.740000,0,FR_2,-0.10439686,-0.29043904,0.07926709
11.740000,0,RL_2,-0.32750583,0.15816800,0.07650864
11.740000,0,RR_2,-0.32347319,-0.27436742,0.08175454
11.760000,0,FL_2,-0.08537282,0.13510326,0.08034807
11.760000,0,FR_2,-0.10690282,-0.29305708,0.07939802
11.760000,0,RL_2,-0.32836556,0.16164622,0.07583179
11.760000,0,RR_2,-0.32283491,-0.27109054,0.08284369
11.780000,0,FL_2,-0.08307891,0.13266154,0.08080315
11.780000,0,FR_2,-0.10942472,-0.29569200,0.07960410
11.780000,0,RL_2,-0.32926056,0.16515166,0.07521853
11.780000,0,RR_2,-0.32222918,-0.26784399,0.08398648
11.800000,0,FL_2,-0.08079225,0.13023251,0.08131979
11.800000,0,FR_2,-0.11196181,-0.29834905,0.07988632
11.800000,0,RL_2,-0.33019674,0.16869640,0.07466827
11.800000,0,RR_2,-0.32166144,-0.26462594,0.08518135
11.820000,0,FL_2,-0.07833964,0.12792988,0.08183143
11.820000,0,FR_2,-0.11434782,-0.30118290,0.08018944
11.820000,0,RL_2,-0.33139554,0.17223912,0.07414142
11.820000,0,RR_2,-0.32135558,-0.26140448,0.08640014
11.840000,0,FL_2,-0.07531765,0.12593178,0.08221386
11.840000,0,FR_2,-0.11614402,-0.30439705,0.08038969
11.840000,0,RL_2,-0.33335057,0.17574768,0.07354064
11.840000,0,RR_2,-0.32175532,-0.25826579,0.08753638
11.860000,0,FL_2,-0.07253246,0.12350406,0.08286306
11.860000,0,FR_2,-0.11802757,-0.30691397,0.08073682
11.860000,0,RL_2,-0.33500800,0.17965122,0.07306458
11.860000,0,RR_2,-0.32162875,-0.25566730,0.08861023
11.880000,0,FL_2,-0.06945746,0.12154832,0.08334824
11.880000,0,FR_2,-0.11952789,-0.31006414,0.08101540
11.880000,0,RL_2,-0.33723277,0.18327752,0.07257109
11.880000,0,RR_2,-0.32223874,-0.25275990,0.08974721
11.900000,0,FL_2,-0.06562936,0.11973194,0.08375387
11.900000,0,FR_2,-0.12023614,-0.31363654,0.08114222
11.900000,0,RL_2,-0.34040391,0.18701267,0.07198144
11.900000,0,RR_2,-0.32360032,-0.25006703,0.09073777
11.920000,0,FL_2,-0.06249013,0.11749968,0.08448718
11.920000,0,FR_2,-0.12122126,-0.31595924,0.08142492
11.920000,0,RL_2,-0.34294629,0.19103345,0.07161721
11.920000,0,RR_2,-0.32391277,-0.24815449,0.09158272
11.940000,0,FL_2,-0.05945593,0.11561447,0.08512980
11.940000,0,FR_2,-0.12214496,-0.31891647,0.08174789
11.940000,0,RL_2,-0.34558898,0.19472232,0.07131869
11.940000,0,RR_2,-0.32475737,-0.24566674,0.09266312
11.960000,0,FL_2,-0.05531535,0.11408588,0.08556005
11.960000,0,FR_2,-0.12210502,-0.32297748,0.08189838
11.960000,0,RL_2,-0.34957266,0.19827758,0.07086350
11.960000,0,RR_2,-0.32683951,-0.24305181,0.09369494
11.980000,0,FL_2,-0.05192450,0.11216977,0.08630820
11.980000,0,FR_2,-0.12227672,-0.32532102,0.08209330
11.980000,0,RL_2,-0.35295272,0.20205767,0.07063724
11.980000,0,RR_2,-0.32757431,-0.24165240,0.09433129
12.000000,0,FL_2,-0.04893589,0.11045549,0.08703368
12.000000,0,FR_2,-0.12256140,-0.32803693,0.08239172
12.000000,0,RL_2,-0.35604042,0.20556077,0.07052981
12.000000,0,RR_2,-0.32864845,-0.23963884,0.09528113
12.020000,0,FL_2,-0.04497085,0.10894541,0.08763665
12.020000,0,FR_2,-0.12211157,-0.33198848,0.08264399
12.020000,0,RL_2,-0.36021906,0.20896347,0.07032976
12.020000,0,RR_2,-0.33082381,-0.23729360,0.09633140
12.040000,0,FL_2,-0.04187880,0.10716031,0.08849952
12.040000,0,FR_2,-0.12208672,-0.33422542,0.08290361
12.040000,0,RL_2,-0.36368182,0.21248260,0.07035985
12.040000,0,RR_2,-0.33150586,-0.23608671,0.09695163
12.060000,0,FL_2,-0.03917851,0.10552457,0.08934305
12.060000,0,FR_2,-0.12230188,-0.33689773,0.08333583
12.060000,0,RL_2,-0.36675674,0.21576397,0.07050042
12.060000,0,RR_2,-0.33253917,-0.23414519,0.09799134
12.080000,0,FL_2,-0.03548718,0.10413174,0.09003844
12.080000,0,FR_2,-0.12181209,-0.34073916,0.08378515
12.080000,0,RL_2,-0.37091315,0.21881759,0.07053684
12.080000,0,RR_2,-0.33460444,-0.23197643,0.09910993
12.100000,0,FL_2,-0.03207800,0.10279212,0.09075457
12.100000,0,FR_2,-0.12113398,-0.34337705,0.08403849
12.100000,0,RL_2,-0.37507811,0.22169107,0.07062873
12.100000,0,RR_2,-0.33596903,-0.23090172,0.09965594
12.120000,0,FL_2,-0.02865010,0.10145330,0.09150879
12.120000,0,FR_2,-0.12008472,-0.34632382,0.08428016
12.120000,0,RL_2,-0.37936985,0.22451451,0.07078633
12.120000,0,RR_2,-0.33792862,-0.22948065,0.10039461
12.140000,0,FL_2,-0.02502716,0.10029317,0.09217714
12.140000,0,FR_2,-0.11853170,-0.34921539,0.08440217
12.140000,0,RL_2,-0.38407049,0.22711296,0.07093912
12.140000,0,RR_2,-0.34001416,-0.22841384,0.10092039
12.160000,0,FL_2,-0.02188862,0.09891673,0.09303775
12.160000,0,FR_2,-0.11706065,-0.35159376,0.08448178
12.160000,0,RL_2,-0.38838497,0.22985342,0.07126322
12.160000,0,RR_2,-0.34167370,-0.22751474,0.10139298
12.180000,0,FL_2,-0.01864058,0.09790443,0.09367710
12.180000,0,FR_2,-0.11530177,-0.35423255,0.08457467
12.180000,0,RL_2,-0.39289686,0.23214246,0.07153508
12.180000,0,RR_2,-0.34371740,-0.22645833,0.10196517
12.200000,0,FL_2,-0.01576133,0.09650806,0.09462116
12.200000,0,FR_2,-0.11378977,-0.35658956,0.08471786
12.200000,0,RL_2,-0.39702424,0.23471814,0.07200819
12.200000,0,RR_2,-0.34526250,-0.22551872,0.10251637
12.220000,0,FL_2,-0.01288665,0.09579995,0.09509631
12.220000,0,FR_2,-0.11210427,-0.35878670,0.08479945
12.220000,0,RL_2,-0.40122080,0.23645194,0.07229397
12.220000,0,RR_2,-0.34701580,-0.22473873,0.10295655
12.240000,0,FL_2,-0.00963311,0.09440872,0.09608829
12.240000,0,FR_2,-0.11012518,-0.36180165,0.08507374
12.240000,0,RL_2,-0.40571654,0.23871598,0.07281131
12.240000,0,RR_2,-0.34928513,-0.22349615,0.10372468
12.260000,0,FL_2,-0.00676823,0.09398849,0.09638333
12.260000,0,FR_2,-0.10809395,-0.36332953,0.08491946
12.260000,0,RL_2,-0.41009146,0.23991880,0.07305228
12.260000,0,RR_2,-0.35082114,-0.22351353,0.10361928
12.280000,0,FL_2,-0.00384370,0.09326462,0.09691708
12.280000,0,FR_2,-0.10543573,-0.36540759,0.08477899
12.280000,0,RL_2,-0.41449544,0.24107847,0.07333983
12.280000,0,RR_2,-0.35332501,-0.22296923,0.10388717
12.300000,0,FL_2,-0.00074211,0.09122925,0.09848182
12.300000,0,FR_2,-0.10322359,-0.36854926,0.08518140
12.300000,0,RL_2,-0.41892383,0.24397978,0.07433461
12.300000,0,RR_2,-0.35541812,-0.22157973,0.10484850
12.320000,0,FL_2,0.00251339,0.09075543,0.09885669
12.320000,0,FR_2,-0.10098576,-0.37056372,0.08523753
12.320000,0,RL_2,-0.42383263,0.24525659,0.07481334
12.320000,0,RR_2,-0.35714519,-0.22123329,0.10503829
12.340000,0,FL_2,0.00525749,0.08970693,0.09969869
12.340000,0,FR_2,-0.09861881,-0.37242958,0.08523802
12.340000,0,RL_2,-0.42840037,0.24669982,0.07543334
12.340000,0,RR_2,-0.35911417,-0.22072208,0.10535671
12.360000,0,FL_2,0.00829050,0.08879729,0.10044675
12.360000,0,FR_2,-0.09601945,-0.37472862,0.08537695
12.360000,0,RL_2,-0.43319488,0.24805646,0.07610245
12.360000,0,RR_2,-0.36134899,-0.22003596,0.10581879
12.380000,0,FL_2,0.01116912,0.08766546,0.10139215
12.380000,0,FR_2,-0.09345561,-0.37684238,0.08550098
12.380000,0,RL_2,-0.43791890,0.24957052,0.07691763
12.380000,0,RR_2,-0.36333042,-0.21949814,0.10618545
12.400000,0,FL_2,0.01413485,0.08739384,0.10163832
12.400000,0,FR_2,-0.09045394,-0.37831694,0.08528658
12.400000,0,RL_2,-0.44275871,0.24994333,0.07733308
12.400000,0,RR_2,-0.36555293,-0.21952008,0.10609178
12.420000,0,FL_2,0.01674591,0.08683415,0.10212646
12.420000,0,FR_2,-0.08708531,-0.37952179,0.08490089
12.420000,0,RL_2,-0.44724578,0.25032380,0.07779631
12.420000,0,RR_2,-0.36791161,-0.21963395,0.10592251
12.440000,0,FL_2,0.01960011,0.08642749,0.10249469
12.440000,0,FR_2,-0.08324378,-0.38090003,0.08451174
12.440000,0,RL_2,-0.45181724,0.25046605,0.07822454
12.440000,0,RR_2,-0.37059021,-0.21965782,0.10582338
12.460000,0,FL_2,0.02194631,0.08591790,0.10294904
12.460000,0,FR_2,-0.07959709,-0.38162723,0.08394061
12.460000,0,RL_2,-0.45585388,0.25072497,0.07871296
12.460000,0,RR_2,-0.37268817,-0.22001535,0.10546634
12.480000,0,FL_2,0.02431086,0.08573907,0.10312805
12.480000,0,FR_2,-0.07586758,-0.38236484,0.08339740
12.480000,0,RL_2,-0.45969233,0.25054306,0.07903489
12.480000,0,RR_2,-0.37500533,-0.22017519,0.10527146
12.500000,0,FL_2,0.02702818,0.08559486,0.10328577
12.500000,0,FR_2,-0.07164811,-0.38325608,0.08286013
12.500000,0,RL_2,-0.46381691,0.24997686,0.07926702
12.500000,0,RR_2,-0.37773657,-0.22042561,0.10499421
12.520000,0,FL_2,0.02945003,0.08526197,0.10360210
12.520000,0,FR_2,-0.06755629,-0.38374871,0.08223101
12.520000,0,RL_2,-0.46769232,0.24963751,0.07961564
12.520000,0,RR_2,-0.38014504,-0.22088517,0.10455298
12.540000,0,FL_2,0.03206781,0.08508798,0.10379050
12.540000,0,FR_2,-0.06330001,-0.38437578,0.08168082
12.540000,0,RL_2,-0.47169793,0.24906828,0.07992797
12.540000,0,RR_2,-0.38283056,-0.22114179,0.10427923
12.560000,0,FL_2,0.03449977,0.08475935,0.10410990
12.560000,0,FR_2,-0.05917183,-0.38480029,0.08112015
12.560000,0,RL_2,-0.47560599,0.24864456,0.08033636
12.560000,0,RR_2,-0.38527799,-0.22153801,0.10389712
12.580000,0,FL_2,0.03717228,0.08454829,0.10433771
12.580000,0,FR_2,-0.05488702,-0.38540465,0.08066422
12.580000,0,RL_2,-0.47972533,0.24799533,0.08072899
12.580000,0,RR_2,-0.38800785,-0.22174130,0.10367479
12.600000,0,FL_2,0.03959290,0.08415771,0.10471579
12.600000,0,FR_2,-0.05081188,-0.38576508,0.08018838
12.600000,0,RL_2,-0.48370913,0.24755459,0.08123831
12.600000,0,RR_2,-0.39043462,-0.22210865,0.10332437
12.620000,0,FL_2,0.04221689,0.08389993,0.10498923
12.620000,0,FR_2,-0.04663700,-0.38629615,0.07982346
12.620000,0,RL_2,-0.48783481,0.24688944,0.08172686
12.620000,0,RR_2,-0.39310762,-0.22225727,0.10315665
12.640000,0,FL_2,0.04475449,0.08350171,0.10538301
12.640000,0,FR_2,-0.04249984,-0.38670513,0.07946198
12.640000,0,RL_2,-0.49195912,0.24629828,0.08229908
12.640000,0,RR_2,-0.39567068,-0.22253029,0.10288987
12.660000,0,FL_2,0.04749019,0.08315945,0.10573790
12.660000,0,FR_2,-0.03818774,-0.38721278,0.07917546
12.660000,0,RL_2,-0.49625438,0.24553084,0.08288588
12.660000,0,RR_2,-0.39846098,-0.22266588,0.10273916
12.680000,0,FL_2,0.04993825,0.08266879,0.10621481
12.680000,0,FR_2,-0.03407598,-0.38745522,0.07884710
12.680000,0,RL_2,-0.50035620,0.24497342,0.08357435
12.680000,0,RR_2,-0.40095147,-0.22295150,0.10247009
12.700000,0,FL_2,0.05258852,0.08245602,0.10646586
12.700000,0,FR_2,-0.02979635,-0.38767570,0.07854427
12.700000,0,RL_2,-0.50450331,0.24398991,0.08414575
12.700000,0,RR_2,-0.40369377,-0.22315285,0.10227266
12.720000,0,FL_2,0.05492539,0.08249201,0.10650347
12.720000,0,FR_2,-0.02555461,-0.38715121,0.07797158
12.720000,0,RL_2,-0.50823981,0.24267077,0.08452740
12.720000,0,RR_2,-0.40628961,-0.22390106,0.10162549
12.740000,0,FL_2,0.05729784,0.08265068,0.10644576
12.740000,0,FR_2,-0.02096467,-0.38664305,0.07744147
12.740000,0,RL_2,-0.51175261,0.24105796,0.08477901
12.740000,0,RR_2,-0.40927240,-0.22441640,0.10117584
12.760000,0,FL_2,0.05936290,0.08310916,0.10613856
12.760000,0,FR_2,-0.01642241,-0.38535225,0.07664907
12.760000,0,RL_2,-0.51469225,0.23915954,0.08480975
12.760000,0,RR_2,-0.41203767,-0.22554146,0.10023838
12.780000,0,FL_2,0.06144221,0.08325807,0.10609443
12.780000,0,FR_2,-0.01162808,-0.38460574,0.07614665
12.780000,0,RL_2,-0.51747239,0.23749629,0.08493040
12.780000,0,RR_2,-0.41508481,-0.22595690,0.09988679
12.800000,0,FL_2,0.06352876,0.08398756,0.10559062
12.800000,0,FR_2,-0.00700426,-0.38295144,0.07535570
12.800000,0,RL_2,-0.51991761,0.23524047,0.08477205
12.800000,0,RR_2,-0.41788116,-0.22725186,0.09884425
12.820000,0,FL_2,0.06550762,0.08403691,0.10563800
12.820000,0,FR_2,-0.00221186,-0.38212156,0.07496656
12.820000,0,RL_2,-0.52237397,0.23359403,0.08488049
12.820000,0,RR_2,-0.42093742,-0.22753824,0.09861317
12.840000,0,FL_2,0.06766421,0.08453891,0.10534301
12.840000,0,FR_2,0.00225338,-0.38070288,0.07442167
12.840000,0,RL_2,-0.52481747,0.23157290,0.08488637
12.840000,0,RR_2,-0.42367145,-0.22857039,0.09780903
12.860000,0,FL_2,0.06985846,0.08552163,0.10469343
12.860000,0,FR_2,0.00693324,-0.37871617,0.07374512
12.860000,0,RL_2,-0.52707785,0.22880320,0.08462914
12.860000,0,RR_2,-0.42687517,-0.22976917,0.09689890
12.880000,0,FL_2,0.07165596,0.08605319,0.10438818
12.880000,0,FR_2,0.01158596,-0.37689388,0.07321537
12.880000,0,RL_2,-0.52910560,0.22663015,0.08454667
12.880000,0,RR_2,-0.42999259,-0.23073868,0.09618555
12.900000,0,FL_2,0.07366121,0.08733120,0.10355271
12.900000,0,FR_2,0.01619387,-0.37441880,0.07254871
12.900000,0,RL_2,-0.53087252,0.22371873,0.08420335
12.900000,0,RR_2,-0.43319353,-0.23223147,0.09511130
12.920000,0,FL_2,0.07519071,0.08751740,0.10351438
12.920000,0,FR_2,0.02071702,-0.37294236,0.07229501
12.920000,0,RL_2,-0.53260654,0.22204377,0.08425494
12.920000,0,RR_2,-0.43620232,-0.23269321,0.09480974
12.940000,0,FL_2,0.07724130,0.08817056,0.10317852
12.940000,0,FR_2,0.02488910,-0.37133634,0.07204647
12.940000,0,RL_2,-0.53456050,0.21993946,0.08428232
12.940000,0,RR_2,-0.43898556,-0.23354292,0.09424035
12.960000,0,FL_2,0.07940264,0.08988874,0.10211666
12.960000,0,FR_2,0.02914509,-0.36828145,0.07144035
12.960000,0,RL_2,-0.53612411,0.21642213,0.08386478
12.960000,0,RR_2,-0.44230509,-0.23540987,0.09299393
12.980000,0,FL_2,0.08071738,0.09021482,0.10199317
12.980000,0,FR_2,0.03342338,-0.36642987,0.07127390
12.980000,0,RL_2,-0.53750557,0.21461944,0.08386636
12.980000,0,RR_2,-0.44541395,-0.23595603,0.09268670
13.000000,0,FL_2,0.08255327,0.09089198,0.10167834
13.000000,0,FR_2,0.03732666,-0.36470413,0.07117197
13.000000,0,RL_2,-0.53909630,0.21261993,0.08391368
13.000000,0,RR_2,-0.44817221,-0.23675331,0.09221731
13.020000,0,FL_2,0.08462373,0.09265748,0.10067451
13.020000,0,FR_2,0.04126364,-0.36160749,0.07078665
13.020000,0,RL_2,-0.54033214,0.20919015,0.08358166
13.020000,0,RR_2,-0.45145121,-0.23854710,0.09113102
13.040000,0,FL_2,0.08603829,0.09406962,0.09988575
13.040000,0,FR_2,0.04531686,-0.35850194,0.07051168
13.040000,0,RL_2,-0.54105473,0.20627652,0.08325548
13.040000,0,RR_2,-0.45485419,-0.24002397,0.09030294
13.060000,0,FL_2,0.08749297,0.09601948,0.09879471
13.060000,0,FR_2,0.04930204,-0.35498184,0.07024214
13.060000,0,RL_2,-0.54133219,0.20299949,0.08278582
13.060000,0,RR_2,-0.45828709,-0.24187391,0.08929236
13.080000,0,FL_2,0.08863691,0.09744283,0.09803857
13.080000,0,FR_2,0.05329236,-0.35200402,0.07018624
13.080000,0,RL_2,-0.54145551,0.20035547,0.08242744
13.080000,0,RR_2,-0.46159679,-0.24312606,0.08868815
13.100000,0,FL_2,0.09012802,0.09928805,0.09709898
13.100000,0,FR_2,0.05709539,-0.34877008,0.07015026
13.100000,0,RL_2,-0.54156041,0.19726720,0.08205535
13.100000,0,RR_2,-0.46489573,-0.24473804,0.08791249
13.120000,0,FL_2,0.09148979,0.10088718,0.09632900
13.120000,0,FR_2,0.06084355,-0.34566310,0.07021894
13.120000,0,RL_2,-0.54167473,0.19440965,0.08177239
13.120000,0,RR_2,-0.46822631,-0.24613184,0.08730958
13.140000,0,FL_2,0.09298030,0.10299330,0.09532732
13.140000,0,FR_2,0.06438257,-0.34202820,0.07027447
13.140000,0,RL_2,-0.54163063,0.19110087,0.08145811
13.140000,0,RR_2,-0.47166047,-0.24803075,0.08648270
13.160000,0,FL_2,0.09404196,0.10438237,0.09470586
13.160000,0,FR_2,0.06782774,-0.33910304,0.07049357
13.160000,0,RL_2,-0.54163361,0.18869442,0.08128504
13.160000,0,RR_2,-0.47486284,-0.24921745,0.08607320
13.180000,0,FL_2,0.09539543,0.10617904,0.09393383
13.180000,0,FR_2,0.07093765,-0.33601519,0.07071377
13.180000,0,RL_2,-0.54167926,0.18593411,0.08114526
13.180000,0,RR_2,-0.47795314,-0.25074771,0.08551518
13.200000,0,FL_2,0.09673054,0.10864469,0.09286073
13.200000,0,FR_2,0.07392547,-0.33214977,0.07093245
13.200000,0,RL_2,-0.54132974,0.18250096,0.08092170
13.200000,0,RR_2,-0.48137647,-0.25285661,0.08474682
13.220000,0,FL_2,0.09750146,0.11061613,0.09200362
13.220000,0,FR_2,0.07683641,-0.32873616,0.07126123
13.220000,0,RL_2,-0.54073894,0.17983966,0.08071115
13.220000,0,RR_2,-0.48461953,-0.25449362,0.08425422
13.240000,0,FL_2,0.09844023,0.11308369,0.09097797
13.240000,0,FR_2,0.07953769,-0.32510811,0.07162765
13.240000,0,RL_2,-0.53993958,0.17677405,0.08049709
13.240000,0,RR_2,-0.48785794,-0.25643584,0.08367377
13.260000,0,FL_2,0.09925687,0.11573686,0.08990625
13.260000,0,FR_2,0.08220351,-0.32127109,0.07207470
13.260000,0,RL_2,-0.53887391,0.17357942,0.08028190
13.260000,0,RR_2,-0.49124935,-0.25849804,0.08312008
13.280000,0,FL_2,0.09989586,0.11845349,0.08883918
13.280000,0,FR_2,0.08473891,-0.31738287,0.07259375
13.280000,0,RL_2,-0.53758264,0.17047839,0.08007662
13.280000,0,RR_2,-0.49462438,-0.26062331,0.08260715
13.300000,0,FL_2,0.10044458,0.12124361,0.08778765
13.300000,0,FR_2,0.08716561,-0.31352991,0.07318681
13.300000,0,RL_2,-0.53615445,0.16742022,0.07990700
13.300000,0,RR_2,-0.49797711,-0.26273763,0.08216690
13.320000,0,FL_2,0.10081015,0.12411803,0.08673338
13.320000,0,FR_2,0.08931652,-0.30962268,0.07382217
13.320000,0,RL_2,-0.53453481,0.16444561,0.07975525
13.320000,0,RR_2,-0.50120807,-0.26499552,0.08172696
13.340000,0,FL_2,0.10084730,0.12704831,0.08566240
13.340000,0,FR_2,0.09106789,-0.30578277,0.07446581
13.340000,0,RL_2,-0.53263205,0.16165936,0.07958592
13.340000,0,RR_2,-0.50416625,-0.26733515,0.08129249
13.360000,0,FL_2,0.10060257,0.13020521,0.08452441
13.360000,0,FR_2,0.09240145,-0.30199054,0.07511020
13.360000,0,RL_2,-0.53039074,0.15887974,0.07940646
13.360000,0,RR_2,-0.50686365,-0.26981169,0.08084497
13.380000,0,FL_2,0.10008138,0.13337108,0.08339959
13.380000,0,FR_2,0.09346495,-0.29849380,0.07574831
13.380000,0,RL_2,-0.52794528,0.15627106,0.07922959
13.380000,0,RR_2,-0.50930512,-0.27217251,0.08046521
13.400000,0,FL_2,0.09947670,0.13689794,0.08221909
13.400000,0,FR_2,0.09425671,-0.29488105,0.07642465
13.400000,0,RL_2,-0.52527255,0.15342596,0.07911755
13.400000,0,RR_2,-0.51168764,-0.27479586,0.08006222
13.420000,0,FL_2,0.09865537,0.14003485,0.08118272
13.420000,0,FR_2,0.09506622,-0.29179296,0.07709245
13.420000,0,RL_2,-0.52269763,0.15104859,0.07901910
13.420000,0,RR_2,-0.51390237,-0.27699172,0.07981951
13.440000,0,FL_2,0.09796233,0.14354195,0.08014035
13.440000,0,FR_2,0.09564985,-0.28841001,0.07783183
13.440000,0,RL_2,-0.52010441,0.14832410,0.07905722
13.440000,0,RR_2,-0.51614773,-0.27958956,0.07953313
13.460000,0,FL_2,0.09716894,0.14704123,0.07915786
13.460000,0,FR_2,0.09631887,-0.28504732,0.07865455
13.460000,0,RL_2,-0.51751244,0.14568238,0.07915520
13.460000,0,RR_2,-0.51851004,-0.28215346,0.07934572
13.480000,0,FL_2,0.09638573,0.15086445,0.07818811
13.480000,0,FR_2,0.09696086,-0.28136730,0.07961889
13.480000,0,RL_2,-0.51484156,0.14279242,0.07937884
13.480000,0,RR_2,-0.52106923,-0.28503510,0.07919841
13.500000,0,FL_2,0.09541968,0.15410034,0.07737842
13.500000,0,FR_2,0.09781355,-0.27825248,0.08056041
13.500000,0,RL_2,-0.51241404,0.14052646,0.07955852
13.500000,0,RR_2,-0.52354658,-0.28735730,0.07922816
13.520000,0,FL_2,0.09461926,0.15759468,0.07662404
13.520000,0,FR_2,0.09843321,-0.27490118,0.08158550
13.520000,0,RL_2,-0.51006579,0.13797881,0.07989354
13.520000,0,RR_2,-0.52600837,-0.29000714,0.07925807
13.540000,0,FL_2,0.09380221,0.16173334,0.07585369
13.540000,0,FR_2,0.09899042,-0.27101040,0.08283598
13.540000,0,RL_2,-0.50744236,0.13494565,0.08040920
13.540000,0,RR_2,-0.52878404,-0.29320696,0.07934803
13.560000,0,FL_2,0.09267921,0.16477378,0.07524972
13.560000,0,FR_2,0.09989175,-0.26820239,0.08389110
13.560000,0,RL_2,-0.50519967,0.13301679,0.08070122
13.560000,0,RR_2,-0.53130645,-0.29533309,0.07962492
13.580000,0,FL_2,0.09181178,0.16786233,0.07474832
13.580000,0,FR_2,0.10039926,-0.26536262,0.08493613
13.580000,0,RL_2,-0.50319868,0.13089541,0.08114133
13.580000,0,RR_2,-0.53357148,-0.29763708,0.07987410
13.600000,0,FL_2,0.09077390,0.17184952,0.07420327
13.600000,0,FR_2,0.10041067,-0.26171848,0.08624207
13.600000,0,RL_2,-0.50063729,0.12813759,0.08179296
13.600000,0,RR_2,-0.53593689,-0.30098274,0.08010375
13.620000,0,FL_2,0.08881028,0.17564377,0.07357797
13.620000,0,FR_2,0.10013560,-0.25841096,0.08746023
13.620000,0,RL_2,-0.49746072,0.12594911,0.08222487
13.620000,0,RR_2,-0.53791720,-0.30433121,0.08033465
13.640000,0,FL_2,0.08648872,0.18002032,0.07295576
13.640000,0,FR_2,0.09963273,-0.25514460,0.08870515
13.640000,0,RL_2,-0.49387214,0.12336654,0.08284359
13.640000,0,RR_2,-0.53969264,-0.30781183,0.08059958
13.660000,0,FL_2,0.08373149,0.18310405,0.07237048
13.660000,0,FR_2,0.09932882,-0.25325480,0.08946165
13.660000,0,RL_2,-0.49069116,0.12204991,0.08304702
13.660000,0,RR_2,-0.54081047,-0.31000924,0.08081695
13.680000,0,FL_2,0.08121982,0.18617772,0.07189818
13.680000,0,FR_2,0.09844263,-0.25142345,0.09012841
13.680000,0,RL_2,-0.48782319,0.12049392,0.08342996
13.680000,0,RR_2,-0.54133743,-0.31232837,0.08090460
13.700000,0,FL_2,0.07882961,0.19032063,0.07154796
13.700000,0,FR_2,0.09732021,-0.24876086,0.09117991
13.700000,0,RL_2,-0.48464653,0.11806448,0.08423470
13.700000,0,RR_2,-0.54205859,-0.31564113,0.08108605
13.720000,0,FL_2,0.07603265,0.19450784,0.07123639
13.720000,0,FR_2,0.09641804,-0.24604394,0.09235664
13.720000,0,RL_2,-0.48119652,0.11582530,0.08500350
13.720000,0,RR_2,-0.54298115,-0.31906396,0.08140685
13.740000,0,FL_2,0.07289141,0.19861054,0.07097334
13.740000,0,FR_2,0.09552779,-0.24338657,0.09357212
13.740000,0,RL_2,-0.47762844,0.11370401,0.08578019
13.740000,0,RR_2,-0.54392678,-0.32246396,0.08181839
13.760000,0,FL_2,0.06958929,0.20203403,0.07072686
13.760000,0,FR_2,0.09478053,-0.24138555,0.09452084
13.760000,0,RL_2,-0.47434160,0.11214220,0.08635226
13.760000,0,RR_2,-0.54465032,-0.32521567,0.08220080
13.780000,0,FL_2,0.06627595,0.20572317,0.07060215
13.780000,0,FR_2,0.09355600,-0.23908633,0.09561257
13.780000,0,RL_2,-0.47102377,0.11024195,0.08715688
13.780000,0,RR_2,-0.54515350,-0.32844403,0.08261213
13.800000,0,FL_2,0.06293257,0.20872179,0.07047394
13.800000,0,FR_2,0.09262966,-0.23758003,0.09634362
13.800000,0,RL_2,-0.46801376,0.10894971,0.08769442
13.800000,0,RR_2,-0.54538316,-0.33092818,0.08292875
13.820000,0,FL_2,0.05949517,0.21183053,0.07042667
13.820000,0,FR_2,0.09103569,-0.23573682,0.09721988
13.820000,0,RL_2,-0.46487370,0.10742033,0.08839902
13.820000,0,RR_2,-0.54518569,-0.33396035,0.08321961
13.840000,0,FL_2,0.05607078,0.21571408,0.07060860
13.840000,0,FR_2,0.08970105,-0.23364483,0.09832153
13.840000,0,RL_2,-0.46157545,0.10530084,0.08949689
13.840000,0,RR_2,-0.54520041,-0.33730650,0.08368574
13.860000,0,FL_2,0.05227168,0.21735923,0.07039942
13.860000,0,FR_2,0.08860501,-0.23313944,0.09851237
13.860000,0,RL_2,-0.45872095,0.10511165,0.08948532
13.860000,0,RR_2,-0.54451299,-0.33900762,0.08372593
13.880000,0,FL_2,0.04883510,0.21891810,0.07026789
13.880000,0,FR_2,0.08675055,-0.23263673,0.09862985
13.880000,0,RL_2,-0.45618546,0.10446909,0.08977759
13.880000,0,RR_2,-0.54301721,-0.34075376,0.08353148
13.900000,0,FL_2,0.04549634,0.22197908,0.07052239
13.900000,0,FR_2,0.08471261,-0.23107025,0.09941988
13.900000,0,RL_2,-0.45322445,0.10267642,0.09079901
13.900000,0,RR_2,-0.54168719,-0.34379935,0.08365130
13.920000,0,FL_2,0.04162966,0.22638617,0.07114127
13.920000,0,FR_2,0.08298951,-0.22852145,0.10093523
13.920000,0,RL_2,-0.44954202,0.10010657,0.09236858
13.920000,0,RR_2,-0.54109550,-0.34797260,0.08430935
13.940000,0,FL_2,0.03708309,0.22888133,0.07132353
13.940000,0,FR_2,0.08198916,-0.22751226,0.10153219
13.940000,0,RL_2,-0.44606173,0.09929866,0.09282505
13.940000,0,RR_2,-0.54049289,-0.35043141,0.08466956
13.960000,0,FL_2,0.03261804,0.23102349,0.07150351
13.960000,0,FR_2,0.08023377,-0.22651914,0.10207386
13.960000,0,RL_2,-0.44294244,0.09829549,0.09344721
13.960000,0,RR_2,-0.53935266,-0.35277718,0.08486677
13.980000,0,FL_2,0.02830618,0.23449078,0.07217869
13.980000,0,FR_2,0.07843641,-0.22475460,0.10318594
13.980000,0,RL_2,-0.43973154,0.09625719,0.09483013
13.980000,0,RR_2,-0.53843039,-0.35611501,0.08543925
14.000000,0,FL_2,0.02367467,0.23615427,0.07237419
14.000000,0,FR_2,0.07696121,-0.22431436,0.10339952
14.000000,0,RL_2,-0.43664029,0.09585677,0.09507574
14.000000,0,RR_2,-0.53709656,-0.35816827,0.08557969
14.020000,0,FL_2,0.01945258,0.23778661,0.07265642
14.020000,0,FR_2,0.07497776,-0.22378902,0.10365056
14.020000,0,RL_2,-0.43394056,0.09497578,0.09568900
14.020000,0,RR_2,-0.53522331,-0.36013266,0.08555000
14.040000,0,FL_2,0.01491706,0.24060474,0.07340331
14.040000,0,FR_2,0.07254855,-0.22220458,0.10468579
14.040000,0,RL_2,-0.43061480,0.09320740,0.09698332
14.040000,0,RR_2,-0.53322130,-0.36360183,0.08598690
14.060000,0,FL_2,0.01039763,0.24219589,0.07381292
14.060000,0,FR_2,0.07119498,-0.22207898,0.10470439
14.060000,0,RL_2,-0.42765194,0.09259100,0.09743731
14.060000,0,RR_2,-0.53131169,-0.36533684,0.08595069
14.080000,0,FL_2,0.00596780,0.24351746,0.07419806
14.080000,0,FR_2,0.06894021,-0.22144301,0.10507295
14.080000,0,RL_2,-0.42480013,0.09180587,0.09803435
14.080000,0,RR_2,-0.52889442,-0.36738616,0.08589239
14.100000,0,FL_2,0.00132076,0.24629773,0.07521793
14.100000,0,FR_2,0.06673948,-0.21997105,0.10612525
14.100000,0,RL_2,-0.42158961,0.08986515,0.09956302
14.100000,0,RR_2,-0.52665865,-0.37067729,0.08638110
14.120000,0,FL_2,-0.00397221,0.24745089,0.07569906
14.120000,0,FR_2,0.06475703,-0.21968533,0.10626765
14.120000,0,RL_2,-0.41808644,0.08940928,0.09993431
14.120000,0,RR_2,-0.52413058,-0.37285936,0.08643506
14.140000,0,FL_2,-0.00843016,0.24909770,0.07645573
14.140000,0,FR_2,0.06306271,-0.21933365,0.10648349
14.140000,0,RL_2,-0.41558355,0.08820751,0.10092114
14.140000,0,RR_2,-0.52183491,-0.37444699,0.08636796
14.160000,0,FL_2,-0.01264614,0.25055721,0.07720375
14.160000,0,FR_2,0.06130806,-0.21864240,0.10698485
14.160000,0,RL_2,-0.41310230,0.08733637,0.10165277
14.160000,0,RR_2,-0.51968533,-0.37636906,0.08650759
14.180000,0,FL_2,-0.01747609,0.25103250,0.07762119
14.180000,0,FR_2,0.05882308,-0.21830739,0.10717864
14.180000,0,RL_2,-0.41000354,0.08692119,0.10201700
14.180000,0,RR_2,-0.51669818,-0.37844834,0.08651067
14.200000,0,FL_2,-0.02219624,0.25130996,0.07801552
14.200000,0,FR_2,0.05641783,-0.21858007,0.10687397
14.200000,0,RL_2,-0.40711609,0.08644412,0.10243803
14.200000,0,RR_2,-0.51326394,-0.37980729,0.08613192
14.220000,0,FL_2,-0.02691809,0.25117594,0.07829508
14.220000,0,FR_2,0.05360685,-0.21891379,0.10651000
14.220000,0,RL_2,-0.40417671,0.08622292,0.10264942
14.220000,0,RR_2,-0.50920302,-0.38094062,0.08553491
14.240000,0,FL_2,-0.03121471,0.25110871,0.07863065
14.240000,0,FR_2,0.05110697,-0.21948276,0.10596135
14.240000,0,RL_2,-0.40163997,0.08590344,0.10294390
14.240000,0,RR_2,-0.50500077,-0.38156301,0.08473610
14.260000,0,FL_2,-0.03542013,0.25072554,0.07887192
14.260000,0,FR_2,0.04836371,-0.21985669,0.10557386
14.260000,0,RL_2,-0.39902106,0.08579881,0.10306145
14.260000,0,RR_2,-0.50052291,-0.38224876,0.08395597
14.280000,0,FL_2,-0.03966389,0.25024110,0.07912579
14.280000,0,FR_2,0.04557595,-0.22030254,0.10512916
14.280000,0,RL_2,-0.39632028,0.08561876,0.10324721
14.280000,0,RR_2,-0.49583504,-0.38290879,0.08318132
14.300000,0,FL_2,-0.04386579,0.24976584,0.07943192
14.300000,0,FR_2,0.04283990,-0.22072545,0.10470919
14.300000,0,RL_2,-0.39364037,0.08539441,0.10347402
14.300000,0,RR_2,-0.49117568,-0.38347763,0.08244097
14.320000,0,FL_2,-0.04802104,0.24930173,0.07978914
14.320000,0,FR_2,0.04018454,-0.22110751,0.10432947
14.320000,0,RL_2,-0.39101085,0.08514015,0.10372893
14.320000,0,RR_2,-0.48665419,-0.38398856,0.08176851
14.340000,0,FL_2,-0.05224432,0.24875817,0.08017403
14.340000,0,FR_2,0.03747487,-0.22141631,0.10401399
14.340000,0,RL_2,-0.38831967,0.08489383,0.10398190
14.340000,0,RR_2,-0.48219773,-0.38455519,0.08119406
14.360000,0,FL_2,-0.05625467,0.24836190,0.08064117
14.360000,0,FR_2,0.03505020,-0.22177362,0.10366726
14.360000,0,RL_2,-0.38588178,0.08455433,0.10431259
14.360000,0,RR_2,-0.47808945,-0.38494828,0.08066188
14.380000,0,FL_2,-0.06045206,0.24768975,0.08107072
14.380000,0,FR_2,0.03232059,-0.22193329,0.10348418
14.380000,0,RL_2,-0.38318491,0.08433969,0.10454616
14.380000,0,RR_2,-0.47388497,-0.38558516,0.08027183
14.400000,0,FL_2,-0.06434132,0.24730144,0.08161774
14.400000,0,FR_2,0.03002881,-0.22230053,0.10313821
14.400000,0,RL_2,-0.38088155,0.08391985,0.10494865
14.400000,0,RR_2,-0.47006029,-0.38590604,0.07985073
14.420000,0,FL_2,-0.06822763,0.24667305,0.08210679
14.420000,0,FR_2,0.02753618,-0.22240722,0.10301025
14.420000,0,RL_2,-0.37843353,0.08367801,0.10520678
14.420000,0,RR_2,-0.46624148,-0.38640785,0.07955307
14.440000,0,FL_2,-0.07276835,0.24562187,0.08260216
14.440000,0,FR_2,0.02439181,-0.22248006,0.10290579
14.440000,0,RL_2,-0.37534919,0.08339882,0.10551524
14.440000,0,RR_2,-0.46172130,-0.38724002,0.07936284
14.460000,0,FL_2,-0.07616972,0.24567211,0.08337242
14.460000,0,FR_2,0.02272449,-0.22310796,0.10235924
14.460000,0,RL_2,-0.37367827,0.08269049,0.10615540
14.460000,0,RR_2,-0.45839414,-0.38697252,0.07887386
14.480000,0,FL_2,-0.07873317,0.24551760,0.08389492
14.480000,0,FR_2,0.02133963,-0.22310360,0.10234623
14.480000,0,RL_2,-0.37234455,0.08252822,0.10632657
14.480000,0,RR_2,-0.45584938,-0.38689286,0.07857776
14.500000,0,FL_2,-0.08176516,0.24454902,0.08420286
14.500000,0,FR_2,0.01914922,-0.22289142,0.10250011
14.500000,0,RL_2,-0.37020943,0.08248897,0.10641611
14.500000,0,RR_2,-0.45271900,-0.38755494,0.07857273
14.520000,0,FL_2,-0.08582197,0.24313194,0.08461299
14.520000,0,FR_2,0.01601315,-0.22282296,0.10252881
14.520000,0,RL_2,-0.36714453,0.08218816,0.10675642
14.520000,0,RR_2,-0.44848305,-0.38852021,0.07864638
14.540000,0,FL_2,-0.09102669,0.24161112,0.08534592
14.540000,0,FR_2,0.01212693,-0.22293219,0.10240854
14.540000,0,RL_2,-0.36336944,0.08155358,0.10740559
14.540000,0,RR_2,-0.44305211,-0.38936505,0.07864758
14.560000,0,FL_2,-0.09525290,0.24138580,0.08642273
14.560000,0,FR_2,0.00982380,-0.22377166,0.10169138
14.560000,0,RL_2,-0.36121476,0.08062726,0.10825600
14.560000,0,RR_2,-0.43870780,-0.38868663,0.07810220
14.580000,0,FL_2,-0.09816241,0.23980710,0.08661146
14.580000,0,FR_2,0.00782344,-0.22494602,0.10071152
14.580000,0,RL_2,-0.35954979,0.08141091,0.10765295
14.580000,0,RR_2,-0.43499914,-0.38677397,0.07710558
14.600000,0,FL_2,-0.10075411,0.23739862,0.08641607
14.600000,0,FR_2,0.00477374,-0.22559085,0.10017478
14.600000,0,RL_2,-0.35765010,0.08225955,0.10702288
14.600000,0,RR_2,-0.43035585,-0.38543999,0.07639824
14.620000,0,FL_2,-0.10380372,0.23448974,0.08622681
14.620000,0,FR_2,0.00086506,-0.22635926,0.09954856
14.620000,0,RL_2,-0.35490051,0.08294880,0.10657899
14.620000,0,RR_2,-0.42457807,-0.38438633,0.07587264
14.640000,0,FL_2,-0.10596095,0.23269622,0.08623347
14.640000,0,FR_2,-0.00201252,-0.22773355,0.09846073
14.640000,0,RL_2,-0.35325426,0.08315674,0.10648774
14.640000,0,RR_2,-0.41960326,-0.38236141,0.07506167
14.660000,0,FL_2,-0.10745148,0.23053513,0.08593568
14.660000,0,FR_2,-0.00464066,-0.22883879,0.09760872
14.660000,0,RL_2,-0.35169277,0.08405577,0.10585362
14.660000,0,RR_2,-0.41518676,-0.38016793,0.07427846
14.680000,0,FL_2,-0.10934000,0.22766294,0.08556581
14.680000,0,FR_2,-0.00804374,-0.22962523,0.09702367
14.680000,0,RL_2,-0.34945309,0.08501475,0.10523058
14.680000,0,RR_2,-0.41014493,-0.37847251,0.07378584
14.700000,0,FL_2,-0.11186298,0.22466210,0.08541872
14.700000,0,FR_2,-0.01197587,-0.23053502,0.09636913
14.700000,0,RL_2,-0.34671983,0.08568460,0.10488266
14.700000,0,RR_2,-0.40452459,-0.37680677,0.07342224
14.720000,0,FL_2,-0.11332813,0.22287512,0.08535205
14.720000,0,FR_2,-0.01453554,-0.23224862,0.09513540
14.720000,0,RL_2,-0.34547600,0.08617315,0.10459537
14.720000,0,RR_2,-0.40037319,-0.37400535,0.07269393
14.740000,0,FL_2,-0.11395419,0.22061278,0.08490764
14.740000,0,FR_2,-0.01681270,-0.23353210,0.09424527
14.740000,0,RL_2,-0.34444737,0.08753821,0.10365876
14.740000,0,RR_2,-0.39696053,-0.37128246,0.07203995
14.760000,0,FL_2,-0.11501558,0.21757771,0.08443742
14.760000,0,FR_2,-0.01998677,-0.23432469,0.09374002
14.760000,0,RL_2,-0.34262511,0.08892982,0.10279035
14.760000,0,RR_2,-0.39279553,-0.36934668,0.07175766
14.780000,0,FL_2,-0.11714230,0.21409295,0.08426481
14.780000,0,FR_2,-0.02421425,-0.23511989,0.09327669
14.780000,0,RL_2,-0.33977440,0.08998374,0.10227570
14.780000,0,RR_2,-0.38748771,-0.36760789,0.07170506
14.800000,0,FL_2,-0.11860548,0.21182580,0.08422267
14.800000,0,FR_2,-0.02743232,-0.23699835,0.09208795
14.800000,0,RL_2,-0.33819333,0.09065939,0.10194425
14.800000,0,RR_2,-0.38322073,-0.36453474,0.07127374
14.820000,0,FL_2,-0.11937168,0.20931332,0.08393970
14.820000,0,FR_2,-0.03032875,-0.23845170,0.09122068
14.820000,0,RL_2,-0.33686855,0.09206637,0.10111335
14.820000,0,RR_2,-0.37947807,-0.36141637,0.07087825
14.840000,0,FL_2,-0.12055930,0.20605120,0.08369564
14.840000,0,FR_2,-0.03400044,-0.23940361,0.09073758
14.840000,0,RL_2,-0.33478490,0.09359471,0.10030766
14.840000,0,RR_2,-0.37492514,-0.35887995,0.07080951
14.860000,0,FL_2,-0.12093887,0.20386468,0.08343669
14.860000,0,FR_2,-0.03671797,-0.24122788,0.08970563
14.860000,0,RL_2,-0.33388421,0.09472719,0.09967212
14.860000,0,RR_2,-0.37148821,-0.35562190,0.07052991
14.880000,0,FL_2,-0.12073606,0.20131835,0.08296928
14.880000,0,FR_2,-0.03923619,-0.24260703,0.08898051
14.880000,0,RL_2,-0.33299425,0.09648472,0.09866555
14.880000,0,RR_2,-0.36850706,-0.35263696,0.07033253
14.900000,0,FL_2,-0.12114359,0.19783689,0.08261766
14.900000,0,FR_2,-0.04277071,-0.24360076,0.08856640
14.900000,0,RL_2,-0.33108097,0.09837859,0.09772900
14.900000,0,RR_2,-0.36456111,-0.35010764,0.07042803
14.920000,0,FL_2,-0.12116854,0.19520244,0.08231550
14.920000,0,FR_2,-0.04587574,-0.24547724,0.08765720
14.920000,0,RL_2,-0.32996979,0.09983191,0.09700323
14.920000,0,RR_2,-0.36126199,-0.34678286,0.07037185
14.940000,0,FL_2,-0.12101576,0.19233212,0.08198313
14.940000,0,FR_2,-0.04901707,-0.24694258,0.08703272
14.940000,0,RL_2,-0.32873890,0.10168041,0.09609547
14.940000,0,RR_2,-0.35800761,-0.34362459,0.07042075
14.960000,0,FL_2,-0.12165096,0.18865593,0.08188964
14.960000,0,FR_2,-0.05316798,-0.24806790,0.08670461
14.960000,0,RL_2,-0.32648084,0.10363951,0.09530315
14.960000,0,RR_2,-0.35366824,-0.34067273,0.07075622
14.980000,0,FL_2,-0.12171955,0.18606356,0.08175955
14.980000,0,FR_2,-0.05663788,-0.25026789,0.08581422
14.980000,0,RL_2,-0.32536405,0.10518086,0.09462877
14.980000,0,RR_2,-0.35029247,-0.33671409,0.07091221
15.000000,0,FL_2,-0.12135715,0.18332137,0.08153935
15.000000,0,FR_2,-0.05982735,-0.25190100,0.08525541
15.000000,0,RL_2,-0.32436398,0.10720962,0.09371594
15.000000,0,RR_2,-0.34719953,-0.33313507,0.07115852
15.020000,0,FL_2,-0.12062785,0.18056615,0.08126283
15.020000,0,FR_2,-0.06280312,-0.25377226,0.08461300
15.020000,0,RL_2,-0.32361341,0.10939140,0.09273235
15.020000,0,RR_2,-0.34449899,-0.32952002,0.07142247
15.040000,0,FL_2,-0.12004671,0.17721803,0.08108759
15.040000,0,FR_2,-0.06625670,-0.25523332,0.08426283
15.040000,0,RL_2,-0.32232580,0.11188686,0.09172762
15.040000,0,RR_2,-0.34137440,-0.32620651,0.07186546
15.060000,0,FL_2,-0.11876726,0.17467719,0.08077062
15.060000,0,FR_2,-0.06911910,-0.25764683,0.08347637
15.060000,0,RL_2,-0.32204372,0.11413905,0.09073256
15.060000,0,RR_2,-0.33928457,-0.32223439,0.07217923
15.080000,0,FL_2,-0.11718731,0.17174740,0.08044230
15.080000,0,FR_2,-0.07195625,-0.25949210,0.08300045
15.080000,0,RL_2,-0.32165146,0.11689801,0.08957643
15.080000,0,RR_2,-0.33720848,-0.31875491,0.07258338
15.100000,0,FL_2,-0.11565164,0.16851614,0.08021782
15.100000,0,FR_2,-0.07512917,-0.26154324,0.08253531
15.100000,0,RL_2,-0.32104561,0.11982004,0.08844978
15.100000,0,RR_2,-0.33498865,-0.31511605,0.07309759
15.120000,0,FL_2,-0.11388153,0.16550902,0.07999646
15.120000,0,FR_2,-0.07827029,-0.26385894,0.08202982
15.120000,0,RL_2,-0.32075226,0.12272990,0.08734143
15.120000,0,RR_2,-0.33301401,-0.31123960,0.07365914
15.140000,0,FL_2,-0.11182095,0.16272378,0.07975625
15.140000,0,FR_2,-0.08117531,-0.26625645,0.08153617
15.140000,0,RL_2,-0.32080966,0.12569480,0.08621359
15.140000,0,RR_2,-0.33137527,-0.30738384,0.07424406
15.160000,0,FL_2,-0.10946044,0.15996112,0.07951418
15.160000,0,FR_2,-0.08384465,-0.26874256,0.08105072
15.160000,0,RL_2,-0.32113117,0.12886316,0.08502932
15.160000,0,RR_2,-0.33007371,-0.30358452,0.07484592
15.180000,0,FL_2,-0.10685714,0.15717730,0.07929698
15.180000,0,FR_2,-0.08635463,-0.27127716,0.08059780
15.180000,0,RL_2,-0.32166266,0.13222191,0.08381260
15.180000,0,RR_2,-0.32901841,-0.29987296,0.07547501
15.200000,0,FL_2,-0.10414015,0.15443867,0.07912931
15.200000,0,FR_2,-0.08875759,-0.27379018,0.08020526
15.200000,0,RL_2,-0.32234645,0.13565251,0.08261984
15.200000,0,RR_2,-0.32811502,-0.29630512,0.07613671
15.220000,0,FL_2,-0.10142240,0.15175119,0.07903375
15.220000,0,FR_2,-0.09110180,-0.27629101,0.07987484
15.220000,0,RL_2,-0.32310277,0.13910133,0.08148409
15.220000,0,RR_2,-0.32731357,-0.29285160,0.07683685
15.240000,0,FL_2,-0.09876269,0.14909434,0.07902350
15.240000,0,FR_2,-0.09344051,-0.27881286,0.07960485
15.240000,0,RL_2,-0.32387993,0.14256233,0.08041677
15.240000,0,RR_2,-0.32657510,-0.28944930,0.07758810
15.260000,0,FL_2,-0.09618726,0.14647588,0.07909784
15.260000,0,FR_2,-0.09580617,-0.28135565,0.07940231
15.260000,0,RL_2,-0.32466331,0.14601916,0.07942450
15.260000,0,RR_2,-0.32586321,-0.28607434,0.07840017
15.280000,0,FL_2,-0.09369954,0.14390080,0.07925223
15.280000,0,FR_2,-0.09820943,-0.28391618,0.07927167
15.280000,0,RL_2,-0.32545048,0.14946565,0.07850830
15.280000,0,RR_2,-0.32516155,-0.28271857,0.07927673
15.300000,0,FL_2,-0.09128526,0.14136358,0.07948067
15.300000,0,FR_2,-0.10064991,-0.28649503,0.07921443
15.300000,0,RL_2,-0.32624632,0.15290973,0.07766461
15.300000,0,RR_2,-0.32447052,-0.27937916,0.08021754
15.320000,0,FL_2,-0.08892390,0.13885990,0.07977748
15.320000,0,FR_2,-0.10312081,-0.28909001,0.07923165
15.320000,0,RL_2,-0.32706037,0.15636012,0.07688944
15.320000,0,RR_2,-0.32379550,-0.27606115,0.08121997
15.340000,0,FL_2,-0.08659647,0.13638397,0.08013856
15.340000,0,FR_2,-0.10561456,-0.29170004,0.07932335
15.340000,0,RL_2,-0.32790244,0.15982710,0.07617934
15.340000,0,RR_2,-0.32314488,-0.27277049,0.08227985
15.360000,0,FL_2,-0.08428928,0.13393173,0.08056089
15.360000,0,FR_2,-0.10812432,-0.29432428,0.07948974
15.360000,0,RL_2,-0.32877940,0.16331799,0.07553273
15.360000,0,RR_2,-0.32252601,-0.26951283,0.08339304
15.380000,0,FL_2,-0.08199225,0.13149525,0.08104470
15.380000,0,FR_2,-0.11064805,-0.29696795,0.07973127
15.380000,0,RL_2,-0.32969689,0.16684383,0.07494851
15.380000,0,RR_2,-0.32194436,-0.26628619,0.08455814
15.400000,0,FL_2,-0.07969882,0.12906873,0.08159049
15.400000,0,FR_2,-0.11318937,-0.29963627,0.08005004
15.400000,0,RL_2,-0.33065915,0.17041437,0.07442731
15.400000,0,RR_2,-0.32140028,-0.26308551,0.08577578
15.420000,0,FL_2,-0.07677808,0.12709449,0.08194545
15.420000,0,FR_2,-0.11511236,-0.30290088,0.08023481
15.420000,0,RL_2,-0.33248341,0.17384008,0.07381859
15.420000,0,RR_2,-0.32173410,-0.25980359,0.08694003
15.440000,0,FL_2,-0.07403035,0.12464940,0.08256987
15.440000,0,FR_2,-0.11708705,-0.30542359,0.08057076
15.440000,0,RL_2,-0.33404404,0.17770721,0.07331756
15.440000,0,RR_2,-0.32153833,-0.25714272,0.08802212
15.460000,0,FL_2,-0.07101224,0.12266158,0.08304246
15.460000,0,FR_2,-0.11869527,-0.30853510,0.08084140
15.460000,0,RL_2,-0.33614421,0.18131639,0.07280502
15.460000,0,RR_2,-0.32204741,-0.25419164,0.08916092
15.480000,0,FL_2,-0.06740707,0.12071574,0.08349481
15.480000,0,FR_2,-0.11967663,-0.31191689,0.08100836
15.480000,0,RL_2,-0.33897585,0.18509369,0.07223342
15.480000,0,RR_2,-0.32310313,-0.25147238,0.09017826
15.500000,0,FL_2,-0.06405073,0.11867242,0.08408441
15.500000,0,FR_2,-0.12057333,-0.31461933,0.08123369
15.500000,0,RL_2,-0.34171510,0.18896364,0.07177699
15.500000,0,RR_2,-0.32375866,-0.24930851,0.09106389
15.520000,0,FL_2,-0.06037093,0.11698096,0.08454297
15.520000,0,FR_2,-0.12093091,-0.31793261,0.08136591
15.520000,0,RL_2,-0.34504890,0.19259955,0.07129873
15.520000,0,RR_2,-0.32520792,-0.24690467,0.09198964
15.540000,0,FL_2,-0.05742390,0.11462829,0.08545219
15.540000,0,FR_2,-0.12183408,-0.32030955,0.08169858
15.540000,0,RL_2,-0.34756491,0.19673286,0.07109824
15.540000,0,RR_2,-0.32551795,-0.24496630,0.09290241
15.560000,0,FL_2,-0.05474002,0.11279722,0.08618245
15.560000,0,FR_2,-0.12294379,-0.32313788,0.08216235
15.560000,0,RL_2,-0.35001394,0.20031478,0.07096828
15.560000,0,RR_2,-0.32609361,-0.24249659,0.09408690
15.580000,0,FL_2,-0.05091249,0.11120696,0.08675445
15.580000,0,FR_2,-0.12321065,-0.32726681,0.08252849
15.580000,0,RL_2,-0.35373890,0.20378225,0.07069561
15.580000,0,RR_2,-0.32797900,-0.23973210,0.09531584
15.600000,0,FL_2,-0.04742772,0.10954405,0.08744456
15.600000,0,FR_2,-0.12335673,-0.32995194,0.08281928
15.600000,0,RL_2,-0.35737079,0.20724602,0.07053570
15.600000,0,RR_2,-0.32894102,-0.23823296,0.09602707
15.620000,0,FL_2,-0.04405550,0.10802972,0.08810916
15.620000,0,FR_2,-0.12318594,-0.33289319,0.08308826
15.620000,0,RL_2,-0.36105633,0.21051562,0.07043572
15.620000,0,RR_2,-0.33047223,-0.23642379,0.09687608
15.640000,0,FL_2,-0.03991067,0.10665687,0.08869904
15.640000,0,FR_2,-0.12215994,-0.33659175,0.08324642
15.640000,0,RL_2,-0.36570650,0.21372572,0.07027917
15.640000,0,RR_2,-0.33286327,-0.23460107,0.09768026
15.660000,0,FL_2,-0.03689918,0.10493085,0.08960350
15.660000,0,FR_2,-0.12164522,-0.33855060,0.08337410
15.660000,0,RL_2,-0.36937863,0.21714932,0.07040501
15.660000,0,RR_2,-0.33368024,-0.23373692,0.09811526
15.680000,0,FL_2,-0.03432849,0.10326570,0.09053601
15.680000,0,FR_2,-0.12154709,-0.34113812,0.08376795
15.680000,0,RL_2,-0.37251544,0.22046074,0.07067730
15.680000,0,RR_2,-0.33478197,-0.23188002,0.09915240
15.700000,0,FL_2,-0.03087420,0.10211167,0.09115067
15.700000,0,FR_2,-0.12081429,-0.34466326,0.08418213
15.700000,0,RL_2,-0.37666234,0.22316389,0.07077616
15.700000,0,RR_2,-0.33674097,-0.22999069,0.10017091
15.720000,0,FL_2,-0.02717870,0.10084263,0.09186831
15.720000,0,FR_2,-0.11959569,-0.34777883,0.08442973
15.720000,0,RL_2,-0.38125160,0.22582500,0.07090344
15.720000,0,RR_2,-0.33870038,-0.22876289,0.10080120
15.740000,0,FL_2,-0.02347140,0.09972399,0.09252256
15.740000,0,FR_2,-0.11791384,-0.35058391,0.08451716
15.740000,0,RL_2,-0.38609412,0.22829890,0.07105269
15.740000,0,RR_2,-0.34086323,-0.22781105,0.10125712
15.760000,0,FL_2,-0.02040337,0.09829264,0.09343877
15.760000,0,FR_2,-0.11643126,-0.35280356,0.08457527
15.760000,0,RL_2,-0.39038634,0.23106486,0.07142889
15.760000,0,RR_2,-0.34244192,-0.22701848,0.10167365
15.780000,0,FL_2,-0.01740118,0.09732627,0.09406313
15.780000,0,FR_2,-0.11480211,-0.35520259,0.08466800
15.780000,0,RL_2,-0.39467901,0.23328356,0.07173705
15.780000,0,RR_2,-0.34429577,-0.22603309,0.10222122
15.800000,0,FL_2,-0.01417421,0.09608462,0.09490511
15.800000,0,FR_2,-0.11293280,-0.35802138,0.08484336
15.800000,0,RL_2,-0.39918146,0.23561059,0.07214707
15.800000,0,RR_2,-0.34638870,-0.22491924,0.10286838
15.820000,0,FL_2,-0.01116616,0.09523590,0.09549047
15.820000,0,FR_2,-0.11103235,-0.36013770,0.08485611
15.820000,0,RL_2,-0.40360269,0.23744258,0.07248826
15.820000,0,RR_2,-0.34811196,-0.22437914,0.10314645
15.840000,0,FL_2,-0.00785022,0.09392557,0.09643672
15.840000,0,FR_2,-0.10884188,-0.36307132,0.08506911
15.840000,0,RL_2,-0.40828285,0.23962767,0.07301591
15.840000,0,RR_2,-0.35049561,-0.22318922,0.10388159
15.860000,0,FL_2,-0.00537397,0.09330063,0.09689520
15.860000,0,FR_2,-0.10705416,-0.36426491,0.08489880
15.860000,0,RL_2,-0.41232395,0.24108893,0.07339536
15.860000,0,RR_2,-0.35160375,-0.22326821,0.10375775
15.880000,0,FL_2,-0.00314860,0.09250027,0.09749883
15.880000,0,FR_2,-0.10517224,-0.36603308,0.08490643
15.880000,0,RL_2,-0.41590759,0.24246192,0.07381052
15.880000,0,RR_2,-0.35342470,-0.22251931,0.10422467
15.900000,0,FL_2,0.00023560,0.09110125,0.09858210
15.900000,0,FR_2,-0.10279767,-0.36951172,0.08539486
15.900000,0,RL_2,-0.42049015,0.24446306,0.07450746
15.900000,0,RR_2,-0.35602704,-0.22104426,0.10523912
15.920000,0,FL_2,0.00307469,0.09057871,0.09899753
15.920000,0,FR_2,-0.10064855,-0.37086800,0.08524942
15.920000,0,RL_2,-0.42492196,0.24551943,0.07492267
15.920000,0,RR_2,-0.35737485,-0.22128561,0.10498656
15.940000,0,FL_2,0.00557541,0.08983390,0.09959798
15.940000,0,FR_2,-0.09822852,-0.37248597,0.08514708
15.940000,0,RL_2,-0.42901883,0.24654719,0.07538447
15.940000,0,RR_2,-0.35947859,-0.22081456,0.10526757
15.960000,0,FL_2,0.00899810,0.08864293,0.10057625
15.960000,0,FR_2,-0.09517483,-0.37545305,0.08542389
15.960000,0,RL_2,-0.43402362,0.24803102,0.07611953
15.960000,0,RR_2,-0.36225051,-0.21980587,0.10597208
15.980000,0,FL_2,0.01214021,0.08776750,0.10131413
15.980000,0,FR_2,-0.09223551,-0.37721938,0.08531874
15.980000,0,RL_2,-0.43907532,0.24922501,0.07682682
15.980000,0,RR_2,-0.36420166,-0.21977228,0.10592964
16.000000,0,FL_2,0.01509578,0.08709665,0.10189319
16.000000,0,FR_2,-0.08902632,-0.37882036,0.08511524
16.000000,0,RL_2,-0.44404790,0.25002000,0.07744606
16.000000,0,RR_2,-0.36656711,-0.21953243,0.10604881
16.020000,0,FL_2,0.01814204,0.08652797,0.10239576
16.020000,0,FR_2,-0.08536538,-0.38037485,0.08482014
16.020000,0,RL_2,-0.44914165,0.25049785,0.07801627
16.020000,0,RR_2,-0.36912966,-0.21949379,0.10600260
16.040000,0,FL_2,0.02080100,0.08603766,0.10283536
16.040000,0,FR_2,-0.08166309,-0.38136679,0.08432387
16.040000,0,RL_2,-0.45381156,0.25081635,0.07855705
16.040000,0,RR_2,-0.37144557,-0.21974269,0.10572848
16.060000,0,FL_2,0.02357776,0.08583263,0.10304007
16.060000,0,FR_2,-0.07754569,-0.38234484,0.08377071
16.060000,0,RL_2,-0.45840806,0.25060776,0.07892403
16.060000,0,RR_2,-0.37415081,-0.21995351,0.10547943
16.080000,0,FL_2,0.02573352,0.08545861,0.10338341
16.080000,0,FR_2,-0.07373631,-0.38272917,0.08308184
16.080000,0,RL_2,-0.46225774,0.25058705,0.07934743
16.080000,0,RR_2,-0.37626073,-0.22044733,0.10501197
16.100000,0,FL_2,0.02791275,0.08536943,0.10348868
16.100000,0,FR_2,-0.06996313,-0.38324618,0.08250269
16.100000,0,RL_2,-0.46578568,0.25020072,0.07961223
16.100000,0,RR_2,-0.37855604,-0.22065584,0.10478172
16.120000,0,FL_2,0.03065250,0.08529415,0.10359371
16.120000,0,FR_2,-0.06563040,-0.38411704,0.08201200
16.120000,0,RL_2,-0.46974653,0.24938348,0.07978631
16.120000,0,RR_2,-0.38141379,-0.22087409,0.10453409
16.140000,0,FL_2,0.03300616,0.08490854,0.10395784
16.140000,0,FR_2,-0.06157520,-0.38450366,0.08141881
16.140000,0,RL_2,-0.47342959,0.24898052,0.08014669
16.140000,0,RR_2,-0.38377488,-0.22137479,0.10406421
16.160000,0,FL_2,0.03547527,0.08470678,0.10417195
16.160000,0,FR_2,-0.05753516,-0.38500807,0.08092944
16.160000,0,RL_2,-0.47716618,0.24841605,0.08048648
16.160000,0,RR_2,-0.38630438,-0.22159725,0.10382744
16.180000,0,FL_2,0.03827512,0.08445461,0.10443842
16.180000,0,FR_2,-0.05315355,-0.38568839,0.08051282
16.180000,0,RL_2,-0.48134246,0.24766043,0.08086275
16.180000,0,RR_2,-0.38914219,-0.22183098,0.10357942
16.200000,0,FL_2,0.04085656,0.08403403,0.10484658
16.200000,0,FR_2,-0.04890890,-0.38609189,0.08005260
16.200000,0,RL_2,-0.48549205,0.24714981,0.08139266
16.200000,0,RR_2,-0.39172706,-0.22219759,0.10322838
16.220000,0,FL_2,0.04366474,0.08372410,0.10517015
16.220000,0,FR_2,-0.04446929,-0.38663816,0.07968375
16.220000,0,RL_2,-0.48989725,0.24643692,0.08193943
16.220000,0,RR_2,-0.39457995,-0.22236542,0.10304371
16.240000,0,FL_2,0.04603989,0.08323319,0.10564028
16.240000,0,FR_2,-0.04037567,-0.38683742,0.07926195
16.240000,0,RL_2,-0.49401528,0.24603036,0.08261539
16.240000,0,RR_2,-0.39697015,-0.22272432,0.10270950
16.260000,0,FL_2,0.04852953,0.08293170,0.10595636
16.260000,0,FR_2,-0.03630645,-0.38720864,0.07896807
16.260000,0,RL_2,-0.49809727,0.24538091,0.08323164
16.260000,0,RR_2,-0.39951786,-0.22280450,0.10261001
16.280000,0,FL_2,0.05111627,0.08254100,0.10635391
16.280000,0,FR_2,-0.03212320,-0.38762248,0.07873155
16.280000,0,RL_2,-0.50226510,0.24461855,0.08387195
16.280000,0,RR_2,-0.40215960,-0.22294579,0.10246179
16.300000,0,FL_2,0.05373061,0.08258431,0.10639056
16.300000,0,FR_2,-0.02780451,-0.38739938,0.07825508
16.300000,0,RL_2,-0.50628537,0.24324751,0.08427425
16.300000,0,RR_2,-0.40490845,-0.22355448,0.10192592
16.320000,0,FL_2,0.05604960,0.08233920,0.10666567
16.320000,0,FR_2,-0.02337190,-0.38719192,0.07783379
16.320000,0,RL_2,-0.51000220,0.24213654,0.08476064
16.320000,0,RR_2,-0.40772888,-0.22392595,0.10159282
16.340000,0,FL_2,0.05841662,0.08298351,0.10620835
16.340000,0,FR_2,-0.01882962,-0.38597134,0.07703191
16.340000,0,RL_2,-0.51329136,0.24003504,0.08477782
16.340000,0,RR_2,-0.41056645,-0.22509332,0.10061204
16.360000,0,FL_2,0.06032931,0.08261597,0.10657862
16.360000,0,FR_2,-0.01417484,-0.38562274,0.07666334
16.360000,0,RL_2,-0.51627600,0.23898812,0.08517765
16.360000,0,RR_2,-0.41347557,-0.22521149,0.10049824
16.380000,0,FL_2,0.06258137,0.08283865,0.10648024
16.380000,0,FR_2,-0.00981208,-0.38486248,0.07619654
16.380000,0,RL_2,-0.51921195,0.23744901,0.08540364
16.380000,0,RR_2,-0.41602799,-0.22590876,0.09992184
16.400000,0,FL_2,0.06487241,0.08414837,0.10552092
16.400000,0,FR_2,-0.00513505,-0.38266954,0.07521179
16.400000,0,RL_2,-0.52168816,0.23434034,0.08495097
16.400000,0,RR_2,-0.41912708,-0.22752476,0.09862624
16.420000,0,FL_2,0.06651437,0.08416354,0.10558377
16.420000,0,FR_2,-0.00028042,-0.38151965,0.07472664
16.420000,0,RL_2,-0.52386087,0.23269372,0.08499549
16.420000,0,RR_2,-0.42227080,-0.22796507,0.09827834
16.440000,0,FL_2,0.06860692,0.08462437,0.10532284
16.440000,0,FR_2,0.00426721,-0.38024518,0.07426776
16.440000,0,RL_2,-0.52613908,0.23079422,0.08501294
16.440000,0,RR_2,-0.42505342,-0.22879648,0.09763680
16.460000,0,FL_2,0.07081504,0.08603483,0.10435423
16.460000,0,FR_2,0.00896810,-0.37770042,0.07342513
16.460000,0,RL_2,-0.52812093,0.22755729,0.08454098
16.460000,0,RR_2,-0.42828020,-0.23046926,0.09637727
16.480000,0,FL_2,0.07238255,0.08607879,0.10441104
16.480000,0,FR_2,0.01369135,-0.37635481,0.07310160
16.480000,0,RL_2,-0.53001904,0.22591700,0.08460369
16.480000,0,RR_2,-0.43139273,-0.23086245,0.09610304
16.500000,0,FL_2,0.07445341,0.08652984,0.10419767
16.500000,0,FR_2,0.01799273,-0.37498000,0.07282053
16.500000,0,RL_2,-0.53217345,0.22404151,0.08470047
16.500000,0,RR_2,-0.43412775,-0.23162079,0.09556673
16.520000,0,FL_2,0.07669125,0.08809879,0.10319200
16.520000,0,FR_2,0.02236867,-0.37216929,0.07214563
16.520000,0,RL_2,-0.53401613,0.22066323,0.08430894
16.520000,0,RR_2,-0.43737251,-0.23338242,0.09433109
16.540000,0,FL_2,0.07817104,0.08858669,0.10294573
16.540000,0,FR_2,0.02681421,-0.37018183,0.07182738
16.540000,0,RL_2,-0.53559309,0.21858889,0.08424801
16.540000,0,RR_2,-0.44056645,-0.23413134,0.09385040
16.560000,0,FL_2,0.08000997,0.08949623,0.10243890
16.560000,0,FR_2,0.03097136,-0.36810893,0.07153793
16.560000,0,RL_2,-0.53717089,0.21626469,0.08415677
16.560000,0,RR_2,-0.44350806,-0.23520464,0.09315923
16.580000,0,FL_2,0.08196834,0.09144254,0.10125397
16.580000,0,FR_2,0.03521050,-0.36472377,0.07097354
16.580000,0,RL_2,-0.53825957,0.21262728,0.08364946
16.580000,0,RR_2,-0.44693175,-0.23719123,0.09189305
16.600000,0,FL_2,0.08313864,0.09204326,0.10094991
16.600000,0,FR_2,0.03946786,-0.36253452,0.07082681
16.600000,0,RL_2,-0.53917062,0.21062872,0.08350703
16.600000,0,RR_2,-0.45009917,-0.23789689,0.09151374
16.620000,0,FL_2,0.08487054,0.09295049,0.10050409
16.620000,0,FR_2,0.04337369,-0.36051029,0.07075451
16.620000,0,RL_2,-0.54032832,0.20841670,0.08342741
16.620000,0,RR_2,-0.45295185,-0.23880807,0.09101111
16.640000,0,FL_2,0.08687344,0.09487333,0.09945352
16.640000,0,FR_2,0.04728563,-0.35718930,0.07045666
16.640000,0,RL_2,-0.54119992,0.20486292,0.08305211
16.640000,0,RR_2,-0.45632368,-0.24068135,0.08994675
16.660000,0,FL_2,0.08820011,0.09622999,0.09873757
16.660000,0,FR_2,0.05124037,-0.35410950,0.07031680
16.660000,0,RL_2,-0.54171801,0.20208912,0.08276488
16.660000,0,RR_2,-0.45970532,-0.24206653,0.08923677
16.680000,0,FL_2,0.08965576,0.09806796,0.09777230
16.680000,0,FR_2,0.05502647,-0.35075718,0.07019846
16.680000,0,RL_2,-0.54197633,0.19900620,0.08240466
16.680000,0,RR_2,-0.46304211,-0.24377483,0.08837599
16.700000,0,FL_2,0.09093530,0.09988881,0.09684046
16.700000,0,FR_2,0.05879074,-0.34738410,0.07017337
16.700000,0,RL_2,-0.54199505,0.19597599,0.08203848
16.700000,0,RR_2,-0.46644077,-0.24537882,0.08763086
16.720000,0,FL_2,0.09222765,0.10194135,0.09581997
16.720000,0,FR_2,0.06242068,-0.34382209,0.07020048
16.720000,0,RL_2,-0.54181147,0.19278963,0.08165745
16.720000,0,RR_2,-0.46985671,-0.24716444,0.08683729
16.740000,0,FL_2,0.09334917,0.10362308,0.09502815
16.740000,0,FR_2,0.06596097,-0.34067228,0.07036377
16.740000,0,RL_2,-0.54163629,0.19006532,0.08138024
16.740000,0,RR_2,-0.47314614,-0.24855399,0.08630283
16.760000,0,FL_2,0.09471274,0.10580236,0.09403841
16.760000,0,FR_2,0.06927670,-0.33710513,0.07053208
16.760000,0,RL_2,-0.54137856,0.18684767,0.08110170
16.760000,0,RR_2,-0.47650823,-0.25040308,0.08557934
16.780000,0,FL_2,0.09576459,0.10747463,0.09331539
16.780000,0,FR_2,0.07251083,-0.33399120,0.07081687
16.780000,0,RL_2,-0.54115325,0.18424623,0.08092217
16.780000,0,RR_2,-0.47974202,-0.25177547,0.08514170
16.800000,0,FL_2,0.09700014,0.10958820,0.09243140
16.800000,0,FR_2,0.07544319,-0.33057058,0.07110514
16.800000,0,RL_2,-0.54085159,0.18127780,0.08075929
16.800000,0,RR_2,-0.48294669,-0.25355676,0.08454636
16.820000,0,FL_2,0.09806902,0.11194760,0.09145244
16.820000,0,FR_2,0.07827542,-0.32686222,0.07144751
16.820000,0,RL_2,-0.54026628,0.17814822,0.08057589
16.820000,0,RR_2,-0.48629904,-0.25550482,0.08394366
16.840000,0,FL_2,0.09888112,0.11442322,0.09043368
16.840000,0,FR_2,0.08094449,-0.32306951,0.07185136
16.840000,0,RL_2,-0.53936505,0.17510945,0.08037016
16.840000,0,RR_2,-0.48962510,-0.25753668,0.08336504
16.860000,0,FL_2,0.09957685,0.11706448,0.08937847
16.860000,0,FR_2,0.08351760,-0.31927609,0.07233139
16.860000,0,RL_2,-0.53821993,0.17204179,0.08016707
16.860000,0,RR_2,-0.49295703,-0.25957426,0.08285128
16.880000,0,FL_2,0.10016771,0.11979499,0.08832712
16.880000,0,FR_2,0.08596773,-0.31547010,0.07288115
16.880000,0,RL_2,-0.53689748,0.16899592,0.07998699
16.880000,0,RR_2,-0.49627581,-0.26165816,0.08238421
16.900000,0,FL_2,0.10065854,0.12262437,0.08727996
16.900000,0,FR_2,0.08825436,-0.31163916,0.07349193
16.900000,0,RL_2,-0.53541905,0.16596787,0.07983777
16.900000,0,RR_2,-0.49955791,-0.26380998,0.08195487
16.920000,0,FL_2,0.10087834,0.12550335,0.08622842
16.920000,0,FR_2,0.09020375,-0.30778408,0.07412887
16.920000,0,RL_2,-0.53369391,0.16309732,0.07968425
16.920000,0,RR_2,-0.50265318,-0.26609799,0.08152048
16.940000,0,FL_2,0.10077888,0.12855457,0.08511969
16.940000,0,FR_2,0.09173109,-0.30394697,0.07477051
16.940000,0,RL_2,-0.53162044,0.16030660,0.07950792
16.940000,0,RR_2,-0.50548357,-0.26852909,0.08107011
16.960000,0,FL_2,0.10037936,0.13169563,0.08399075
16.960000,0,FR_2,0.09292822,-0.30031976,0.07540962
16.960000,0,RL_2,-0.52926838,0.15763773,0.07932283
16.960000,0,RR_2,-0.50804508,-0.27092978,0.08066105
16.980000,0,FL_2,0.09981805,0.13508572,0.08282138
16.980000,0,FR_2,0.09384242,-0.29672524,0.07606737
16.980000,0,RL_2,-0.52667558,0.15487175,0.07917357
16.980000,0,RR_2,-0.51046395,-0.27346092,0.08025631
17.000000,0,FL_2,0.09907603,0.13835517,0.08172632
17.000000,0,FR_2,0.09466046,-0.29344144,0.07673392
17.000000,0,RL_2,-0.52405334,0.15232651,0.07905792
17.000000,0,RR_2,-0.51274085,-0.27580264,0.07995075
17.020000,0,FL_2,0.09837721,0.14207678,0.08059034
17.020000,0,FR_2,0.09529188,-0.28981707,0.07749298
17.020000,0,RL_2,-0.52128947,0.14940180,0.07906471
17.020000,0,RR_2,-0.51511711,-0.27856484,0.07961186
17.040000,0,FL_2,0.09745255,0.14507042,0.07967033
17.040000,0,FR_2,0.09611546,-0.28693569,0.07821734
17.040000,0,RL_2,-0.51881772,0.14724089,0.07904487
17.040000,0,RR_2,-0.51732361,-0.28062466,0.07949051
17.060000,0,FL_2,0.09675579,0.14826804,0.07880528
17.060000,0,FR_2,0.09667975,-0.28385890,0.07898630
17.060000,0,RL_2,-0.51651305,0.14482480,0.07917395
17.060000,0,RR_2,-0.51945877,-0.28300560,0.07933049
17.080000,0,FL_2,0.09611993,0.15236357,0.07784075
17.080000,0,FR_2,0.09715886,-0.27992767,0.08000911
17.080000,0,RL_2,-0.51385701,0.14164917,0.07950425
17.080000,0,RR_2,-0.52203512,-0.28619418,0.07915027
17.100000,0,FL_2,0.09510002,0.15544672,0.07707659
17.100000,0,FR_2,0.09808072,-0.27697071,0.08094978
17.100000,0,RL_2,-0.51149410,0.13955836,0.07967299
17.100000,0,RR_2,-0.52450430,-0.28836328,0.07923572
17.120000,0,FL_2,0.09429261,0.15856417,0.07640732
17.120000,0,FR_2,0.09870933,-0.27397621,0.08190074
17.120000,0,RL_2,-0.50936037,0.13733400,0.07997121
17.120000,0,RR_2,-0.52679443,-0.29069725,0.07930992
17.140000,0,FL_2,0.09357271,0.16260853,0.07569285
17.140000,0,FR_2,0.09914696,-0.27018610,0.08312066
17.140000,0,RL_2,-0.50687957,0.13433444,0.08051944
17.140000,0,RR_2,-0.52942705,-0.29386556,0.07939592
17.160000,0,FL_2,0.09255570,0.16656791,0.07502786
17.160000,0,FR_2,0.09984460,-0.26656288,0.08442625
17.160000,0,RL_2,-0.50427097,0.13160689,0.08104622
17.160000,0,RR_2,-0.53226197,-0.29683015,0.07965579
17.180000,0,FL_2,0.09142411,0.17086232,0.07440865
17.180000,0,FR_2,0.10043631,-0.26267964,0.08589365
17.180000,0,RL_2,-0.50149471,0.12866427,0.08171213
17.180000,0,RR_2,-0.53525686,-0.30009156,0.08001994
17.200000,0,FL_2,0.08941321,0.17368822,0.07380723
17.200000,0,FR_2,0.10067923,-0.26002494,0.08692693
17.200000,0,RL_2,-0.49876949,0.12730758,0.08186232
17.200000,0,RR_2,-0.53732920,-0.30253130,0.08032221
17.220000,0,FL_2,0.08753881,0.17672533,0.07327469
17.220000,0,FR_2,0.10031202,-0.25775057,0.08775264
17.220000,0,RL_2,-0.49614260,0.12557894,0.08220869
17.220000,0,RR_2,-0.53864348,-0.30491585,0.08048601
17.240000,0,FL_2,0.08543306,0.18078779,0.07273136
17.240000,0,FR_2,0.09929979,-0.25473139,0.08882443
17.240000,0,RL_2,-0.49289647,0.12313813,0.08282754
17.240000,0,RR_2,-0.53979975,-0.30839095,0.08060172
17.260000,0,FL_2,0.08293744,0.18514448,0.07221719
17.260000,0,FR_2,0.09857808,-0.25189164,0.08994051
17.260000,0,RL_2,-0.48934290,0.12067138,0.08350776
17.260000,0,RR_2,-0.54103100,-0.31172502,0.08083064
17.280000,0,FL_2,0.08004880,0.18922861,0.07174025
17.280000,0,FR_2,0.09782113,-0.24921870,0.09104128
17.280000,0,RL_2,-0.48574805,0.11855498,0.08410971
17.280000,0,RR_2,-0.54214144,-0.31491911,0.08110893
17.300000,0,FL_2,0.07714298,0.19344138,0.07137793
17.300000,0,FR_2,0.09713543,-0.24658671,0.09219491
17.300000,0,RL_2,-0.48226741,0.11629487,0.08486628
17.300000,0,RR_2,-0.54328746,-0.31807157,0.08147377
17.320000,0,FL_2,0.07408409,0.19661050,0.07102644
17.320000,0,FR_2,0.09649152,-0.24469990,0.09303776
17.320000,0,RL_2,-0.47919396,0.11493368,0.08527972
17.320000,0,RR_2,-0.54405493,-0.32054734,0.08177355
17.340000,0,FL_2,0.07115955,0.19997299,0.07079189
17.340000,0,FR_2,0.09535175,-0.24261177,0.09395038
17.340000,0,RL_2,-0.47618479,0.11320674,0.08592720
17.340000,0,RR_2,-0.54449224,-0.32342544,0.08204073
17.360000,0,FL_2,0.06815028,0.20431815,0.07074010
17.360000,0,FR_2,0.09407942,-0.23983599,0.09526643
17.360000,0,RL_2,-0.47275922,0.11075433,0.08698989
17.360000,0,RR_2,-0.54515994,-0.32719028,0.08250649
17.380000,0,FL_2,0.06470767,0.20663618,0.07046631
17.380000,0,FR_2,0.09335566,-0.23880506,0.09574368
17.380000,0,RL_2,-0.46980587,0.11013106,0.08714129
17.380000,0,RR_2,-0.54526532,-0.32917774,0.08271505
17.400000,0,FL_2,0.06147083,0.20862570,0.07023297
17.400000,0,FR_2,0.09176275,-0.23784593,0.09608628
17.400000,0,RL_2,-0.46713206,0.10933648,0.08742482
17.400000,0,RR_2,-0.54451591,-0.33120951,0.08268544
17.420000,0,FL_2,0.05847491,0.21206012,0.07031267
17.420000,0,FR_2,0.09007184,-0.23601964,0.09694203
17.420000,0,RL_2,-0.46415570,0.10734892,0.08840327
17.420000,0,RR_2,-0.54395139,-0.33428001,0.08286789
17.440000,0,FL_2,0.05492619,0.21648300,0.07059288
17.440000,0,FR_2,0.08844680,-0.23330848,0.09839152
17.440000,0,RL_2,-0.46045020,0.10487643,0.08970436
17.440000,0,RR_2,-0.54389834,-0.33840483,0.08343281
17.460000,0,FL_2,0.05086909,0.21896726,0.07053929
17.460000,0,FR_2,0.08765340,-0.23235221,0.09890071
17.460000,0,RL_2,-0.45717624,0.10412815,0.09002820
17.460000,0,RR_2,-0.54364944,-0.34056920,0.08370373
17.480000,0,FL_2,0.04688393,0.22101705,0.07047419
17.480000,0,FR_2,0.08590364,-0.23134929,0.09935711
17.480000,0,RL_2,-0.45418757,0.10329223,0.09044044
17.480000,0,RR_2,-0.54266477,-0.34280166,0.08377983
17.500000,0,FL_2,0.04323075,0.22455366,0.07086360
17.500000,0,FR_2,0.08426113,-0.22960268,0.10033162
17.500000,0,RL_2,-0.45113221,0.10123248,0.09166809
17.500000,0,RR_2,-0.54197276,-0.34592456,0.08416164
17.520000,0,FL_2,0.03907923,0.22722714,0.07108579
17.520000,0,FR_2,0.08272637,-0.22827931,0.10107507
17.520000,0,RL_2,-0.44787851,0.10014245,0.09229979
17.520000,0,RR_2,-0.54114532,-0.34876865,0.08450129
17.540000,0,FL_2,0.03488832,0.23025456,0.07149144
17.540000,0,FR_2,0.08105192,-0.22678472,0.10195494
17.540000,0,RL_2,-0.44464138,0.09850297,0.09333864
17.540000,0,RR_2,-0.54023629,-0.35177347,0.08490685
17.560000,0,FL_2,0.03049378,0.23294730,0.07188414
17.560000,0,FR_2,0.07947060,-0.22553079,0.10270885
17.560000,0,RL_2,-0.44138494,0.09723827,0.09415844
17.560000,0,RR_2,-0.53925180,-0.35458365,0.08529714
17.580000,0,FL_2,0.02599601,0.23613122,0.07252419
17.580000,0,FR_2,0.07768934,-0.22388217,0.10376445
17.580000,0,RL_2,-0.43805215,0.09544551,0.09539315
17.580000,0,RR_2,-0.53824937,-0.35785222,0.08586548
17.600000,0,FL_2,0.02137472,0.23755452,0.07268730
17.600000,0,FR_2,0.07626361,-0.22366275,0.10382816
17.600000,0,RL_2,-0.43504745,0.09513667,0.09558231
17.600000,0,RR_2,-0.53679228,-0.35961807,0.08590380
17.620000,0,FL_2,0.01719005,0.23893657,0.07292783
17.620000,0,FR_2,0.07416043,-0.22324437,0.10400158
17.620000,0,RL_2,-0.43241709,0.09438288,0.09611383
17.620000,0,RR_2,-0.53469372,-0.36144334,0.08577758
17.640000,0,FL_2,0.01272774,0.24161574,0.07367840
17.640000,0,FR_2,0.07168677,-0.22178052,0.10496011
17.640000,0,RL_2,-0.42917302,0.09264955,0.09739965
17.640000,0,RR_2,-0.53246558,-0.36479214,0.08613496
17.660000,0,FL_2,0.00815447,0.24305628,0.07407011
17.660000,0,FR_2,0.07016248,-0.22168903,0.10494695
17.660000,0,RL_2,-0.42614648,0.09209912,0.09781052
17.660000,0,RR_2,-0.53027421,-0.36655384,0.08603558
17.680000,0,FL_2,0.00368066,0.24435715,0.07448313
17.680000,0,FR_2,0.06788088,-0.22112566,0.10526681
17.680000,0,RL_2,-0.42327124,0.09127752,0.09844433
17.680000,0,RR_2,-0.52766156,-0.36855289,0.08592072
17.700000,0,FL_2,-0.00098433,0.24696460,0.07548219
17.700000,0,FR_2,0.06569408,-0.21978283,0.10622947
17.700000,0,RL_2,-0.42010146,0.08945622,0.09989282
17.700000,0,RR_2,-0.52528024,-0.37166297,0.08632809
17.720000,0,FL_2,-0.00622405,0.24790311,0.07591556
17.720000,0,FR_2,0.06369216,-0.21963200,0.10626662
17.720000,0,RL_2,-0.41668737,0.08911061,0.10017999
17.720000,0,RR_2,-0.52260947,-0.37363952,0.08628172
17.740000,0,FL_2,-0.01057270,0.24938978,0.07663699
17.740000,0,FR_2,0.06197402,-0.21936291,0.10641736
17.740000,0,RL_2,-0.41428959,0.08798461,0.10110998
17.740000,0,RR_2,-0.52020186,-0.37508452,0.08614196
17.760000,0,FL_2,-0.01466534,0.25068963,0.07734108
17.760000,0,FR_2,0.06021215,-0.21875167,0.10685556
17.760000,0,RL_2,-0.41189042,0.08719486,0.10177700
17.760000,0,RR_2,-0.51796514,-0.37688345,0.08622240
17.780000,0,FL_2,-0.01937201,0.25102729,0.07772061
17.780000,0,FR_2,0.05771327,-0.21847034,0.10700648
17.780000,0,RL_2,-0.40885103,0.08683385,0.10209799
17.780000,0,RR_2,-0.51490831,-0.37886566,0.08618508
17.800000,0,FL_2,-0.02412747,0.25114381,0.07807308
17.800000,0,FR_2,0.05515715,-0.21875513,0.10668891
17.800000,0,RL_2,-0.40587327,0.08640987,0.10247688
17.800000,0,RR_2,-0.51130354,-0.38025320,0.08579353
17.820000,0,FL_2,-0.02902621,0.25090790,0.07834961
17.820000,0,FR_2,0.05216679,-0.21912961,0.10628758
17.820000,0,RL_2,-0.40276420,0.08617835,0.10270043
17.820000,0,RR_2,-0.50699210,-0.38142794,0.08517684
17.840000,0,FL_2,-0.03314576,0.25103307,0.07877927
17.840000,0,FR_2,0.04994140,-0.21978934,0.10567236
17.840000,0,RL_2,-0.40045589,0.08574093,0.10309406
17.840000,0,RR_2,-0.50293481,-0.38178885,0.08432935
17.860000,0,FL_2,-0.03684378,0.25082096,0.07906471
17.860000,0,FR_2,0.04764155,-0.22008187,0.10536622
17.860000,0,RL_2,-0.39828157,0.08564847,0.10319731
17.860000,0,RR_2,-0.49896678,-0.38222134,0.08358483
17.880000,0,FL_2,-0.04102536,0.25006488,0.07920960
17.880000,0,FR_2,0.04469555,-0.22031800,0.10509475
17.880000,0,RL_2,-0.39548033,0.08564612,0.10323554
17.880000,0,RR_2,-0.49437919,-0.38313240,0.08296265
17.900000,0,FL_2,-0.04518092,0.24956448,0.07951578
17.900000,0,FR_2,0.04199916,-0.22082612,0.10460560
17.900000,0,RL_2,-0.39279863,0.08533746,0.10353458
17.900000,0,RR_2,-0.48981291,-0.38372436,0.08227186
17.920000,0,FL_2,-0.04952857,0.24895383,0.07985377
17.920000,0,FR_2,0.03908877,-0.22115178,0.10426897
17.920000,0,RL_2,-0.38993427,0.08511705,0.10376609
17.920000,0,RR_2,-0.48514080,-0.38438204,0.08165393
17.940000,0,FL_2,-0.05371055,0.24858424,0.08032668
17.940000,0,FR_2,0.03654632,-0.22160108,0.10384066
17.940000,0,RL_2,-0.38737190,0.08472957,0.10413733
17.940000,0,RR_2,-0.48075798,-0.38476264,0.08103204
17.960000,0,FL_2,-0.05799600,0.24800065,0.08077739
17.960000,0,FR_2,0.03380938,-0.22181189,0.10361224
17.960000,0,RL_2,-0.38466573,0.08449414,0.10438660
17.960000,0,RR_2,-0.47638127,-0.38531914,0.08054571
17.980000,0,FL_2,-0.06225387,0.24747232,0.08130223
17.980000,0,FR_2,0.03120119,-0.22212309,0.10330600
17.980000,0,RL_2,-0.38205969,0.08413533,0.10474183
17.980000,0,RR_2,-0.47211993,-0.38578662,0.08009539
18.000000,0,FL_2,-0.06674457,0.24671073,0.08182797
18.000000,0,FR_2,0.02828705,-0.22228386,0.10312491
18.000000,0,RL_2,-0.37918726,0.08384699,0.10504715
18.000000,0,RR_2,-0.46766070,-0.38642344,0.07974717
18.020000,0,FL_2,-0.07042101,0.24658336,0.08251722
18.020000,0,FR_2,0.02634927,-0.22276051,0.10269746
18.020000,0,RL_2,-0.37723798,0.08329273,0.10555999
18.020000,0,RR_2,-0.46406698,-0.38639951,0.07927459
18.040000,0,FL_2,-0.07363130,0.24618475,0.08302960
18.040000,0,FR_2,0.02443894,-0.22278459,0.10265110
18.040000,0,RL_2,-0.37537855,0.08310468,0.10576300
18.040000,0,RR_2,-0.46090522,-0.38660371,0.07898903
18.060000,0,FL_2,-0.07737532,0.24515155,0.08342409
18.060000,0,FR_2,0.02178781,-0.22269776,0.10269117
18.060000,0,RL_2,-0.37278974,0.08295429,0.10595472
18.060000,0,RR_2,-0.45712546,-0.38736281,0.07891267
18.080000,0,FL_2,-0.08204618,0.24379291,0.08395144
18.080000,0,FR_2,0.01834724,-0.22274315,0.10261687
18.080000,0,RL_2,-0.36942527,0.08256572,0.10637309
18.080000,0,RR_2,-0.45234603,-0.38830307,0.07887142
18.100000,0,FL_2,-0.08571871,0.24371542,0.08483228
18.100000,0,FR_2,0.01639213,-0.22341947,0.10203187
18.100000,0,RL_2,-0.36752486,0.08171575,0.10714470
18.100000,0,RR_2,-0.44866416,-0.38798440,0.07842201
18.120000,0,FL_2,-0.08857528,0.24353455,0.08549654
18.120000,0,FR_2,0.01483213,-0.22344904,0.10199410
18.120000,0,RL_2,-0.36603102,0.08143915,0.10742182
18.120000,0,RR_2,-0.44576070,-0.38776889,0.07811297
18.140000,0,FL_2,-0.09184426,0.24255280,0.08596036
18.140000,0,FR_2,0.01256287,-0.22321989,0.10216929
18.140000,0,RL_2,-0.36381650,0.08130949,0.10759746
18.140000,0,RR_2,-0.44232228,-0.38826162,0.07810913
18.160000,0,FL_2,-0.09575672,0.24002631,0.08600806
18.160000,0,FR_2,0.00923478,-0.22394291,0.10154578
18.160000,0,RL_2,-0.36068988,0.08181806,0.10727382
18.160000,0,RR_2,-0.43769825,-0.38798779,0.07774525
18.180000,0,FL_2,-0.09965758,0.23787346,0.08627741
18.180000,0,FR_2,0.00549136,-0.22477667,0.10084125
18.180000,0,RL_2,-0.35789275,0.08179384,0.10739617
18.180000,0,RR_2,-0.43226823,-0.38718656,0.07719105
18.200000,0,FL_2,-0.10343810,0.23533906,0.08643317
18.200000,0,FR_2,0.00162881,-0.22599176,0.09984447
18.200000,0,RL_2,-0.35499835,0.08225362,0.10713653
18.200000,0,RR_2,-0.42633671,-0.38559383,0.07638890
18.220000,0,FL_2,-0.10566983,0.23404709,0.08663535
18.220000,0,FR_2,-0.00084806,-0.22738886,0.09873047
18.220000,0,RL_2,-0.35382113,0.08241771,0.10705493
18.220000,0,RR_2,-0.42157581,-0.38315484,0.07536715
18.240000,0,FL_2,-0.10681891,0.23211226,0.08629052
18.240000,0,FR_2,-0.00293433,-0.22846939,0.09788921
18.240000,0,RL_2,-0.35277197,0.08355112,0.10619737
18.240000,0,RR_2,-0.41760164,-0.38077328,0.07446867
18.260000,0,FL_2,-0.10818227,0.22935142,0.08576094
18.260000,0,FR_2,-0.00590605,-0.22911322,0.09740283
18.260000,0,RL_2,-0.35097930,0.08467175,0.10541110
18.260000,0,RR_2,-0.41303331,-0.37920022,0.07396720
18.280000,0,FL_2,-0.11049168,0.22612086,0.08543573
18.280000,0,FR_2,-0.00985140,-0.22984064,0.09687278
18.280000,0,RL_2,-0.34816584,0.08548076,0.10494949
18.280000,0,RR_2,-0.40750864,-0.37791777,0.07368297
18.300000,0,FL_2,-0.11206247,0.22412734,0.08532017
18.300000,0,FR_2,-0.01266316,-0.23150870,0.09565450
18.300000,0,RL_2,-0.34663990,0.08588263,0.10473868
18.300000,0,RR_2,-0.40313825,-0.37539196,0.07300398
18.320000,0,FL_2,-0.11294878,0.22179940,0.08492060
18.320000,0,FR_2,-0.01520088,-0.23282962,0.09472421
18.320000,0,RL_2,-0.34534383,0.08708748,0.10392747
18.320000,0,RR_2,-0.39942300,-0.37273511,0.07233858
18.340000,0,FL_2,-0.11431702,0.21877423,0.08452600
18.340000,0,FR_2,-0.01857068,-0.23367788,0.09417006
18.340000,0,RL_2,-0.34333163,0.08834530,0.10315497
18.340000,0,RR_2,-0.39495203,-0.37074280,0.07201543
18.360000,0,FL_2,-0.11672744,0.21534634,0.08442976
18.360000,0,FR_2,-0.02289792,-0.23449801,0.09367742
18.360000,0,RL_2,-0.34038332,0.08930154,0.10270169
18.360000,0,RR_2,-0.38938320,-0.36893708,0.07192062
18.380000,0,FL_2,-0.11841366,0.21315295,0.08445793
18.380000,0,FR_2,-0.02611992,-0.23635419,0.09248356
18.380000,0,RL_2,-0.33877134,0.08991211,0.10240838
18.380000,0,RR_2,-0.38493058,-0.36583531,0.07145260
18.400000,0,FL_2,-0.11933219,0.21070364,0.08421550
18.400000,0,FR_2,-0.02896841,-0.23776990,0.09162281
18.400000,0,RL_2,-0.33744705,0.09128013,0.10158825
18.400000,0,RR_2,-0.38109401,-0.36272597,0.07102774
18.420000,0,FL_2,-0.12060570,0.20748536,0.08397818
18.420000,0,FR_2,-0.03257275,-0.23868893,0.09114297
18.420000,0,RL_2,-0.33538046,0.09278064,0.10078036
18.420000,0,RR_2,-0.37652373,-0.36023647,0.07093386
18.440000,0,FL_2,-0.12101544,0.20532756,0.08371296
18.440000,0,FR_2,-0.03521511,-0.24047494,0.09011015
18.440000,0,RL_2,-0.33449969,0.09389121,0.10014451
18.440000,0,RR_2,-0.37311327,-0.35705155,0.07062615
18.460000,0,FL_2,-0.12080780,0.20279190,0.08321954
18.460000,0,FR_2,-0.03767571,-0.24182969,0.08937901
18.460000,0,RL_2,-0.33362183,0.09563322,0.09912823
18.460000,0,RR_2,-0.37018272,-0.35413754,0.07039869
18.480000,0,FL_2,-0.12119696,0.19931912,0.08282938
18.480000,0,FR_2,-0.04116877,-0.24280830,0.08895321
18.480000,0,RL_2,-0.33172032,0.09749991,0.09818468
18.480000,0,RR_2,-0.36628589,-0.35168535,0.07046372
18.500000,0,FL_2,-0.12119444,0.19670892,0.08249523
18.500000,0,FR_2,-0.04421807,-0.24466905,0.08802397
18.500000,0,RL_2,-0.33063185,0.09891768,0.09746089
18.500000,0,RR_2,-0.36303225,-0.34843326,0.07036869
18.520000,0,FL_2,-0.12101419,0.19385494,0.08212702
18.520000,0,FR_2,-0.04730579,-0.24612527,0.08737823
18.520000,0,RL_2,-0.32942000,0.10074264,0.09654389
18.520000,0,RR_2,-0.35981810,-0.34532934,0.07037586
18.540000,0,FL_2,-0.12163687,0.19019572,0.08199554
18.540000,0,FR_2,-0.05140913,-0.24724124,0.08702782
18.540000,0,RL_2,-0.32718131,0.10267054,0.09574167
18.540000,0,RR_2,-0.35549837,-0.34243649,0.07066978
18.560000,0,FL_2,-0.12171169,0.18762499,0.08184290
18.560000,0,FR_2,-0.05482288,-0.24941847,0.08611275
18.560000,0,RL_2,-0.32607898,0.10417588,0.09506711
18.560000,0,RR_2,-0.35211632,-0.33853510,0.07077981
18.580000,0,FL_2,-0.12137152,0.18489707,0.08160169
18.580000,0,FR_2,-0.05796721,-0.25103533,0.08553141
18.580000,0,RL_2,-0.32508171,0.10617433,0.09414733
18.580000,0,RR_2,-0.34900835,-0.33499131,0.07098295
18.600000,0,FL_2,-0.12098868,0.18188047,0.08139172
18.600000,0,FR_2,-0.06124660,-0.25267133,0.08500159
18.600000,0,RL_2,-0.32393357,0.10834495,0.09320440
18.600000,0,RR_2,-0.34586313,-0.33153391,0.07129000
18.620000,0,FL_2,-0.12009083,0.17916083,0.08109541
18.620000,0,FR_2,-0.06418636,-0.25467065,0.08432003
18.620000,0,RL_2,-0.32331085,0.11055495,0.09221108
18.620000,0,RR_2,-0.34333247,-0.32783979,0.07155899
18.640000,0,FL_2,-0.11930406,0.17590149,0.08089425
18.640000,0,FR_2,-0.06753559,-0.25620756,0.08394913
18.640000,0,RL_2,-0.32219556,0.11309452,0.09118576
18.640000,0,RR_2,-0.34042075,-0.32449773,0.07199876
18.660000,0,FL_2,-0.11780463,0.17338394,0.08054373
18.660000,0,FR_2,-0.07029171,-0.25868973,0.08315261
18.660000,0,RL_2,-0.32206476,0.11544964,0.09014232
18.660000,0,RR_2,-0.33854389,-0.32051846,0.07231412
18.680000,0,FL_2,-0.11602374,0.17041063,0.08019789
18.680000,0,FR_2,-0.07306980,-0.26060650,0.08266686
18.680000,0,RL_2,-0.32178900,0.11834814,0.08893578
18.680000,0,RR_2,-0.33662075,-0.31702313,0.07272580
18.700000,0,FL_2,-0.11433259,0.16713050,0.07997572
18.700000,0,FR_2,-0.07623701,-0.26271731,0.08220775
18.700000,0,RL_2,-0.32127047,0.12139618,0.08777551
18.700000,0,RR_2,-0.33448774,-0.31335512,0.07326272
18.720000,0,FL_2,-0.11247805,0.16411689,0.07977352
18.720000,0,FR_2,-0.07939669,-0.26505914,0.08172874
18.720000,0,RL_2,-0.32104018,0.12437019,0.08666457
18.720000,0,RR_2,-0.33254674,-0.30947247,0.07385935
18.740000,0,FL_2,-0.11040367,0.16135098,0.07956720
18.740000,0,FR_2,-0.08232255,-0.26746687,0.08126868
18.740000,0,RL_2,-0.32112923,0.12735240,0.08555827
18.740000,0,RR_2,-0.33091918,-0.30562577,0.07448240
18.760000,0,FL_2,-0.10807550,0.15861142,0.07937007
18.760000,0,FR_2,-0.08501020,-0.26996291,0.08081711
18.760000,0,RL_2,-0.32145858,0.13051938,0.08440807
18.760000,0,RR_2,-0.32962453,-0.30183536,0.07512242
18.780000,0,FL_2,-0.10552987,0.15585861,0.07920166
18.780000,0,FR_2,-0.08753081,-0.27249998,0.08039923
18.780000,0,RL_2,-0.32198948,0.13386300,0.08323263
18.780000,0,RR_2,-0.32857671,-0.29814130,0.07578713
18.800000,0,FL_2,-0.10287601,0.15314956,0.07908186
18.800000,0,FR_2,-0.08993708,-0.27501449,0.08004054
18.800000,0,RL_2,-0.32267001,0.13727894,0.08208106
18.800000,0,RR_2,-0.32768625,-0.29459473,0.07648057
18.820000,0,FL_2,-0.10021038,0.15048292,0.07903092
18.820000,0,FR_2,-0.09228267,-0.27752170,0.07974168
18.820000,0,RL_2,-0.32342643,0.14072427,0.08098201
18.820000,0,RR_2,-0.32690305,-0.29115924,0.07721020
18.840000,0,FL_2,-0.09758829,0.14784636,0.07905999
18.840000,0,FR_2,-0.09462173,-0.28004637,0.07950431
18.840000,0,RL_2,-0.32421216,0.14418596,0.07994820
18.840000,0,RR_2,-0.32618329,-0.28777942,0.07798885
18.860000,0,FL_2,-0.09503770,0.14524651,0.07916975
18.860000,0,FR_2,-0.09698673,-0.28259069,0.07933478
18.860000,0,RL_2,-0.32500950,0.14764720,0.07898742
18.860000,0,RR_2,-0.32549110,-0.28442943,0.07882646
18.880000,0,FL_2,-0.09256403,0.14268526,0.07935689
18.880000,0,FR_2,-0.09939067,-0.28515524,0.07923710
18.880000,0,RL_2,-0.32581398,0.15110387,0.07810086
18.880000,0,RR_2,-0.32481077,-0.28109679,0.07972780
18.900000,0,FL_2,-0.09015703,0.14016022,0.07961607
18.900000,0,FR_2,-0.10183354,-0.28773862,0.07921365
18.900000,0,RL_2,-0.32662910,0.15456030,0.07728595
18.900000,0,RR_2,-0.32413957,-0.27777934,0.08069327
18.920000,0,FL_2,-0.08780008,0.13766700,0.07994284
18.920000,0,FR_2,-0.10430875,-0.29033965,0.07926509
18.920000,0,RL_2,-0.32746330,0.15802485,0.07653949
18.920000,0,RR_2,-0.32348347,-0.27448085,0.08172023
18.940000,0,FL_2,-0.08547728,0.13520168,0.08033296
18.940000,0,FR_2,-0.10680816,-0.29295567,0.07939212
18.940000,0,RL_2,-0.32832545,0.16150552,0.07585882
18.940000,0,RR_2,-0.32285070,-0.27120915,0.08280444
18.960000,0,FL_2,-0.08317473,0.13275780,0.08078469
18.960000,0,FR_2,-0.10932546,-0.29558885,0.07959442
18.960000,0,RL_2,-0.32922217,0.16501240,0.07524211
18.960000,0,RR_2,-0.32224923,-0.26796693,0.08394244
18.980000,0,FL_2,-0.08088230,0.13032712,0.08129844
18.980000,0,FR_2,-0.11185953,-0.29824448,0.07987320
18.980000,0,RL_2,-0.33015946,0.16855749,0.07468864
18.980000,0,RR_2,-0.32168368,-0.26475155,0.08513344
19.000000,0,FL_2,-0.07846224,0.12799808,0.08182209
19.000000,0,FR_2,-0.11428073,-0.30104437,0.08018552
19.000000,0,RL_2,-0.33131143,0.17211021,0.07416744
19.000000,0,RR_2,-0.32132977,-0.26153710,0.08635526
19.020000,0,FL_2,-0.07539149,0.12605458,0.08217457
19.020000,0,FR_2,-0.11603541,-0.30433592,0.08036542
19.020000,0,RL_2,-0.33333275,0.17558178,0.07355247
19.020000,0,RR_2,-0.32181188,-0.25835824,0.08749013
19.040000,0,FL_2,-0.07263494,0.12357371,0.08284605
19.040000,0,FR_2,-0.11794208,-0.30677009,0.08072138
19.040000,0,RL_2,-0.33493996,0.17952274,0.07308143
19.040000,0,RR_2,-0.32160962,-0.25581461,0.08855251
19.060000,0,FL_2,-0.06971042,0.12155545,0.08337292
19.060000,0,FR_2,-0.11958785,-0.30982009,0.08104017
19.060000,0,RL_2,-0.33698329,0.18316443,0.07262057
19.060000,0,RR_2,-0.32205588,-0.25289297,0.08971892
19.080000,0,FL_2,-0.06563073,0.11994221,0.08365874
19.080000,0,FR_2,-0.12009804,-0.31375769,0.08110172
19.080000,0,RL_2,-0.34046680,0.18676874,0.07196552
19.080000,0,RR_2,-0.32380399,-0.25003549,0.09072059
19.100000,0,FL_2,-0.06216110,0.11777826,0.08432452
19.100000,0,FR_2,-0.12072437,-0.31612456,0.08128141
19.100000,0,RL_2,-0.34339595,0.19080260,0.07152412
19.100000,0,RR_2,-0.32437187,-0.24832025,0.09143460
19.120000,0,FL_2,-0.05902443,0.11592272,0.08494088
19.120000,0,FR_2,-0.12135611,-0.31888387,0.08151270
19.120000,0,RL_2,-0.34621716,0.19450423,0.07119089
19.120000,0,RR_2,-0.32529691,-0.24608938,0.09237577
19.140000,0,FL_2,-0.05526114,0.11412477,0.08553590
19.140000,0,FR_2,-0.12151662,-0.32253340,0.08169819
19.140000,0,RL_2,-0.34976530,0.19826485,0.07082891
19.140000,0,RR_2,-0.32695177,-0.24358028,0.09340592
19.160000,0,FL_2,-0.05237900,0.11204436,0.08640698
19.160000,0,FR_2,-0.12225862,-0.32479185,0.08205232
19.160000,0,RL_2,-0.35251030,0.20213002,0.07071999
19.160000,0,RR_2,-0.32723463,-0.24187134,0.09426052
19.180000,0,FL_2,-0.04970542,0.11024538,0.08719906
19.180000,0,FR_2,-0.12318218,-0.32768863,0.08255490
19.180000,0,RL_2,-0.35511425,0.20563215,0.07069126
19.180000,0,RR_2,-0.32797784,-0.23945144,0.09547038
19.200000,0,FL_2,-0.04589128,0.10874281,0.08780470
19.200000,0,FR_2,-0.12327813,-0.33177543,0.08298801
19.200000,0,RL_2,-0.35899565,0.20895165,0.07051891
19.200000,0,RR_2,-0.32990929,-0.23686919,0.09668543
19.220000,0,FL_2,-0.04236390,0.10719863,0.08850206
19.220000,0,FR_2,-0.12315112,-0.33451083,0.08327907
19.220000,0,RL_2,-0.36287224,0.21222173,0.07043629
19.220000,0,RR_2,-0.33106935,-0.23550512,0.09734447
19.240000,0,FL_2,-0.03889792,0.10578314,0.08917400
19.240000,0,FR_2,-0.12261906,-0.33745834,0.08352052
19.240000,0,RL_2,-0.36686313,0.21532796,0.07040403
19.240000,0,RR_2,-0.33280990,-0.23389091,0.09811589
19.260000,0,FL_2,-0.03500538,0.10440723,0.08984813
19.260000,0,FR_2,-0.12144941,-0.34077716,0.08367442
19.260000,0,RL_2,-0.37145838,0.21841691,0.07038312
19.260000,0,RR_2,-0.33500651,-0.23238054,0.09881497
19.280000,0,FL_2,-0.03200717,0.10282567,0.09073064
19.280000,0,FR_2,-0.12065767,-0.34289542,0.08379472
19.280000,0,RL_2,-0.37529957,0.22161834,0.07058538
19.280000,0,RR_2,-0.33609638,-0.23145597,0.09928916
19.300000,0,FL_2,-0.02914908,0.10135441,0.09158870
19.300000,0,FR_2,-0.12000017,-0.34564716,0.08411396
19.300000,0,RL_2,-0.37895238,0.22465764,0.07086815
19.300000,0,RR_2,-0.33758575,-0.22978286,0.10022750
19.320000,0,FL_2,-0.02545862,0.10037150,0.09213570
19.320000,0,FR_2,-0.11857170,-0.34903443,0.08437437
19.320000,0,RL_2,-0.38361865,0.22705519,0.07096978
19.320000,0,RR_2,-0.33985731,-0.22829698,0.10101272
19.340000,0,FL_2,-0.02262729,0.09880752,0.09312859
19.340000,0,FR_2,-0.11761431,-0.35114643,0.08455332
19.340000,0,RL_2,-0.38748530,0.22991595,0.07136220
19.340000,0,RR_2,-0.34094015,-0.22749668,0.10146558
19.360000,0,FL_2,-0.02022192,0.09782521,0.09376099
19.360000,0,FR_2,-0.11684451,-0.35316932,0.08480012
19.360000,0,RL_2,-0.39093447,0.23214173,0.07169363
19.360000,0,RR_2,-0.34214211,-0.22642578,0.10210946
19.380000,0,FL_2,-0.01694771,0.09674531,0.09446865
19.380000,0,FR_2,-0.11532560,-0.35641021,0.08516121
19.380000,0,RL_2,-0.39520302,0.23423560,0.07198741
19.380000,0,RR_2,-0.34445325,-0.22496659,0.10296973
19.400000,0,FL_2,-0.01327123,0.09596535,0.09498071
19.400000,0,FR_2,-0.11310078,-0.35912293,0.08521282
19.400000,0,RL_2,-0.40017304,0.23591024,0.07218184
19.400000,0,RR_2,-0.34677395,-0.22441442,0.10320875
19.420000,0,FL_2,-0.00972468,0.09440006,0.09609552
19.420000,0,FR_2,-0.11076348,-0.36193714,0.08531587
19.420000,0,RL_2,-0.40512842,0.23844893,0.07274842
19.420000,0,RR_2,-0.34913313,-0.22349054,0.10373817
19.440000,0,FL_2,-0.00652023,0.09414140,0.09626756
19.440000,0,FR_2,-0.10811536,-0.36341742,0.08495387
19.440000,0,RL_2,-0.41013232,0.23958671,0.07293655
19.440000,0,RR_2,-0.35107237,-0.22365257,0.10350053
19.460000,0,FL_2,-0.00368586,0.09336895,0.09683758
19.460000,0,FR_2,-0.10506861,-0.36512455,0.08457583
19.460000,0,RL_2,-0.41474193,0.24087106,0.07326142
19.460000,0,RR_2,-0.35351306,-0.22337903,0.10356648
19.480000,0,FL_2,-0.00063971,0.09147655,0.09828824
19.480000,0,FR_2,-0.10252334,-0.36816320,0.08483879
19.480000,0,RL_2,-0.41927135,0.24368449,0.07422103
19.480000,0,RR_2,-0.35573190,-0.22197646,0.10452451
19.500000,0,FL_2,0.00217004,0.09091885,0.09872717
19.500000,0,FR_2,-0.10045221,-0.36981207,0.08481105
19.500000,0,RL_2,-0.42374623,0.24510628,0.07475492
19.500000,0,RR_2,-0.35703006,-0.22171938,0.10466213
19.520000,0,FL_2,0.00507737,0.09014391,0.09934844
19.520000,0,FR_2,-0.09792887,-0.37197235,0.08486974
19.520000,0,RL_2,-0.42832533,0.24618535,0.07522805
19.520000,0,RR_2,-0.35933858,-0.22098058,0.10514117
19.540000,0,FL_2,0.00798517,0.08856774,0.10063243
19.540000,0,FR_2,-0.09572525,-0.37461373,0.08524923
19.540000,0,RL_2,-0.43285471,0.24828735,0.07618649
19.540000,0,RR_2,-0.36125380,-0.21999237,0.10585779
19.560000,0,FL_2,0.01093109,0.08852806,0.10068145
19.560000,0,FR_2,-0.09321626,-0.37595430,0.08507900
19.560000,0,RL_2,-0.43754736,0.24858610,0.07648794
19.560000,0,RR_2,-0.36312896,-0.22015968,0.10565132
19.580000,0,FL_2,0.01378264,0.08785875,0.10125108
19.580000,0,FR_2,-0.08993363,-0.37762877,0.08486558
19.580000,0,RL_2,-0.44219777,0.24903533,0.07691501
19.580000,0,RR_2,-0.36583102,-0.21997944,0.10570385
19.600000,0,FL_2,0.01663189,0.08697335,0.10200924
19.600000,0,FR_2,-0.08657083,-0.37935531,0.08469884
19.600000,0,RL_2,-0.44679332,0.24993078,0.07759423
19.600000,0,RR_2,-0.36820751,-0.21980757,0.10576926
19.620000,0,FL_2,0.01951132,0.08640209,0.10251509
19.620000,0,FR_2,-0.08302754,-0.38078439,0.08440913
19.620000,0,RL_2,-0.45144209,0.25041538,0.07817015
19.620000,0,RR_2,-0.37058634,-0.21976341,0.10573527
19.640000,0,FL_2,0.02202947,0.08593476,0.10293565
19.640000,0,FR_2,-0.07950994,-0.38168436,0.08394464
19.640000,0,RL_2,-0.45575219,0.25067580,0.07868133
19.640000,0,RR_2,-0.37273163,-0.21996751,0.10550514
19.660000,0,FL_2,0.02469783,0.08574875,0.10312479
19.660000,0,FR_2,-0.07559909,-0.38261774,0.08344626
19.660000,0,RL_2,-0.46007994,0.25040734,0.07901840
19.660000,0,RR_2,-0.37530029,-0.22012511,0.10530604
19.680000,0,FL_2,0.02694739,0.08541562,0.10343604
19.680000,0,FR_2,-0.07180704,-0.38310173,0.08282708
19.680000,0,RL_2,-0.46393660,0.25025159,0.07940213
19.680000,0,RR_2,-0.37750006,-0.22055799,0.10488886
19.700000,0,FL_2,0.02932654,0.08530004,0.10356802
19.700000,0,FR_2,-0.06786861,-0.38371301,0.08227801
19.700000,0,RL_2,-0.46770066,0.24977593,0.07967731
19.700000,0,RR_2,-0.37997761,-0.22078502,0.10464063
19.720000,0,FL_2,0.03188492,0.08510175,0.10377593
19.720000,0,FR_2,-0.06367257,-0.38436431,0.08174558
19.720000,0,RL_2,-0.47160664,0.24916795,0.07995804
19.720000,0,RR_2,-0.38261443,-0.22110696,0.10431294
19.740000,0,FL_2,0.03446186,0.08482914,0.10405034
19.740000,0,FR_2,-0.05941630,-0.38491139,0.08121124
19.740000,0,RL_2,-0.47555962,0.24859804,0.08030885
19.740000,0,RR_2,-0.38524890,-0.22145568,0.10396663
19.760000,0,FL_2,0.03706408,0.08453146,0.10434985
19.760000,0,FR_2,-0.05512901,-0.38540971,0.08070570
19.760000,0,RL_2,-0.47959358,0.24802993,0.08072162
19.760000,0,RR_2,-0.38789508,-0.22176984,0.10365300
19.780000,0,FL_2,0.03963923,0.08420153,0.10467971
19.780000,0,FR_2,-0.05087451,-0.38585344,0.08023637
19.780000,0,RL_2,-0.48367271,0.24747713,0.08119843
19.780000,0,RR_2,-0.39050019,-0.22206143,0.10336276
19.800000,0,FL_2,0.04223268,0.08386790,0.10501663
19.800000,0,FR_2,-0.04662969,-0.38629711,0.07982287
19.800000,0,RL_2,-0.48781696,0.24688229,0.08172044
19.800000,0,RR_2,-0.39312494,-0.22230057,0.10311998
19.820000,0,FL_2,0.04477656,0.08349748,0.10538705
19.820000,0,FR_2,-0.04244930,-0.38669050,0.07944922
19.820000,0,RL_2,-0.49195391,0.24629256,0.08229557
19.820000,0,RR_2,-0.39569956,-0.22253405,0.10288635
19.840000,0,FL_2,0.04736362,0.08313195,0.10575800
19.840000,0,FR_2,-0.03825695,-0.38710332,0.07913490
19.840000,0,RL_2,-0.49612892,0.24562426,0.08289820
19.840000,0,RR_2,-0.39833033,-0.22270921,0.10270450
19.860000,0,FL_2,0.04988528,0.08271480,0.10617450
19.860000,0,FR_2,-0.03412367,-0.38744336,0.07884653
19.860000,0,RL_2,-0.50025105,0.24496900,0.08354810
19.860000,0,RR_2,-0.40090048,-0.22290283,0.10251149
19.880000,0,FL_2,0.05247086,0.08235943,0.10654418
19.880000,0,FR_2,-0.02993256,-0.38774830,0.07858814
19.880000,0,RL_2,-0.50438219,0.24415402,0.08418541
19.880000,0,RR_2,-0.40355709,-0.22307377,0.10234028
19.900000,0,FL_2,0.05492959,0.08264547,0.10637514
19.900000,0,FR_2,-0.02566695,-0.38706905,0.07794422
19.900000,0,RL_2,-0.50814849,0.24253003,0.08444569
19.900000,0,RR_2,-0.40622777,-0.22397663,0.10156356
19.920000,0,FL_2,0.05711701,0.08226456,0.10676162
19.920000,0,FR_2,-0.02118174,-0.38702443,0.07761928
19.920000,0,RL_2,-0.51167691,0.24155004,0.08495964
19.920000,0,RR_2,-0.40911961,-0.22407405,0.10145947
19.940000,0,FL_2,0.05940501,0.08256477,0.10658821
19.940000,0,FR_2,-0.01686305,-0.38618889,0.07702269
19.940000,0,RL_2,-0.51491940,0.23993880,0.08518124
19.940000,0,RR_2,-0.41170040,-0.22496660,0.10070812
19.960000,0,FL_2,0.06161515,0.08324169,0.10611448
19.960000,0,FR_2,-0.01217301,-0.38482347,0.07625473
19.960000,0,RL_2,-0.51777047,0.23761450,0.08505942
19.960000,0,RR_2,-0.41475818,-0.22596724,0.09987995
19.980000,0,FL_2,0.06350903,0.08367805,0.10583802
19.980000,0,FR_2,-0.00740453,-0.38339436,0.07554036
19.980000,0,RL_2,-0.52019191,0.23559757,0.08498263
19.980000,0,RR_2,-0.41775501,-0.22691979,0.09910740
20.000000,0,FL_2,0.06556770,0.08462601,0.10517462
20.000000,0,FR_2,-0.00251308,-0.38151702,0.07473435
20.000000,0,RL_2,-0.52234185,0.23300308,0.08466069
20.000000,0,RR_2,-0.42087966,-0.22816116,0.09812587
20.020000,0,FL_2,0.06733130,0.08465203,0.10523813
20.020000,0,FR_2,0.00231585,-0.38043839,0.07432228
20.020000,0,RL_2,-0.52446365,0.23142804,0.08473180
20.020000,0,RR_2,-0.42386729,-0.22859478,0.09779039
20.040000,0,FL_2,0.06954092,0.08526648,0.10487266
20.040000,0,FR_2,0.00685978,-0.37896985,0.07383604
20.040000,0,RL_2,-0.52674365,0.22927472,0.08468388
20.040000,0,RR_2,-0.42668825,-0.22954050,0.09707200
20.060000,0,FL_2,0.07166679,0.08617877,0.10429370
20.060000,0,FR_2,0.01146691,-0.37691104,0.07321759
20.060000,0,RL_2,-0.52888149,0.22658652,0.08446477
20.060000,0,RR_2,-0.42982501,-0.23076034,0.09616831
20.080000,0,FL_2,0.07354296,0.08689984,0.10386530
20.080000,0,FR_2,0.01606032,-0.37491250,0.07270746
20.080000,0,RL_2,-0.53083807,0.22419843,0.08433447
20.080000,0,RR_2,-0.43298966,-0.23180890,0.09541782
20.100000,0,FL_2,0.07545684,0.08810299,0.10310449
20.100000,0,FR_2,0.02058195,-0.37240675,0.07211639
20.100000,0,RL_2,-0.53252560,0.22137266,0.08404154
20.100000,0,RR_2,-0.43619964,-0.23325858,0.09440401
20.120000,0,FL_2,0.07702699,0.08858509,0.10286476
20.120000,0,FR_2,0.02501518,-0.37061447,0.07183275
20.120000,0,RL_2,-0.53413278,0.21940663,0.08400574
20.120000,0,RR_2,-0.43925923,-0.23395033,0.09395637
20.140000,0,FL_2,0.07898922,0.08960750,0.10228221
20.140000,0,FR_2,0.02920906,-0.36847401,0.07150132
20.140000,0,RL_2,-0.53576803,0.21688589,0.08386792
20.140000,0,RR_2,-0.44223592,-0.23511809,0.09319358
20.160000,0,FL_2,0.08083892,0.09081265,0.10159014
20.160000,0,FR_2,0.03342473,-0.36591309,0.07113153
20.160000,0,RL_2,-0.53717762,0.21404180,0.08362821
20.160000,0,RR_2,-0.44545400,-0.23644191,0.09235875
20.180000,0,FL_2,0.08252127,0.09206148,0.10088360
20.180000,0,FR_2,0.03760296,-0.36320320,0.07080720
20.180000,0,RL_2,-0.53832126,0.21125090,0.08336981
20.180000,0,RR_2,-0.44871143,-0.23780467,0.09153461
20.200000,0,FL_2,0.08411304,0.09338776,0.10014662
20.200000,0,FR_2,0.04171973,-0.36041278,0.07054695
20.200000,0,RL_2,-0.53923047,0.20847070,0.08309095
20.200000,0,RR_2,-0.45196912,-0.23916844,0.09074734
20.220000,0,FL_2,0.08566353,0.09478363,0.09939079
20.220000,0,FR_2,0.04575630,-0.35756043,0.07035358
20.220000,0,RL_2,-0.53996181,0.20567009,0.08280284
20.220000,0,RR_2,-0.45522091,-0.24054191,0.08999169
20.240000,0,FL_2,0.08718951,0.09622133,0.09863745
20.240000,0,FR_2,0.04969982,-0.35466862,0.07022923
20.240000,0,RL_2,-0.54056710,0.20286235,0.08252481
20.240000,0,RR_2,-0.45846957,-0.24191254,0.08927662
20.260000,0,FL_2,0.08870439,0.09774103,0.09786472
20.260000,0,FR_2,0.05353447,-0.35168430,0.07016013
20.260000,0,RL_2,-0.54106301,0.20000653,0.08225669
20.260000,0,RR_2,-0.46173063,-0.24333560,0.08857034
20.280000,0,FL_2,0.09016284,0.09929372,0.09709968
20.280000,0,FR_2,0.05725235,-0.34865248,0.07015327
20.280000,0,RL_2,-0.54145396,0.19717515,0.08201146
20.280000,0,RR_2,-0.46499059,-0.24476674,0.08790107
20.300000,0,FL_2,0.09158911,0.10100242,0.09627497
20.300000,0,FR_2,0.06083478,-0.34546524,0.07018851
20.300000,0,RL_2,-0.54169983,0.19425322,0.08176429
20.300000,0,RR_2,-0.46827200,-0.24631426,0.08721046
20.320000,0,FL_2,0.09289119,0.10270520,0.09547570
20.320000,0,FR_2,0.06429258,-0.34229144,0.07029340
20.320000,0,RL_2,-0.54180807,0.19143227,0.08153839
20.320000,0,RR_2,-0.47152847,-0.24781610,0.08658977
20.340000,0,FL_2,0.09418776,0.10469903,0.09455469
20.340000,0,FR_2,0.06759790,-0.33886549,0.07042987
20.340000,0,RL_2,-0.54170763,0.18839473,0.08128800
20.340000,0,RR_2,-0.47483277,-0.24954185,0.08590098
20.360000,0,FL_2,0.09527667,0.10651948,0.09374005
20.360000,0,FR_2,0.07080562,-0.33563396,0.07065715
20.360000,0,RL_2,-0.54148299,0.18564671,0.08107446
20.360000,0,RR_2,-0.47806683,-0.25105613,0.08536756
20.380000,0,FL_2,0.09648003,0.10891531,0.09268945
20.380000,0,FR_2,0.07382591,-0.33189583,0.07089792
20.380000,0,RL_2,-0.54098320,0.18238088,0.08081862
20.380000,0,RR_2,-0.48142713,-0.25305930,0.08465251
20.400000,0,FL_2,0.09729202,0.11069947,0.09193220
20.400000,0,FR_2,0.07682084,-0.32876948,0.07126002
20.400000,0,RL_2,-0.54046273,0.17987619,0.08063273
20.400000,0,RR_2,-0.48460314,-0.25444758,0.08427444
20.420000,0,FL_2,0.09835146,0.11287944,0.09105903
20.420000,0,FR_2,0.07953161,-0.32543525,0.07163528
20.420000,0,RL_2,-0.53991103,0.17701653,0.08048588
20.420000,0,RR_2,-0.48771584,-0.25618419,0.08377340
20.440000,0,FL_2,0.09939144,0.11567809,0.08995379
20.440000,0,FR_2,0.08214410,-0.32140297,0.07206398
20.440000,0,RL_2,-0.53897387,0.17357527,0.08030922
20.440000,0,RR_2,-0.49115497,-0.25845212,0.08312948
20.460000,0,FL_2,0.09990618,0.11804447,0.08901347
20.460000,0,FR_2,0.08468107,-0.31775734,0.07257566
20.460000,0,RL_2,-0.53782415,0.17083479,0.08012125
20.460000,0,RR_2,-0.49442244,-0.26033914,0.08270079
20.480000,0,FL_2,0.10055080,0.12089822,0.08794408
20.480000,0,FR_2,0.08701289,-0.31390360,0.07314145
20.480000,0,RL_2,-0.53647947,0.16770576,0.07996930
20.480000,0,RR_2,-0.49770045,-0.26251525,0.08221957
20.500000,0,FL_2,0.10092492,0.12380422,0.08687260
20.500000,0,FR_2,0.08917902,-0.30997461,0.07377229
20.500000,0,RL_2,-0.53487110,0.16468421,0.07981664
20.500000,0,RR_2,-0.50096381,-0.26477450,0.08177653
20.520000,0,FL_2,0.10097365,0.12693724,0.08572479
20.520000,0,FR_2,0.09093215,-0.30592024,0.07442665
20.520000,0,RL_2,-0.53286421,0.16170906,0.07963650
20.520000,0,RR_2,-0.50402558,-0.26729542,0.08128636
20.540000,0,FL_2,0.10061552,0.12992537,0.08462095
20.540000,0,FR_2,0.09237415,-0.30228364,0.07507250
20.540000,0,RL_2,-0.53061110,0.15912426,0.07942465
20.540000,0,RR_2,-0.50672537,-0.26957944,0.08090124
20.560000,0,FL_2,0.10016870,0.13345626,0.08338903
20.560000,0,FR_2,0.09337584,-0.29842082,0.07574025
20.560000,0,RL_2,-0.52800149,0.15616509,0.07925877
20.560000,0,RR_2,-0.50928521,-0.27228799,0.08042598
20.580000,0,FL_2,0.09937219,0.13637277,0.08235333
20.580000,0,FR_2,0.09435698,-0.29540262,0.07636474
20.580000,0,RL_2,-0.52549136,0.15393239,0.07907557
20.580000,0,RR_2,-0.51150817,-0.27430069,0.08017775
20.600000,0,FL_2,0.09873694,0.13955081,0.08132995
20.600000,0,FR_2,0.09497000,-0.29228699,0.07698821
20.600000,0,RL_2,-0.52304190,0.15143885,0.07901442
20.600000,0,RR_2,-0.51355970,-0.27662754,0.07986033
20.620000,0,FL_2,0.09813546,0.14357261,0.08016605
20.620000,0,FR_2,0.09545895,-0.28840220,0.07779600
20.620000,0,RL_2,-0.52023160,0.14821860,0.07910523
20.620000,0,RR_2,-0.51599008,-0.27968979,0.07947880
20.640000,0,FL_2,0.09713519,0.14644352,0.07928756
20.640000,0,FR_2,0.09636418,-0.28564090,0.07853589
20.640000,0,RL_2,-0.51779920,0.14621128,0.07908533
20.640000,0,RR_2,-0.51823014,-0.28161940,0.07941930
20.660000,0,FL_2,0.09642084,0.14932379,0.07851324
20.660000,0,FR_2,0.09695839,-0.28285617,0.07926797
20.660000,0,RL_2,-0.51568580,0.14408386,0.07920396
20.660000,0,RR_2,-0.52025229,-0.28374219,0.07931893
20.680000,0,FL_2,0.09585429,0.15315495,0.07763829
20.680000,0,FR_2,0.09737720,-0.27917179,0.08024119
20.680000,0,RL_2,-0.51325667,0.14110859,0.07954469
20.680000,0,RR_2,-0.52265638,-0.28675091,0.07916428
20.700000,0,FL_2,0.09503536,0.15741685,0.07673511
20.700000,0,FR_2,0.09802590,-0.27510950,0.08145065
20.700000,0,RL_2,-0.51046491,0.13793926,0.07997082
20.700000,0,RR_2,-0.52552325,-0.29002753,0.07914937
20.720000,0,FL_2,0.09390045,0.16103703,0.07596810
20.720000,0,FR_2,0.09897599,-0.27168226,0.08262815
20.720000,0,RL_2,-0.50783366,0.13549413,0.08029592
20.720000,0,RR_2,-0.52836603,-0.29263857,0.07934144
20.740000,0,FL_2,0.09286910,0.16488108,0.07527550
20.740000,0,FR_2,0.09968325,-0.26808581,0.08389114
20.740000,0,RL_2,-0.50526321,0.13281579,0.08077833
20.740000,0,RR_2,-0.53118002,-0.29551485,0.07957033
20.760000,0,FL_2,0.09179244,0.16885662,0.07465155
20.760000,0,FR_2,0.10034890,-0.26447275,0.08523688
20.760000,0,RL_2,-0.50267202,0.13010217,0.08134958
20.760000,0,RR_2,-0.53404856,-0.29848415,0.07989241
20.780000,0,FL_2,0.09037212,0.17250113,0.07407663
20.780000,0,FR_2,0.10071845,-0.26114544,0.08650976
20.780000,0,RL_2,-0.50002396,0.12782133,0.08183061
20.780000,0,RR_2,-0.53658366,-0.30139741,0.08023006
20.800000,0,FL_2,0.08855528,0.17656696,0.07348371
20.800000,0,FR_2,0.10046807,-0.25764549,0.08782119
20.800000,0,RL_2,-0.49691275,0.12531872,0.08240767
20.800000,0,RR_2,-0.53875041,-0.30485255,0.08051887
20.820000,0,FL_2,0.08617943,0.17923044,0.07291553
20.820000,0,FR_2,0.10028462,-0.25580207,0.08853998
20.820000,0,RL_2,-0.49410206,0.12420042,0.08252385
20.820000,0,RR_2,-0.53997850,-0.30690426,0.08072405
20.840000,0,FL_2,0.08396753,0.18192287,0.07242783
20.840000,0,FR_2,0.09935545,-0.25412473,0.08909146
20.840000,0,RL_2,-0.49147615,0.12283720,0.08279547
20.840000,0,RR_2,-0.54039496,-0.30906740,0.08073650
20.860000,0,FL_2,0.08182691,0.18584575,0.07200985
20.860000,0,FR_2,0.09814091,-0.25162330,0.08999143
20.860000,0,RL_2,-0.48840737,0.12047987,0.08349609
20.860000,0,RR_2,-0.54092598,-0.31222901,0.08079058
20.880000,0,FL_2,0.07922401,0.19082583,0.07164085
20.880000,0,FR_2,0.09701206,-0.24824476,0.09137781
20.880000,0,RL_2,-0.48460671,0.11752789,0.08448459
20.880000,0,RR_2,-0.54200768,-0.31631568,0.08107533
20.900000,0,FL_2,0.07602707,0.19373421,0.07119018
20.900000,0,FR_2,0.09672982,-0.24673039,0.09206530
20.900000,0,RL_2,-0.48139158,0.11651786,0.08468124
20.900000,0,RR_2,-0.54275626,-0.31836614,0.08132380
20.920000,0,FL_2,0.07301454,0.19612671,0.07080272
20.920000,0,FR_2,0.09559880,-0.24534136,0.09258840
20.920000,0,RL_2,-0.47860980,0.11554773,0.08492529
20.920000,0,RR_2,-0.54274702,-0.32043740,0.08138007
20.940000,0,FL_2,0.07033461,0.19981207,0.07063517
20.940000,0,FR_2,0.09427597,-0.24316397,0.09351567
20.940000,0,RL_2,-0.47562119,0.11343119,0.08576855
20.940000,0,RR_2,-0.54292327,-0.32349947,0.08157067
20.960000,0,FL_2,0.06720293,0.20452414,0.07060661
20.960000,0,FR_2,0.09288236,-0.24003088,0.09500561
20.960000,0,RL_2,-0.47190425,0.11075741,0.08693139
20.960000,0,RR_2,-0.54359359,-0.32771376,0.08206568
20.980000,0,FL_2,0.06358560,0.20728193,0.07037430
20.980000,0,FR_2,0.09236290,-0.23875654,0.09564622
20.980000,0,RL_2,-0.46869120,0.10985485,0.08722639
20.980000,0,RR_2,-0.54399025,-0.32990375,0.08238690
21.000000,0,FL_2,0.05999737,0.20949470,0.07013655
21.000000,0,FR_2,0.09080446,-0.23751822,0.09615802
21.000000,0,RL_2,-0.46573132,0.10899960,0.08753623
21.000000,0,RR_2,-0.54351813,-0.33220020,0.08248216
21.020000,0,FL_2,0.05679835,0.21317132,0.07025544
21.020000,0,FR_2,0.08930861,-0.23560749,0.09709829
21.020000,0,RL_2,-0.46266794,0.10687242,0.08860835
21.020000,0,RR_2,-0.54326802,-0.33530387,0.08278558
21.040000,0,FL_2,0.05302981,0.21779098,0.07058797
21.040000,0,FR_2,0.08764885,-0.23267347,0.09869986
21.040000,0,RL_2,-0.45885295,0.10430802,0.08998518
21.040000,0,RR_2,-0.54343653,-0.33967927,0.08348723
21.060000,0,FL_2,0.04887853,0.22054210,0.07061779
21.060000,0,FR_2,0.08697352,-0.23160417,0.09930180
21.060000,0,RL_2,-0.45554823,0.10337739,0.09043609
21.060000,0,RR_2,-0.54344314,-0.34197369,0.08388156
21.080000,0,FL_2,0.04476000,0.22267765,0.07059528
21.080000,0,FR_2,0.08520133,-0.23047023,0.09985371
21.080000,0,RL_2,-0.45249850,0.10251027,0.09088143
21.080000,0,RR_2,-0.54260302,-0.34437001,0.08405629
21.100000,0,FL_2,0.04106502,0.22628984,0.07105497
21.100000,0,FR_2,0.08363399,-0.22871813,0.10086076
21.100000,0,RL_2,-0.44947010,0.10038176,0.09218275
21.100000,0,RR_2,-0.54201001,-0.34750921,0.08450665
21.120000,0,FL_2,0.03701124,0.22815618,0.07112171
21.120000,0,FR_2,0.08225618,-0.22801074,0.10121585
21.120000,0,RL_2,-0.44653189,0.09991015,0.09242209
21.120000,0,RR_2,-0.54099596,-0.34963405,0.08464855
21.140000,0,FL_2,0.03304899,0.23000216,0.07125403
21.140000,0,FR_2,0.08025618,-0.22724842,0.10157040
21.140000,0,RL_2,-0.44367996,0.09897979,0.09299009
21.140000,0,RR_2,-0.53933042,-0.35187975,0.08463816
21.160000,0,FL_2,0.02895685,0.23323786,0.07184773
21.160000,0,FR_2,0.07815020,-0.22554310,0.10260142
21.160000,0,RL_2,-0.44038820,0.09702267,0.09429401
21.160000,0,RR_2,-0.53783000,-0.35530123,0.08502485
21.180000,0,FL_2,0.02461277,0.23510534,0.07210426
21.180000,0,FR_2,0.07680260,-0.22509427,0.10282494
21.180000,0,RL_2,-0.43731102,0.09638119,0.09470607
21.180000,0,RR_2,-0.53630143,-0.35728857,0.08507435
21.200000,0,FL_2,0.02023664,0.23680153,0.07237634
21.200000,0,FR_2,0.07464868,-0.22431602,0.10324226
21.200000,0,RL_2,-0.43430924,0.09548706,0.09531794
21.200000,0,RR_2,-0.53425676,-0.35954770,0.08506845
21.220000,0,FL_2,0.01575221,0.23997547,0.07321894
21.220000,0,FR_2,0.07259638,-0.22270629,0.10430920
21.220000,0,RL_2,-0.43102661,0.09346399,0.09679183
21.220000,0,RR_2,-0.53251243,-0.36290786,0.08554039
21.240000,0,FL_2,0.01079639,0.24148189,0.07356721
21.240000,0,FR_2,0.07092486,-0.22233127,0.10449684
21.240000,0,RL_2,-0.42771065,0.09299729,0.09712702
21.240000,0,RR_2,-0.53056955,-0.36501139,0.08561029
21.260000,0,FL_2,0.00631041,0.24311757,0.07405544
21.260000,0,FR_2,0.06899588,-0.22183351,0.10477368
21.260000,0,RL_2,-0.42496738,0.09197973,0.09789987
21.260000,0,RR_2,-0.52842516,-0.36688882,0.08557667
21.280000,0,FL_2,0.00146325,0.24584712,0.07504144
21.280000,0,FR_2,0.06661539,-0.22019726,0.10593925
21.280000,0,RL_2,-0.42165428,0.09017247,0.09931724
21.280000,0,RR_2,-0.52627993,-0.37035134,0.08614558
21.300000,0,FL_2,-0.00359007,0.24723952,0.07560968
21.300000,0,FR_2,0.06502773,-0.22002624,0.10600521
21.300000,0,RL_2,-0.41846445,0.08955601,0.09981516
21.300000,0,RR_2,-0.52412486,-0.37229115,0.08621675
21.320000,0,FL_2,-0.00837718,0.24854462,0.07622430
21.320000,0,FR_2,0.06279590,-0.21946251,0.10636811
21.320000,0,RL_2,-0.41559732,0.08862257,0.10058095
21.320000,0,RR_2,-0.52160156,-0.37429637,0.08624016
21.340000,0,FL_2,-0.01330143,0.24994798,0.07696742
21.340000,0,FR_2,0.06050908,-0.21887912,0.10676056
21.340000,0,RL_2,-0.41252798,0.08760941,0.10142873
21.340000,0,RR_2,-0.51881158,-0.37660316,0.08635051
21.360000,0,FL_2,-0.01810788,0.25096160,0.07762308
21.360000,0,FR_2,0.05840962,-0.21868402,0.10685053
21.360000,0,RL_2,-0.40962315,0.08685093,0.10207832
21.360000,0,RR_2,-0.51589340,-0.37836158,0.08624797
21.380000,0,FL_2,-0.02285109,0.25132105,0.07806341
21.380000,0,FR_2,0.05602119,-0.21871938,0.10674500
21.380000,0,RL_2,-0.40675807,0.08645117,0.10243487
21.380000,0,RR_2,-0.51253092,-0.37977153,0.08591755
21.400000,0,FL_2,-0.02707244,0.25149307,0.07844729
21.400000,0,FR_2,0.05383529,-0.21907026,0.10638518
21.400000,0,RL_2,-0.40433216,0.08608986,0.10276024
21.400000,0,RR_2,-0.50903302,-0.38060701,0.08534729
21.420000,0,FL_2,-0.03118180,0.25118211,0.07866009
21.420000,0,FR_2,0.05124004,-0.21934943,0.10607705
21.420000,0,RL_2,-0.40178752,0.08599775,0.10286281
21.420000,0,RR_2,-0.50508171,-0.38148239,0.08472140
21.440000,0,FL_2,-0.03537470,0.25067878,0.07884678
21.440000,0,FR_2,0.04843526,-0.21978511,0.10563587
21.440000,0,RL_2,-0.39907396,0.08585200,0.10301592
21.440000,0,RR_2,-0.50065178,-0.38231501,0.08401462
21.460000,0,FL_2,-0.03947578,0.25023785,0.07910254
21.460000,0,FR_2,0.04571475,-0.22027804,0.10515304
21.460000,0,RL_2,-0.39643121,0.08562404,0.10324126
21.460000,0,RR_2,-0.49611056,-0.38292810,0.08325005
21.480000,0,FL_2,-0.04376173,0.24966198,0.07937335
21.480000,0,FR_2,0.04280559,-0.22066689,0.10475753
21.480000,0,RL_2,-0.39360669,0.08544104,0.10343514
21.480000,0,RR_2,-0.49135596,-0.38360175,0.08253168
21.500000,0,FL_2,-0.04753463,0.24949755,0.07980637
21.500000,0,FR_2,0.04060115,-0.22119799,0.10426283
21.500000,0,RL_2,-0.39138323,0.08504944,0.10379973
21.500000,0,RR_2,-0.48719212,-0.38379341,0.08178721
21.520000,0,FL_2,-0.05119129,0.24907008,0.08014981
21.520000,0,FR_2,0.03827944,-0.22137617,0.10406405
21.520000,0,RL_2,-0.38911170,0.08491445,0.10395084
21.520000,0,RR_2,-0.48327303,-0.38422015,0.08124138
21.540000,0,FL_2,-0.05550602,0.24818125,0.08044031
21.540000,0,FR_2,0.03529921,-0.22150876,0.10389406
21.540000,0,RL_2,-0.38617754,0.08479450,0.10410443
21.540000,0,RR_2,-0.47882620,-0.38512176,0.08085971
21.560000,0,FL_2,-0.05941299,0.24789193,0.08097480
21.560000,0,FR_2,0.03304202,-0.22202083,0.10342349
21.560000,0,RL_2,-0.38386911,0.08429321,0.10457188
21.560000,0,RR_2,-0.47491819,-0.38540018,0.08035040
21.580000,0,FL_2,-0.06313133,0.24745069,0.08145487
21.580000,0,FR_2,0.03074147,-0.22217517,0.10325478
21.580000,0,RL_2,-0.38159943,0.08405376,0.10482033
21.580000,0,RR_2,-0.47125825,-0.38578200,0.07996773
21.600000,0,FL_2,-0.06745705,0.24651992,0.08188719
21.600000,0,FR_2,0.02779023,-0.22224152,0.10315295
21.600000,0,RL_2,-0.37869933,0.08384930,0.10505614
21.600000,0,RR_2,-0.46698606,-0.38659421,0.07973249
21.620000,0,FL_2,-0.07192154,0.24580443,0.08249897
21.620000,0,FR_2,0.02494306,-0.22257273,0.10283515
21.620000,0,RL_2,-0.37587780,0.08336601,0.10553004
21.620000,0,RR_2,-0.46257550,-0.38711765,0.07940938
21.640000,0,FL_2,-0.07663650,0.24497005,0.08317876
21.640000,0,FR_2,0.02186060,-0.22274852,0.10264948
21.640000,0,RL_2,-0.37286147,0.08293644,0.10596791
21.640000,0,RR_2,-0.45786667,-0.38764060,0.07911274
21.660000,0,FL_2,-0.08053271,0.24481058,0.08401743
21.660000,0,FR_2,0.01980038,-0.22322348,0.10222895
21.660000,0,RL_2,-0.37083870,0.08229280,0.10656519
21.660000,0,RR_2,-0.45399141,-0.38746244,0.07864866
21.680000,0,FL_2,-0.08391149,0.24438302,0.08466022
21.680000,0,FR_2,0.01783858,-0.22322176,0.10221037
21.680000,0,RL_2,-0.36894107,0.08204304,0.10682794
21.680000,0,RR_2,-0.45056406,-0.38751054,0.07836645
21.700000,0,FL_2,-0.08774374,0.24329573,0.08517711
21.700000,0,FR_2,0.01517912,-0.22307745,0.10230801
21.700000,0,RL_2,-0.36634862,0.08183281,0.10707931
21.700000,0,RR_2,-0.44657359,-0.38811457,0.07832302
21.720000,0,FL_2,-0.09230461,0.24193195,0.08582669
21.720000,0,FR_2,0.01187375,-0.22307271,0.10228856
21.720000,0,RL_2,-0.36313444,0.08136668,0.10757047
21.720000,0,RR_2,-0.44179052,-0.38883719,0.07833425
21.740000,0,FL_2,-0.09573346,0.24185090,0.08675413
21.740000,0,FR_2,0.01008290,-0.22368605,0.10176420
21.740000,0,RL_2,-0.36144915,0.08052179,0.10833824
21.740000,0,RR_2,-0.43829662,-0.38837785,0.07794516
21.760000,0,FL_2,-0.09795931,0.24036133,0.08677851
21.760000,0,FR_2,0.00846449,-0.22466876,0.10094191
21.760000,0,RL_2,-0.36003760,0.08132183,0.10771026
21.760000,0,RR_2,-0.43544418,-0.38685197,0.07715607
21.780000,0,FL_2,-0.09998927,0.23765454,0.08628930
21.780000,0,FR_2,0.00557772,-0.22547194,0.10027381
21.780000,0,RL_2,-0.35820952,0.08241840,0.10687078
21.780000,0,RR_2,-0.43146333,-0.38555309,0.07647376
21.800000,0,FL_2,-0.10265088,0.23470807,0.08595957
21.800000,0,FR_2,0.00164059,-0.22618978,0.09968513
21.800000,0,RL_2,-0.35556418,0.08306959,0.10645264
21.800000,0,RR_2,-0.42602685,-0.38468048,0.07600683
21.820000,0,FL_2,-0.10548151,0.23211876,0.08588012
21.820000,0,FR_2,-0.00220942,-0.22742289,0.09870511
21.820000,0,RL_2,-0.35294437,0.08343482,0.10628127
21.820000,0,RR_2,-0.42019048,-0.38307837,0.07534111
21.840000,0,FL_2,-0.10855566,0.22946820,0.08591673
21.840000,0,FR_2,-0.00623165,-0.22844867,0.09791600
21.840000,0,RL_2,-0.35014516,0.08388694,0.10606608
21.840000,0,RR_2,-0.41398218,-0.38121060,0.07469852
21.860000,0,FL_2,-0.11039060,0.22791207,0.08597802
21.860000,0,FR_2,-0.00870255,-0.23009948,0.09666929
21.860000,0,RL_2,-0.34891406,0.08426477,0.10583866
21.860000,0,RR_2,-0.40928203,-0.37831286,0.07375778
21.880000,0,FL_2,-0.11123784,0.22590390,0.08560379
21.880000,0,FR_2,-0.01077458,-0.23121217,0.09585481
21.880000,0,RL_2,-0.34796852,0.08548377,0.10495883
21.880000,0,RR_2,-0.40552577,-0.37566230,0.07297961
21.900000,0,FL_2,-0.11242582,0.22304404,0.08511384
21.900000,0,FR_2,-0.01370390,-0.23189667,0.09538162
21.900000,0,RL_2,-0.34620866,0.08676673,0.10410697
21.900000,0,RR_2,-0.40125197,-0.37389544,0.07260670
21.920000,0,FL_2,-0.11461382,0.21968096,0.08486328
21.920000,0,FR_2,-0.01770174,-0.23262872,0.09490475
21.920000,0,RL_2,-0.34341815,0.08772681,0.10359432
21.920000,0,RR_2,-0.39599040,-0.37241235,0.07246277
21.940000,0,FL_2,-0.11610152,0.21752380,0.08477174
21.940000,0,FR_2,-0.02068003,-0.23440470,0.09369735
21.940000,0,RL_2,-0.34188721,0.08829895,0.10329488
21.940000,0,RR_2,-0.39183444,-0.36965331,0.07192620
21.960000,0,FL_2,-0.11689190,0.21506643,0.08441505
21.960000,0,FR_2,-0.02340329,-0.23581006,0.09278552
21.960000,0,RL_2,-0.34058726,0.08963641,0.10245129
21.960000,0,RR_2,-0.38823241,-0.36679310,0.07140602
21.980000,0,FL_2,-0.11813430,0.21189357,0.08408567
21.980000,0,FR_2,-0.02694933,-0.23672420,0.09225750
21.980000,0,RL_2,-0.33854365,0.09104753,0.10164966
21.980000,0,RR_2,-0.38379344,-0.36454201,0.07121713
22.000000,0,FL_2,-0.11944959,0.20908557,0.08391874
22.000000,0,FR_2,-0.03045204,-0.23804711,0.09148774
22.000000,0,RL_2,-0.33665550,0.09210195,0.10110919
22.000000,0,RR_2,-0.37935615,-0.36196277,0.07102703
22.020000,0,FL_2,-0.12097192,0.20594479,0.08380958
22.020000,0,FR_2,-0.03429907,-0.23923337,0.09085704
22.020000,0,RL_2,-0.33438796,0.09337360,0.10048991
22.020000,0,RR_2,-0.37461421,-0.35925233,0.07093390
22.040000,0,FL_2,-0.12145694,0.20380266,0.08359265
22.040000,0,FR_2,-0.03706035,-0.24123181,0.08971768
22.040000,0,RL_2,-0.33348751,0.09450745,0.09985228
22.040000,0,RR_2,-0.37113732,-0.35567409,0.07058664
22.060000,0,FL_2,-0.12122484,0.20133363,0.08312666
22.060000,0,FR_2,-0.03952535,-0.24261793,0.08898756
22.060000,0,RL_2,-0.33271229,0.09628986,0.09881621
22.060000,0,RR_2,-0.36815667,-0.35256088,0.07036611
22.080000,0,FL_2,-0.12156053,0.19794191,0.08276211
22.080000,0,FR_2,-0.04293528,-0.24354407,0.08860831
22.080000,0,RL_2,-0.33091339,0.09818914,0.09786130
22.080000,0,RR_2,-0.36426556,-0.35007372,0.07046518
22.100000,0,FL_2,-0.12134315,0.19547351,0.08239956
22.100000,0,FR_2,-0.04574182,-0.24547279,0.08765183
22.100000,0,RL_2,-0.33006322,0.09965874,0.09709287
22.100000,0,RR_2,-0.36127064,-0.34675285,0.07036597
22.120000,0,FL_2,-0.12079912,0.19270276,0.08195049
22.120000,0,FR_2,-0.04852719,-0.24697608,0.08698305
22.120000,0,RL_2,-0.32913557,0.10162307,0.09607844
22.120000,0,RR_2,-0.35845357,-0.34364244,0.07035242
22.140000,0,FL_2,-0.12104121,0.18904851,0.08173116
22.140000,0,FR_2,-0.05239580,-0.24809730,0.08663389
22.140000,0,RL_2,-0.32712144,0.10371276,0.09517847
22.140000,0,RR_2,-0.35450384,-0.34082320,0.07063419
22.160000,0,FL_2,-0.12080543,0.18645106,0.08150490
22.160000,0,FR_2,-0.05568064,-0.25028205,0.08573174
22.160000,0,RL_2,-0.32616061,0.10533914,0.09443580
22.160000,0,RR_2,-0.35140732,-0.33702132,0.07074833
22.180000,0,FL_2,-0.12025272,0.18367676,0.08122469
22.180000,0,FR_2,-0.05879037,-0.25193286,0.08515105
22.180000,0,RL_2,-0.32523346,0.10742679,0.09348111
22.180000,0,RR_2,-0.34847841,-0.33353782,0.07096007
22.200000,0,FL_2,-0.12036365,0.18005423,0.08118013
22.200000,0,FR_2,-0.06278899,-0.25320125,0.08488527
22.200000,0,RL_2,-0.32331786,0.10973311,0.09260902
22.200000,0,RR_2,-0.34459022,-0.33031195,0.07144928
22.220000,0,FL_2,-0.11986677,0.17742725,0.08103450
22.220000,0,FR_2,-0.06617135,-0.25555483,0.08410643
22.220000,0,RL_2,-0.32250428,0.11166107,0.09180637
22.220000,0,RR_2,-0.34172615,-0.32617643,0.07179774
22.240000,0,FL_2,-0.11899625,0.17459308,0.08083683
22.240000,0,FR_2,-0.06934556,-0.25731868,0.08364531
22.240000,0,RL_2,-0.32173899,0.11404889,0.09082200
22.240000,0,RR_2,-0.33904019,-0.32251912,0.07222951
22.260000,0,FL_2,-0.11738753,0.17208184,0.08048161
22.260000,0,FR_2,-0.07194255,-0.25971389,0.08290550
22.260000,0,RL_2,-0.32171339,0.11655754,0.08971357
22.260000,0,RR_2,-0.33727524,-0.31859058,0.07257225
22.280000,0,FL_2,-0.11542368,0.16903745,0.08012262
22.280000,0,FR_2,-0.07459745,-0.26171285,0.08240156
22.280000,0,RL_2,-0.32156405,0.11963920,0.08843626
22.280000,0,RR_2,-0.33551556,-0.31506068,0.07299550
22.300000,0,FL_2,-0.11346456,0.16576749,0.07986701
22.300000,0,FR_2,-0.07761108,-0.26388064,0.08193463
22.300000,0,RL_2,-0.32126060,0.12283072,0.08721392
22.300000,0,RR_2,-0.33360520,-0.31140518,0.07353237
22.320000,0,FL_2,-0.11137518,0.16278334,0.07963976
22.320000,0,FR_2,-0.08062871,-0.26622409,0.08147112
22.320000,0,RL_2,-0.32121092,0.12590417,0.08606547
22.320000,0,RR_2,-0.33186513,-0.30761927,0.07412788
22.340000,0,FL_2,-0.10913332,0.16001351,0.07942979
22.340000,0,FR_2,-0.08346377,-0.26864570,0.08102733
22.340000,0,RL_2,-0.32141039,0.12897238,0.08494110
22.340000,0,RR_2,-0.33039907,-0.30385876,0.07475322
22.360000,0,FL_2,-0.10671360,0.15726855,0.07925060
22.360000,0,FR_2,-0.08611612,-0.27115795,0.08059854
22.360000,0,RL_2,-0.32180095,0.13219196,0.08379667
22.360000,0,RR_2,-0.32920751,-0.30012983,0.07540572
22.380000,0,FL_2,-0.10415260,0.15453400,0.07911581
22.380000,0,FR_2,-0.08863412,-0.27369976,0.08021202
22.380000,0,RL_2,-0.32235983,0.13554332,0.08265009
22.380000,0,RR_2,-0.32821083,-0.29648453,0.07609163
22.400000,0,FL_2,-0.10153425,0.15184827,0.07903866
22.400000,0,FR_2,-0.09105539,-0.27622357,0.07988581
22.400000,0,RL_2,-0.32304338,0.13895027,0.08153724
22.400000,0,RR_2,-0.32734162,-0.29296231,0.07681280
22.420000,0,FL_2,-0.09892549,0.14920378,0.07903302
22.420000,0,FR_2,-0.09342515,-0.27874392,0.07962007
22.420000,0,RL_2,-0.32379386,0.14238511,0.08047841
22.420000,0,RR_2,-0.32656205,-0.28953180,0.07757512
22.440000,0,FL_2,-0.09636267,0.14659213,0.07910472
22.440000,0,FR_2,-0.09578692,-0.28127795,0.07941751
22.440000,0,RL_2,-0.32457581,0.14583606,0.07948416
22.440000,0,RR_2,-0.32583830,-0.28615382,0.07838833
22.460000,0,FL_2,-0.09386241,0.14401536,0.07925338
22.460000,0,FR_2,-0.09816876,-0.28382939,0.07928303
22.460000,0,RL_2,-0.32537451,0.14929147,0.07855993
22.460000,0,RR_2,-0.32514450,-0.28280786,0.07925934
22.480000,0,FL_2,-0.09142411,0.14147307,0.07947543
22.480000,0,FR_2,-0.10058326,-0.28639990,0.07922012
22.480000,0,RL_2,-0.32618690,0.15274936,0.07770668
22.480000,0,RR_2,-0.32446864,-0.27948371,0.08019145
22.500000,0,FL_2,-0.08903845,0.13896322,0.07976675
22.500000,0,FR_2,-0.10303201,-0.28898889,0.07923122
22.500000,0,RL_2,-0.32701582,0.15621322,0.07692284
22.500000,0,RR_2,-0.32380861,-0.27617967,0.08118510
22.520000,0,FL_2,-0.08669209,0.13648221,0.08012339
22.520000,0,FR_2,-0.10551065,-0.29159519,0.07931747
22.520000,0,RL_2,-0.32786807,0.15968965,0.07620621
22.520000,0,RR_2,-0.32316896,-0.27289879,0.08223750
22.540000,0,FL_2,-0.08437388,0.13402647,0.08054268
22.540000,0,FR_2,-0.10801330,-0.29421756,0.07947940
22.540000,0,RL_2,-0.32875061,0.16318561,0.07555489
22.540000,0,RR_2,-0.32255527,-0.26964593,0.08334560
22.560000,0,FL_2,-0.08207245,0.13158846,0.08102384
22.560000,0,FR_2,-0.11053556,-0.29686043,0.07971760
22.560000,0,RL_2,-0.32966912,0.16671205,0.07496762
22.560000,0,RR_2,-0.32197386,-0.26641995,0.08450744
22.580000,0,FL_2,-0.07977928,0.12916183,0.08156729
22.580000,0,FR_2,-0.11307830,-0.29952842,0.08003370
22.580000,0,RL_2,-0.33062905,0.17027996,0.07444432
22.580000,0,RR_2,-0.32142749,-0.26321742,0.08572333
22.600000,0,FL_2,-0.07690434,0.12715763,0.08193733
22.600000,0,FR_2,-0.11504835,-0.30275384,0.08023040
22.600000,0,RL_2,-0.33239326,0.17371552,0.07384428
22.600000,0,RR_2,-0.32170022,-0.25993931,0.08689378
22.620000,0,FL_2,-0.07419075,0.12471485,0.08256269
22.620000,0,FR_2,-0.11706774,-0.30529055,0.08057428
22.620000,0,RL_2,-0.33391467,0.17756566,0.07334879
22.620000,0,RR_2,-0.32148212,-0.25724080,0.08799215
22.640000,0,FL_2,-0.07116587,0.12273912,0.08302698
22.640000,0,FR_2,-0.11868791,-0.30843076,0.08084389
22.640000,0,RL_2,-0.33601877,0.18115987,0.07283227
22.640000,0,RR_2,-0.32200116,-0.25426582,0.08913696
22.660000,0,FL_2,-0.06756866,0.12078539,0.08348079
22.660000,0,FR_2,-0.11968569,-0.31179225,0.08101345
22.660000,0,RL_2,-0.33883286,0.18493904,0.07226028
22.660000,0,RR_2,-0.32303402,-0.25155652,0.09015167
22.680000,0,FL_2,-0.06415948,0.11877798,0.08404605
22.680000,0,FR_2,-0.12053536,-0.31454670,0.08122289
22.680000,0,RL_2,-0.34163263,0.18878748,0.07178760
22.680000,0,RR_2,-0.32376260,-0.24937716,0.09103140
22.700000,0,FL_2,-0.06036903,0.11711806,0.08447690
22.700000,0,FR_2,-0.12077517,-0.31790754,0.08131973
22.700000,0,RL_2,-0.34509343,0.19242102,0.07128178
22.700000,0,RR_2,-0.32532150,-0.24700370,0.09192478
22.720000,0,FL_2,-0.05733008,0.11479958,0.08535824
22.720000,0,FR_2,-0.12153061,-0.32026497,0.08160652
22.720000,0,RL_2,-0.34773493,0.19654733,0.07105418
22.720000,0,RR_2,-0.32571891,-0.24514973,0.09278169
22.740000,0,FL_2,-0.05458475,0.11296731,0.08608197
22.740000,0,FR_2,-0.12250753,-0.32307804,0.08202603
22.740000,0,RL_2,-0.35027182,0.20015141,0.07090756
22.740000,0,RR_2,-0.32636684,-0.24273542,0.09392449
22.760000,0,FL_2,-0.05073157,0.11138757,0.08664460
22.760000,0,FR_2,-0.12267438,-0.32717809,0.08235466
22.760000,0,RL_2,-0.35405180,0.20362256,0.07062470
22.760000,0,RR_2,-0.32828560,-0.24001423,0.09512177
22.780000,0,FL_2,-0.04759248,0.10953210,0.08746134
22.780000,0,FR_2,-0.12310874,-0.32954511,0.08270116
22.780000,0,RL_2,-0.35727644,0.20722969,0.07054865
22.780000,0,RR_2,-0.32882524,-0.23855883,0.09585863
22.800000,0,FL_2,-0.04478002,0.10784483,0.08825594
22.800000,0,FR_2,-0.12360888,-0.33230090,0.08315323
22.800000,0,RL_2,-0.36024559,0.21060015,0.07057400
22.800000,0,RR_2,-0.32980564,-0.23649557,0.09691380
22.820000,0,FL_2,-0.04092997,0.10637173,0.08891802
22.820000,0,FR_2,-0.12328428,-0.33625165,0.08355901
22.820000,0,RL_2,-0.36437887,0.21385698,0.07049409
22.820000,0,RR_2,-0.33191240,-0.23420426,0.09802522
22.840000,0,FL_2,-0.03718396,0.10505144,0.08954199
22.840000,0,FR_2,-0.12251219,-0.33909291,0.08373912
22.840000,0,RL_2,-0.36877394,0.21687850,0.07043408
22.840000,0,RR_2,-0.33351955,-0.23304859,0.09855527
22.860000,0,FL_2,-0.03337498,0.10378866,0.09017085
22.860000,0,FR_2,-0.12114178,-0.34211218,0.08380875
22.860000,0,RL_2,-0.37344134,0.21978039,0.07041366
22.860000,0,RR_2,-0.33575812,-0.23174436,0.09913956
22.880000,0,FL_2,-0.03044518,0.10213113,0.09112395
22.880000,0,FR_2,-0.12022575,-0.34419882,0.08390069
22.880000,0,RL_2,-0.37727141,0.22303720,0.07067490
22.880000,0,RR_2,-0.33688393,-0.23083656,0.09960909
22.900000,0,FL_2,-0.02775093,0.10072988,0.09195915
22.900000,0,FR_2,-0.11956255,-0.34678629,0.08420704
22.900000,0,RL_2,-0.38081428,0.22598843,0.07099175
22.900000,0,RR_2,-0.33824918,-0.22924712,0.10051970
22.920000,0,FL_2,-0.02421354,0.09972708,0.09253795
22.920000,0,FR_2,-0.11819516,-0.35014719,0.08450643
22.920000,0,RL_2,-0.38531369,0.22834027,0.07113890
22.920000,0,RR_2,-0.34045631,-0.22771041,0.10135980
22.940000,0,FL_2,-0.02102570,0.09831829,0.09343306
22.940000,0,FR_2,-0.11692546,-0.35267302,0.08470224
22.940000,0,RL_2,-0.38956454,0.23098586,0.07147688
22.940000,0,RR_2,-0.34198731,-0.22679798,0.10186264
22.960000,0,FL_2,-0.01795012,0.09735934,0.09404862
22.960000,0,FR_2,-0.11547576,-0.35508010,0.08485171
22.960000,0,RL_2,-0.39383051,0.23312980,0.07175469
22.960000,0,RR_2,-0.34378642,-0.22585380,0.10238584
22.980000,0,FL_2,-0.01425305,0.09623411,0.09479820
22.980000,0,FR_2,-0.11330087,-0.35824230,0.08502313
22.980000,0,RL_2,-0.39880583,0.23528321,0.07206771
22.980000,0,RR_2,-0.34638551,-0.22471745,0.10301457
23.000000,0,FL_2,-0.01155857,0.09505051,0.09563032
23.000000,0,FR_2,-0.11166579,-0.35985848,0.08497283
23.000000,0,RL_2,-0.40295801,0.23754159,0.07255372
23.000000,0,RR_2,-0.34756839,-0.22446685,0.10311778
23.020000,0,FL_2,-0.00921923,0.09393549,0.09643850
23.020000,0,FR_2,-0.11029630,-0.36191455,0.08516197
23.020000,0,RL_2,-0.40660068,0.23967955,0.07310140
23.020000,0,RR_2,-0.34907395,-0.22339538,0.10381266
23.040000,0,FL_2,-0.00620510,0.09359881,0.09667345
23.040000,0,FR_2,-0.10813063,-0.36421105,0.08521248
23.040000,0,RL_2,-0.41098276,0.24065779,0.07328168
23.040000,0,RR_2,-0.35123122,-0.22280739,0.10412673
23.060000,0,FL_2,-0.00284046,0.09235123,0.09761275
23.060000,0,FR_2,-0.10545987,-0.36702940,0.08532953
23.060000,0,RL_2,-0.41573647,0.24237636,0.07378232
23.060000,0,RR_2,-0.35382342,-0.22198066,0.10461763
23.080000,0,FL_2,0.00042547,0.09161883,0.09817717
23.080000,0,FR_2,-0.10270005,-0.36896151,0.08517027
23.080000,0,RL_2,-0.42062241,0.24371165,0.07422335
23.080000,0,RR_2,-0.35591742,-0.22185017,0.10461349
23.100000,0,FL_2,0.00381147,0.09040779,0.09913468
23.100000,0,FR_2,-0.09960642,-0.37148511,0.08517230
23.100000,0,RL_2,-0.42576009,0.24541718,0.07489088
23.100000,0,RR_2,-0.35856950,-0.22107221,0.10510166
23.120000,0,FL_2,0.00656821,0.08925000,0.10007171
23.120000,0,FR_2,-0.09714480,-0.37319329,0.08510442
23.120000,0,RL_2,-0.43041241,0.24729605,0.07571488
23.120000,0,RR_2,-0.36011231,-0.22075705,0.10528693
23.140000,0,FL_2,0.00922081,0.08814309,0.10098675
23.140000,0,FR_2,-0.09491134,-0.37535891,0.08531286
23.140000,0,RL_2,-0.43488356,0.24903722,0.07656705
23.140000,0,RR_2,-0.36194947,-0.21979529,0.10599194
23.160000,0,FL_2,0.01238972,0.08802387,0.10110463
23.160000,0,FR_2,-0.09193714,-0.37710679,0.08519194
23.160000,0,RL_2,-0.43991634,0.24924563,0.07687806
23.160000,0,RR_2,-0.36427021,-0.21973501,0.10595787
23.180000,0,FL_2,0.01491816,0.08724934,0.10176460
23.180000,0,FR_2,-0.08884046,-0.37839401,0.08488990
23.180000,0,RL_2,-0.44433466,0.24989906,0.07741267
23.180000,0,RR_2,-0.36646679,-0.21979851,0.10583181
23.200000,0,FL_2,0.01755203,0.08667815,0.10226436
23.200000,0,FR_2,-0.08560093,-0.37987471,0.08466879
23.200000,0,RL_2,-0.44862726,0.25045118,0.07795575
23.200000,0,RR_2,-0.36879060,-0.21962604,0.10590236
23.220000,0,FL_2,0.02052483,0.08629538,0.10261545
23.220000,0,FR_2,-0.08179522,-0.38131291,0.08433285
23.220000,0,RL_2,-0.45324022,0.25048438,0.07835922
23.220000,0,RR_2,-0.37145209,-0.21968104,0.10577987
23.240000,0,FL_2,0.02306785,0.08583509,0.10303190
23.240000,0,FR_2,-0.07802999,-0.38210151,0.08377770
23.240000,0,RL_2,-0.45747197,0.25056717,0.07880774
23.240000,0,RR_2,-0.37373543,-0.22005542,0.10540476
23.260000,0,FL_2,0.02568441,0.08564481,0.10322542
23.260000,0,FR_2,-0.07399587,-0.38288909,0.08320777
23.260000,0,RL_2,-0.46165439,0.25025886,0.07913250
23.260000,0,RR_2,-0.37631938,-0.22028887,0.10514323
23.280000,0,FL_2,0.02816322,0.08537487,0.10348769
23.280000,0,FR_2,-0.06987117,-0.38347307,0.08258182
23.280000,0,RL_2,-0.46568036,0.24991661,0.07947415
23.280000,0,RR_2,-0.37879926,-0.22068350,0.10475282
23.300000,0,FL_2,0.03083109,0.08520547,0.10367134
23.300000,0,FR_2,-0.06550285,-0.38414934,0.08200128
23.300000,0,RL_2,-0.46981215,0.24934351,0.07977799
23.300000,0,RR_2,-0.38154614,-0.22096750,0.10445282
23.320000,0,FL_2,0.03310383,0.08485112,0.10400805
23.320000,0,FR_2,-0.06145148,-0.38446161,0.08137798
23.320000,0,RL_2,-0.47358751,0.24903923,0.08019609
23.320000,0,RR_2,-0.38383725,-0.22142084,0.10402433
23.340000,0,FL_2,0.03553317,0.08468506,0.10419136
23.340000,0,FR_2,-0.05740400,-0.38497034,0.08089076
23.340000,0,RL_2,-0.47738335,0.24848275,0.08055061
23.340000,0,RR_2,-0.38634136,-0.22160754,0.10381816
23.360000,0,FL_2,0.03814247,0.08442413,0.10446152
23.360000,0,FR_2,-0.05320272,-0.38556123,0.08046481
23.360000,0,RL_2,-0.48139644,0.24781817,0.08094008
23.360000,0,RR_2,-0.38898888,-0.22186081,0.10355709
23.380000,0,FL_2,0.04079197,0.08408982,0.10479817
23.380000,0,FR_2,-0.04896472,-0.38608670,0.08005848
23.380000,0,RL_2,-0.48552215,0.24717943,0.08141103
23.380000,0,RR_2,-0.39166647,-0.22213280,0.10328363
23.400000,0,FL_2,0.04343208,0.08371551,0.10517210
23.400000,0,FR_2,-0.04472003,-0.38654074,0.07967372
23.400000,0,RL_2,-0.48971483,0.24656302,0.08195696
23.400000,0,RR_2,-0.39433607,-0.22239265,0.10302452
23.420000,0,FL_2,0.04604257,0.08332452,0.10556319
23.420000,0,FR_2,-0.04048735,-0.38694122,0.07932086
23.420000,0,RL_2,-0.49393022,0.24594121,0.08255924
23.420000,0,RR_2,-0.39698425,-0.22262034,0.10279635
23.440000,0,FL_2,0.04860872,0.08292013,0.10596816
23.440000,0,FR_2,-0.03628619,-0.38729590,0.07900447
23.440000,0,RL_2,-0.49812186,0.24530056,0.08320284
23.440000,0,RR_2,-0.39959753,-0.22281772,0.10259789
23.460000,0,FL_2,0.05115773,0.08250915,0.10638191
23.460000,0,FR_2,-0.03210206,-0.38762891,0.07873247
23.460000,0,RL_2,-0.50228173,0.24461101,0.08387266
23.460000,0,RR_2,-0.40220410,-0.22297673,0.10243533
23.480000,0,FL_2,0.05367234,0.08251796,0.10644456
23.480000,0,FR_2,-0.02786649,-0.38738722,0.07825486
23.480000,0,RL_2,-0.50623733,0.24335824,0.08430863
23.480000,0,RR_2,-0.40484494,-0.22355062,0.10192973
23.500000,0,FL_2,0.05597864,0.08237500,0.10663353
23.500000,0,FR_2,-0.02348920,-0.38713884,0.07781878
23.500000,0,RL_2,-0.50990528,0.24216656,0.08474787
23.500000,0,RR_2,-0.40762624,-0.22394066,0.10158145
23.520000,0,FL_2,0.05828313,0.08311021,0.10609943
23.520000,0,FR_2,-0.01897433,-0.38580346,0.07696874
23.520000,0,RL_2,-0.51308721,0.23995696,0.08469200
23.520000,0,RR_2,-0.41045538,-0.22519214,0.10053238
23.540000,0,FL_2,0.06017359,0.08282293,0.10640272
23.540000,0,FR_2,-0.01427854,-0.38538915,0.07656968
23.540000,0,RL_2,-0.51596856,0.23880017,0.08501859
23.540000,0,RR_2,-0.41342407,-0.22534850,0.10038705
23.560000,0,FL_2,0.06241022,0.08307789,0.10627864
23.560000,0,FR_2,-0.00985055,-0.38457394,0.07607874
23.560000,0,RL_2,-0.51882118,0.23720291,0.08519770
23.560000,0,RR_2,-0.41602635,-0.22609048,0.09977552
23.580000,0,FL_2,0.06468882,0.08412700,0.10552976
23.580000,0,FR_2,-0.00515074,-0.38268211,0.07521698
23.580000,0,RL_2,-0.52134526,0.23439063,0.08487007
23.580000,0,RR_2,-0.41910699,-0.22745538,0.09868085
23.600000,0,FL_2,0.06646262,0.08406103,0.10566251
23.600000,0,FR_2,-0.00037007,-0.38169476,0.07479425
23.600000,0,RL_2,-0.52369863,0.23285469,0.08500469
23.600000,0,RR_2,-0.42215782,-0.22784682,0.09837082
23.620000,0,FL_2,0.06862227,0.08454983,0.10538180
23.620000,0,FR_2,0.00411352,-0.38037968,0.07431653
23.620000,0,RL_2,-0.52611500,0.23090060,0.08504215
23.620000,0,RR_2,-0.42492422,-0.22873051,0.09768748
23.640000,0,FL_2,0.07080477,0.08589602,0.10445917
23.640000,0,FR_2,0.00877121,-0.37788612,0.07348650
23.640000,0,RL_2,-0.52818435,0.22774029,0.08461872
23.640000,0,RR_2,-0.42814103,-0.23035258,0.09646410
23.660000,0,FL_2,0.07238026,0.08601030,0.10446259
23.660000,0,FR_2,0.01346079,-0.37648526,0.07313804
23.660000,0,RL_2,-0.53011441,0.22604564,0.08467287
23.660000,0,RR_2,-0.43124914,-0.23081152,0.09613995
23.680000,0,FL_2,0.07440966,0.08657500,0.10416130
23.680000,0,FR_2,0.01777503,-0.37496442,0.07280463
23.680000,0,RL_2,-0.53219581,0.22405112,0.08471034
23.680000,0,RR_2,-0.43402535,-0.23166987,0.09552965
23.700000,0,FL_2,0.07658267,0.08823958,0.10308254
23.700000,0,FR_2,0.02220067,-0.37202722,0.07209052
23.700000,0,RL_2,-0.53389913,0.22058132,0.08424987
23.700000,0,RR_2,-0.43731901,-0.23350140,0.09424567
23.720000,0,FL_2,0.07796614,0.08853386,0.10296880
23.720000,0,FR_2,0.02666825,-0.37025604,0.07183927
23.720000,0,RL_2,-0.53541791,0.21875048,0.08423509
23.720000,0,RR_2,-0.44045916,-0.23404925,0.09390634
23.740000,0,FL_2,0.07985710,0.08918428,0.10264685
23.740000,0,FR_2,0.03075406,-0.36856923,0.07165362
23.740000,0,RL_2,-0.53713500,0.21672866,0.08426054
23.740000,0,RR_2,-0.44324422,-0.23487237,0.09338345
23.760000,0,FL_2,0.08196849,0.09091227,0.10161529
23.760000,0,FR_2,0.03489031,-0.36551589,0.07115655
23.760000,0,RL_2,-0.53851300,0.21327357,0.08387488
23.760000,0,RR_2,-0.44654024,-0.23667611,0.09222741
23.780000,0,FL_2,0.08339821,0.09201182,0.10099389
23.780000,0,FR_2,0.03912764,-0.36276823,0.07085076
23.780000,0,RL_2,-0.53949046,0.21062241,0.08360720
23.780000,0,RR_2,-0.44988209,-0.23790380,0.09150289
23.800000,0,FL_2,0.08500298,0.09359018,0.10009746
23.800000,0,FR_2,0.04322505,-0.35973883,0.07055500
23.800000,0,RL_2,-0.54021311,0.20764759,0.08324285
23.800000,0,RR_2,-0.45315760,-0.23947406,0.09059154
23.820000,0,FL_2,0.08646430,0.09519464,0.09920856
23.820000,0,FR_2,0.04733271,-0.35659063,0.07033311
23.820000,0,RL_2,-0.54066843,0.20462830,0.08284464
23.820000,0,RR_2,-0.45653796,-0.24099095,0.08976304
23.840000,0,FL_2,0.08791491,0.09692426,0.09827844
23.840000,0,FR_2,0.05134558,-0.35332271,0.07017623
23.840000,0,RL_2,-0.54093730,0.20154878,0.08243915
23.840000,0,RR_2,-0.45992124,-0.24259809,0.08892588
23.860000,0,FL_2,0.08926331,0.09839211,0.09753394
23.860000,0,FR_2,0.05525735,-0.35034373,0.07015762
23.860000,0,RL_2,-0.54119396,0.19880338,0.08213541
23.860000,0,RR_2,-0.46321416,-0.24391684,0.08830138
23.880000,0,FL_2,0.09081683,0.10032379,0.09657370
23.880000,0,FR_2,0.05898969,-0.34693471,0.07013260
23.880000,0,RL_2,-0.54135853,0.19558614,0.08180013
23.880000,0,RR_2,-0.46659642,-0.24566102,0.08747977
23.900000,0,FL_2,0.09202132,0.10155648,0.09601205
23.900000,0,FR_2,0.06261489,-0.34418571,0.07028057
23.900000,0,RL_2,-0.54161644,0.19320089,0.08163637
23.900000,0,RR_2,-0.46977523,-0.24674790,0.08706149
23.920000,0,FL_2,0.09353846,0.10322896,0.09526864
23.920000,0,FR_2,0.06592574,-0.34118861,0.07041945
23.920000,0,RL_2,-0.54192913,0.19040880,0.08149378
23.920000,0,RR_2,-0.47288802,-0.24822894,0.08645882
23.940000,0,FL_2,0.09496316,0.10536337,0.09430408
23.940000,0,FR_2,0.06912894,-0.33758387,0.07055385
23.940000,0,RL_2,-0.54191631,0.18716046,0.08127766
23.940000,0,RR_2,-0.47626099,-0.25011864,0.08570720
23.960000,0,FL_2,0.09596161,0.10729729,0.09343371
23.960000,0,FR_2,0.07221832,-0.33415127,0.07077827
23.960000,0,RL_2,-0.54160774,0.18435884,0.08105895
23.960000,0,RR_2,-0.47953686,-0.25179273,0.08511616
23.980000,0,FL_2,0.09702958,0.10985680,0.09230370
23.980000,0,FR_2,0.07514554,-0.33027315,0.07103473
23.980000,0,RL_2,-0.54091501,0.18104276,0.08077396
23.980000,0,RR_2,-0.48292595,-0.25389808,0.08438115
24.000000,0,FL_2,0.09771834,0.11180580,0.09146640
24.000000,0,FR_2,0.07808412,-0.32704547,0.07141896
24.000000,0,RL_2,-0.54017204,0.17847405,0.08054802
24.000000,0,RR_2,-0.48613256,-0.25536320,0.08399288
24.020000,0,FL_2,0.09868859,0.11411456,0.09054346
24.020000,0,FR_2,0.08076668,-0.32364622,0.07182675
24.020000,0,RL_2,-0.53942245,0.17555755,0.08037545
24.020000,0,RR_2,-0.48928103,-0.25714418,0.08350277
24.040000,0,FL_2,0.09967295,0.11696768,0.08943593
24.040000,0,FR_2,0.08336106,-0.31960452,0.07229897
24.040000,0,RL_2,-0.53835744,0.17211309,0.08020093
24.040000,0,RR_2,-0.49274242,-0.25941607,0.08289376
24.060000,0,FL_2,0.10016970,0.11939239,0.08849326
24.060000,0,FR_2,0.08585691,-0.31592005,0.07284626
24.060000,0,RL_2,-0.53712708,0.16935124,0.08002407
24.060000,0,RR_2,-0.49602610,-0.26134720,0.08247935
24.080000,0,FL_2,0.10071470,0.12229788,0.08741719
24.080000,0,FR_2,0.08805792,-0.31199440,0.07343453
24.080000,0,RL_2,-0.53565973,0.16625212,0.07987472
24.080000,0,RR_2,-0.49926019,-0.26362103,0.08198850
24.100000,0,FL_2,0.10091914,0.12519681,0.08634883
24.100000,0,FR_2,0.09004077,-0.30812925,0.07407046
24.100000,0,RL_2,-0.53391892,0.16335972,0.07971199
24.100000,0,RR_2,-0.50237930,-0.26588446,0.08156003
24.120000,0,FL_2,0.10085226,0.12847173,0.08516175
24.120000,0,FR_2,0.09157927,-0.30406925,0.07472793
24.120000,0,RL_2,-0.53174692,0.16035283,0.07953241
24.120000,0,RR_2,-0.50531888,-0.26850200,0.08105513
24.140000,0,FL_2,0.10034966,0.13138357,0.08408722
24.140000,0,FR_2,0.09290513,-0.30065623,0.07536453
24.140000,0,RL_2,-0.52943587,0.15792648,0.07931933
24.140000,0,RR_2,-0.50787026,-0.27065316,0.08072335
24.160000,0,FL_2,0.09984598,0.13471875,0.08293821
24.160000,0,FR_2,0.09378395,-0.29711306,0.07600065
24.160000,0,RL_2,-0.52692139,0.15518865,0.07917528
24.160000,0,RR_2,-0.51022100,-0.27316993,0.08030500
24.180000,0,FL_2,0.09916294,0.13815700,0.08179864
24.180000,0,FR_2,0.09455848,-0.29365227,0.07667933
24.180000,0,RL_2,-0.52424979,0.15246335,0.07907393
24.180000,0,RR_2,-0.51254839,-0.27567694,0.07995364
24.200000,0,FL_2,0.09841726,0.14176969,0.08067729
24.200000,0,FR_2,0.09524997,-0.29012403,0.07742781
24.200000,0,RL_2,-0.52149951,0.14964975,0.07905564
24.200000,0,RR_2,-0.51492202,-0.27832198,0.07964094
24.220000,0,FL_2,0.09755322,0.14510791,0.07968078
24.220000,0,FR_2,0.09601071,-0.28690144,0.07820398
24.220000,0,RL_2,-0.51888394,0.14716126,0.07907568
24.220000,0,RR_2,-0.51725459,-0.28070506,0.07945779
24.240000,0,FL_2,0.09679982,0.14886224,0.07868534
24.240000,0,FR_2,0.09662796,-0.28328317,0.07910641
24.240000,0,RL_2,-0.51622611,0.14429641,0.07925043
24.240000,0,RR_2,-0.51972884,-0.28352922,0.07926422
24.260000,0,FL_2,0.09587567,0.15207136,0.07784918
24.260000,0,FR_2,0.09744344,-0.28019199,0.07999773
24.260000,0,RL_2,-0.51380342,0.14201495,0.07939746
24.260000,0,RR_2,-0.52213353,-0.28583184,0.07924515
24.280000,0,FL_2,0.09511381,0.15553486,0.07706419
24.280000,0,FR_2,0.09804562,-0.27686071,0.08097266
24.280000,0,RL_2,-0.51146179,0.13946044,0.07969536
24.280000,0,RR_2,-0.52453721,-0.28845984,0.07922451
24.300000,0,FL_2,0.09433360,0.15966201,0.07625053
24.300000,0,FR_2,0.09860106,-0.27295384,0.08217838
24.300000,0,RL_2,-0.50883198,0.13640057,0.08017083
24.300000,0,RR_2,-0.52728242,-0.29165620,0.07925671
24.320000,0,FL_2,0.09323411,0.16271523,0.07561143
24.320000,0,FR_2,0.09951442,-0.27010223,0.08321457
24.320000,0,RL_2,-0.50656426,0.13443436,0.08043870
24.320000,0,RR_2,-0.52980304,-0.29379782,0.07949267
24.340000,0,FL_2,0.09237921,0.16582286,0.07507186
24.340000,0,FR_2,0.10005268,-0.26721296,0.08424633
24.340000,0,RL_2,-0.50452936,0.13228132,0.08085169
24.340000,0,RR_2,-0.53208613,-0.29612046,0.07970490
24.360000,0,FL_2,0.09160931,0.16988042,0.07452552
24.360000,0,FR_2,0.10037081,-0.26355323,0.08556674
24.360000,0,RL_2,-0.50213492,0.12935315,0.08154623
24.360000,0,RR_2,-0.53468096,-0.29929456,0.07995949
24.380000,0,FL_2,0.08986536,0.17355804,0.07390595
24.380000,0,FR_2,0.10029033,-0.26011193,0.08682597
24.380000,0,RL_2,-0.49915358,0.12718591,0.08195881
24.380000,0,RR_2,-0.53689325,-0.30260509,0.08020285
24.400000,0,FL_2,0.08778970,0.17782918,0.07328007
24.400000,0,FR_2,0.09997990,-0.25677368,0.08809005
24.400000,0,RL_2,-0.49575210,0.12459577,0.08255804
24.400000,0,RR_2,-0.53887659,-0.30600968,0.08047767
24.420000,0,FL_2,0.08515255,0.18109041,0.07267093
24.420000,0,FR_2,0.09963392,-0.25452235,0.08896780
24.420000,0,RL_2,-0.49250367,0.12309050,0.08280306
24.420000,0,RR_2,-0.54019690,-0.30852267,0.08070465
24.440000,0,FL_2,0.08270210,0.18456294,0.07216940
24.440000,0,FR_2,0.09887940,-0.25236654,0.08977801
24.440000,0,RL_2,-0.48945159,0.12121758,0.08327749
24.440000,0,RR_2,-0.54105461,-0.31109405,0.08085266
24.460000,0,FL_2,0.08022676,0.18898672,0.07176668
24.460000,0,FR_2,0.09785111,-0.24941353,0.09095520
24.460000,0,RL_2,-0.48604807,0.11863226,0.08410271
24.460000,0,RR_2,-0.54208803,-0.31462562,0.08109426
24.480000,0,FL_2,0.07738637,0.19196470,0.07134833
24.480000,0,FR_2,0.09736709,-0.24778163,0.09165177
24.480000,0,RL_2,-0.48307014,0.11741900,0.08439556
24.480000,0,RR_2,-0.54276961,-0.31681269,0.08130141
24.500000,0,FL_2,0.07457379,0.19472268,0.07098673
24.500000,0,FR_2,0.09614596,-0.24606940,0.09230475
24.500000,0,RL_2,-0.48022154,0.11614008,0.08476590
24.500000,0,RR_2,-0.54285628,-0.31927460,0.08137576
24.520000,0,FL_2,0.07191221,0.19874221,0.07081278
24.520000,0,FR_2,0.09488232,-0.24361581,0.09336468
24.520000,0,RL_2,-0.47703800,0.11380149,0.08568439
24.520000,0,RR_2,-0.54323620,-0.32260668,0.08161774
24.540000,0,FL_2,0.06872950,0.20313659,0.07070079
24.540000,0,FR_2,0.09369904,-0.24074976,0.09471957
24.540000,0,RL_2,-0.47335732,0.11144077,0.08665866
24.540000,0,RR_2,-0.54395020,-0.32645658,0.08207519
24.560000,0,FL_2,0.06517137,0.20622595,0.07048707
24.560000,0,FR_2,0.09300394,-0.23913486,0.09551556
24.560000,0,RL_2,-0.47004515,0.11020863,0.08711326
24.560000,0,RR_2,-0.54441202,-0.32896167,0.08242826
24.580000,0,FL_2,0.06162163,0.20925489,0.07034807
24.580000,0,FR_2,0.09159757,-0.23735069,0.09634909
24.580000,0,RL_2,-0.46684831,0.10878029,0.08772346
24.580000,0,RR_2,-0.54439747,-0.33177528,0.08271005
24.600000,0,FL_2,0.05821806,0.21351123,0.07052118
24.600000,0,FR_2,0.09026195,-0.23492716,0.09761081
24.600000,0,RL_2,-0.46346292,0.10636682,0.08894721
24.600000,0,RR_2,-0.54469675,-0.33536193,0.08324689
24.620000,0,FL_2,0.05439472,0.21570241,0.07037016
24.620000,0,FR_2,0.08929917,-0.23401731,0.09805088
24.620000,0,RL_2,-0.46045968,0.10584371,0.08911753
24.620000,0,RR_2,-0.54446381,-0.33743325,0.08346687
24.640000,0,FL_2,0.05080015,0.21763344,0.07025924
24.640000,0,FR_2,0.08755030,-0.23318891,0.09837006
24.640000,0,RL_2,-0.45772642,0.10503527,0.08949042
24.640000,0,RR_2,-0.54340416,-0.33950880,0.08344921
24.660000,0,FL_2,0.04741053,0.22098956,0.07053251
24.660000,0,FR_2,0.08572005,-0.23145649,0.09927064
24.660000,0,RL_2,-0.45470634,0.10308728,0.09058895
24.660000,0,RR_2,-0.54252023,-0.34265664,0.08370672
24.680000,0,FL_2,0.04352770,0.22487189,0.07097518
24.680000,0,FR_2,0.08411773,-0.22926447,0.10054152
24.680000,0,RL_2,-0.45117119,0.10099497,0.09182562
24.680000,0,RR_2,-0.54201889,-0.34639189,0.08427300
24.700000,0,FL_2,0.03929794,0.22678642,0.07099454
24.700000,0,FR_2,0.08307106,-0.22869499,0.10082619
24.700000,0,RL_2,-0.44807160,0.10051621,0.09205502
24.700000,0,RR_2,-0.54119170,-0.34829301,0.08441076
24.720000,0,FL_2,0.03521261,0.22849107,0.07103871
24.720000,0,FR_2,0.08108586,-0.22794969,0.10115836
24.720000,0,RL_2,-0.44519800,0.09975135,0.09249775
24.720000,0,RR_2,-0.53964126,-0.35039216,0.08438425
24.740000,0,FL_2,0.03126119,0.23173019,0.07159019
24.740000,0,FR_2,0.07914513,-0.22635981,0.10210009
24.740000,0,RL_2,-0.44209695,0.09779397,0.09378048
24.740000,0,RR_2,-0.53832108,-0.35357255,0.08473337
24.760000,0,FL_2,0.02680522,0.23444310,0.07205185
24.760000,0,FR_2,0.07747575,-0.22508000,0.10288313
24.760000,0,RL_2,-0.43872690,0.09653087,0.09461860
24.760000,0,RR_2,-0.53705746,-0.35654137,0.08511072
24.780000,0,FL_2,0.02222580,0.23757428,0.07274473
24.780000,0,FR_2,0.07576638,-0.22351152,0.10390662
24.780000,0,RL_2,-0.43537670,0.09473814,0.09587919
24.780000,0,RR_2,-0.53591800,-0.35972074,0.08565088
24.800000,0,FL_2,0.01744582,0.23887776,0.07292014
24.800000,0,FR_2,0.07426083,-0.22329424,0.10397083
24.800000,0,RL_2,-0.43229324,0.09448229,0.09603901
24.800000,0,RR_2,-0.53433508,-0.36148709,0.08567621
24.820000,0,FL_2,0.01314032,0.24022654,0.07320191
24.820000,0,FR_2,0.07215716,-0.22292088,0.10412157
24.820000,0,RL_2,-0.42964685,0.09370373,0.09660217
24.820000,0,RR_2,-0.53216916,-0.36326605,0.08554575
24.840000,0,FL_2,0.00844121,0.24280319,0.07398340
24.840000,0,FR_2,0.06953775,-0.22144856,0.10509969
24.840000,0,RL_2,-0.42629576,0.09200953,0.09788028
24.840000,0,RR_2,-0.52977908,-0.36669075,0.08592787
24.860000,0,FL_2,0.00385011,0.24431527,0.07446906
24.860000,0,FR_2,0.06813809,-0.22143237,0.10504045
24.860000,0,RL_2,-0.42335761,0.09136011,0.09837970
24.860000,0,RR_2,-0.52761650,-0.36833006,0.08582832
24.880000,0,FL_2,-0.00054015,0.24560456,0.07494417
24.880000,0,FR_2,0.06594978,-0.22081064,0.10542221
24.880000,0,RL_2,-0.42061463,0.09054334,0.09902298
24.880000,0,RR_2,-0.52512139,-0.37026432,0.08576325
24.900000,0,FL_2,-0.00533540,0.24774423,0.07583617
24.900000,0,FR_2,0.06361036,-0.21962948,0.10626534
24.900000,0,RL_2,-0.41738594,0.08900933,0.10026003
24.900000,0,RR_2,-0.52253759,-0.37327620,0.08612011
24.920000,0,FL_2,-0.01039889,0.24848095,0.07625256
24.920000,0,FR_2,0.06164999,-0.21971099,0.10612124
24.920000,0,RL_2,-0.41416651,0.08867641,0.10054305
24.920000,0,RR_2,-0.51973522,-0.37492785,0.08594498
24.940000,0,FL_2,-0.01488719,0.24950516,0.07684401
24.940000,0,FR_2,0.05951173,-0.21951079,0.10620481
24.940000,0,RL_2,-0.41158661,0.08780040,0.10127588
24.940000,0,RR_2,-0.51683509,-0.37639186,0.08570340
24.960000,0,FL_2,-0.01952162,0.25037873,0.07744774
24.960000,0,FR_2,0.05713637,-0.21911988,0.10644607
24.960000,0,RL_2,-0.40871048,0.08710494,0.10187215
24.960000,0,RR_2,-0.51368034,-0.37828538,0.08560514
24.980000,0,FL_2,-0.02420622,0.25087526,0.07796109
24.980000,0,FR_2,0.05480335,-0.21912961,0.10636441
24.980000,0,RL_2,-0.40582967,0.08654965,0.10235971
24.980000,0,RR_2,-0.51026744,-0.37979746,0.08532519
25.000000,0,FL_2,-0.02897499,0.25088540,0.07833540
25.000000,0,FR_2,0.05214011,-0.21930143,0.10614251
25.000000,0,RL_2,-0.40286174,0.08623058,0.10265549
25.000000,0,RR_2,-0.50638944,-0.38107187,0.08487112
25.020000,0,FL_2,-0.03316216,0.25098073,0.07875776
25.020000,0,FR_2,0.04992054,-0.21976615,0.10569125
25.020000,0,RL_2,-0.40045917,0.08582544,0.10302249
25.020000,0,RR_2,-0.50262225,-0.38169485,0.08421382
25.040000,0,FL_2,-0.03714005,0.25068101,0.07903512
25.040000,0,FR_2,0.04743880,-0.22002958,0.10540481
25.040000,0,RL_2,-0.39803502,0.08570858,0.10314948
25.040000,0,RR_2,-0.49868011,-0.38237837,0.08358718
25.060000,0,FL_2,-0.04164677,0.24990626,0.07921539
25.060000,0,FR_2,0.04429115,-0.22032039,0.10508315
25.060000,0,RL_2,-0.39500484,0.08564242,0.10324524
25.060000,0,RR_2,-0.49396729,-0.38340217,0.08299161
25.080000,0,FL_2,-0.04511272,0.24998921,0.07969235
25.080000,0,FR_2,0.04245019,-0.22103761,0.10443896
25.080000,0,RL_2,-0.39311141,0.08510891,0.10372324
25.080000,0,RR_2,-0.49016857,-0.38339064,0.08219899
25.100000,0,FL_2,-0.04790926,0.24983825,0.08000816
25.100000,0,FR_2,0.04075415,-0.22118612,0.10427622
25.100000,0,RL_2,-0.39150679,0.08501881,0.10382375
25.100000,0,RR_2,-0.48702800,-0.38351148,0.08163416
25.120000,0,FL_2,-0.05125646,0.24900949,0.08013316
25.120000,0,FR_2,0.03830404,-0.22119607,0.10421556
25.120000,0,RL_2,-0.38915405,0.08506256,0.10382509
25.120000,0,RR_2,-0.48340178,-0.38433465,0.08131410
25.140000,0,FL_2,-0.05564157,0.24786241,0.08032526
25.140000,0,FR_2,0.03502529,-0.22138003,0.10399723
25.140000,0,RL_2,-0.38592231,0.08491186,0.10401049
25.140000,0,RR_2,-0.47883868,-0.38549674,0.08102594
25.160000,0,FL_2,-0.06061985,0.24702215,0.08081466
25.160000,0,FR_2,0.03164691,-0.22185245,0.10354055
25.160000,0,RL_2,-0.38253474,0.08442012,0.10449183
25.160000,0,RR_2,-0.47378820,-0.38630801,0.08057468
25.180000,0,FL_2,-0.06553896,0.24659093,0.08154209
25.180000,0,FR_2,0.02866396,-0.22234820,0.10307667
25.180000,0,RL_2,-0.37955156,0.08383179,0.10505185
25.180000,0,RR_2,-0.46887770,-0.38662151,0.07999985
25.200000,0,FL_2,-0.07061617,0.24596323,0.08229230
25.200000,0,FR_2,0.02555279,-0.22257505,0.10284145
25.200000,0,RL_2,-0.37649164,0.08341555,0.10547344
25.200000,0,RR_2,-0.46381867,-0.38702300,0.07951796
25.220000,0,FL_2,-0.07456553,0.24603891,0.08317189
25.220000,0,FR_2,0.02371595,-0.22308861,0.10238788
25.220000,0,RL_2,-0.37465778,0.08279799,0.10604042
25.220000,0,RR_2,-0.45993483,-0.38670024,0.07892217
25.240000,0,FL_2,-0.07773045,0.24577369,0.08377245
25.240000,0,FR_2,0.02204628,-0.22305480,0.10239533
25.240000,0,RL_2,-0.37303960,0.08264773,0.10620764
25.240000,0,RR_2,-0.45678800,-0.38669705,0.07858645
25.260000,0,FL_2,-0.08124600,0.24475071,0.08416310
25.260000,0,FR_2,0.01961813,-0.22287443,0.10251915
25.260000,0,RL_2,-0.37066951,0.08256418,0.10634007
25.260000,0,RR_2,-0.45319405,-0.38738692,0.07854180
25.280000,0,FL_2,-0.08561420,0.24332407,0.08464080
25.280000,0,FR_2,0.01632827,-0.22283965,0.10251740
25.280000,0,RL_2,-0.36745429,0.08222063,0.10672002
25.280000,0,RR_2,-0.44867414,-0.38834402,0.07858270
25.300000,0,FL_2,-0.08950961,0.24281339,0.08543950
25.300000,0,FR_2,0.01390607,-0.22334416,0.10207449
25.300000,0,RL_2,-0.36511239,0.08143881,0.10744899
25.300000,0,RR_2,-0.44470614,-0.38837051,0.07830755
25.320000,0,FL_2,-0.09307401,0.24224702,0.08617077
25.320000,0,FR_2,0.01163858,-0.22340937,0.10200452
25.320000,0,RL_2,-0.36293584,0.08100689,0.10788067
25.320000,0,RR_2,-0.44104284,-0.38840073,0.07809724
25.340000,0,FL_2,-0.09693968,0.24028340,0.08645091
25.340000,0,FR_2,0.00864550,-0.22395089,0.10153617
25.340000,0,RL_2,-0.36012217,0.08132438,0.10770524
25.340000,0,RR_2,-0.43662095,-0.38802615,0.07771432
25.360000,0,FL_2,-0.10050851,0.23814131,0.08663460
25.360000,0,FR_2,0.00536550,-0.22488134,0.10075495
25.360000,0,RL_2,-0.35763189,0.08158347,0.10757987
25.360000,0,RR_2,-0.43167508,-0.38696134,0.07707685
25.380000,0,FL_2,-0.10396168,0.23564771,0.08670947
25.380000,0,FR_2,0.00166702,-0.22581433,0.09998767
25.380000,0,RL_2,-0.35496619,0.08207270,0.10728503
25.380000,0,RR_2,-0.42608124,-0.38561061,0.07639290
25.400000,0,FL_2,-0.10586838,0.23423213,0.08676551
25.400000,0,FR_2,-0.00062620,-0.22731754,0.09878659
25.400000,0,RL_2,-0.35388574,0.08238887,0.10707527
25.400000,0,RR_2,-0.42168602,-0.38319835,0.07538430
25.420000,0,FL_2,-0.10664648,0.23231474,0.08630918
25.420000,0,FR_2,-0.00260317,-0.22836661,0.09796824
25.420000,0,RL_2,-0.35301936,0.08353582,0.10619750
25.420000,0,RR_2,-0.41803423,-0.38088304,0.07450517
25.440000,0,FL_2,-0.10771748,0.22952415,0.08567433
25.440000,0,FR_2,-0.00548430,-0.22904699,0.09745184
25.440000,0,RL_2,-0.35131067,0.08472092,0.10535549
25.440000,0,RR_2,-0.41371834,-0.37934792,0.07400498
25.460000,0,FL_2,-0.10982797,0.22627421,0.08527544
25.460000,0,FR_2,-0.00940074,-0.22978173,0.09691398
25.460000,0,RL_2,-0.34855548,0.08555310,0.10487154
25.460000,0,RR_2,-0.40832797,-0.37810114,0.07371663
25.480000,0,FL_2,-0.11155055,0.22406606,0.08513969
25.480000,0,FR_2,-0.01247314,-0.23137450,0.09575127
25.480000,0,RL_2,-0.34676594,0.08598673,0.10465281
25.480000,0,RR_2,-0.40370890,-0.37570804,0.07308250
25.500000,0,FL_2,-0.11289480,0.22158806,0.08484343
25.500000,0,FR_2,-0.01540826,-0.23266779,0.09484344
25.500000,0,RL_2,-0.34510076,0.08706337,0.10396152
25.500000,0,RR_2,-0.39946780,-0.37312189,0.07246026
25.520000,0,FL_2,-0.11480456,0.21851233,0.08461249
25.520000,0,FR_2,-0.01911157,-0.23356438,0.09425959
25.520000,0,RL_2,-0.34277070,0.08817831,0.10331568
25.520000,0,RR_2,-0.39445162,-0.37102446,0.07213914
25.540000,0,FL_2,-0.11667135,0.21593335,0.08455505
25.540000,0,FR_2,-0.02254920,-0.23488483,0.09340177
25.540000,0,RL_2,-0.34080014,0.08896978,0.10290208
25.540000,0,RR_2,-0.38965616,-0.36853579,0.07177874
25.560000,0,FL_2,-0.11857091,0.21301767,0.08447807
25.560000,0,FR_2,-0.02618756,-0.23604450,0.09269442
25.560000,0,RL_2,-0.33858189,0.09008524,0.10230483
25.560000,0,RR_2,-0.38478115,-0.36595744,0.07150100
25.580000,0,FL_2,-0.11962654,0.21079157,0.08432976
25.580000,0,FR_2,-0.02902460,-0.23772639,0.09165303
25.580000,0,RL_2,-0.33737773,0.09110065,0.10171568
25.580000,0,RR_2,-0.38086617,-0.36279899,0.07107106
25.600000,0,FL_2,-0.12017980,0.20819163,0.08397701
25.600000,0,FR_2,-0.03179973,-0.23893605,0.09095730
25.600000,0,RL_2,-0.33612138,0.09262230,0.10081436
25.600000,0,RR_2,-0.37726012,-0.35999867,0.07079040
25.620000,0,FL_2,-0.12128244,0.20479275,0.08370519
25.620000,0,FR_2,-0.03550115,-0.23983303,0.09052368
25.620000,0,RL_2,-0.33393624,0.09418449,0.10001267
25.620000,0,RR_2,-0.37279493,-0.35765344,0.07079925
25.640000,0,FL_2,-0.12163348,0.20246094,0.08343112
25.640000,0,FR_2,-0.03837012,-0.24171731,0.08947808
25.640000,0,RL_2,-0.33290398,0.09533720,0.09938893
25.640000,0,RR_2,-0.36938989,-0.35439655,0.07055706
25.660000,0,FL_2,-0.12143549,0.19984442,0.08297744
25.660000,0,FR_2,-0.04106029,-0.24314818,0.08874597
25.660000,0,RL_2,-0.33192110,0.09707960,0.09841760
25.660000,0,RR_2,-0.36637136,-0.35135433,0.07039074
25.680000,0,FL_2,-0.12186752,0.19634274,0.08266273
25.680000,0,FR_2,-0.04472797,-0.24416938,0.08834054
25.680000,0,RL_2,-0.32994375,0.09895785,0.09751777
25.680000,0,RR_2,-0.36235774,-0.34874415,0.07052124
25.700000,0,FL_2,-0.12171812,0.19387542,0.08234693
25.700000,0,FR_2,-0.04770777,-0.24619679,0.08736311
25.700000,0,RL_2,-0.32904395,0.10040374,0.09678427
25.700000,0,RR_2,-0.35925972,-0.34523618,0.07044948
25.720000,0,FL_2,-0.12119573,0.19116540,0.08193775
25.720000,0,FR_2,-0.05054233,-0.24772990,0.08670396
25.720000,0,RL_2,-0.32814765,0.10236150,0.09578864
25.720000,0,RR_2,-0.35638767,-0.34200451,0.07046926
25.740000,0,FL_2,-0.12142284,0.18754557,0.08175082
25.740000,0,FR_2,-0.05439135,-0.24884735,0.08637992
25.740000,0,RL_2,-0.32617310,0.10448711,0.09488735
25.740000,0,RR_2,-0.35243306,-0.33911040,0.07078759
25.760000,0,FL_2,-0.12114303,0.18493934,0.08153533
25.760000,0,FR_2,-0.05765683,-0.25104162,0.08550282
25.760000,0,RL_2,-0.32524571,0.10617959,0.09412175
25.760000,0,RR_2,-0.34937495,-0.33525383,0.07094076
25.780000,0,FL_2,-0.12052990,0.18214853,0.08126314
25.780000,0,FR_2,-0.06075380,-0.25269654,0.08494543
25.780000,0,RL_2,-0.32434979,0.10832569,0.09315340
25.780000,0,RR_2,-0.34649470,-0.33174747,0.07118912
25.800000,0,FL_2,-0.12004644,0.17898063,0.08108203
25.800000,0,FR_2,-0.06417277,-0.25433722,0.08447512
25.800000,0,RL_2,-0.32313067,0.11063410,0.09220020
25.800000,0,RR_2,-0.34337008,-0.32829481,0.07157196
25.820000,0,FL_2,-0.11881772,0.17647171,0.08074769
25.820000,0,FR_2,-0.06695960,-0.25666058,0.08368528
25.820000,0,RL_2,-0.32285684,0.11286880,0.09118657
25.820000,0,RR_2,-0.34123170,-0.32436195,0.07184122
25.840000,0,FL_2,-0.11745099,0.17342602,0.08044513
25.840000,0,FR_2,-0.06990208,-0.25839320,0.08323713
25.840000,0,RL_2,-0.32227257,0.11560471,0.09004019
25.840000,0,RR_2,-0.33891404,-0.32093677,0.07224301
25.860000,0,FL_2,-0.11625336,0.17008758,0.08027785
25.860000,0,FR_2,-0.07330012,-0.26032585,0.08280998
25.860000,0,RL_2,-0.32138440,0.11841896,0.08897339
25.860000,0,RR_2,-0.33633003,-0.31731740,0.07277684
25.880000,0,FL_2,-0.11474794,0.16718034,0.08007929
25.880000,0,FR_2,-0.07653252,-0.26264995,0.08227196
25.880000,0,RL_2,-0.32098040,0.12111273,0.08793832
25.880000,0,RR_2,-0.33416873,-0.31336495,0.07332547
25.900000,0,FL_2,-0.11291224,0.16440810,0.07985382
25.900000,0,FR_2,-0.07949793,-0.26495552,0.08178104
25.900000,0,RL_2,-0.32088682,0.12395778,0.08684725
25.900000,0,RR_2,-0.33235225,-0.30951592,0.07389533
25.920000,0,FL_2,-0.11076026,0.16156964,0.07962760
25.920000,0,FR_2,-0.08228236,-0.26738605,0.08129124
25.920000,0,RL_2,-0.32100892,0.12706587,0.08568193
25.920000,0,RR_2,-0.33085427,-0.30567986,0.07449056
25.940000,0,FL_2,-0.10829502,0.15872382,0.07940565
25.940000,0,FR_2,-0.08491323,-0.26990816,0.08082041
25.940000,0,RL_2,-0.32139054,0.13037734,0.08446797
25.940000,0,RR_2,-0.32963672,-0.30188724,0.07511412
25.960000,0,FL_2,-0.10564625,0.15595889,0.07921168
25.960000,0,FR_2,-0.08740361,-0.27240878,0.08040707
25.960000,0,RL_2,-0.32198453,0.13376056,0.08326551
25.960000,0,RR_2,-0.32861480,-0.29825306,0.07576456
25.980000,0,FL_2,-0.10294211,0.15325990,0.07907629
25.980000,0,FR_2,-0.08978903,-0.27489251,0.08005099
25.980000,0,RL_2,-0.32269210,0.13717259,0.08210768
25.980000,0,RR_2,-0.32774237,-0.29476213,0.07644345
26.000000,0,FL_2,-0.10025613,0.15058269,0.07902043
26.000000,0,FR_2,-0.09213465,-0.27740321,0.07974774
26.000000,0,RL_2,-0.32344320,0.14062062,0.08100636
26.000000,0,RR_2,-0.32697284,-0.29133683,0.07716493
26.020000,0,FL_2,-0.09763211,0.14793721,0.07904858
26.020000,0,FR_2,-0.09448908,-0.27993748,0.07950733
26.020000,0,RL_2,-0.32421571,0.14408025,0.07997345
26.020000,0,RR_2,-0.32625118,-0.28794757,0.07794209
26.040000,0,FL_2,-0.09509248,0.14533734,0.07915836
26.040000,0,FR_2,-0.09687202,-0.28248677,0.07933693
26.040000,0,RL_2,-0.32499939,0.14753143,0.07901528
26.040000,0,RR_2,-0.32554683,-0.28458530,0.07878143
26.060000,0,FL_2,-0.09263438,0.14277846,0.07934527
26.060000,0,FR_2,-0.09929048,-0.28505430,0.07923855
26.060000,0,RL_2,-0.32579118,0.15097746,0.07813059
26.060000,0,RR_2,-0.32485238,-0.28123987,0.07968532
26.080000,0,FL_2,-0.09024116,0.14025579,0.07960389
26.080000,0,FR_2,-0.10174219,-0.28763926,0.07921375
26.080000,0,RL_2,-0.32659695,0.15442576,0.07731639
26.080000,0,RR_2,-0.32416949,-0.27791166,0.08065283
26.100000,0,FL_2,-0.08789334,0.13776408,0.07992916
26.100000,0,FR_2,-0.10422119,-0.29024050,0.07926321
26.100000,0,RL_2,-0.32742518,0.15788527,0.07656913
26.100000,0,RR_2,-0.32350588,-0.27460614,0.08168048
26.120000,0,FL_2,-0.08557487,0.13529919,0.08031720
26.120000,0,FR_2,-0.10672012,-0.29285574,0.07938749
26.120000,0,RL_2,-0.32828432,0.16136339,0.07588629
26.120000,0,RR_2,-0.32286891,-0.27133054,0.08276392
26.140000,0,FL_2,-0.08327287,0.13285477,0.08076656
26.140000,0,FR_2,-0.10923459,-0.29548737,0.07958673
26.140000,0,RL_2,-0.32918009,0.16486950,0.07526690
26.140000,0,RR_2,-0.32226613,-0.26808730,0.08389996
26.160000,0,FL_2,-0.08097848,0.13042347,0.08127759
26.160000,0,FR_2,-0.11176495,-0.29814112,0.07986194
26.160000,0,RL_2,-0.33011726,0.16841428,0.07471029
26.160000,0,RR_2,-0.32170063,-0.26487237,0.08508824
26.180000,0,FL_2,-0.07858869,0.12807032,0.08181165
26.180000,0,FR_2,-0.11421564,-0.30090967,0.08018179
26.180000,0,RL_2,-0.33122703,0.17197670,0.07419391
26.180000,0,RR_2,-0.32130325,-0.26166478,0.08631257
26.200000,0,FL_2,-0.07547161,0.12617652,0.08213665
26.200000,0,FR_2,-0.11592978,-0.30427158,0.08034218
26.200000,0,RL_2,-0.33331048,0.17541561,0.07356528
26.200000,0,RR_2,-0.32186213,-0.25844991,0.08744530
26.220000,0,FL_2,-0.07265813,0.12370123,0.08279566
26.220000,0,FR_2,-0.11777373,-0.30670324,0.08067933
26.220000,0,RL_2,-0.33497745,0.17936629,0.07307820
26.220000,0,RR_2,-0.32170007,-0.25594583,0.08848317
26.240000,0,FL_2,-0.06972827,0.12166977,0.08332522
26.240000,0,FR_2,-0.11939238,-0.30971360,0.08098918
26.240000,0,RL_2,-0.33702406,0.18302418,0.07261330
26.240000,0,RR_2,-0.32213983,-0.25306007,0.08963253
26.260000,0,FL_2,-0.06574737,0.11999336,0.08364744
26.260000,0,FR_2,-0.11998466,-0.31355935,0.08107100
26.260000,0,RL_2,-0.34038392,0.18666378,0.07197968
26.260000,0,RR_2,-0.32376790,-0.25021461,0.09064404
26.280000,0,FL_2,-0.06243251,0.11777123,0.08435308
26.280000,0,FR_2,-0.12079348,-0.31588370,0.08129984
26.280000,0,RL_2,-0.34311748,0.19071212,0.07157245
26.280000,0,RR_2,-0.32418153,-0.24842380,0.09141444
26.300000,0,FL_2,-0.05942311,0.11588141,0.08499537
26.300000,0,FR_2,-0.12163918,-0.31866598,0.08159109
26.300000,0,RL_2,-0.34576103,0.19440669,0.07126791
26.300000,0,RR_2,-0.32497504,-0.24607661,0.09242888
26.320000,0,FL_2,-0.05535857,0.11428989,0.08545928
26.320000,0,FR_2,-0.12161899,-0.32269207,0.08173694
26.320000,0,RL_2,-0.34965011,0.19801226,0.07082821
26.320000,0,RR_2,-0.32701811,-0.24342783,0.09347543
26.340000,0,FL_2,-0.05203631,0.11234728,0.08622199
26.340000,0,FR_2,-0.12188041,-0.32504830,0.08195385
26.340000,0,RL_2,-0.35293466,0.20180938,0.07061439
26.340000,0,RR_2,-0.32768333,-0.24195994,0.09415332
26.360000,0,FL_2,-0.04910029,0.11062956,0.08694874
26.360000,0,FR_2,-0.12227137,-0.32778275,0.08228005
26.360000,0,RL_2,-0.35594225,0.20529373,0.07051224
26.360000,0,RR_2,-0.32869205,-0.23988561,0.09513994
26.380000,0,FL_2,-0.04516292,0.10911813,0.08754988
26.380000,0,FR_2,-0.12191692,-0.33175498,0.08255708
26.380000,0,RL_2,-0.36006221,0.20867631,0.07031228
26.380000,0,RR_2,-0.33082381,-0.23749353,0.09621670
26.400000,0,FL_2,-0.04207524,0.10732659,0.08841220
26.400000,0,FR_2,-0.12196307,-0.33401108,0.08283738
26.400000,0,RL_2,-0.36348924,0.21218704,0.07033889
26.400000,0,RR_2,-0.33148494,-0.23625833,0.09685345
26.420000,0,FL_2,-0.03936878,0.10568921,0.08925240
26.420000,0,FR_2,-0.12221835,-0.33669007,0.08327916
26.420000,0,RL_2,-0.36654958,0.21546280,0.07047324
26.420000,0,RR_2,-0.33250993,-0.23431078,0.09789445
26.440000,0,FL_2,-0.03566010,0.10427707,0.08995509
26.440000,0,FR_2,-0.12174776,-0.34055161,0.08373244
26.440000,0,RL_2,-0.37070605,0.21854034,0.07050703
26.440000,0,RR_2,-0.33458313,-0.23212597,0.09901814
26.460000,0,FL_2,-0.03235882,0.10288551,0.09070481
26.460000,0,FR_2,-0.12118900,-0.34307876,0.08400063
26.460000,0,RL_2,-0.37474009,0.22147197,0.07062087
26.460000,0,RR_2,-0.33579889,-0.23107140,0.09956400
26.480000,0,FL_2,-0.02910731,0.10148959,0.09149885
26.480000,0,FR_2,-0.12036496,-0.34596577,0.08429757
26.480000,0,RL_2,-0.37879872,0.22436039,0.07081333
26.480000,0,RR_2,-0.33758774,-0.22956493,0.10037050
26.500000,0,FL_2,-0.02515629,0.10051286,0.09203349
26.500000,0,FR_2,-0.11860020,-0.34925771,0.08443390
26.500000,0,RL_2,-0.38383055,0.22676632,0.07087389
26.500000,0,RR_2,-0.34009007,-0.22835258,0.10095528
26.520000,0,FL_2,-0.02239782,0.09895288,0.09302379
26.520000,0,FR_2,-0.11739135,-0.35102648,0.08445272
26.520000,0,RL_2,-0.38776708,0.22967131,0.07126875
26.520000,0,RR_2,-0.34115225,-0.22782552,0.10122323
26.540000,0,FL_2,-0.02018386,0.09781523,0.09376732
26.540000,0,FR_2,-0.11658873,-0.35298529,0.08467131
26.540000,0,RL_2,-0.39105466,0.23213641,0.07168200
26.540000,0,RR_2,-0.34228078,-0.22664733,0.10194418
26.560000,0,FL_2,-0.01714022,0.09689674,0.09436361
26.560000,0,FR_2,-0.11514296,-0.35601333,0.08499415
26.560000,0,RL_2,-0.39511728,0.23409694,0.07195126
26.560000,0,RR_2,-0.34436762,-0.22524306,0.10277776
26.580000,0,FL_2,-0.01342635,0.09589434,0.09503388
26.580000,0,FR_2,-0.11299238,-0.35912755,0.08517947
26.580000,0,RL_2,-0.40000904,0.23598681,0.07221583
26.580000,0,RR_2,-0.34681717,-0.22430402,0.10328655
26.600000,0,FL_2,-0.01010006,0.09460139,0.09594898
26.600000,0,FR_2,-0.11090283,-0.36146912,0.08521578
26.600000,0,RL_2,-0.40473083,0.23824006,0.07269701
26.600000,0,RR_2,-0.34873149,-0.22373308,0.10358296
26.620000,0,FL_2,-0.00683069,0.09378659,0.09653521
26.620000,0,FR_2,-0.10851651,-0.36367035,0.08515833
26.620000,0,RL_2,-0.40959850,0.23996325,0.07308415
26.620000,0,RR_2,-0.35091415,-0.22316618,0.10387436
26.640000,0,FL_2,-0.00373387,0.09230439,0.09765100
26.640000,0,FR_2,-0.10622974,-0.36621302,0.08528769
26.640000,0,RL_2,-0.41432095,0.24234562,0.07379881
26.640000,0,RR_2,-0.35297513,-0.22223374,0.10446747
26.660000,0,FL_2,-0.00070487,0.09232214,0.09763233
26.660000,0,FR_2,-0.10351169,-0.36761212,0.08494223
26.660000,0,RL_2,-0.41919363,0.24294797,0.07394797
26.660000,0,RR_2,-0.35496140,-0.22240601,0.10423116
26.680000,0,FL_2,0.00189807,0.09161608,0.09818060
26.680000,0,FR_2,-0.10042641,-0.36910534,0.08455339
26.680000,0,RL_2,-0.42355052,0.24386519,0.07428166
26.680000,0,RR_2,-0.35733271,-0.22228934,0.10420381
26.700000,0,FL_2,0.00518916,0.08992314,0.09952506
26.700000,0,FR_2,-0.09739378,-0.37234050,0.08485444
26.700000,0,RL_2,-0.42831698,0.24613670,0.07520867
26.700000,0,RR_2,-0.36002833,-0.22090158,0.10517497
26.720000,0,FL_2,0.00760551,0.08908551,0.10020940
26.720000,0,FR_2,-0.09544889,-0.37351385,0.08474888
26.720000,0,RL_2,-0.43241733,0.24772801,0.07594401
26.720000,0,RR_2,-0.36086503,-0.22094691,0.10510413
26.740000,0,FL_2,0.00954780,0.08823717,0.10091128
26.740000,0,FR_2,-0.09385121,-0.37505692,0.08490025
26.740000,0,RL_2,-0.43587449,0.24904600,0.07660893
26.740000,0,RR_2,-0.36225510,-0.22009939,0.10573289
26.760000,0,FL_2,0.01239144,0.08751538,0.10152455
26.760000,0,FR_2,-0.09166755,-0.37754601,0.08529729
26.760000,0,RL_2,-0.44009966,0.24991806,0.07717265
26.760000,0,RR_2,-0.36439401,-0.21921700,0.10638107
26.780000,0,FL_2,0.01607098,0.08697017,0.10200693
26.780000,0,FR_2,-0.08833579,-0.37997589,0.08541866
26.780000,0,RL_2,-0.44541252,0.25013676,0.07758605
26.780000,0,RR_2,-0.36732811,-0.21895510,0.10650671
26.800000,0,FL_2,0.01893229,0.08619145,0.10268645
26.800000,0,FR_2,-0.08497702,-0.38106197,0.08501501
26.800000,0,RL_2,-0.45025411,0.25070870,0.07819798
26.800000,0,RR_2,-0.36954311,-0.21940789,0.10606238
26.820000,0,FL_2,0.02143791,0.08587942,0.10297586
26.820000,0,FR_2,-0.08142130,-0.38181382,0.08445756
26.820000,0,RL_2,-0.45465839,0.25088483,0.07866694
26.820000,0,RR_2,-0.37188244,-0.21966317,0.10578308
26.840000,0,FL_2,0.02437752,0.08578679,0.10308871
26.840000,0,FR_2,-0.07695318,-0.38283682,0.08384812
26.840000,0,RL_2,-0.45939609,0.25040922,0.07894367
26.840000,0,RR_2,-0.37489569,-0.21993141,0.10547896
26.860000,0,FL_2,0.02670734,0.08539902,0.10344680
26.860000,0,FR_2,-0.07265863,-0.38318995,0.08304753
26.860000,0,RL_2,-0.46350992,0.25029173,0.07936752
26.860000,0,RR_2,-0.37725157,-0.22054128,0.10490887
26.880000,0,FL_2,0.02900419,0.08527143,0.10358737
26.880000,0,FR_2,-0.06844009,-0.38360587,0.08234675
26.880000,0,RL_2,-0.46730426,0.24992198,0.07968831
26.880000,0,RR_2,-0.37969023,-0.22082362,0.10461482
26.900000,0,FL_2,0.03177141,0.08516026,0.10372467
26.900000,0,FR_2,-0.06380469,-0.38434631,0.08176261
26.900000,0,RL_2,-0.47145182,0.24917056,0.07993670
26.900000,0,RR_2,-0.38257325,-0.22106966,0.10434516
26.920000,0,FL_2,0.03413346,0.08477256,0.10409227
26.920000,0,FR_2,-0.05956881,-0.38465860,0.08112796
26.920000,0,RL_2,-0.47526616,0.24879687,0.08034909
26.920000,0,RR_2,-0.38493916,-0.22154802,0.10389549
26.940000,0,FL_2,0.03661501,0.08456871,0.10430978
26.940000,0,FR_2,-0.05544139,-0.38513690,0.08063745
26.940000,0,RL_2,-0.47909027,0.24822941,0.08072292
26.940000,0,RR_2,-0.38746959,-0.22174445,0.10368216
26.960000,0,FL_2,0.03936528,0.08430052,0.10459061
26.960000,0,FR_2,-0.05111144,-0.38577715,0.08023859
26.960000,0,RL_2,-0.48324612,0.24749194,0.08112767
26.960000,0,RR_2,-0.39024478,-0.22196765,0.10344575
26.980000,0,FL_2,0.04198522,0.08389947,0.10498458
26.980000,0,FR_2,-0.04689721,-0.38623106,0.07983068
26.980000,0,RL_2,-0.48740628,0.24691381,0.08165462
26.980000,0,RR_2,-0.39287221,-0.22228494,0.10313696
27.000000,0,FL_2,0.04473777,0.08355346,0.10533893
27.000000,0,FR_2,-0.04257828,-0.38675088,0.07949187
27.000000,0,RL_2,-0.49173427,0.24621508,0.08221720
27.000000,0,RR_2,-0.39566293,-0.22247425,0.10293692
27.020000,0,FL_2,0.04721081,0.08309089,0.10578895
27.020000,0,FR_2,-0.03847327,-0.38703761,0.07913022
27.020000,0,RL_2,-0.49588868,0.24570082,0.08287824
27.020000,0,RR_2,-0.39816430,-0.22277170,0.10265420
27.040000,0,FL_2,0.04989906,0.08275668,0.10613951
27.040000,0,FR_2,-0.03421252,-0.38749802,0.07887956
27.040000,0,RL_2,-0.50016892,0.24492602,0.08351079
27.040000,0,RR_2,-0.40091646,-0.22285049,0.10255518
27.060000,0,FL_2,0.05226825,0.08226030,0.10662230
27.060000,0,FR_2,-0.03018876,-0.38769948,0.07858913
27.060000,0,RL_2,-0.50420052,0.24435903,0.08422796
27.060000,0,RR_2,-0.40333846,-0.22311068,0.10231151
27.080000,0,FL_2,0.05484714,0.08282542,0.10622256
27.080000,0,FR_2,-0.02588020,-0.38695318,0.07790993
27.080000,0,RL_2,-0.50797212,0.24242496,0.08435750
27.080000,0,RR_2,-0.40611878,-0.22403112,0.10151942
27.100000,0,FL_2,0.05684666,0.08241572,0.10662678
27.100000,0,FR_2,-0.02142240,-0.38674465,0.07751326
27.100000,0,RL_2,-0.51132137,0.24146569,0.08483094
27.100000,0,RR_2,-0.40895194,-0.22425383,0.10131215
27.120000,0,FL_2,0.05927650,0.08275072,0.10643028
27.120000,0,FR_2,-0.01693716,-0.38608032,0.07698035
27.120000,0,RL_2,-0.51459956,0.23976299,0.08502358
27.120000,0,RR_2,-0.41171223,-0.22499129,0.10068788
27.140000,0,FL_2,0.06139634,0.08319923,0.10614058
27.140000,0,FR_2,-0.01230820,-0.38480070,0.07625012
27.140000,0,RL_2,-0.51744157,0.23772371,0.08500926
27.140000,0,RR_2,-0.41462979,-0.22597495,0.09987439
27.160000,0,FL_2,0.06350373,0.08387478,0.10567991
27.160000,0,FR_2,-0.00746675,-0.38327852,0.07549542
27.160000,0,RL_2,-0.51996678,0.23540369,0.08484618
27.160000,0,RR_2,-0.41773215,-0.22701055,0.09903550
27.180000,0,FL_2,0.06539634,0.08424229,0.10546998
27.180000,0,FR_2,-0.00263638,-0.38188303,0.07487671
27.180000,0,RL_2,-0.52224702,0.23346166,0.08479624
27.180000,0,RR_2,-0.42074189,-0.22783883,0.09837762
27.200000,0,FL_2,0.06750679,0.08530992,0.10473409
27.200000,0,FR_2,0.00219169,-0.37980729,0.07408554
27.200000,0,RL_2,-0.52431923,0.23073310,0.08445197
27.200000,0,RR_2,-0.42383677,-0.22920841,0.09731841
27.220000,0,FL_2,0.06920004,0.08510214,0.10498180
27.220000,0,FR_2,0.00691359,-0.37893525,0.07382460
27.220000,0,RL_2,-0.52646679,0.22942168,0.08464956
27.220000,0,RR_2,-0.42677617,-0.22937506,0.09719831
27.240000,0,FL_2,0.07143945,0.08537243,0.10489443
27.240000,0,FR_2,0.01117021,-0.37791967,0.07356492
27.240000,0,RL_2,-0.52896500,0.22772336,0.08485053
27.240000,0,RR_2,-0.42937881,-0.22999942,0.09673655
27.260000,0,FL_2,0.07380270,0.08680409,0.10395273
27.260000,0,FR_2,0.01553759,-0.37536365,0.07283682
27.260000,0,RL_2,-0.53117788,0.22443484,0.08450943
27.260000,0,RR_2,-0.43254799,-0.23169538,0.09549707
27.280000,0,FL_2,0.07535842,0.08702323,0.10388909
27.280000,0,FR_2,0.02000315,-0.37375486,0.07251883
27.280000,0,RL_2,-0.53313196,0.22260627,0.08457908
27.280000,0,RR_2,-0.43569306,-0.23225757,0.09511878
27.300000,0,FL_2,0.07728127,0.08767253,0.10354228
27.300000,0,FR_2,0.02414016,-0.37207195,0.07222702
27.300000,0,RL_2,-0.53510731,0.22056678,0.08462560
27.300000,0,RR_2,-0.43850851,-0.23316894,0.09449962
27.320000,0,FL_2,0.07934287,0.08942772,0.10243580
27.320000,0,FR_2,0.02839724,-0.36900505,0.07159389
27.320000,0,RL_2,-0.53659958,0.21708913,0.08418108
27.320000,0,RR_2,-0.44182116,-0.23503146,0.09324557
27.340000,0,FL_2,0.08067840,0.09019058,0.10200681
27.340000,0,FR_2,0.03276724,-0.36668620,0.07128721
27.340000,0,RL_2,-0.53773856,0.21480951,0.08398503
27.340000,0,RR_2,-0.44506782,-0.23594812,0.09268422
27.360000,0,FL_2,0.08239445,0.09134968,0.10135326
27.360000,0,FR_2,0.03692084,-0.36428633,0.07102135
27.360000,0,RL_2,-0.53884506,0.21225204,0.08375208
27.360000,0,RR_2,-0.44811743,-0.23715453,0.09194835
27.380000,0,FL_2,0.08422936,0.09330176,0.10021377
27.380000,0,FR_2,0.04114329,-0.36083895,0.07058655
27.380000,0,RL_2,-0.53956181,0.20866469,0.08323307
27.380000,0,RR_2,-0.45158589,-0.23907234,0.09079653
27.400000,0,FL_2,0.08543992,0.09414888,0.09977676
27.400000,0,FR_2,0.04534921,-0.35836494,0.07048465
27.400000,0,RL_2,-0.54019397,0.20643400,0.08301191
27.400000,0,RR_2,-0.45481175,-0.23996030,0.09034154
27.420000,0,FL_2,0.08713356,0.09535684,0.09917358
27.420000,0,FR_2,0.04924530,-0.35589010,0.07042293
27.420000,0,RL_2,-0.54102069,0.20390157,0.08283404
27.420000,0,RR_2,-0.45783499,-0.24111560,0.08973813
27.440000,0,FL_2,0.08899399,0.09753246,0.09802288
27.440000,0,FR_2,0.05310884,-0.35217527,0.07019329
27.440000,0,RL_2,-0.54149586,0.20018472,0.08241594
27.440000,0,RR_2,-0.46134871,-0.24318489,0.08864149
27.460000,0,FL_2,0.09003802,0.09849399,0.09755998
27.460000,0,FR_2,0.05692297,-0.34952241,0.07025204
27.460000,0,RL_2,-0.54188377,0.19801830,0.08224797
27.460000,0,RR_2,-0.46454370,-0.24413247,0.08824421
27.480000,0,FL_2,0.09153408,0.09977514,0.09697720
27.480000,0,FR_2,0.06037178,-0.34701720,0.07035251
27.480000,0,RL_2,-0.54246277,0.19563022,0.08214399
27.480000,0,RR_2,-0.46746075,-0.24525847,0.08775732
27.500000,0,FL_2,0.09324297,0.10206138,0.09587920
27.500000,0,FR_2,0.06373586,-0.34331900,0.07033884
27.500000,0,RL_2,-0.54266781,0.19204281,0.08185105
27.500000,0,RR_2,-0.47086748,-0.24730845,0.08682273
27.520000,0,FL_2,0.09426969,0.10388266,0.09500619
27.520000,0,FR_2,0.06709444,-0.33985162,0.07045484
27.520000,0,RL_2,-0.54248178,0.18918490,0.08157169
27.520000,0,RR_2,-0.47424099,-0.24894586,0.08617158
27.540000,0,FL_2,0.09538346,0.10618002,0.09393165
27.540000,0,FR_2,0.07027952,-0.33615944,0.07061407
27.540000,0,RL_2,-0.54199022,0.18601598,0.08124097
27.540000,0,RR_2,-0.47759759,-0.25086826,0.08542582
27.560000,0,FL_2,0.09634371,0.10846090,0.09289733
27.560000,0,FR_2,0.07346345,-0.33249953,0.07087451
27.560000,0,RL_2,-0.54128200,0.18291506,0.08091838
27.560000,0,RR_2,-0.48102063,-0.25267917,0.08480290
27.580000,0,FL_2,0.09731025,0.11097183,0.09180360
27.580000,0,FR_2,0.07650113,-0.32864624,0.07119605
27.580000,0,RL_2,-0.54038370,0.17966999,0.08060910
27.580000,0,RR_2,-0.48446974,-0.25469923,0.08414360
27.600000,0,FL_2,0.09811278,0.11315843,0.09089284
27.600000,0,FR_2,0.07947296,-0.32516339,0.07161698
27.600000,0,RL_2,-0.53950846,0.17684156,0.08037597
27.600000,0,RR_2,-0.48780152,-0.25637048,0.08369762
27.620000,0,FL_2,0.09908371,0.11580183,0.08984984
27.620000,0,FR_2,0.08218528,-0.32129586,0.07207136
27.620000,0,RL_2,-0.53852642,0.17360412,0.08018634
27.620000,0,RR_2,-0.49118415,-0.25848550,0.08311824
27.640000,0,FL_2,0.09976927,0.11808911,0.08897202
27.640000,0,FR_2,0.08481482,-0.31778398,0.07260129
27.640000,0,RL_2,-0.53753906,0.17085204,0.08004435
27.640000,0,RR_2,-0.49445009,-0.26024723,0.08274229
27.660000,0,FL_2,0.10051981,0.12080474,0.08797639
27.660000,0,FR_2,0.08711752,-0.31397325,0.07315927
27.660000,0,RL_2,-0.53639168,0.16778859,0.07994040
27.660000,0,RR_2,-0.49768353,-0.26241615,0.08225653
27.680000,0,FL_2,0.10094900,0.12363146,0.08694255
27.680000,0,FR_2,0.08920366,-0.31008893,0.07377002
27.680000,0,RL_2,-0.53492981,0.16481920,0.07981849
27.680000,0,RR_2,-0.50087649,-0.26466712,0.08180505
27.700000,0,FL_2,0.10103711,0.12675440,0.08580175
27.700000,0,FR_2,0.09089692,-0.30606091,0.07440739
27.700000,0,RL_2,-0.53301346,0.16184111,0.07965743
27.700000,0,RR_2,-0.50390303,-0.26719189,0.08130534
27.720000,0,FL_2,0.10068445,0.12974219,0.08469544
27.720000,0,FR_2,0.09231078,-0.30245006,0.07504164
27.720000,0,RL_2,-0.53080100,0.15925796,0.07945126
27.720000,0,RR_2,-0.50659138,-0.26946917,0.08091781
27.740000,0,FL_2,0.10022920,0.13327371,0.08345768
27.740000,0,FR_2,0.09330351,-0.29860795,0.07570101
27.740000,0,RL_2,-0.52819943,0.15630487,0.07928149
27.740000,0,RR_2,-0.50914824,-0.27216801,0.08044152
27.760000,0,FL_2,0.09942874,0.13625349,0.08239912
27.760000,0,FR_2,0.09427925,-0.29553860,0.07632872
27.760000,0,RL_2,-0.52564931,0.15401854,0.07909482
27.760000,0,RR_2,-0.51139855,-0.27422801,0.08018099
27.780000,0,FL_2,0.09877381,0.13951243,0.08134755
27.780000,0,FR_2,0.09491175,-0.29234457,0.07696698
27.780000,0,RL_2,-0.52312565,0.15146083,0.07902762
27.780000,0,RR_2,-0.51350474,-0.27661094,0.07985535
27.800000,0,FL_2,0.09812285,0.14340967,0.08020406
27.800000,0,FR_2,0.09545729,-0.28857648,0.07776175
27.800000,0,RL_2,-0.52032715,0.14836818,0.07909168
27.800000,0,RR_2,-0.51591319,-0.27954414,0.07950184
27.820000,0,FL_2,0.09717433,0.14648610,0.07928534
27.820000,0,FR_2,0.09630889,-0.28561008,0.07853170
27.820000,0,RL_2,-0.51781410,0.14615634,0.07910097
27.820000,0,RR_2,-0.51820844,-0.28167439,0.07940204
27.840000,0,FL_2,0.09643816,0.14972988,0.07843120
27.840000,0,FR_2,0.09692532,-0.28247043,0.07935096
27.840000,0,RL_2,-0.51547831,0.14372858,0.07925506
27.840000,0,RR_2,-0.52043700,-0.28409311,0.07927752
27.860000,0,FL_2,0.09576625,0.15385768,0.07749093
27.860000,0,FR_2,0.09744468,-0.27849942,0.08042645
27.860000,0,RL_2,-0.51280701,0.14055668,0.07961767
27.860000,0,RR_2,-0.52308685,-0.28730881,0.07914202
27.880000,0,FL_2,0.09473021,0.15707169,0.07673040
27.880000,0,FR_2,0.09837285,-0.27542037,0.08142869
27.880000,0,RL_2,-0.51039457,0.13837723,0.07983017
27.880000,0,RR_2,-0.52564919,-0.28959462,0.07925377
27.900000,0,FL_2,0.09387907,0.16034503,0.07606098
27.900000,0,FR_2,0.09901761,-0.27229303,0.08245213
27.900000,0,RL_2,-0.50817794,0.13605590,0.08017386
27.900000,0,RR_2,-0.52805567,-0.29204857,0.07936558
27.920000,0,FL_2,0.09309241,0.16451123,0.07536316
27.920000,0,FR_2,0.09947684,-0.26842004,0.08374453
27.920000,0,RL_2,-0.50562161,0.13300404,0.08076830
27.920000,0,RR_2,-0.53079200,-0.29529807,0.07950845
27.940000,0,FL_2,0.09198552,0.16808042,0.07476239
27.940000,0,FR_2,0.10026021,-0.26518944,0.08497088
27.940000,0,RL_2,-0.50317687,0.13065879,0.08122194
27.940000,0,RR_2,-0.53351110,-0.29789084,0.07982913
27.960000,0,FL_2,0.09067611,0.17174225,0.07419131
27.960000,0,FR_2,0.10051799,-0.26180866,0.08622760
27.960000,0,RL_2,-0.50057864,0.12828209,0.08173084
27.960000,0,RR_2,-0.53595781,-0.30086896,0.08011999
27.980000,0,FL_2,0.08885665,0.17611949,0.07356437
27.980000,0,FR_2,0.10023626,-0.25802153,0.08763170
27.980000,0,RL_2,-0.49728522,0.12553370,0.08236793
27.980000,0,RR_2,-0.53824526,-0.30461010,0.08040144
28.000000,0,FL_2,0.08632372,0.17875841,0.07295828
28.000000,0,FR_2,0.10015122,-0.25620124,0.08835300
28.000000,0,RL_2,-0.49434999,0.12451310,0.08242448
28.000000,0,RR_2,-0.53954273,-0.30660987,0.08062199
28.020000,0,FL_2,0.08406025,0.18128622,0.07245564
28.020000,0,FR_2,0.09930138,-0.25469312,0.08884081
28.020000,0,RL_2,-0.49177039,0.12329374,0.08263489
28.020000,0,RR_2,-0.53993374,-0.30855873,0.08063088
28.040000,0,FL_2,0.08195144,0.18503442,0.07202781
28.040000,0,FR_2,0.09806284,-0.25232086,0.08966851
28.040000,0,RL_2,-0.48880720,0.12105261,0.08328269
28.040000,0,RR_2,-0.54037058,-0.31158343,0.08064913
28.060000,0,FL_2,0.07944337,0.18988949,0.07164750
28.060000,0,FR_2,0.09690270,-0.24904139,0.09098500
28.060000,0,RL_2,-0.48511884,0.11815324,0.08423747
28.060000,0,RR_2,-0.54135090,-0.31557283,0.08088273
28.080000,0,FL_2,0.07635304,0.19320311,0.07122041
28.080000,0,FR_2,0.09651008,-0.24715662,0.09182590
28.080000,0,RL_2,-0.48178670,0.11677162,0.08459255
28.080000,0,RR_2,-0.54220420,-0.31800729,0.08115508
28.100000,0,FL_2,0.07324387,0.19619212,0.07084763
28.100000,0,FR_2,0.09542334,-0.24526833,0.09260011
28.100000,0,RL_2,-0.47867030,0.11540034,0.08500370
28.100000,0,RR_2,-0.54253113,-0.32058498,0.08132153
28.120000,0,FL_2,0.07036494,0.20037341,0.07069269
28.120000,0,FR_2,0.09429725,-0.24271204,0.09375437
28.120000,0,RL_2,-0.47537404,0.11300153,0.08597407
28.120000,0,RR_2,-0.54315680,-0.32396129,0.08166707
28.140000,0,FL_2,0.06703490,0.20481876,0.07061446
28.140000,0,FR_2,0.09318044,-0.23980413,0.09516817
28.140000,0,RL_2,-0.47168598,0.11064792,0.08697672
28.140000,0,RR_2,-0.54404163,-0.32784200,0.08221432
28.160000,0,FL_2,0.06340244,0.20790489,0.07043145
28.160000,0,FR_2,0.09248938,-0.23819314,0.09597867
28.160000,0,RL_2,-0.46841279,0.10942952,0.08744751
28.160000,0,RR_2,-0.54458421,-0.33037296,0.08261934
28.180000,0,FL_2,0.05981095,0.21089675,0.07032361
28.180000,0,FR_2,0.09103729,-0.23643601,0.09681087
28.180000,0,RL_2,-0.46525434,0.10802110,0.08807054
28.180000,0,RR_2,-0.54455996,-0.33321247,0.08292799
28.200000,0,FL_2,0.05638658,0.21511279,0.07054185
28.200000,0,FR_2,0.08965853,-0.23406263,0.09806307
28.200000,0,RL_2,-0.46190578,0.10562070,0.08931877
28.200000,0,RR_2,-0.54479051,-0.33680448,0.08347949
28.220000,0,FL_2,0.05253870,0.21725827,0.07041533
28.220000,0,FR_2,0.08863349,-0.23319033,0.09848404
28.220000,0,RL_2,-0.45890117,0.10511065,0.08949357
28.220000,0,RR_2,-0.54445279,-0.33889073,0.08368782
28.240000,0,FL_2,0.04893062,0.21916404,0.07033086
28.240000,0,FR_2,0.08685741,-0.23239850,0.09878969
28.240000,0,RL_2,-0.45616931,0.10429128,0.08988725
28.240000,0,RR_2,-0.54329336,-0.34095249,0.08365420
28.260000,0,FL_2,0.04550099,0.22248748,0.07063861
28.260000,0,FR_2,0.08499505,-0.23068465,0.09969535
28.260000,0,RL_2,-0.45314208,0.10235127,0.09100501
28.260000,0,RR_2,-0.54230654,-0.34410268,0.08390863
28.280000,0,FL_2,0.04159781,0.22605927,0.07105465
28.280000,0,FR_2,0.08343014,-0.22875118,0.10082054
28.280000,0,RL_2,-0.44970262,0.10048357,0.09212136
28.280000,0,RR_2,-0.54163069,-0.34757027,0.08439608
28.300000,0,FL_2,0.03730243,0.22882836,0.07133082
28.300000,0,FR_2,0.08208694,-0.22744486,0.10158646
28.300000,0,RL_2,-0.44633999,0.09925438,0.09286185
28.300000,0,RR_2,-0.54088563,-0.35032505,0.08477268
28.320000,0,FL_2,0.03286154,0.23196922,0.07179777
28.320000,0,FR_2,0.08034612,-0.22575432,0.10261812
28.320000,0,RL_2,-0.44293615,0.09755743,0.09396221
28.320000,0,RR_2,-0.54004860,-0.35352790,0.08528407
28.340000,0,FL_2,0.02848701,0.23346707,0.07188029
28.340000,0,FR_2,0.07912754,-0.22558892,0.10264184
28.340000,0,RL_2,-0.44009715,0.09724210,0.09413381
28.340000,0,RR_2,-0.53883123,-0.35508165,0.08529148
28.360000,0,FL_2,0.02436975,0.23476082,0.07198088
28.360000,0,FR_2,0.07688935,-0.22511937,0.10281307
28.360000,0,RL_2,-0.43743467,0.09664442,0.09451906
28.360000,0,RR_2,-0.53677952,-0.35698456,0.08514347
28.380000,0,FL_2,0.02026390,0.23762271,0.07264645
28.380000,0,FR_2,0.07465655,-0.22374269,0.10366392
28.380000,0,RL_2,-0.43438172,0.09482020,0.09580812
28.380000,0,RR_2,-0.53482163,-0.36013424,0.08542170
28.400000,0,FL_2,0.01569067,0.23949513,0.07305056
28.400000,0,FR_2,0.07287064,-0.22311591,0.10401799
28.400000,0,RL_2,-0.43112665,0.09403614,0.09636240
28.400000,0,RR_2,-0.53280443,-0.36252493,0.08551203
28.420000,0,FL_2,0.01121880,0.24168041,0.07365140
28.420000,0,FR_2,0.07094482,-0.22218902,0.10460640
28.420000,0,RL_2,-0.42809492,0.09269366,0.09736061
28.420000,0,RR_2,-0.53078365,-0.36496827,0.08566281
28.440000,0,FL_2,0.00610629,0.24489224,0.07472090
28.440000,0,FR_2,0.06865995,-0.22025277,0.10599126
28.440000,0,RL_2,-0.42440999,0.09063961,0.09894798
28.440000,0,RR_2,-0.52889866,-0.36885169,0.08640946
28.460000,0,FL_2,0.00097238,0.24677953,0.07540822
28.460000,0,FR_2,0.06746895,-0.21991737,0.10620129
28.460000,0,RL_2,-0.42121488,0.08980326,0.09961276
28.460000,0,RR_2,-0.52729839,-0.37084061,0.08663826
28.480000,0,FL_2,-0.00393432,0.24827507,0.07603462
28.480000,0,FR_2,0.06535706,-0.21915548,0.10672145
28.480000,0,RL_2,-0.41832578,0.08888406,0.10035951
28.480000,0,RR_2,-0.52524531,-0.37300071,0.08682689
28.500000,0,FL_2,-0.00873484,0.24907880,0.07645532
28.500000,0,FR_2,0.06329770,-0.21913901,0.10665153
28.500000,0,RL_2,-0.41550246,0.08844288,0.10072826
28.500000,0,RR_2,-0.52267843,-0.37465069,0.08669856
28.520000,0,FL_2,-0.01327822,0.24994104,0.07696350
28.520000,0,FR_2,0.06084877,-0.21890205,0.10675387
28.520000,0,RL_2,-0.41277850,0.08771616,0.10133894
28.520000,0,RR_2,-0.51961434,-0.37643284,0.08651291
28.540000,0,FL_2,-0.01789752,0.25070685,0.07750125
28.540000,0,FR_2,0.05838967,-0.21874876,0.10679599
28.540000,0,RL_2,-0.40985736,0.08704002,0.10191855
28.540000,0,RR_2,-0.51619446,-0.37823963,0.08628143
28.560000,0,FL_2,-0.02230008,0.25120518,0.07797624
28.560000,0,FR_2,0.05615979,-0.21888043,0.10661441
28.560000,0,RL_2,-0.40715212,0.08650779,0.10238419
28.560000,0,RR_2,-0.51267993,-0.37949464,0.08584034
28.580000,0,FL_2,-0.02683690,0.25112253,0.07826535
28.580000,0,FR_2,0.05349601,-0.21905307,0.10638975
28.580000,0,RL_2,-0.40426576,0.08628193,0.10259880
28.580000,0,RR_2,-0.50867081,-0.38068464,0.08528671
28.600000,0,FL_2,-0.03075081,0.25121254,0.07863446
28.600000,0,FR_2,0.05140551,-0.21955276,0.10591105
28.600000,0,RL_2,-0.40200073,0.08589138,0.10295045
28.600000,0,RR_2,-0.50489503,-0.38120392,0.08455569
28.620000,0,FL_2,-0.03440855,0.25093910,0.07886263
28.620000,0,FR_2,0.04910198,-0.21980032,0.10564062
28.620000,0,RL_2,-0.39975607,0.08580688,0.10304616
28.620000,0,RR_2,-0.50110745,-0.38180670,0.08390245
28.640000,0,FL_2,-0.03864758,0.25017175,0.07897900
28.640000,0,FR_2,0.04609804,-0.22006235,0.10534373
28.640000,0,RL_2,-0.39686227,0.08578955,0.10309612
28.640000,0,RR_2,-0.49661320,-0.38283098,0.08331884
28.660000,0,FL_2,-0.04267934,0.24982855,0.07930899
28.660000,0,FR_2,0.04357448,-0.22064811,0.10479116
28.660000,0,RL_2,-0.39432338,0.08542328,0.10343979
28.660000,0,RR_2,-0.49228966,-0.38333637,0.08260964
28.680000,0,FL_2,-0.04673165,0.24936287,0.07963681
28.680000,0,FR_2,0.04091899,-0.22096407,0.10446581
28.680000,0,RL_2,-0.39172506,0.08523309,0.10363910
28.680000,0,RR_2,-0.48798987,-0.38389882,0.08198719
28.700000,0,FL_2,-0.05145158,0.24854293,0.07996047
28.700000,0,FR_2,0.03769370,-0.22122669,0.10417755
28.700000,0,RL_2,-0.38855460,0.08505897,0.10383859
28.700000,0,RR_2,-0.48310268,-0.38480324,0.08146384
28.720000,0,FL_2,-0.05511604,0.24869260,0.08059841
28.720000,0,FR_2,0.03590251,-0.22191779,0.10356340
28.720000,0,RL_2,-0.38667160,0.08443896,0.10439582
28.720000,0,RR_2,-0.47937381,-0.38467091,0.08075583
28.740000,0,FL_2,-0.05802301,0.24860823,0.08104574
28.740000,0,FR_2,0.03433330,-0.22199675,0.10346723
28.740000,0,RL_2,-0.38514012,0.08431376,0.10453008
28.740000,0,RR_2,-0.47645816,-0.38471946,0.08029810
28.760000,0,FL_2,-0.06139858,0.24777710,0.08127819
28.760000,0,FR_2,0.03199790,-0.22191057,0.10349761
28.760000,0,RL_2,-0.38286549,0.08433108,0.10455996
28.760000,0,RR_2,-0.47308829,-0.38550976,0.08011852
28.780000,0,FL_2,-0.06574683,0.24656035,0.08156921
28.780000,0,FR_2,0.02878783,-0.22199427,0.10337576
28.780000,0,RL_2,-0.37970111,0.08413691,0.10479139
28.780000,0,RR_2,-0.46874666,-0.38664028,0.07999003
28.800000,0,FL_2,-0.07101887,0.24537921,0.08212904
28.800000,0,FR_2,0.02504520,-0.22230411,0.10306221
28.800000,0,RL_2,-0.37600079,0.08363612,0.10529956
28.800000,0,RR_2,-0.46347290,-0.38761967,0.07974063
28.820000,0,FL_2,-0.07525328,0.24545558,0.08307455
28.820000,0,FR_2,0.02287257,-0.22307372,0.10238957
28.820000,0,RL_2,-0.37382841,0.08275448,0.10609752
28.820000,0,RR_2,-0.45930332,-0.38728929,0.07911138
28.840000,0,FL_2,-0.07862896,0.24537426,0.08380903
28.840000,0,FR_2,0.02112745,-0.22316283,0.10229428
28.840000,0,RL_2,-0.37214214,0.08246600,0.10638458
28.840000,0,RR_2,-0.45594209,-0.38706577,0.07866247
28.860000,0,FL_2,-0.08229420,0.24449687,0.08430940
28.860000,0,FR_2,0.01874856,-0.22299410,0.10240999
28.860000,0,RL_2,-0.36982453,0.08235700,0.10653801
28.860000,0,RR_2,-0.45217648,-0.38756126,0.07852718
28.880000,0,FL_2,-0.08674680,0.24314412,0.08485490
28.880000,0,FR_2,0.01554956,-0.22292461,0.10243949
28.880000,0,RL_2,-0.36670062,0.08203688,0.10689688
28.880000,0,RR_2,-0.44753999,-0.38839450,0.07851833
28.900000,0,FL_2,-0.09150369,0.24207343,0.08566670
28.900000,0,FR_2,0.01232294,-0.22317107,0.10220872
28.900000,0,RL_2,-0.36357436,0.08136109,0.10756138
28.900000,0,RR_2,-0.44260669,-0.38882583,0.07837753
28.920000,0,FL_2,-0.09621099,0.24123040,0.08663176
28.920000,0,FR_2,0.00929146,-0.22338477,0.10201211
28.920000,0,RL_2,-0.36066830,0.08066276,0.10824346
28.920000,0,RR_2,-0.43773392,-0.38892496,0.07816239
28.940000,0,FL_2,-0.10016654,0.23934846,0.08701620
28.940000,0,FR_2,0.00650333,-0.22460112,0.10098910
28.940000,0,RL_2,-0.35814533,0.08105716,0.10799815
28.940000,0,RR_2,-0.43308645,-0.38749573,0.07735039
28.960000,0,FL_2,-0.10351328,0.23719656,0.08717002
28.960000,0,FR_2,0.00318620,-0.22531764,0.10039289
28.960000,0,RL_2,-0.35590416,0.08148417,0.10772877
28.960000,0,RR_2,-0.42796791,-0.38615239,0.07664806
28.980000,0,FL_2,-0.10548198,0.23545830,0.08710635
28.980000,0,FR_2,0.00084912,-0.22670987,0.09926852
28.980000,0,RL_2,-0.35464820,0.08206861,0.10730185
28.980000,0,RR_2,-0.42370048,-0.38399094,0.07570668
29.000000,0,FL_2,-0.10660075,0.23337659,0.08667822
29.000000,0,FR_2,-0.00153913,-0.22755064,0.09860376
29.000000,0,RL_2,-0.35345849,0.08303227,0.10657759
29.000000,0,RR_2,-0.41972271,-0.38213024,0.07497053
29.020000,0,FL_2,-0.10812467,0.23043941,0.08611265
29.020000,0,FR_2,-0.00477549,-0.22832359,0.09800725
29.020000,0,RL_2,-0.35134089,0.08408961,0.10584518
29.020000,0,RR_2,-0.41500115,-0.38071075,0.07448667
29.040000,0,FL_2,-0.11004551,0.22764018,0.08578013
29.040000,0,FR_2,-0.00834021,-0.22931096,0.09726465
29.040000,0,RL_2,-0.34900022,0.08471429,0.10548693
29.040000,0,RR_2,-0.40987039,-0.37912741,0.07403388
29.060000,0,FL_2,-0.11208262,0.22498770,0.08558818
29.060000,0,FR_2,-0.01183299,-0.23053285,0.09636943
29.060000,0,RL_2,-0.34670791,0.08536474,0.10512500
29.060000,0,RR_2,-0.40478909,-0.37704697,0.07349382
29.080000,0,FL_2,-0.11410922,0.22234738,0.08544905
29.080000,0,FR_2,-0.01528914,-0.23176140,0.09549981
29.080000,0,RL_2,-0.34454849,0.08614583,0.10467633
29.080000,0,RR_2,-0.39977151,-0.37467465,0.07295256
29.100000,0,FL_2,-0.11586447,0.21989228,0.08532417
29.100000,0,FR_2,-0.01846138,-0.23303857,0.09462280
29.100000,0,RL_2,-0.34274414,0.08700783,0.10416481
29.100000,0,RR_2,-0.39509827,-0.37210673,0.07243006
29.120000,0,FL_2,-0.11777712,0.21698914,0.08517903
29.120000,0,FR_2,-0.02199324,-0.23404600,0.09397420
29.120000,0,RL_2,-0.34055975,0.08810758,0.10353217
29.120000,0,RR_2,-0.39017972,-0.36975425,0.07209501
29.140000,0,FL_2,-0.11858995,0.21510844,0.08497646
29.140000,0,FR_2,-0.02435358,-0.23576574,0.09283797
29.140000,0,RL_2,-0.33973449,0.08899830,0.10296631
29.140000,0,RR_2,-0.38662907,-0.36669576,0.07152694
29.160000,0,FL_2,-0.11861455,0.21275696,0.08443300
29.160000,0,FR_2,-0.02650714,-0.23702447,0.09204517
29.160000,0,RL_2,-0.33896133,0.09062295,0.10190339
29.160000,0,RR_2,-0.38370678,-0.36395881,0.07107216
29.180000,0,FL_2,-0.11915566,0.20949076,0.08390626
29.180000,0,FR_2,-0.02969076,-0.23787944,0.09157307
29.180000,0,RL_2,-0.33720493,0.09229760,0.10092881
29.180000,0,RR_2,-0.37989292,-0.36187756,0.07094592
29.200000,0,FL_2,-0.12010549,0.20636472,0.08360700
29.200000,0,FR_2,-0.03328669,-0.23912439,0.09088917
29.200000,0,RL_2,-0.33521914,0.09354640,0.10029645
29.200000,0,RR_2,-0.37568527,-0.35948578,0.07085715
29.220000,0,FL_2,-0.12121376,0.20329823,0.08343116
29.220000,0,FR_2,-0.03705931,-0.24054098,0.09014441
29.220000,0,RL_2,-0.33315668,0.09480466,0.09969790
29.220000,0,RR_2,-0.37132370,-0.35662737,0.07076498
29.240000,0,FL_2,-0.12176182,0.20077744,0.08321528
29.240000,0,FR_2,-0.04025531,-0.24236664,0.08917290
29.240000,0,RL_2,-0.33186653,0.09609357,0.09902886
29.240000,0,RR_2,-0.36760619,-0.35315982,0.07055718
29.260000,0,FL_2,-0.12219363,0.19787042,0.08295304
29.260000,0,FR_2,-0.04356284,-0.24367112,0.08856705
29.260000,0,RL_2,-0.33036429,0.09777821,0.09817030
29.260000,0,RR_2,-0.36377025,-0.35003680,0.07053166
29.280000,0,FL_2,-0.12234251,0.19517758,0.08267921
29.280000,0,FR_2,-0.04664063,-0.24527453,0.08781700
29.280000,0,RL_2,-0.32919222,0.09939025,0.09735346
29.280000,0,RR_2,-0.36027572,-0.34675393,0.07051914
29.300000,0,FL_2,-0.12260534,0.19204646,0.08244832
29.300000,0,FR_2,-0.05006634,-0.24651808,0.08733459
29.300000,0,RL_2,-0.32758626,0.10124437,0.09648638
29.300000,0,RR_2,-0.35651678,-0.34372923,0.07067515
29.320000,0,FL_2,-0.12201308,0.18975045,0.08207709
29.320000,0,FR_2,-0.05267284,-0.24865872,0.08635430
29.320000,0,RL_2,-0.32710016,0.10293129,0.09560850
29.320000,0,RR_2,-0.35393664,-0.34002373,0.07063545
29.340000,0,FL_2,-0.12094732,0.18704481,0.08157899
29.340000,0,FR_2,-0.05518068,-0.25022727,0.08572111
29.340000,0,RL_2,-0.32656148,0.10519388,0.09445819
29.340000,0,RR_2,-0.35158679,-0.33681241,0.07069752
29.360000,0,FL_2,-0.12066370,0.18334785,0.08133504
29.360000,0,FR_2,-0.05883718,-0.25135738,0.08544186
29.360000,0,RL_2,-0.32482463,0.10760885,0.09344668
29.360000,0,RR_2,-0.34807158,-0.33398783,0.07106731
29.380000,0,FL_2,-0.11998827,0.18064620,0.08107803
29.380000,0,FR_2,-0.06208465,-0.25360757,0.08462526
29.380000,0,RL_2,-0.32402122,0.10951617,0.09261062
29.380000,0,RR_2,-0.34534681,-0.33017471,0.07130229
29.400000,0,FL_2,-0.11911157,0.17776796,0.08081697
29.400000,0,FR_2,-0.06526694,-0.25534597,0.08411200
29.400000,0,RL_2,-0.32317781,0.11181568,0.09162977
29.400000,0,RR_2,-0.34265998,-0.32665876,0.07163836
29.420000,0,FL_2,-0.11833297,0.17461923,0.08065106
29.420000,0,FR_2,-0.06870668,-0.25719815,0.08362964
29.420000,0,RL_2,-0.32212469,0.11426867,0.09066109
29.420000,0,RR_2,-0.33980414,-0.32303345,0.07208905
29.440000,0,FL_2,-0.11712533,0.17180291,0.08042289
29.440000,0,FR_2,-0.07186095,-0.25943980,0.08301158
29.440000,0,RL_2,-0.32160705,0.11674650,0.08964919
29.440000,0,RR_2,-0.33746460,-0.31908706,0.07253012
29.460000,0,FL_2,-0.11567518,0.16884702,0.08020163
29.460000,0,FR_2,-0.07495478,-0.26149735,0.08253235
29.460000,0,RL_2,-0.32115391,0.11950950,0.08855887
29.460000,0,RR_2,-0.33522913,-0.31532454,0.07304356
29.480000,0,FL_2,-0.11401688,0.16584325,0.08000156
29.480000,0,FR_2,-0.07803887,-0.26372868,0.08204906
29.480000,0,RL_2,-0.32082304,0.12242941,0.08744586
29.480000,0,RR_2,-0.33317903,-0.31147891,0.07361329
29.500000,0,FL_2,-0.11201432,0.16297248,0.07977697
29.500000,0,FR_2,-0.08094375,-0.26611763,0.08155377
29.500000,0,RL_2,-0.32082456,0.12545811,0.08629789
29.500000,0,RR_2,-0.33148524,-0.30759621,0.07420557
29.520000,0,FL_2,-0.10968221,0.16018265,0.07953863
29.520000,0,FR_2,-0.08363004,-0.26857829,0.08107490
29.520000,0,RL_2,-0.32112259,0.12863421,0.08510996
29.520000,0,RR_2,-0.33013564,-0.30379882,0.07481190
29.540000,0,FL_2,-0.10709932,0.15741102,0.07931754
29.540000,0,FR_2,-0.08614567,-0.27107954,0.08062839
29.540000,0,RL_2,-0.32163867,0.13196285,0.08390070
29.540000,0,RR_2,-0.32905778,-0.30011806,0.07543704
29.560000,0,FL_2,-0.10438686,0.15466994,0.07914400
29.560000,0,FR_2,-0.08855146,-0.27358443,0.08023327
29.560000,0,RL_2,-0.32230169,0.13537776,0.08271071
29.560000,0,RR_2,-0.32815826,-0.29656646,0.07609019
29.580000,0,FL_2,-0.10165645,0.15196854,0.07904157
29.580000,0,FR_2,-0.09090254,-0.27609071,0.07989690
29.580000,0,RL_2,-0.32304293,0.13882671,0.08157171
29.580000,0,RR_2,-0.32736748,-0.29311544,0.07678225
29.600000,0,FL_2,-0.09897833,0.14930266,0.07902287
29.600000,0,FR_2,-0.09324808,-0.27861446,0.07962215
29.600000,0,RL_2,-0.32381490,0.14228848,0.08049912
29.600000,0,RR_2,-0.32663518,-0.28971601,0.07752632
29.620000,0,FL_2,-0.09638639,0.14667901,0.07908936
29.620000,0,FR_2,-0.09561756,-0.28115648,0.07941516
29.620000,0,RL_2,-0.32459748,0.14574574,0.07950102
29.620000,0,RR_2,-0.32592556,-0.28634340,0.07833177
29.640000,0,FL_2,-0.09388728,0.14409979,0.07923689
29.640000,0,FR_2,-0.09802173,-0.28371587,0.07927944
29.640000,0,RL_2,-0.32538486,0.14919303,0.07857876
29.640000,0,RR_2,-0.32522383,-0.28298748,0.07920269
29.660000,0,FL_2,-0.09146620,0.14155960,0.07945964
29.660000,0,FR_2,-0.10046124,-0.28629333,0.07921685
29.660000,0,RL_2,-0.32618114,0.15263778,0.07772905
29.660000,0,RR_2,-0.32453001,-0.27964565,0.08013905
29.680000,0,FL_2,-0.08910215,0.13905413,0.07975125
29.680000,0,FR_2,-0.10293005,-0.28888655,0.07922827
29.680000,0,RL_2,-0.32699463,0.15608786,0.07694828
29.680000,0,RR_2,-0.32385111,-0.27632415,0.08113758
29.700000,0,FL_2,-0.08677448,0.13657668,0.08010758
29.700000,0,FR_2,-0.10542107,-0.29149523,0.07931393
29.700000,0,RL_2,-0.32783481,0.15955392,0.07623278
29.700000,0,RR_2,-0.32319650,-0.27302924,0.08219385
29.720000,0,FL_2,-0.08446825,0.13412318,0.08052536
29.720000,0,FR_2,-0.10792825,-0.29411787,0.07947433
29.720000,0,RL_2,-0.32870954,0.16304296,0.07558111
29.720000,0,RR_2,-0.32257354,-0.26976758,0.08330371
29.740000,0,FL_2,-0.08217235,0.13168590,0.08100456
29.740000,0,FR_2,-0.11044991,-0.29675964,0.07970975
29.740000,0,RL_2,-0.32962400,0.16656604,0.07499193
29.740000,0,RR_2,-0.32198793,-0.26653776,0.08446520
29.760000,0,FL_2,-0.07987921,0.12925898,0.08154547
29.760000,0,FR_2,-0.11298881,-0.29942593,0.08002219
29.760000,0,RL_2,-0.33058241,0.17013289,0.07446571
29.760000,0,RR_2,-0.32144064,-0.26333481,0.08567879
29.780000,0,FL_2,-0.07703501,0.12723042,0.08192635
29.780000,0,FR_2,-0.11498776,-0.30261910,0.08022597
29.780000,0,RL_2,-0.33230388,0.17357901,0.07387048
29.780000,0,RR_2,-0.32166976,-0.26006308,0.08685164
29.800000,0,FL_2,-0.07434145,0.12478817,0.08255139
29.800000,0,FR_2,-0.11703523,-0.30516481,0.08057378
29.800000,0,RL_2,-0.33379948,0.17741977,0.07337743
29.800000,0,RR_2,-0.32143840,-0.25733951,0.08795992
29.820000,0,FL_2,-0.07130659,0.12282080,0.08300834
29.820000,0,FR_2,-0.11865920,-0.30832592,0.08084057
29.820000,0,RL_2,-0.33590981,0.18100499,0.07285645
29.820000,0,RR_2,-0.32196805,-0.25434938,0.08910690
29.840000,0,FL_2,-0.06772316,0.12085351,0.08346695
29.840000,0,FR_2,-0.11967689,-0.31166089,0.08101389
29.840000,0,RL_2,-0.33869982,0.18479082,0.07228521
29.840000,0,RR_2,-0.32297134,-0.25165114,0.09011929
29.860000,0,FL_2,-0.06425977,0.11888603,0.08400574
29.860000,0,FR_2,-0.12047990,-0.31447563,0.08120725
29.860000,0,RL_2,-0.34156257,0.18861428,0.07179623
29.860000,0,RR_2,-0.32377779,-0.24944966,0.09099548
29.880000,0,FL_2,-0.06049208,0.11717532,0.08446030
29.880000,0,FR_2,-0.12073672,-0.31776297,0.08130582
29.880000,0,RL_2,-0.34498280,0.19229244,0.07129578
29.880000,0,RR_2,-0.32527074,-0.24712478,0.09187350
29.900000,0,FL_2,-0.05758492,0.11481036,0.08537364
29.900000,0,FR_2,-0.12161782,-0.32002607,0.08162434
29.900000,0,RL_2,-0.34746572,0.19643967,0.07109461
29.900000,0,RR_2,-0.32552776,-0.24525835,0.09275466
29.920000,0,FL_2,-0.05496505,0.11293097,0.08612962
29.920000,0,FR_2,-0.12277395,-0.32284498,0.08209475
29.920000,0,RL_2,-0.34982851,0.20006093,0.07097671
29.920000,0,RR_2,-0.32606086,-0.24274325,0.09396263
29.940000,0,FL_2,-0.05119076,0.11132886,0.08670759
29.940000,0,FR_2,-0.12312664,-0.32698533,0.08247945
29.940000,0,RL_2,-0.35347658,0.20353475,0.07071120
29.940000,0,RR_2,-0.32788500,-0.23992205,0.09522410
29.960000,0,FL_2,-0.04770252,0.10967411,0.08738877
29.960000,0,FR_2,-0.12332867,-0.32972616,0.08278801
29.960000,0,RL_2,-0.35708973,0.20698324,0.07054526
29.960000,0,RR_2,-0.32884717,-0.23836263,0.09596583
29.980000,0,FL_2,-0.04428679,0.10817818,0.08803636
29.980000,0,FR_2,-0.12316473,-0.33270141,0.08305875
29.980000,0,RL_2,-0.36080810,0.21023217,0.07042969
29.980000,0,RR_2,-0.33040091,-0.23654789,0.09681238
30.000000,0,FL_2,-0.04023390,0.10675073,0.08865902
30.000000,0,FR_2,-0.12224200,-0.33628145,0.08322850
30.000000,0,RL_2,-0.36533898,0.21348618,0.07029007
30.000000,0,RR_2,-0.33265656,-0.23476443,0.09760507
30.020000,0,FL_2,-0.03737945,0.10494958,0.08961274
30.020000,0,FR_2,-0.12194123,-0.33819449,0.08341405
30.020000,0,RL_2,-0.36878863,0.21698290,0.07045253
30.020000,0,RR_2,-0.33331877,-0.23381034,0.09810942
