time_s,segment,body,x_m,y_m,z_m
0.000000,0,FL_foot,0.24780178,0.19358142,0.02014171
0.000000,0,FR_foot,0.22555758,-0.25329512,0.02033277
0.000000,0,RL_foot,-0.15206595,0.21612467,0.02103681
0.000000,0,RR_foot,-0.19706483,-0.22886650,0.02035467
0.020000,0,FL_foot,0.24481846,0.19277616,0.02022683
0.020000,0,FR_foot,0.22324514,-0.24823931,0.02216809
0.020000,0,RL_foot,-0.16204375,0.19629675,0.02416171
0.020000,0,RR_foot,-0.20064989,-0.22742964,0.02021795
0.040000,0,FL_foot,0.24486989,0.19274491,0.02022579
0.040000,0,FR_foot,0.22815259,-0.25115427,0.02224677
0.040000,0,RL_foot,-0.16072138,0.17717053,0.03003619
0.040000,0,RR_foot,-0.20061114,-0.22744019,0.02021419
0.060000,0,FL_foot,0.24488416,0.19275914,0.02022453
0.060000,0,FR_foot,0.23254596,-0.25453094,0.02203508
0.060000,0,RL_foot,-0.15554141,0.15650700,0.03916997
0.060000,0,RR_foot,-0.20058620,-0.22745511,0.02021190
0.080000,0,FL_foot,0.24490188,0.19278729,0.02022549
0.080000,0,FR_foot,0.23673025,-0.25811905,0.02184168
0.080000,0,RL_foot,-0.14868329,0.13743885,0.05016866
0.080000,0,RR_foot,-0.20055005,-0.22745354,0.02021332
0.100000,0,FL_foot,0.24492253,0.19281310,0.02022495
0.100000,0,FR_foot,0.24077988,-0.26173297,0.02169520
0.100000,0,RL_foot,-0.14222214,0.12231790,0.06081538
0.100000,0,RR_foot,-0.20051159,-0.22747864,0.02020980
0.120000,0,FL_foot,0.24495630,0.19281307,0.02022443
0.120000,0,FR_foot,0.24450877,-0.26502034,0.02156323
0.120000,0,RL_foot,-0.13714279,0.11148330,0.06956044
0.120000,0,RR_foot,-0.20046495,-0.22749363,0.02021077
0.140000,0,FL_foot,0.24499947,0.19281211,0.02022296
0.140000,0,FR_foot,0.24774669,-0.26773825,0.02137513
0.140000,0,RL_foot,-0.13343924,0.10397524,0.07618277
0.140000,0,RR_foot,-0.20041473,-0.22753496,0.02020905
0.160000,0,FL_foot,0.24505238,0.19280137,0.02022216
0.160000,0,FR_foot,0.25052544,-0.26991531,0.02106255
0.160000,0,RL_foot,-0.13071001,0.09861504,0.08119858
0.160000,0,RR_foot,-0.20035231,-0.22756048,0.02020375
0.180000,0,FL_foot,0.24511766,0.19276910,0.02022087
0.180000,0,FR_foot,0.25295612,-0.27168643,0.02059240
0.180000,0,RL_foot,-0.12853622,0.09457645,0.08515230
0.180000,0,RR_foot,-0.20028466,-0.22761564,0.02020527
0.200000,0,FL_foot,0.24518776,0.19274665,0.02022526
0.200000,0,FR_foot,0.25406075,-0.27243206,0.02025225
0.200000,0,RL_foot,-0.12654547,0.09121480,0.08831451
0.200000,0,RR_foot,-0.20021780,-0.22766070,0.02021533
0.220000,0,FL_foot,0.24526696,0.19270046,0.02022268
0.220000,0,FR_foot,0.25416777,-0.27250919,0.02025031
0.220000,0,RL_foot,-0.12447378,0.08850472,0.09054497
0.220000,0,RR_foot,-0.20015810,-0.22769213,0.02020679
0.240000,0,FL_foot,0.24534318,0.19265547,0.02022158
0.240000,0,FR_foot,0.25422016,-0.27254930,0.02024971
0.240000,0,RL_foot,-0.12263096,0.08630261,0.09238402
0.240000,0,RR_foot,-0.20010611,-0.22773398,0.02020480
0.260000,0,FL_foot,0.24541079,0.19262284,0.02022069
0.260000,0,FR_foot,0.25427595,-0.27259076,0.02024863
0.260000,0,RL_foot,-0.12097479,0.08448776,0.09390842
0.260000,0,RR_foot,-0.20005457,-0.22775045,0.02020321
0.280000,0,FL_foot,0.24547905,0.19258547,0.02022002
0.280000,0,FR_foot,0.25432277,-0.27262181,0.02024805
0.280000,0,RL_foot,-0.11948375,0.08298834,0.09516504
0.280000,0,RR_foot,-0.20000567,-0.22777903,0.02020249
0.300000,0,FL_foot,0.24553765,0.19256142,0.02021937
0.300000,0,FR_foot,0.25436699,-0.27264798,0.02024727
0.300000,0,RL_foot,-0.11814129,0.08175479,0.09618707
0.300000,0,RR_foot,-0.19995841,-0.22778453,0.02020142
0.320000,0,FL_foot,0.24559627,0.19253312,0.02021869
0.320000,0,FR_foot,0.25441676,-0.27267358,0.02024668
0.320000,0,RL_foot,-0.11692627,0.08074582,0.09700727
0.320000,0,RR_foot,-0.19991349,-0.22780396,0.02020071
0.340000,0,FL_foot,0.24564472,0.19251722,0.02021710
0.340000,0,FR_foot,0.25445837,-0.27269018,0.02024630
0.340000,0,RL_foot,-0.11582005,0.07992121,0.09765715
0.340000,0,RR_foot,-0.19987196,-0.22781844,0.02019832
0.360000,0,FL_foot,0.24569486,0.19249882,0.02021780
0.360000,0,FR_foot,0.25450653,-0.27270550,0.02024562
0.360000,0,RL_foot,-0.11480657,0.07926045,0.09816452
0.360000,0,RR_foot,-0.19982855,-0.22781450,0.02019880
0.380000,0,FL_foot,0.24573551,0.19249205,0.02021722
0.380000,0,FR_foot,0.25455230,-0.27271548,0.02024697
0.380000,0,RL_foot,-0.11386339,0.07872416,0.09855469
0.380000,0,RR_foot,-0.19978917,-0.22782446,0.02019715
0.400000,0,FL_foot,0.24577162,0.19248921,0.02021721
0.400000,0,FR_foot,0.25459528,-0.27271926,0.02024670
0.400000,0,RL_foot,-0.11299317,0.07828823,0.09885677
0.400000,0,RR_foot,-0.19975136,-0.22781336,0.02019640
0.420000,0,FL_foot,0.24580951,0.19248000,0.02021649
0.420000,0,FR_foot,0.25464442,-0.27272543,0.02024644
0.420000,0,RL_foot,-0.11217143,0.07794409,0.09907415
0.420000,0,RR_foot,-0.19971518,-0.22781959,0.02019566
0.440000,0,FL_foot,0.24583912,0.19248237,0.02021614
0.440000,0,FR_foot,0.25469983,-0.27272630,0.02024638
0.440000,0,RL_foot,-0.11139837,0.07766320,0.09923709
0.440000,0,RR_foot,-0.19968034,-0.22782427,0.02019514
0.460000,0,FL_foot,0.24586530,0.19248751,0.02021567
0.460000,0,FR_foot,0.25475314,-0.27272335,0.02024603
0.460000,0,RL_foot,-0.11066542,0.07743595,0.09935375
0.460000,0,RR_foot,-0.19964685,-0.22782718,0.02019467
0.480000,0,FL_foot,0.24588920,0.19249474,0.02021578
0.480000,0,FR_foot,0.25482517,-0.27273262,0.02024542
0.480000,0,RL_foot,-0.10996635,0.07725159,0.09943561
0.480000,0,RR_foot,-0.19961539,-0.22781070,0.02019401
0.500000,0,FL_foot,0.24591582,0.19249414,0.02021532
0.500000,0,FR_foot,0.25491038,-0.27274844,0.02024467
0.500000,0,RL_foot,-0.10929182,0.07710068,0.09948623
0.500000,0,RR_foot,-0.19958448,-0.22781160,0.02019296
0.520000,0,FL_foot,0.24593557,0.19250365,0.02021503
0.520000,0,FR_foot,0.25502658,-0.27278516,0.02024445
0.520000,0,RL_foot,-0.10864049,0.07696895,0.09951729
0.520000,0,RR_foot,-0.19955508,-0.22781321,0.02019276
0.540000,0,FL_foot,0.24595308,0.19251314,0.02021402
0.540000,0,FR_foot,0.25515679,-0.27283129,0.02024353
0.540000,0,RL_foot,-0.10800984,0.07684903,0.09953283
0.540000,0,RR_foot,-0.19952862,-0.22781262,0.02019135
0.560000,0,FL_foot,0.24596989,0.19252446,0.02021479
0.560000,0,FR_foot,0.25525749,-0.27285528,0.02024419
0.560000,0,RL_foot,-0.10739807,0.07674579,0.09953956
0.560000,0,RR_foot,-0.19950068,-0.22779642,0.02019190
0.580000,0,FL_foot,0.24598525,0.19253522,0.02021453
0.580000,0,FR_foot,0.25537589,-0.27289286,0.02024381
0.580000,0,RL_foot,-0.10680661,0.07664953,0.09953635
0.580000,0,RR_foot,-0.19947506,-0.22779711,0.02019145
0.600000,0,FL_foot,0.24600528,0.19253619,0.02021416
0.600000,0,FR_foot,0.25549135,-0.27292705,0.02024302
0.600000,0,RL_foot,-0.10623548,0.07655675,0.09952339
0.600000,0,RR_foot,-0.19945015,-0.22779903,0.02019135
0.620000,0,FL_foot,0.24601769,0.19254743,0.02021439
0.620000,0,FR_foot,0.25560954,-0.27296367,0.02024401
0.620000,0,RL_foot,-0.10568457,0.07646196,0.09951241
0.620000,0,RR_foot,-0.19942659,-0.22780044,0.02019066
0.640000,0,FL_foot,0.24603006,0.19255784,0.02021436
0.640000,0,FR_foot,0.25571352,-0.27299193,0.02024399
0.640000,0,RL_foot,-0.10515573,0.07637037,0.09949713
0.640000,0,RR_foot,-0.19940555,-0.22778358,0.02019041
0.660000,0,FL_foot,0.24604143,0.19256790,0.02021430
0.660000,0,FR_foot,0.25580987,-0.27300853,0.02024417
0.660000,0,RL_foot,-0.10464737,0.07628345,0.09947734
0.660000,0,RR_foot,-0.19938385,-0.22778578,0.02019016
0.680000,0,FL_foot,0.24605218,0.19257775,0.02021397
0.680000,0,FR_foot,0.25589889,-0.27301717,0.02024410
0.680000,0,RL_foot,-0.10415956,0.07619415,0.09945837
0.680000,0,RR_foot,-0.19936322,-0.22778839,0.02019013
0.700000,0,FL_foot,0.24606216,0.19258738,0.02021408
0.700000,0,FR_foot,0.25597614,-0.27301615,0.02024391
0.700000,0,RL_foot,-0.10369075,0.07610191,0.09944090
0.700000,0,RR_foot,-0.19934346,-0.22779134,0.02018966
0.720000,0,FL_foot,0.24607174,0.19259681,0.02021400
0.720000,0,FR_foot,0.25605541,-0.27301714,0.02024326
0.720000,0,RL_foot,-0.10324115,0.07600290,0.09942878
0.720000,0,RR_foot,-0.19932675,-0.22777385,0.02018685
0.740000,0,FL_foot,0.24608597,0.19259423,0.02021403
0.740000,0,FR_foot,0.25610554,-0.27300984,0.02024422
0.740000,0,RL_foot,-0.10280129,0.07590877,0.09940976
0.740000,0,RR_foot,-0.19930871,-0.22777934,0.02018915
0.760000,0,FL_foot,0.24609438,0.19260199,0.02021381
0.760000,0,FR_foot,0.25615835,-0.27299815,0.02024421
0.760000,0,RL_foot,-0.10238909,0.07580657,0.09939981
0.760000,0,RR_foot,-0.19929180,-0.22778323,0.02018898
0.780000,0,FL_foot,0.24610229,0.19260930,0.02021381
0.780000,0,FR_foot,0.25621110,-0.27298710,0.02024406
0.780000,0,RL_foot,-0.10199767,0.07570005,0.09939373
0.780000,0,RR_foot,-0.19927560,-0.22778764,0.02018866
0.800000,0,FL_foot,0.24610992,0.19261631,0.02021369
0.800000,0,FR_foot,0.25626460,-0.27297732,0.02024363
0.800000,0,RL_foot,-0.10162375,0.07558966,0.09938956
0.800000,0,RR_foot,-0.19926032,-0.22779244,0.02018863
0.820000,0,FL_foot,0.24611698,0.19262283,0.02021350
0.820000,0,FR_foot,0.25631803,-0.27296805,0.02024340
0.820000,0,RL_foot,-0.10126565,0.07547504,0.09938659
0.820000,0,RR_foot,-0.19924550,-0.22779742,0.02018808
0.840000,0,FL_foot,0.24612360,0.19262804,0.02021277
0.840000,0,FR_foot,0.25637743,-0.27296394,0.02024291
0.840000,0,RL_foot,-0.10092243,0.07535519,0.09938531
0.840000,0,RR_foot,-0.19923337,-0.22780144,0.02018751
0.860000,0,FL_foot,0.24613070,0.19263414,0.02021369
0.860000,0,FR_foot,0.25642592,-0.27295488,0.02024328
0.860000,0,RL_foot,-0.10059212,0.07523745,0.09938659
0.860000,0,RR_foot,-0.19922020,-0.22778994,0.02018793
0.880000,0,FL_foot,0.24613743,0.19263844,0.02021341
0.880000,0,FR_foot,0.25644875,-0.27294865,0.02024324
0.880000,0,RL_foot,-0.10026857,0.07511219,0.09938913
0.880000,0,RR_foot,-0.19920757,-0.22779588,0.02018758
0.900000,0,FL_foot,0.24614376,0.19264217,0.02021345
0.900000,0,FR_foot,0.25646460,-0.27294353,0.02024323
0.900000,0,RL_foot,-0.09996010,0.07497964,0.09939401
0.900000,0,RR_foot,-0.19919570,-0.22780250,0.02018749
0.920000,0,FL_foot,0.24615026,0.19264516,0.02021325
0.920000,0,FR_foot,0.25647974,-0.27293909,0.02024285
0.920000,0,RL_foot,-0.09966736,0.07484111,0.09940025
0.920000,0,RR_foot,-0.19918445,-0.22781000,0.02018716
0.940000,0,FL_foot,0.24615617,0.19264731,0.02021329
0.940000,0,FR_foot,0.25649419,-0.27293572,0.02024281
0.940000,0,RL_foot,-0.09938848,0.07469729,0.09940758
0.940000,0,RR_foot,-0.19917376,-0.22781773,0.02018693
0.960000,0,FL_foot,0.24616766,0.19263901,0.02021321
0.960000,0,FR_foot,0.25651655,-0.27293238,0.02024301
0.960000,0,RL_foot,-0.09912172,0.07454763,0.09941556
0.960000,0,RR_foot,-0.19916396,-0.22782595,0.02018653
0.980000,0,FL_foot,0.24617359,0.19263943,0.02021318
0.980000,0,FR_foot,0.25655183,-0.27292874,0.02024262
0.980000,0,RL_foot,-0.09887024,0.07439338,0.09942562
0.980000,0,RR_foot,-0.19915436,-0.22783493,0.02018663
1.000000,0,FL_foot,0.24617949,0.19263987,0.02021344
1.000000,0,FR_foot,0.25657311,-0.27292722,0.02024307
1.000000,0,RL_foot,-0.09863032,0.07423234,0.09943962
1.000000,0,RR_foot,-0.19914766,-0.22782445,0.02018586
1.020000,0,FL_foot,0.24618573,0.19263899,0.02021297
1.020000,0,FR_foot,0.25658366,-0.27292675,0.02024241
1.020000,0,RL_foot,-0.09839572,0.07407425,0.09945007
1.020000,0,RR_foot,-0.19913930,-0.22783419,0.02018596
1.040000,0,FL_foot,0.24619149,0.19263798,0.02021292
1.040000,0,FR_foot,0.25659493,-0.27292639,0.02024221
1.040000,0,RL_foot,-0.09817503,0.07391008,0.09946353
1.040000,0,RR_foot,-0.19913125,-0.22784410,0.02018575
1.060000,0,FL_foot,0.24619704,0.19263640,0.02021300
1.060000,0,FR_foot,0.25660598,-0.27292675,0.02024220
1.060000,0,RL_foot,-0.09796555,0.07374264,0.09947719
1.060000,0,RR_foot,-0.19912384,-0.22785419,0.02018559
1.080000,0,FL_foot,0.24620284,0.19263425,0.02021293
1.080000,0,FR_foot,0.25661638,-0.27292779,0.02024206
1.080000,0,RL_foot,-0.09776498,0.07357181,0.09949177
1.080000,0,RR_foot,-0.19911700,-0.22786462,0.02018544
1.100000,0,FL_foot,0.24620822,0.19263150,0.02021287
1.100000,0,FR_foot,0.25662637,-0.27292907,0.02024201
1.100000,0,RL_foot,-0.09757285,0.07339799,0.09950743
1.100000,0,RR_foot,-0.19911028,-0.22787535,0.02018534
1.120000,0,FL_foot,0.24621415,0.19262855,0.02021270
1.120000,0,FR_foot,0.25663593,-0.27293101,0.02024175
1.120000,0,RL_foot,-0.09738885,0.07322158,0.09952380
1.120000,0,RR_foot,-0.19910420,-0.22788623,0.02018494
1.140000,0,FL_foot,0.24621965,0.19262508,0.02021272
1.140000,0,FR_foot,0.25664529,-0.27293342,0.02024178
1.140000,0,RL_foot,-0.09721223,0.07304337,0.09954089
1.140000,0,RR_foot,-0.19909813,-0.22789723,0.02018485
1.160000,0,FL_foot,0.24622475,0.19262017,0.02021191
1.160000,0,FR_foot,0.25665396,-0.27293655,0.02024200
1.160000,0,RL_foot,-0.09704243,0.07286171,0.09955892
1.160000,0,RR_foot,-0.19909425,-0.22790679,0.02018416
1.180000,0,FL_foot,0.24623092,0.19261672,0.02021265
1.180000,0,FR_foot,0.25666222,-0.27293941,0.02024164
1.180000,0,RL_foot,-0.09688222,0.07268692,0.09957813
1.180000,0,RR_foot,-0.19908936,-0.22790027,0.02018472
1.200000,0,FL_foot,0.24623670,0.19261216,0.02021245
1.200000,0,FR_foot,0.25669026,-0.27294549,0.02024198
1.200000,0,RL_foot,-0.09672112,0.07250918,0.09959655
1.200000,0,RR_foot,-0.19908442,-0.22791094,0.02018397
1.220000,0,FL_foot,0.24624236,0.19260742,0.02021251
1.220000,0,FR_foot,0.25671351,-0.27294818,0.02024139
1.220000,0,RL_foot,-0.09656831,0.07232758,0.09961683
1.220000,0,RR_foot,-0.19907932,-0.22792272,0.02018415
1.240000,0,FL_foot,0.24624769,0.19260229,0.02021233
1.240000,0,FR_foot,0.25672132,-0.27295205,0.02024130
1.240000,0,RL_foot,-0.09642173,0.07214633,0.09963525
1.240000,0,RR_foot,-0.19907451,-0.22793430,0.02018412
1.260000,0,FL_foot,0.24625310,0.19259715,0.02021230
1.260000,0,FR_foot,0.25672868,-0.27295631,0.02024116
1.260000,0,RL_foot,-0.09628170,0.07196498,0.09965372
1.260000,0,RR_foot,-0.19907005,-0.22794592,0.02018377
1.280000,0,FL_foot,0.24626471,0.19258162,0.02021197
1.280000,0,FR_foot,0.25673532,-0.27296072,0.02024098
1.280000,0,RL_foot,-0.09614554,0.07178358,0.09966993
1.280000,0,RR_foot,-0.19906610,-0.22795779,0.02018363
1.300000,0,FL_foot,0.24626964,0.19257626,0.02021213
1.300000,0,FR_foot,0.25674981,-0.27296498,0.02024107
1.300000,0,RL_foot,-0.09601770,0.07159948,0.09969250
1.300000,0,RR_foot,-0.19906221,-0.22796932,0.02018346
1.320000,0,FL_foot,0.24627484,0.19257042,0.02021226
1.320000,0,FR_foot,0.25675631,-0.27296984,0.02024095
1.320000,0,RL_foot,-0.09589393,0.07141701,0.09971309
1.320000,0,RR_foot,-0.19905835,-0.22798114,0.02018340
1.340000,0,FL_foot,0.24627982,0.19256347,0.02021121
1.340000,0,FR_foot,0.25676244,-0.27297536,0.02024097
1.340000,0,RL_foot,-0.09577482,0.07123414,0.09973315
1.340000,0,RR_foot,-0.19905679,-0.22799093,0.02018250
1.360000,0,FL_foot,0.24628545,0.19255808,0.02021190
1.360000,0,FR_foot,0.25676844,-0.27298027,0.02024071
1.360000,0,RL_foot,-0.09566361,0.07106045,0.09975395
1.360000,0,RR_foot,-0.19905390,-0.22798434,0.02018323
1.380000,0,FL_foot,0.24629118,0.19255178,0.02021196
1.380000,0,FR_foot,0.25677389,-0.27298555,0.02024068
1.380000,0,RL_foot,-0.09555022,0.07088577,0.09977476
1.380000,0,RR_foot,-0.19905055,-0.22799544,0.02018286
1.400000,0,FL_foot,0.24629611,0.19254568,0.02021177
1.400000,0,FR_foot,0.25677970,-0.27299073,0.02024039
1.400000,0,RL_foot,-0.09544250,0.07071064,0.09979565
1.400000,0,RR_foot,-0.19904725,-0.22800677,0.02018251
1.420000,0,FL_foot,0.24630116,0.19253941,0.02021186
1.420000,0,FR_foot,0.25678498,-0.27299589,0.02024052
1.420000,0,RL_foot,-0.09534042,0.07053690,0.09981538
1.420000,0,RR_foot,-0.19904406,-0.22801821,0.02018248
1.440000,0,FL_foot,0.24630612,0.19253315,0.02021169
1.440000,0,FR_foot,0.25679037,-0.27300122,0.02024033
1.440000,0,RL_foot,-0.09524333,0.07036457,0.09983491
1.440000,0,RR_foot,-0.19904144,-0.22802927,0.02018235
1.460000,0,FL_foot,0.24631085,0.19252686,0.02021154
1.460000,0,FR_foot,0.25679561,-0.27300668,0.02024038
1.460000,0,RL_foot,-0.09515004,0.07019340,0.09985432
1.460000,0,RR_foot,-0.19903857,-0.22804052,0.02018226
1.480000,0,FL_foot,0.24631570,0.19252065,0.02021154
1.480000,0,FR_foot,0.25680062,-0.27301180,0.02024023
1.480000,0,RL_foot,-0.09506055,0.07002392,0.09987388
1.480000,0,RR_foot,-0.19903603,-0.22805163,0.02018206
1.500000,0,FL_foot,0.24632055,0.19251443,0.02021147
1.500000,0,FR_foot,0.25680533,-0.27301732,0.02023993
1.500000,0,RL_foot,-0.09497452,0.06985618,0.09989338
1.500000,0,RR_foot,-0.19903332,-0.22806245,0.02018191
1.520000,0,FL_foot,0.24632482,0.19250847,0.02021166
1.520000,0,FR_foot,0.25681055,-0.27302262,0.02024034
1.520000,0,RL_foot,-0.09489323,0.06968735,0.09991630
1.520000,0,RR_foot,-0.19903331,-0.22805297,0.02018139
1.540000,0,FL_foot,0.24632961,0.19250177,0.02021127
1.540000,0,FR_foot,0.25681445,-0.27302817,0.02024001
1.540000,0,RL_foot,-0.09481035,0.06952848,0.09993325
1.540000,0,RR_foot,-0.19903092,-0.22806388,0.02018160
1.560000,0,FL_foot,0.24633443,0.19249694,0.02021125
1.560000,0,FR_foot,0.25684592,-0.27304214,0.02023898
1.560000,0,RL_foot,-0.09473414,0.06936929,0.09995079
1.560000,0,RR_foot,-0.19902903,-0.22807324,0.02017960
1.580000,0,FL_foot,0.24634375,0.19248110,0.02021118
1.580000,0,FR_foot,0.25686267,-0.27304962,0.02023999
1.580000,0,RL_foot,-0.09466279,0.06921487,0.09996054
1.580000,0,RR_foot,-0.19902642,-0.22808497,0.02018135
1.600000,0,FL_foot,0.24634784,0.19247526,0.02021129
1.600000,0,FR_foot,0.25686699,-0.27305484,0.02023985
1.600000,0,RL_foot,-0.09459615,0.06906198,0.09997422
1.600000,0,RR_foot,-0.19902460,-0.22809498,0.02018121
1.620000,0,FL_foot,0.24635185,0.19246940,0.02021103
1.620000,0,FR_foot,0.25687107,-0.27305999,0.02023987
1.620000,0,RL_foot,-0.09453143,0.06890953,0.09999087
1.620000,0,RR_foot,-0.19902246,-0.22810534,0.02018111
1.640000,0,FL_foot,0.24635579,0.19246371,0.02021089
1.640000,0,FR_foot,0.25687507,-0.27306476,0.02023989
1.640000,0,RL_foot,-0.09446863,0.06875921,0.10000782
1.640000,0,RR_foot,-0.19902052,-0.22811536,0.02018100
1.660000,0,FL_foot,0.24635921,0.19245820,0.02021092
1.660000,0,FR_foot,0.25687918,-0.27306965,0.02023963
1.660000,0,RL_foot,-0.09440845,0.06861159,0.10002442
1.660000,0,RR_foot,-0.19901849,-0.22812517,0.02018075
1.680000,0,FL_foot,0.24636315,0.19245270,0.02021093
1.680000,0,FR_foot,0.25688323,-0.27307451,0.02023963
1.680000,0,RL_foot,-0.09435075,0.06846669,0.10004038
1.680000,0,RR_foot,-0.19901676,-0.22813474,0.02018066
1.700000,0,FL_foot,0.24636668,0.19244736,0.02021080
1.700000,0,FR_foot,0.25688681,-0.27307919,0.02023953
1.700000,0,RL_foot,-0.09429565,0.06832442,0.10005561
1.700000,0,RR_foot,-0.19901489,-0.22814423,0.02018062
1.720000,0,FL_foot,0.24636997,0.19244233,0.02021101
1.720000,0,FR_foot,0.25689036,-0.27308321,0.02023973
1.720000,0,RL_foot,-0.09424452,0.06818190,0.10007387
1.720000,0,RR_foot,-0.19901595,-0.22813284,0.02018019
1.740000,0,FL_foot,0.24637361,0.19243690,0.02021078
1.740000,0,FR_foot,0.25689378,-0.27308822,0.02023948
1.740000,0,RL_foot,-0.09419043,0.06804984,0.10008583
1.740000,0,RR_foot,-0.19901432,-0.22814201,0.02018027
1.760000,0,FL_foot,0.24637668,0.19243193,0.02021064
1.760000,0,FR_foot,0.25689724,-0.27309248,0.02023933
1.760000,0,RL_foot,-0.09414335,0.06791834,0.10009854
1.760000,0,RR_foot,-0.19901267,-0.22815098,0.02018018
1.780000,0,FL_foot,0.24637981,0.19242714,0.02021056
1.780000,0,FR_foot,0.25690067,-0.27309656,0.02023935
1.780000,0,RL_foot,-0.09410036,0.06778909,0.10010972
1.780000,0,RR_foot,-0.19901134,-0.22815986,0.02018000
1.800000,0,FL_foot,0.24638261,0.19242246,0.02021049
1.800000,0,FR_foot,0.25690427,-0.27310070,0.02023931
1.800000,0,RL_foot,-0.09405939,0.06766144,0.10012087
1.800000,0,RR_foot,-0.19900972,-0.22816883,0.02018004
1.820000,0,FL_foot,0.24638550,0.19241777,0.02021054
1.820000,0,FR_foot,0.25690734,-0.27310473,0.02023920
1.820000,0,RL_foot,-0.09401993,0.06753591,0.10013197
1.820000,0,RR_foot,-0.19900846,-0.22817697,0.02017991
1.840000,0,FL_foot,0.24638842,0.19241348,0.02021040
1.840000,0,FR_foot,0.25691056,-0.27310854,0.02023921
1.840000,0,RL_foot,-0.09398221,0.06741221,0.10014299
1.840000,0,RR_foot,-0.19900721,-0.22818559,0.02017969
1.860000,0,FL_foot,0.24639086,0.19240893,0.02021055
1.860000,0,FR_foot,0.25691381,-0.27311233,0.02023928
1.860000,0,RL_foot,-0.09394632,0.06729051,0.10015366
1.860000,0,RR_foot,-0.19900577,-0.22819401,0.02017950
1.880000,0,FL_foot,0.24639325,0.19240473,0.02021031
1.880000,0,FR_foot,0.25691676,-0.27311587,0.02023916
1.880000,0,RL_foot,-0.09391237,0.06717063,0.10016403
1.880000,0,RR_foot,-0.19900467,-0.22820222,0.02017952
1.900000,0,FL_foot,0.24640135,0.19239219,0.02021045
1.900000,0,FR_foot,0.25693077,-0.27312320,0.02023937
1.900000,0,RL_foot,-0.09387895,0.06705195,0.10017321
1.900000,0,RR_foot,-0.19900346,-0.22821029,0.02017918
1.920000,0,FL_foot,0.24640384,0.19238794,0.02021039
1.920000,0,FR_foot,0.25693244,-0.27312583,0.02023896
1.920000,0,RL_foot,-0.09384787,0.06693617,0.10018183
1.920000,0,RR_foot,-0.19900265,-0.22821821,0.02017922
1.940000,0,FL_foot,0.24640600,0.19238380,0.02021046
1.940000,0,FR_foot,0.25693554,-0.27312949,0.02023901
1.940000,0,RL_foot,-0.09381882,0.06682160,0.10019085
1.940000,0,RR_foot,-0.19900155,-0.22822635,0.02017922
1.960000,0,FL_foot,0.24640833,0.19237968,0.02021011
1.960000,0,FR_foot,0.25693768,-0.27313295,0.02023896
1.960000,0,RL_foot,-0.09379047,0.06671020,0.10019809
1.960000,0,RR_foot,-0.19900304,-0.22821321,0.02017852
1.980000,0,FL_foot,0.24641024,0.19237585,0.02021036
1.980000,0,FR_foot,0.25694072,-0.27313623,0.02023900
1.980000,0,RL_foot,-0.09376479,0.06660144,0.10021045
1.980000,0,RR_foot,-0.19900224,-0.22822091,0.02017891
2.000000,0,FL_foot,0.24641246,0.19237220,0.02021032
2.000000,0,FR_foot,0.25694311,-0.27313942,0.02023888
2.000000,0,RL_foot,-0.09374104,0.06649473,0.10021982
2.000000,0,RR_foot,-0.19900148,-0.22822827,0.02017902
2.020000,0,FL_foot,0.24641408,0.19236867,0.02021028
2.020000,0,FR_foot,0.25694555,-0.27314249,0.02023877
2.020000,0,RL_foot,-0.09372049,0.06639037,0.10022694
2.020000,0,RR_foot,-0.19900063,-0.22823578,0.02017885
2.040000,0,FL_foot,0.24641579,0.19236517,0.02021014
2.040000,0,FR_foot,0.25694805,-0.27314541,0.02023867
2.040000,0,RL_foot,-0.09370229,0.06628793,0.10023304
2.040000,0,RR_foot,-0.19899966,-0.22824284,0.02017863
2.060000,0,FL_foot,0.24641728,0.19236183,0.02021015
2.060000,0,FR_foot,0.25695068,-0.27314830,0.02023871
2.060000,0,RL_foot,-0.09368569,0.06618693,0.10023919
2.060000,0,RR_foot,-0.19899908,-0.22825004,0.02017883
2.080000,0,FL_foot,0.24641888,0.19235857,0.02021010
2.080000,0,FR_foot,0.25695330,-0.27315116,0.02023877
2.080000,0,RL_foot,-0.09367037,0.06608749,0.10024504
2.080000,0,RR_foot,-0.19899847,-0.22825743,0.02017867
2.100000,0,FL_foot,0.24642006,0.19235551,0.02021012
2.100000,0,FR_foot,0.25695583,-0.27315369,0.02023883
2.100000,0,RL_foot,-0.09365627,0.06598947,0.10025080
2.100000,0,RR_foot,-0.19899783,-0.22826430,0.02017858
2.120000,0,FL_foot,0.24642150,0.19235255,0.02021009
2.120000,0,FR_foot,0.25695780,-0.27315634,0.02023858
2.120000,0,RL_foot,-0.09364372,0.06589310,0.10025634
2.120000,0,RR_foot,-0.19899729,-0.22827108,0.02017837
2.140000,0,FL_foot,0.24642253,0.19234969,0.02021025
2.140000,0,FR_foot,0.25696027,-0.27315891,0.02023839
2.140000,0,RL_foot,-0.09363272,0.06579863,0.10026176
2.140000,0,RR_foot,-0.19899684,-0.22827786,0.02017842
2.160000,0,FL_foot,0.24642374,0.19234668,0.02021028
2.160000,0,FR_foot,0.25696230,-0.27316123,0.02023854
2.160000,0,RL_foot,-0.09362311,0.06570549,0.10026673
2.160000,0,RR_foot,-0.19899648,-0.22828482,0.02017836
2.180000,0,FL_foot,0.24642488,0.19234391,0.02021002
2.180000,0,FR_foot,0.25696471,-0.27316377,0.02023862
2.180000,0,RL_foot,-0.09361511,0.06561367,0.10027140
2.180000,0,RR_foot,-0.19899598,-0.22829153,0.02017830
2.200000,0,FL_foot,0.24642549,0.19234034,0.02020928
2.200000,0,FR_foot,0.25696668,-0.27316654,0.02023892
2.200000,0,RL_foot,-0.09360766,0.06552167,0.10027599
2.200000,0,RR_foot,-0.19899736,-0.22829580,0.02017689
2.220000,0,FL_foot,0.24642670,0.19233851,0.02021027
2.220000,0,FR_foot,0.25696838,-0.27316856,0.02023846
2.220000,0,RL_foot,-0.09360506,0.06544054,0.10027983
2.220000,0,RR_foot,-0.19899769,-0.22828311,0.02017839
2.240000,0,FL_foot,0.24642755,0.19233584,0.02021021
2.240000,0,FR_foot,0.25697044,-0.27317053,0.02023853
2.240000,0,RL_foot,-0.09359770,0.06535786,0.10028397
2.240000,0,RR_foot,-0.19899733,-0.22828904,0.02017810
2.260000,0,FL_foot,0.24642850,0.19233361,0.02021009
2.260000,0,FR_foot,0.25697228,-0.27317253,0.02023847
2.260000,0,RL_foot,-0.09359239,0.06527476,0.10028783
2.260000,0,RR_foot,-0.19899744,-0.22829507,0.02017793
2.280000,0,FL_foot,0.24642888,0.19233140,0.02021021
2.280000,0,FR_foot,0.25697404,-0.27317446,0.02023848
2.280000,0,RL_foot,-0.09359027,0.06519283,0.10029069
2.280000,0,RR_foot,-0.19899681,-0.22830108,0.02017784
2.300000,0,FL_foot,0.24642944,0.19232914,0.02020997
2.300000,0,FR_foot,0.25697601,-0.27317628,0.02023829
2.300000,0,RL_foot,-0.09359034,0.06511172,0.10029308
2.300000,0,RR_foot,-0.19899672,-0.22830717,0.02017784
2.320000,0,FL_foot,0.24642992,0.19232707,0.02020998
2.320000,0,FR_foot,0.25697786,-0.27317804,0.02023817
2.320000,0,RL_foot,-0.09359187,0.06503154,0.10029502
2.320000,0,RR_foot,-0.19899693,-0.22831331,0.02017786
2.340000,0,FL_foot,0.24642995,0.19232488,0.02021000
2.340000,0,FR_foot,0.25697961,-0.27317983,0.02023838
2.340000,0,RL_foot,-0.09359506,0.06495206,0.10029714
2.340000,0,RR_foot,-0.19899669,-0.22831938,0.02017782
2.360000,0,FL_foot,0.24643020,0.19232292,0.02020997
2.360000,0,FR_foot,0.25698119,-0.27318153,0.02023813
2.360000,0,RL_foot,-0.09359914,0.06487395,0.10029869
2.360000,0,RR_foot,-0.19899690,-0.22832508,0.02017762
2.380000,0,FL_foot,0.24643034,0.19232085,0.02021006
2.380000,0,FR_foot,0.25698292,-0.27318320,0.02023819
2.380000,0,RL_foot,-0.09360503,0.06479648,0.10030056
2.380000,0,RR_foot,-0.19899698,-0.22833088,0.02017765
2.400000,0,FL_foot,0.24643049,0.19231904,0.02021001
2.400000,0,FR_foot,0.25698465,-0.27318496,0.02023832
2.400000,0,RL_foot,-0.09361184,0.06472006,0.10030183
2.400000,0,RR_foot,-0.19899705,-0.22833690,0.02017756
2.420000,0,FL_foot,0.24643047,0.19231711,0.02021012
2.420000,0,FR_foot,0.25698602,-0.27318653,0.02023813
2.420000,0,RL_foot,-0.09362028,0.06464485,0.10030303
2.420000,0,RR_foot,-0.19899715,-0.22834276,0.02017750
2.440000,0,FL_foot,0.24643035,0.19231531,0.02020999
2.440000,0,FR_foot,0.25698772,-0.27318802,0.02023809
2.440000,0,RL_foot,-0.09362979,0.06457042,0.10030387
2.440000,0,RR_foot,-0.19899757,-0.22834849,0.02017750
2.460000,0,FL_foot,0.24643008,0.19231352,0.02020998
2.460000,0,FR_foot,0.25698918,-0.27318963,0.02023807
2.460000,0,RL_foot,-0.09364086,0.06449701,0.10030450
2.460000,0,RR_foot,-0.19899763,-0.22835432,0.02017743
2.480000,0,FL_foot,0.24642988,0.19231188,0.02021015
2.480000,0,FR_foot,0.25699049,-0.27319098,0.02023803
2.480000,0,RL_foot,-0.09365299,0.06442474,0.10030477
2.480000,0,RR_foot,-0.19899829,-0.22835988,0.02017743
2.500000,0,FL_foot,0.24642976,0.19231023,0.02021012
2.500000,0,FR_foot,0.25699192,-0.27319238,0.02023826
2.500000,0,RL_foot,-0.09366622,0.06435314,0.10030478
2.500000,0,RR_foot,-0.19899869,-0.22836562,0.02017726
2.520000,0,FL_foot,0.24642907,0.19230859,0.02021014
2.520000,0,FR_foot,0.25699311,-0.27319378,0.02023806
2.520000,0,RL_foot,-0.09368101,0.06428266,0.10030480
2.520000,0,RR_foot,-0.19899909,-0.22837099,0.02017734
2.540000,0,FL_foot,0.24642849,0.19230622,0.02020928
2.540000,0,FR_foot,0.25699452,-0.27319565,0.02023852
2.540000,0,RL_foot,-0.09369610,0.06421124,0.10030458
2.540000,0,RR_foot,-0.19900130,-0.22837457,0.02017587
2.560000,0,FL_foot,0.24642849,0.19230556,0.02021014
2.560000,0,FR_foot,0.25699514,-0.27319649,0.02023813
2.560000,0,RL_foot,-0.09371538,0.06415040,0.10030367
2.560000,0,RR_foot,-0.19900246,-0.22836067,0.02017741
2.580000,0,FL_foot,0.24642809,0.19230433,0.02021025
2.580000,0,FR_foot,0.25703475,-0.27321318,0.02023827
2.580000,0,RL_foot,-0.09372839,0.06408597,0.10030202
2.580000,0,RR_foot,-0.19900300,-0.22836593,0.02017727
2.600000,0,FL_foot,0.24642760,0.19230281,0.02021009
2.600000,0,FR_foot,0.25703740,-0.27321345,0.02023813
2.600000,0,RL_foot,-0.09374407,0.06402242,0.10029778
2.600000,0,RR_foot,-0.19900349,-0.22837083,0.02017699
2.620000,0,FL_foot,0.24642694,0.19230157,0.02021024
2.620000,0,FR_foot,0.25703853,-0.27321437,0.02023802
2.620000,0,RL_foot,-0.09376140,0.06395946,0.10029407
2.620000,0,RR_foot,-0.19900392,-0.22837608,0.02017702
2.640000,0,FL_foot,0.24642614,0.19230035,0.02021011
2.640000,0,FR_foot,0.25703973,-0.27321526,0.02023816
2.640000,0,RL_foot,-0.09377919,0.06389655,0.10029124
2.640000,0,RR_foot,-0.19900462,-0.22838131,0.02017704
2.660000,0,FL_foot,0.24642584,0.19230030,0.02021026
2.660000,0,FR_foot,0.25704083,-0.27321619,0.02023689
2.660000,0,RL_foot,-0.09379754,0.06383376,0.10028884
2.660000,0,RR_foot,-0.19900545,-0.22838557,0.02017519
2.680000,0,FL_foot,0.24643047,0.19229011,0.02021016
2.680000,0,FR_foot,0.25705159,-0.27322093,0.02023809
2.680000,0,RL_foot,-0.09381408,0.06377202,0.10028262
2.680000,0,RR_foot,-0.19900572,-0.22839187,0.02017691
2.700000,0,FL_foot,0.24642967,0.19228874,0.02021015
2.700000,0,FR_foot,0.25705248,-0.27322212,0.02023799
2.700000,0,RL_foot,-0.09383488,0.06370953,0.10027918
2.700000,0,RR_foot,-0.19900690,-0.22839706,0.02017692
2.720000,0,FL_foot,0.24642844,0.19228740,0.02021014
2.720000,0,FR_foot,0.25705349,-0.27322331,0.02023803
2.720000,0,RL_foot,-0.09385816,0.06364676,0.10027712
2.720000,0,RR_foot,-0.19900760,-0.22840227,0.02017688
2.740000,0,FL_foot,0.24642774,0.19228637,0.02020996
2.740000,0,FR_foot,0.25705418,-0.27322429,0.02023788
2.740000,0,RL_foot,-0.09388291,0.06358457,0.10027512
2.740000,0,RR_foot,-0.19900858,-0.22840741,0.02017676
2.760000,0,FL_foot,0.24642785,0.19226873,0.02018983
2.760000,0,FR_foot,0.26372913,-0.27273402,0.02091631
2.760000,0,RL_foot,-0.09525667,0.05940809,0.10612020
2.760000,0,RR_foot,-0.19901621,-0.22836365,0.02013990
2.780000,0,FL_foot,0.24650888,0.19226480,0.02019531
2.780000,0,FR_foot,0.27977979,-0.27237722,0.02211012
2.780000,0,RL_foot,-0.09640466,0.05497048,0.11275230
2.780000,0,RR_foot,-0.19895393,-0.22834723,0.02015054
2.800000,0,FL_foot,0.24661151,0.19225001,0.02019777
2.800000,0,FR_foot,0.30116379,-0.27112699,0.02375195
2.800000,0,RL_foot,-0.09737936,0.05213175,0.11746692
2.800000,0,RR_foot,-0.19885051,-0.22829267,0.02015642
2.820000,0,FL_foot,0.24674602,0.19224179,0.02019762
2.820000,0,FR_foot,0.32354835,-0.26929101,0.02560349
2.820000,0,RL_foot,-0.09736698,0.05038130,0.12077645
2.820000,0,RR_foot,-0.19868760,-0.22824243,0.02016436
2.840000,0,FL_foot,0.24690756,0.19224349,0.02019787
2.840000,0,FR_foot,0.34395957,-0.26748940,0.02705941
2.840000,0,RL_foot,-0.09568870,0.04915188,0.12338623
2.840000,0,RR_foot,-0.19846867,-0.22819559,0.02016720
2.860000,0,FL_foot,0.24709055,0.19225018,0.02019670
2.860000,0,FR_foot,0.36097974,-0.26613781,0.02751197
2.860000,0,RL_foot,-0.09226584,0.04813721,0.12567936
2.860000,0,RR_foot,-0.19819872,-0.22815774,0.02016701
2.880000,0,FL_foot,0.24729238,0.19225854,0.02019259
2.880000,0,FR_foot,0.37457559,-0.26539701,0.02658760
2.880000,0,RL_foot,-0.08743098,0.04720475,0.12785138
2.880000,0,RR_foot,-0.19788158,-0.22812912,0.02016105
2.900000,0,FL_foot,0.24751662,0.19226263,0.02019190
2.900000,0,FR_foot,0.38561937,-0.26502246,0.02418501
2.900000,0,RL_foot,-0.08170886,0.04637027,0.12995769
2.900000,0,RR_foot,-0.19752018,-0.22808413,0.02015558
2.920000,0,FL_foot,0.24776480,0.19225031,0.02018630
2.920000,0,FR_foot,0.39523366,-0.26454630,0.02035927
2.920000,0,RL_foot,-0.07554124,0.04564966,0.13200243
2.920000,0,RR_foot,-0.19711460,-0.22807822,0.02014640
2.940000,0,FL_foot,0.24809057,0.19215074,0.02019260
2.940000,0,FR_foot,0.39582688,-0.26480249,0.02026682
2.940000,0,RL_foot,-0.06732772,0.04385789,0.13198556
2.940000,0,RR_foot,-0.19668908,-0.22937402,0.02018370
2.960000,0,FL_foot,0.24840207,0.19203991,0.02018049
2.960000,0,FR_foot,0.39602637,-0.26493746,0.02026814
2.960000,0,RL_foot,-0.05849655,0.04238633,0.13178015
2.960000,0,RR_foot,-0.19642445,-0.22927244,0.02016391
2.980000,0,FL_foot,0.24870192,0.19195040,0.02017695
2.980000,0,FR_foot,0.39639044,-0.26512668,0.02026609
2.980000,0,RL_foot,-0.04989938,0.04156633,0.13064332
2.980000,0,RR_foot,-0.19616948,-0.22913155,0.02015504
3.000000,0,FL_foot,0.24899003,0.19186841,0.02017057
3.000000,0,FR_foot,0.39718392,-0.26546994,0.02026476
3.000000,0,RL_foot,-0.04190395,0.04170416,0.12771796
3.000000,0,RR_foot,-0.19592267,-0.22899842,0.02014199
3.020000,0,FL_foot,0.24925826,0.19177943,0.02016195
3.020000,0,FR_foot,0.39842004,-0.26595649,0.02026418
3.020000,0,RL_foot,-0.03447190,0.04273666,0.12310249
3.020000,0,RR_foot,-0.19566448,-0.22887373,0.02013802
3.040000,0,FL_foot,0.24953169,0.19169545,0.02015862
3.040000,0,FR_foot,0.39994317,-0.26648134,0.02026259
3.040000,0,RL_foot,-0.02744446,0.04459067,0.11699411
3.040000,0,RR_foot,-0.19544005,-0.22871862,0.02013124
3.060000,0,FL_foot,0.24980679,0.19160789,0.02015727
3.060000,0,FR_foot,0.40171957,-0.26702490,0.02026159
3.060000,0,RL_foot,-0.02074326,0.04735787,0.10934105
3.060000,0,RR_foot,-0.19519182,-0.22859272,0.02013081
3.080000,0,FL_foot,0.25007397,0.19150114,0.02015309
3.080000,0,FR_foot,0.40327045,-0.26748219,0.02025980
3.080000,0,RL_foot,-0.01434451,0.05125532,0.09995370
3.080000,0,RR_foot,-0.19494578,-0.22847556,0.02013890
3.100000,0,FL_foot,0.25035915,0.19139072,0.02015384
3.100000,0,FR_foot,0.40415764,-0.26775131,0.02025720
3.100000,0,RL_foot,-0.00832266,0.05655948,0.08876953
3.100000,0,RR_foot,-0.19473729,-0.22833563,0.02013820
3.120000,0,FL_foot,0.25064832,0.19126606,0.02015289
3.120000,0,FR_foot,0.40462762,-0.26792282,0.02025486
3.120000,0,RL_foot,-0.00288816,0.06374525,0.07565747
3.120000,0,RR_foot,-0.19450371,-0.22823316,0.02014016
3.140000,0,FL_foot,0.25093877,0.19111748,0.02015017
3.140000,0,FR_foot,0.40484393,-0.26804033,0.02025223
3.140000,0,RL_foot,0.00153488,0.07355479,0.06037904
3.140000,0,RR_foot,-0.19427793,-0.22813934,0.02014816
3.160000,0,FL_foot,0.25126481,0.19094414,0.02015129
3.160000,0,FR_foot,0.40498167,-0.26818091,0.02025179
3.160000,0,RL_foot,0.00421578,0.08634546,0.04338663
3.160000,0,RR_foot,-0.19407934,-0.22803211,0.02014154
3.180000,0,FL_foot,0.25161877,0.19074105,0.02014855
3.180000,0,FR_foot,0.40512201,-0.26834619,0.02025011
3.180000,0,RL_foot,0.00371885,0.09829003,0.02855527
3.180000,0,RR_foot,-0.19384767,-0.22795594,0.02014026
3.200000,0,FL_foot,0.25331748,0.19112439,0.02120512
3.200000,0,FR_foot,0.40541971,-0.26843309,0.02018066
3.200000,0,RL_foot,-0.00062395,0.10592551,0.01956164
3.200000,0,RR_foot,-0.19355136,-0.22791232,0.02020045
3.220000,0,FL_foot,0.27114663,0.18480967,0.02416654
3.220000,0,FR_foot,0.40322003,-0.26748982,0.02025082
3.220000,0,RL_foot,-0.00322858,0.10907396,0.02036226
3.220000,0,RR_foot,-0.19300078,-0.22101842,0.02083252
3.240000,0,FL_foot,0.30287123,0.17276283,0.02411338
3.240000,0,FR_foot,0.40343344,-0.26750934,0.02024313
3.240000,0,RL_foot,-0.00291815,0.10896339,0.02027421
3.240000,0,RR_foot,-0.19061151,-0.21650563,0.02017473
3.260000,0,FL_foot,0.34344247,0.16070095,0.02506389
3.260000,0,FR_foot,0.40369859,-0.26753742,0.02023596
3.260000,0,RL_foot,-0.00256205,0.10889229,0.02029253
3.260000,0,RR_foot,-0.18206435,-0.21043213,0.02016924
3.280000,0,FL_foot,0.38748917,0.15244475,0.02689522
3.280000,0,FR_foot,0.40395159,-0.26758671,0.02023433
3.280000,0,RL_foot,-0.00217874,0.10881499,0.02030348
3.280000,0,RR_foot,-0.16373841,-0.20201746,0.02013177
3.300000,0,FL_foot,0.43143424,0.15152501,0.02787747
3.300000,0,FR_foot,0.40418926,-0.26765817,0.02023852
3.300000,0,RL_foot,-0.00177125,0.10871421,0.02031416
3.300000,0,RR_foot,-0.13451703,-0.19144240,0.02100839
3.320000,0,FL_foot,0.47232574,0.15489057,0.02881626
3.320000,0,FR_foot,0.40443885,-0.26769078,0.02023231
3.320000,0,RL_foot,-0.00135732,0.10867704,0.02031477
3.320000,0,RR_foot,-0.09957273,-0.18320121,0.02299052
3.340000,0,FL_foot,0.50814611,0.16283134,0.02902842
3.340000,0,FR_foot,0.40471804,-0.26772648,0.02023082
3.340000,0,RL_foot,-0.00090379,0.10862140,0.02031309
3.340000,0,RR_foot,-0.06613683,-0.18123718,0.02427263
3.360000,0,FL_foot,0.53600585,0.17305227,0.02819622
3.360000,0,FR_foot,0.40502071,-0.26775187,0.02022865
3.360000,0,RL_foot,-0.00040228,0.10857292,0.02030796
3.360000,0,RR_foot,-0.03737888,-0.18253963,0.02552122
3.380000,0,FL_foot,0.55217159,0.18078935,0.02526666
3.380000,0,FR_foot,0.40536159,-0.26777664,0.02022332
3.380000,0,RL_foot,0.00015694,0.10851473,0.02029445
3.380000,0,RR_foot,-0.01540923,-0.18622959,0.02637022
3.400000,0,FL_foot,0.55740732,0.18340644,0.02013661
3.400000,0,FR_foot,0.40570009,-0.26776835,0.02014834
3.400000,0,RL_foot,0.00076711,0.10855508,0.02037932
3.400000,0,RR_foot,-0.00131075,-0.19221756,0.02549177
3.420000,0,FL_foot,0.55761361,0.18363264,0.02026241
3.420000,0,FR_foot,0.40608755,-0.26769030,0.02020846
3.420000,0,RL_foot,0.00159299,0.10905138,0.02023483
3.420000,0,RR_foot,0.00464496,-0.19690146,0.02011458
3.440000,0,FL_foot,0.55785149,0.18379776,0.02027180
3.440000,0,FR_foot,0.41746482,-0.26424521,0.02112473
3.440000,0,RL_foot,0.00844074,0.09868681,0.02826472
3.440000,0,RR_foot,0.00493548,-0.19682819,0.02018017
3.460000,0,FL_foot,0.55810088,0.18391930,0.02027331
3.460000,0,FR_foot,0.44441104,-0.25784123,0.02171395
3.460000,0,RL_foot,0.02267898,0.08050340,0.04579259
3.460000,0,RR_foot,0.00532273,-0.19665027,0.02016893
3.480000,0,FL_foot,0.55832607,0.18404110,0.02026879
3.480000,0,FR_foot,0.48191532,-0.25538063,0.02198498
3.480000,0,RL_foot,0.03639729,0.06800147,0.06235006
3.480000,0,RR_foot,0.00571514,-0.19653802,0.02015858
3.500000,0,FL_foot,0.55855995,0.18413447,0.02026432
3.500000,0,FR_foot,0.52201277,-0.25508279,0.02262982
3.500000,0,RL_foot,0.04831181,0.06079005,0.07593814
3.500000,0,RR_foot,0.00614731,-0.19643030,0.02016774
3.520000,0,FL_foot,0.55880439,0.18421881,0.02026179
3.520000,0,FR_foot,0.55768508,-0.25690955,0.02291989
3.520000,0,RL_foot,0.05998735,0.05657601,0.08731364
3.520000,0,RR_foot,0.00660552,-0.19634430,0.02017938
3.540000,0,FL_foot,0.55905485,0.18429440,0.02025591
3.540000,0,FR_foot,0.58474791,-0.25993636,0.02203039
3.540000,0,RL_foot,0.07183280,0.05369534,0.09689017
3.540000,0,RR_foot,0.00707689,-0.19629253,0.02017215
3.560000,0,FL_foot,0.55932862,0.18432416,0.02024792
3.560000,0,FR_foot,0.59918499,-0.26215962,0.02018672
3.560000,0,RL_foot,0.08345270,0.05085618,0.10472801
3.560000,0,RR_foot,0.00768867,-0.19695477,0.02015370
3.580000,0,FL_foot,0.55958486,0.18432838,0.02024712
3.580000,0,FR_foot,0.60170573,-0.26480463,0.02029779
3.580000,0,RL_foot,0.09612489,0.04780715,0.10883174
3.580000,0,RR_foot,0.00792998,-0.19745164,0.02013319
3.600000,0,FL_foot,0.55986017,0.18432175,0.02024784
3.600000,0,FR_foot,0.60426086,-0.26655945,0.02028704
3.600000,0,RL_foot,0.10852087,0.04551819,0.11222994
3.600000,0,RR_foot,0.00829620,-0.19736700,0.02017407
3.620000,0,FL_foot,0.56012350,0.18431339,0.02024481
3.620000,0,FR_foot,0.60548848,-0.26737395,0.02028536
3.620000,0,RL_foot,0.11991705,0.04363998,0.11510625
3.620000,0,RR_foot,0.00863033,-0.19725370,0.02016113
3.640000,0,FL_foot,0.56036806,0.18432383,0.02024111
3.640000,0,FR_foot,0.60704899,-0.26831025,0.02028378
3.640000,0,RL_foot,0.13010620,0.04218278,0.11739995
3.640000,0,RR_foot,0.00897480,-0.19713253,0.02015311
3.660000,0,FL_foot,0.56060529,0.18434976,0.02023980
3.660000,0,FR_foot,0.60924387,-0.26952860,0.02028158
3.660000,0,RL_foot,0.13924848,0.04112011,0.11913782
3.660000,0,RR_foot,0.00932862,-0.19698472,0.02015163
3.680000,0,FL_foot,0.56084347,0.18437193,0.02023675
3.680000,0,FR_foot,0.61199498,-0.27103591,0.02028172
3.680000,0,RL_foot,0.14761083,0.04037567,0.12035316
3.680000,0,RR_foot,0.00967862,-0.19684172,0.02014959
3.700000,0,FL_foot,0.56107259,0.18440235,0.02023350
3.700000,0,FR_foot,0.61514539,-0.27273518,0.02028157
3.700000,0,RL_foot,0.15544826,0.03986420,0.12115762
3.700000,0,RR_foot,0.01003522,-0.19669507,0.02014564
3.720000,0,FL_foot,0.56130254,0.18443874,0.02023152
3.720000,0,FR_foot,0.61849135,-0.27442622,0.02027781
3.720000,0,RL_foot,0.16299121,0.03953215,0.12161572
3.720000,0,RR_foot,0.01039812,-0.19652788,0.02014177
3.740000,0,FL_foot,0.56153446,0.18446052,0.02022773
3.740000,0,FR_foot,0.62203503,-0.27609751,0.02027925
3.740000,0,RL_foot,0.17039758,0.03927817,0.12183808
3.740000,0,RR_foot,0.01075833,-0.19637343,0.02014053
3.760000,0,FL_foot,0.56175965,0.18448962,0.02022572
3.760000,0,FR_foot,0.62563813,-0.27760619,0.02027681
3.760000,0,RL_foot,0.17775747,0.03906970,0.12186811
3.760000,0,RR_foot,0.01112089,-0.19620436,0.02013745
3.780000,0,FL_foot,0.56198394,0.18451585,0.02022221
3.780000,0,FR_foot,0.62937021,-0.27901527,0.02027398
3.780000,0,RL_foot,0.18509561,0.03884917,0.12178412
3.780000,0,RR_foot,0.01147874,-0.19604988,0.02013329
3.800000,0,FL_foot,0.56220782,0.18452384,0.02021956
3.800000,0,FR_foot,0.63315499,-0.28023332,0.02027326
3.800000,0,RL_foot,0.19239891,0.03861014,0.12159245
3.800000,0,RR_foot,0.01183290,-0.19588044,0.02013339
3.820000,0,FL_foot,0.56242603,0.18453608,0.02021647
3.820000,0,FR_foot,0.63699973,-0.28132376,0.02027197
3.820000,0,RL_foot,0.19965710,0.03834600,0.12129701
3.820000,0,RR_foot,0.01218290,-0.19572549,0.02012830
3.840000,0,FL_foot,0.56264299,0.18454161,0.02021277
3.840000,0,FR_foot,0.64093024,-0.28229469,0.02027146
3.840000,0,RL_foot,0.20681475,0.03814572,0.12071220
3.840000,0,RR_foot,0.01253327,-0.19557689,0.02012843
3.860000,0,FL_foot,0.56286228,0.18454242,0.02021086
3.860000,0,FR_foot,0.64472461,-0.28313223,0.02026848
3.860000,0,RL_foot,0.21381865,0.03842632,0.11892155
3.860000,0,RR_foot,0.01286826,-0.19540109,0.02011884
3.880000,0,FL_foot,0.56308460,0.18451527,0.02020503
3.880000,0,FR_foot,0.64845926,-0.28389773,0.02026988
3.880000,0,RL_foot,0.22062376,0.03940051,0.11548124
3.880000,0,RR_foot,0.01321161,-0.19525467,0.02011095
3.900000,0,FL_foot,0.56330878,0.18449177,0.02020258
3.900000,0,FR_foot,0.65204567,-0.28456044,0.02026988
3.900000,0,RL_foot,0.22718243,0.04122118,0.11021625
3.900000,0,RR_foot,0.01355939,-0.19512050,0.02011176
3.920000,0,FL_foot,0.56354094,0.18445432,0.02020163
3.920000,0,FR_foot,0.65511370,-0.28510720,0.02026720
3.920000,0,RL_foot,0.23346201,0.04410534,0.10290128
3.920000,0,RR_foot,0.01386738,-0.19493929,0.02010819
3.940000,0,FL_foot,0.56377929,0.18438071,0.02019760
3.940000,0,FR_foot,0.65736610,-0.28553757,0.02026685
3.940000,0,RL_foot,0.23934217,0.04837245,0.09329364
3.940000,0,RR_foot,0.01419983,-0.19481052,0.02011024
3.960000,0,FL_foot,0.56402373,0.18430470,0.02019645
3.960000,0,FR_foot,0.65848500,-0.28579256,0.02026404
3.960000,0,RL_foot,0.24453939,0.05447040,0.08122645
3.960000,0,RR_foot,0.01452638,-0.19468540,0.02012172
3.980000,0,FL_foot,0.56427944,0.18420281,0.02019561
3.980000,0,FR_foot,0.65887952,-0.28593051,0.02026082
3.980000,0,RL_foot,0.24860962,0.06308851,0.06644889
3.980000,0,RR_foot,0.01480726,-0.19452354,0.02012219
4.000000,0,FL_foot,0.56455404,0.18405229,0.02019263
4.000000,0,FR_foot,0.65900874,-0.28606996,0.02026095
4.000000,0,RL_foot,0.25115091,0.07474369,0.04933137
4.000000,0,RR_foot,0.01511591,-0.19441237,0.02012171
4.020000,0,FL_foot,0.56485260,0.18388198,0.02019338
4.020000,0,FR_foot,0.65913117,-0.28623638,0.02026082
4.020000,0,RL_foot,0.25172403,0.08611478,0.03418490
4.020000,0,RR_foot,0.01542486,-0.19430703,0.02013420
4.040000,0,FL_foot,0.56516284,0.18368974,0.02019433
4.040000,0,FR_foot,0.65925843,-0.28641322,0.02026089
4.040000,0,RL_foot,0.24894920,0.09594367,0.02096089
4.040000,0,RR_foot,0.01573256,-0.19421317,0.02013579
4.060000,0,FL_foot,0.57154906,0.18313468,0.02172173
4.060000,0,FR_foot,0.65932941,-0.28648368,0.02026773
4.060000,0,RL_foot,0.24929154,0.09570947,0.02041843
4.060000,0,RR_foot,0.01764376,-0.19324157,0.02023381
4.080000,0,FL_foot,0.58938301,0.17693047,0.02346040
4.080000,0,FR_foot,0.65950477,-0.28655887,0.02025750
4.080000,0,RL_foot,0.24960668,0.09554674,0.02031588
4.080000,0,RR_foot,0.02177422,-0.19036749,0.02016526
4.100000,0,FL_foot,0.61644661,0.16916440,0.02550341
4.100000,0,FR_foot,0.65968418,-0.28662145,0.02025305
4.100000,0,RL_foot,0.24995190,0.09547811,0.02030868
4.100000,0,RR_foot,0.02977029,-0.18636204,0.02016057
4.120000,0,FL_foot,0.65010351,0.16232932,0.02744902
4.120000,0,FR_foot,0.65977603,-0.28661501,0.02025345
4.120000,0,RL_foot,0.25033641,0.09533574,0.02032280
4.120000,0,RR_foot,0.04591310,-0.18162905,0.02013462
4.140000,0,FL_foot,0.68776160,0.15936886,0.02903400
4.140000,0,FR_foot,0.65996009,-0.28669065,0.02025235
4.140000,0,RL_foot,0.25072610,0.09521580,0.02031668
4.140000,0,RR_foot,0.07601653,-0.17459026,0.02017215
4.160000,0,FL_foot,0.72724283,0.16010486,0.03098622
4.160000,0,FR_foot,0.66016436,-0.28675634,0.02025026
4.160000,0,RL_foot,0.25113297,0.09514009,0.02031637
4.160000,0,RR_foot,0.11562092,-0.16952153,0.02123688
4.180000,0,FL_foot,0.76210505,0.16430694,0.03276431
4.180000,0,FR_foot,0.66038781,-0.28681320,0.02024608
4.180000,0,RL_foot,0.25157422,0.09507541,0.02031316
4.180000,0,RR_foot,0.15439308,-0.17040202,0.02218675
4.200000,0,FL_foot,0.78988045,0.17199907,0.03331204
4.200000,0,FR_foot,0.66063333,-0.28686488,0.02024059
4.200000,0,RL_foot,0.25205275,0.09500278,0.02030661
4.200000,0,RR_foot,0.18776527,-0.17419100,0.02348250
4.220000,0,FL_foot,0.80733675,0.17738909,0.03157490
4.220000,0,FR_foot,0.66091728,-0.28694120,0.02023500
4.220000,0,RL_foot,0.25258809,0.09492633,0.02030664
4.220000,0,RR_foot,0.21329084,-0.17958239,0.02490411
4.240000,0,FL_foot,0.81453758,0.17866716,0.02659601
4.240000,0,FR_foot,0.66120797,-0.28700212,0.02022758
4.240000,0,RL_foot,0.25315368,0.09483664,0.02027848
4.240000,0,RR_foot,0.23022927,-0.18684101,0.02507857
4.260000,0,FL_foot,0.81563401,0.17777629,0.02014946
4.260000,0,FR_foot,0.66151363,-0.28700760,0.02015138
4.260000,0,RL_foot,0.25375885,0.09485301,0.02049484
4.260000,0,RR_foot,0.23859248,-0.19436546,0.02375669
4.280000,0,FL_foot,0.81588823,0.17796454,0.02023164
4.280000,0,FR_foot,0.66301173,-0.28726241,0.02041855
4.280000,0,RL_foot,0.25588414,0.09570765,0.02033737
4.280000,0,RR_foot,0.24028140,-0.19767943,0.02010851
4.300000,0,FL_foot,0.81608206,0.17810477,0.02026882
4.300000,0,FR_foot,0.67748195,-0.28339785,0.02117910
4.300000,0,RL_foot,0.26268703,0.08605745,0.02946927
4.300000,0,RR_foot,0.24067597,-0.19759367,0.02016804
4.320000,0,FL_foot,0.81634027,0.17819960,0.02026572
4.320000,0,FR_foot,0.70419949,-0.27913901,0.02175066
4.320000,0,RL_foot,0.27538928,0.07025868,0.04733575
4.320000,0,RR_foot,0.24106580,-0.19745211,0.02015866
4.340000,0,FL_foot,0.81657434,0.17829886,0.02026328
4.340000,0,FR_foot,0.73809856,-0.27792349,0.02217237
4.340000,0,RL_foot,0.28714907,0.05979909,0.06363554
4.340000,0,RR_foot,0.24148832,-0.19732076,0.02016336
4.360000,0,FL_foot,0.81681705,0.17837790,0.02025908
4.360000,0,FR_foot,0.77297884,-0.27880895,0.02257813
4.360000,0,RL_foot,0.29754764,0.05374763,0.07696801
4.360000,0,RR_foot,0.24194263,-0.19722044,0.02016721
4.380000,0,FL_foot,0.81706840,0.17844445,0.02025372
4.380000,0,FR_foot,0.80314827,-0.28074858,0.02236160
4.380000,0,RL_foot,0.30803320,0.05004426,0.08804612
4.380000,0,RR_foot,0.24241558,-0.19715399,0.02016747
4.400000,0,FL_foot,0.81732023,0.17850721,0.02024897
4.400000,0,FR_foot,0.82571065,-0.28265342,0.02080574
4.400000,0,RL_foot,0.31867430,0.04733663,0.09739581
4.400000,0,RR_foot,0.24290077,-0.19712405,0.02015925
4.420000,0,FL_foot,0.81758672,0.17850831,0.02025294
4.420000,0,FR_foot,0.83131158,-0.28453204,0.02029690
4.420000,0,RL_foot,0.32994339,0.04411413,0.10397170
4.420000,0,RR_foot,0.24359301,-0.19878970,0.02025340
4.440000,0,FL_foot,0.81783819,0.17849793,0.02024326
4.440000,0,FR_foot,0.83270103,-0.28587815,0.02029198
4.440000,0,RL_foot,0.34158197,0.04188638,0.10806230
4.440000,0,RR_foot,0.24392776,-0.19870377,0.02014494
4.460000,0,FL_foot,0.81806654,0.17851812,0.02024341
4.460000,0,FR_foot,0.83357859,-0.28645179,0.02028372
4.460000,0,RL_foot,0.35266310,0.03997324,0.11149630
4.460000,0,RR_foot,0.24426523,-0.19858551,0.02016113
4.480000,0,FL_foot,0.81828868,0.17855081,0.02024076
4.480000,0,FR_foot,0.83430743,-0.28693521,0.02028190
4.480000,0,RL_foot,0.36293346,0.03844030,0.11429154
4.480000,0,RR_foot,0.24458998,-0.19846079,0.02015553
4.500000,0,FL_foot,0.81849647,0.17860115,0.02023793
4.500000,0,FR_foot,0.83580345,-0.28779033,0.02028083
4.500000,0,RL_foot,0.37223884,0.03727528,0.11654249
4.500000,0,RR_foot,0.24492538,-0.19833075,0.02014674
4.520000,0,FL_foot,0.81870234,0.17866328,0.02023726
4.520000,0,FR_foot,0.83794677,-0.28894833,0.02027973
4.520000,0,RL_foot,0.38073006,0.03643575,0.11826904
4.520000,0,RR_foot,0.24527389,-0.19817840,0.02014860
4.540000,0,FL_foot,0.81891233,0.17871870,0.02023477
4.540000,0,FR_foot,0.84053010,-0.29036021,0.02027911
4.540000,0,RL_foot,0.38864779,0.03584845,0.11951009
4.540000,0,RR_foot,0.24562001,-0.19803552,0.02014651
4.560000,0,FL_foot,0.81911772,0.17877854,0.02023200
4.560000,0,FR_foot,0.84343541,-0.29186583,0.02027792
4.560000,0,RL_foot,0.39618647,0.03543266,0.12038311
4.560000,0,RR_foot,0.24597338,-0.19789226,0.02014239
4.580000,0,FL_foot,0.81932324,0.17883877,0.02023100
4.580000,0,FR_foot,0.84645128,-0.29327974,0.02027642
4.580000,0,RL_foot,0.40350804,0.03513804,0.12095353
4.580000,0,RR_foot,0.24633341,-0.19773053,0.02014293
4.600000,0,FL_foot,0.81953061,0.17889597,0.02022791
4.600000,0,FR_foot,0.84958476,-0.29462764,0.02027396
4.600000,0,RL_foot,0.41072550,0.03490375,0.12127682
4.600000,0,RR_foot,0.24668825,-0.19758135,0.02013664
4.620000,0,FL_foot,0.81973875,0.17893676,0.02022659
4.620000,0,FR_foot,0.85286677,-0.29586211,0.02027346
4.620000,0,RL_foot,0.41788226,0.03467692,0.12144652
4.620000,0,RR_foot,0.24704592,-0.19741866,0.02013805
4.640000,0,FL_foot,0.81994325,0.17897677,0.02022330
4.640000,0,FR_foot,0.85633606,-0.29701045,0.02027273
4.640000,0,RL_foot,0.42500898,0.03443231,0.12146561
4.640000,0,RR_foot,0.24739735,-0.19727378,0.02013452
4.660000,0,FL_foot,0.82014310,0.17901187,0.02022188
4.660000,0,FR_foot,0.85999882,-0.29804295,0.02027046
4.660000,0,RL_foot,0.43207940,0.03414605,0.12140223
4.660000,0,RR_foot,0.24774590,-0.19711541,0.02013297
4.680000,0,FL_foot,0.82034242,0.17903857,0.02021922
4.680000,0,FR_foot,0.86385471,-0.29899496,0.02026945
4.680000,0,RL_foot,0.43909901,0.03381438,0.12122808
4.680000,0,RR_foot,0.24808986,-0.19697432,0.02012805
4.700000,0,FL_foot,0.82054049,0.17905663,0.02021622
4.700000,0,FR_foot,0.86790770,-0.29987055,0.02026850
4.700000,0,RL_foot,0.44603583,0.03342969,0.12098531
4.700000,0,RR_foot,0.24843431,-0.19684106,0.02012827
4.720000,0,FL_foot,0.82073772,0.17906857,0.02021420
4.720000,0,FR_foot,0.87201720,-0.30063662,0.02026714
4.720000,0,RL_foot,0.45290253,0.03301454,0.12064414
4.720000,0,RR_foot,0.24877040,-0.19668864,0.02012676
4.740000,0,FL_foot,0.82093787,0.17906970,0.02021081
4.740000,0,FR_foot,0.87606627,-0.30135566,0.02026730
4.740000,0,RL_foot,0.45969471,0.03287189,0.11950301
4.740000,0,RR_foot,0.24910775,-0.19655253,0.02011863
4.760000,0,FL_foot,0.82113922,0.17906159,0.02020706
4.760000,0,FR_foot,0.88008851,-0.30201244,0.02026689
4.760000,0,RL_foot,0.46633908,0.03327439,0.11702554
4.760000,0,RR_foot,0.24944963,-0.19642547,0.02011488
4.780000,0,FL_foot,0.82134908,0.17904475,0.02020603
4.780000,0,FR_foot,0.88394874,-0.30259293,0.02026622
4.780000,0,RL_foot,0.47282958,0.03438928,0.11293139
4.780000,0,RR_foot,0.24976537,-0.19625875,0.02010792
4.800000,0,FL_foot,0.82156199,0.17900081,0.02020106
4.800000,0,FR_foot,0.88753849,-0.30311576,0.02026659
4.800000,0,RL_foot,0.47915936,0.03638581,0.10699156
4.800000,0,RR_foot,0.25010294,-0.19613422,0.02010408
4.820000,0,FL_foot,0.82178128,0.17895420,0.02019894
4.820000,0,FR_foot,0.89046389,-0.30353317,0.02026528
4.820000,0,RL_foot,0.48524654,0.03956504,0.09890278
4.820000,0,RR_foot,0.25044456,-0.19601732,0.02011093
4.840000,0,FL_foot,0.82201046,0.17888895,0.02019859
4.840000,0,FR_foot,0.89233291,-0.30384451,0.02026293
4.840000,0,RL_foot,0.49092627,0.04426742,0.08848852
4.840000,0,RR_foot,0.25073698,-0.19584943,0.02011092
4.860000,0,FL_foot,0.82224607,0.17878909,0.02019423
4.860000,0,FR_foot,0.89307678,-0.30403817,0.02025984
4.860000,0,RL_foot,0.49588892,0.05101838,0.07551341
4.860000,0,RR_foot,0.25106028,-0.19573285,0.02011230
4.880000,0,FL_foot,0.82249409,0.17867436,0.02019328
4.880000,0,FR_foot,0.89335299,-0.30415878,0.02025940
4.880000,0,RL_foot,0.49965313,0.06059079,0.05978046
4.880000,0,RR_foot,0.25137642,-0.19562206,0.02012822
4.900000,0,FL_foot,0.82276410,0.17852156,0.02019277
4.900000,0,FR_foot,0.89347351,-0.30431375,0.02025867
4.900000,0,RL_foot,0.50180417,0.07239531,0.04300087
4.900000,0,RR_foot,0.25166056,-0.19548826,0.02012502
4.920000,0,FL_foot,0.82306743,0.17832632,0.02019335
4.920000,0,FR_foot,0.89358181,-0.30448693,0.02025828
4.920000,0,RL_foot,0.50181395,0.08311552,0.02874436
4.920000,0,RR_foot,0.25197449,-0.19539294,0.02012627
4.940000,0,FL_foot,0.82384515,0.17850709,0.02027218
4.940000,0,FR_foot,0.89374226,-0.30465618,0.02024187
4.940000,0,RL_foot,0.49999040,0.08845391,0.01987706
4.940000,0,RR_foot,0.25253174,-0.19556670,0.02014247
4.960000,0,FL_foot,0.83437389,0.17345858,0.02263366
4.960000,0,FR_foot,0.89300638,-0.30406693,0.02025204
4.960000,0,RL_foot,0.50019062,0.08841430,0.02032074
4.960000,0,RR_foot,0.25670823,-0.19323748,0.02016495
4.980000,0,FL_foot,0.85497773,0.16493213,0.02457044
4.980000,0,FR_foot,0.89318419,-0.30414021,0.02025176
4.980000,0,RL_foot,0.50052047,0.08833051,0.02031545
4.980000,0,RR_foot,0.26321799,-0.18968926,0.02016376
5.000000,0,FL_foot,0.88303614,0.15568556,0.02656325
5.000000,0,FR_foot,0.89335430,-0.30420527,0.02025244
5.000000,0,RL_foot,0.50088274,0.08817927,0.02032391
5.000000,0,RR_foot,0.27497312,-0.18574955,0.02014900
5.020000,0,FL_foot,0.91647267,0.14894529,0.02830634
5.020000,0,FR_foot,0.89354420,-0.30428734,0.02024778
5.020000,0,RL_foot,0.50126004,0.08803675,0.02031773
5.020000,0,RR_foot,0.29676992,-0.18047273,0.02009849
5.040000,0,FL_foot,0.95383352,0.14637721,0.02989335
5.040000,0,FR_foot,0.89372295,-0.30437559,0.02024854
5.040000,0,RL_foot,0.50165242,0.08791413,0.02031551
5.040000,0,RR_foot,0.33160925,-0.17420682,0.02075829
5.060000,0,FL_foot,0.99168253,0.14654815,0.03203283
5.060000,0,FR_foot,0.89392805,-0.30444309,0.02024672
5.060000,0,RL_foot,0.50207418,0.08781078,0.02031798
5.060000,0,RR_foot,0.37202132,-0.17273431,0.02191352
5.080000,0,FL_foot,1.02389681,0.15096106,0.03353222
5.080000,0,FR_foot,0.89415240,-0.30451491,0.02024337
5.080000,0,RL_foot,0.50252634,0.08773024,0.02032114
5.080000,0,RR_foot,0.40923005,-0.17639197,0.02274200
5.100000,0,FL_foot,1.04865611,0.15742026,0.03359104
5.100000,0,FR_foot,0.89440340,-0.30458635,0.02023795
5.100000,0,RL_foot,0.50300181,0.08767755,0.02030454
5.100000,0,RR_foot,0.43991920,-0.18164429,0.02426682
5.120000,0,FL_foot,1.06207240,0.16020828,0.03063551
5.120000,0,FR_foot,0.89468974,-0.30465820,0.02023280
5.120000,0,RL_foot,0.50354320,0.08759157,0.02030606
5.120000,0,RR_foot,0.46221793,-0.18844733,0.02539379
5.140000,0,FL_foot,1.06604493,0.15979977,0.02441266
5.140000,0,FR_foot,0.89497513,-0.30471227,0.02022507
5.140000,0,RL_foot,0.50410932,0.08748951,0.02026928
5.140000,0,RR_foot,0.47584581,-0.19666776,0.02499592
5.160000,0,FL_foot,1.06600702,0.15890276,0.02026663
5.160000,0,FR_foot,0.89528650,-0.30469385,0.02023210
5.160000,0,RL_foot,0.50544584,0.08855791,0.02030548
5.160000,0,RR_foot,0.48131692,-0.20355082,0.02212874
5.180000,0,FL_foot,1.06627023,0.15908612,0.02027438
5.180000,0,FR_foot,0.89930582,-0.30492419,0.02114290
5.180000,0,RL_foot,0.50867712,0.08602776,0.02229631
5.180000,0,RR_foot,0.48204541,-0.20550844,0.02024461
5.200000,0,FL_foot,1.06651747,0.15920760,0.02026904
5.200000,0,FR_foot,0.91713500,-0.30082464,0.02183956
5.200000,0,RL_foot,0.51693827,0.07369714,0.03397720
5.200000,0,RR_foot,0.48243576,-0.20532817,0.02017911
5.220000,0,FL_foot,1.06675303,0.15931770,0.02026319
5.220000,0,FR_foot,0.94670600,-0.29713053,0.02246955
5.220000,0,RL_foot,0.52853781,0.05885659,0.05164953
5.220000,0,RR_foot,0.48282164,-0.20519982,0.02015626
5.240000,0,FL_foot,1.06698072,0.15942250,0.02026202
5.240000,0,FR_foot,0.98255789,-0.29642290,0.02314870
5.240000,0,RL_foot,0.53889960,0.04955220,0.06695956
5.240000,0,RR_foot,0.48324454,-0.20507613,0.02016332
5.260000,0,FL_foot,1.06721520,0.15950806,0.02025855
5.260000,0,FR_foot,1.01803243,-0.29787514,0.02379393
5.260000,0,RL_foot,0.54858965,0.04412923,0.07951465
5.260000,0,RR_foot,0.48369673,-0.20498453,0.02016928
5.280000,0,FL_foot,1.06745708,0.15959024,0.02025218
5.280000,0,FR_foot,1.04765236,-0.30013001,0.02371787
5.280000,0,RL_foot,0.55865252,0.04067647,0.09000126
5.280000,0,RR_foot,0.48415020,-0.20494723,0.02016065
5.300000,0,FL_foot,1.06770611,0.15964325,0.02024756
5.300000,0,FR_foot,1.06920910,-0.30215400,0.02219995
5.300000,0,RL_foot,0.56888473,0.03803111,0.09888057
5.300000,0,RR_foot,0.48463044,-0.20493327,0.02015860
5.320000,0,FL_foot,1.06795740,0.15968293,0.02025136
5.320000,0,FR_foot,1.07828343,-0.30304557,0.02029272
5.320000,0,RL_foot,0.57921290,0.03522374,0.10566982
5.320000,0,RR_foot,0.48517811,-0.20621268,0.02013616
5.340000,0,FL_foot,1.06820691,0.15967730,0.02024456
5.340000,0,FR_foot,1.08044851,-0.30646390,0.02029817
5.340000,0,RL_foot,0.59076202,0.03229913,0.10941783
5.340000,0,RR_foot,0.48549521,-0.20634721,0.02014352
5.360000,0,FL_foot,1.06846642,0.15966681,0.02024272
5.360000,0,FR_foot,1.08128297,-0.30708954,0.02028788
5.360000,0,RL_foot,0.60232347,0.02992798,0.11237655
5.360000,0,RR_foot,0.48585626,-0.20626575,0.02016895
5.380000,0,FL_foot,1.06869841,0.15967812,0.02024083
5.380000,0,FR_foot,1.08152294,-0.30726147,0.02028208
5.380000,0,RL_foot,0.61301309,0.02798731,0.11497704
5.380000,0,RR_foot,0.48618630,-0.20615171,0.02016076
5.400000,0,FL_foot,1.06892169,0.15971105,0.02023758
5.400000,0,FR_foot,1.08198750,-0.30758375,0.02027927
5.400000,0,RL_foot,0.62260538,0.02649016,0.11704823
5.400000,0,RR_foot,0.48652828,-0.20602997,0.02014938
5.420000,0,FL_foot,1.06913984,0.15975112,0.02023633
5.420000,0,FR_foot,1.08326280,-0.30833709,0.02027942
5.420000,0,RL_foot,0.63122690,0.02541518,0.11863688
5.420000,0,RR_foot,0.48688221,-0.20588233,0.02014923
5.440000,0,FL_foot,1.06934917,0.15980333,0.02023431
5.440000,0,FR_foot,1.08531797,-0.30945072,0.02027915
5.440000,0,RL_foot,0.63914776,0.02466268,0.11977138
5.440000,0,RR_foot,0.48723435,-0.20574170,0.02014563
5.460000,0,FL_foot,1.06955814,0.15986142,0.02023173
5.460000,0,FR_foot,1.08789730,-0.31087786,0.02027721
5.460000,0,RL_foot,0.64662248,0.02412743,0.12053527
5.460000,0,RR_foot,0.48759285,-0.20559946,0.02013943
5.480000,0,FL_foot,1.06976604,0.15991600,0.02023026
5.480000,0,FR_foot,1.09080780,-0.31237739,0.02027538
5.480000,0,RL_foot,0.65386343,0.02373507,0.12100421
5.480000,0,RR_foot,0.48795921,-0.20544022,0.02013987
5.500000,0,FL_foot,1.06997776,0.15995908,0.02022767
5.500000,0,FR_foot,1.09395254,-0.31384721,0.02027545
5.500000,0,RL_foot,0.66102636,0.02340357,0.12123539
5.500000,0,RR_foot,0.48832130,-0.20529485,0.02013699
5.520000,0,FL_foot,1.07018292,0.16000453,0.02022469
5.520000,0,FR_foot,1.09732270,-0.31523108,0.02027461
5.520000,0,RL_foot,0.66815615,0.02306681,0.12132623
5.520000,0,RR_foot,0.48868400,-0.20515387,0.02013513
5.540000,0,FL_foot,1.07038534,0.16004583,0.02022345
5.540000,0,FR_foot,1.10080338,-0.31645772,0.02027296
5.540000,0,RL_foot,0.67527121,0.02270819,0.12129675
5.540000,0,RR_foot,0.48904327,-0.20499602,0.02013385
5.560000,0,FL_foot,1.07058823,0.16008084,0.02022113
5.560000,0,FR_foot,1.10443413,-0.31759143,0.02027051
5.560000,0,RL_foot,0.68237352,0.02230762,0.12115349
5.560000,0,RR_foot,0.48939717,-0.20485424,0.02012752
5.580000,0,FL_foot,1.07078898,0.16010545,0.02021828
5.580000,0,FR_foot,1.10827160,-0.31863451,0.02026905
5.580000,0,RL_foot,0.68941271,0.02184892,0.12094916
5.580000,0,RR_foot,0.48975065,-0.20472199,0.02012730
5.600000,0,FL_foot,1.07098794,0.16012149,0.02021647
5.600000,0,FR_foot,1.11216986,-0.31954733,0.02026780
5.600000,0,RL_foot,0.69638628,0.02135348,0.12065275
5.600000,0,RR_foot,0.49009562,-0.20457089,0.02012694
5.620000,0,FL_foot,1.07118750,0.16012999,0.02021367
5.620000,0,FR_foot,1.11607659,-0.32039610,0.02026763
5.620000,0,RL_foot,0.70329720,0.02094750,0.11996945
5.620000,0,RR_foot,0.49044114,-0.20443720,0.02012088
5.640000,0,FL_foot,1.07138932,0.16012840,0.02021059
5.640000,0,FR_foot,1.11995506,-0.32117575,0.02026790
5.640000,0,RL_foot,0.71007794,0.02098616,0.11815020
5.640000,0,RR_foot,0.49078846,-0.20431128,0.02011813
5.660000,0,FL_foot,1.07159293,0.16011542,0.02020799
5.660000,0,FR_foot,1.12370837,-0.32186571,0.02026762
5.660000,0,RL_foot,0.71670687,0.02168225,0.11479694
5.660000,0,RR_foot,0.49111235,-0.20414881,0.02011091
5.680000,0,FL_foot,1.07180130,0.16007894,0.02020311
5.680000,0,FR_foot,1.12732160,-0.32250309,0.02026715
5.680000,0,RL_foot,0.72318918,0.02319772,0.10966288
5.680000,0,RR_foot,0.49145463,-0.20402458,0.02010487
5.700000,0,FL_foot,1.07201469,0.16004109,0.02020072
5.700000,0,FR_foot,1.13048279,-0.32302657,0.02026653
5.700000,0,RL_foot,0.72946775,0.02578218,0.10248004
5.700000,0,RR_foot,0.49180228,-0.20391059,0.02011011
5.720000,0,FL_foot,1.07223785,0.15998548,0.02020032
5.720000,0,FR_foot,1.13275290,-0.32342917,0.02026400
5.720000,0,RL_foot,0.73544228,0.02974859,0.09302656
5.720000,0,RR_foot,0.49210361,-0.20374468,0.02010909
5.740000,0,FL_foot,1.07246649,0.15989597,0.02019605
5.740000,0,FR_foot,1.13394201,-0.32370055,0.02026172
5.740000,0,RL_foot,0.74087650,0.03554535,0.08109209
5.740000,0,RR_foot,0.49243563,-0.20363164,0.02011079
5.760000,0,FL_foot,1.07270491,0.15979402,0.02019475
5.760000,0,FR_foot,1.13434732,-0.32383302,0.02025899
5.760000,0,RL_foot,0.74534243,0.04381237,0.06651321
5.760000,0,RR_foot,0.49276155,-0.20352353,0.02012611
5.780000,0,FL_foot,1.07296109,0.15965739,0.02019434
5.780000,0,FR_foot,1.13454354,-0.32396159,0.02025938
5.780000,0,RL_foot,0.74844235,0.05514815,0.04951379
5.780000,0,RR_foot,0.49304602,-0.20338333,0.02012463
5.800000,0,FL_foot,1.07324648,0.15947221,0.02019241
5.800000,0,FR_foot,1.13465512,-0.32413238,0.02025842
5.800000,0,RL_foot,0.74971157,0.06663276,0.03407656
5.800000,0,RR_foot,0.49336398,-0.20328738,0.02012353
5.820000,0,FL_foot,1.07354498,0.15927051,0.02019416
5.820000,0,FR_foot,1.13476574,-0.32431149,0.02025918
5.820000,0,RL_foot,0.74775362,0.07671397,0.02067367
5.820000,0,RR_foot,0.49368662,-0.20321411,0.02013893
5.840000,0,FL_foot,1.08007169,0.15681849,0.02200515
5.840000,0,FR_foot,1.13491154,-0.32442555,0.02026406
5.840000,0,RL_foot,0.74805993,0.07662283,0.02039597
5.840000,0,RR_foot,0.49601534,-0.20192026,0.02016815
5.860000,0,FL_foot,1.09616351,0.14861347,0.02371276
5.860000,0,FR_foot,1.13508105,-0.32451469,0.02025618
5.860000,0,RL_foot,0.74836761,0.07648427,0.02031576
5.860000,0,RR_foot,0.50081354,-0.19903019,0.02016677
5.880000,0,FL_foot,1.12040353,0.13889796,0.02565710
5.880000,0,FR_foot,1.13525319,-0.32458723,0.02025247
5.880000,0,RL_foot,0.74870592,0.07640787,0.02031294
5.880000,0,RR_foot,0.50987279,-0.19493845,0.02015914
5.900000,0,FL_foot,1.15119481,0.13032417,0.02742767
5.900000,0,FR_foot,1.13527822,-0.32455859,0.02025292
5.900000,0,RL_foot,0.74907416,0.07625242,0.02032527
5.900000,0,RR_foot,0.52661330,-0.19047235,0.02012782
5.920000,0,FL_foot,1.18667471,0.12555628,0.02886985
5.920000,0,FR_foot,1.13544333,-0.32464233,0.02025201
5.920000,0,RL_foot,0.74944824,0.07611614,0.02031751
5.920000,0,RR_foot,0.55686897,-0.18437217,0.02011401
5.940000,0,FL_foot,1.22505558,0.12410326,0.03078558
5.940000,0,FR_foot,1.13562989,-0.32471535,0.02025028
5.940000,0,RL_foot,0.74984062,0.07602395,0.02031553
5.940000,0,RR_foot,0.59644282,-0.18090215,0.02104108
5.960000,0,FL_foot,1.25981271,0.12604344,0.03267960
5.960000,0,FR_foot,1.13583982,-0.32477844,0.02024809
5.960000,0,RL_foot,0.75026369,0.07594840,0.02031850
5.960000,0,RR_foot,0.63535434,-0.18332112,0.02198215
5.980000,0,FL_foot,1.28788614,0.13197330,0.03336510
5.980000,0,FR_foot,1.13607109,-0.32483891,0.02024142
5.980000,0,RL_foot,0.75071418,0.07589160,0.02030967
5.980000,0,RR_foot,0.66886538,-0.18854125,0.02324213
6.000000,0,FL_foot,1.30590248,0.13637172,0.03177442
6.000000,0,FR_foot,1.13633680,-0.32492012,0.02023606
6.000000,0,RL_foot,0.75123090,0.07579828,0.02030728
6.000000,0,RR_foot,0.69450212,-0.19493291,0.02473554
6.020000,0,FL_foot,1.31343961,0.13715723,0.02686346
6.020000,0,FR_foot,1.13661695,-0.32498971,0.02022878
6.020000,0,RL_foot,0.75178051,0.07569502,0.02028389
6.020000,0,RR_foot,0.71138608,-0.20282631,0.02508615
6.040000,0,FL_foot,1.31451154,0.13609008,0.02014307
6.040000,0,FR_foot,1.13691521,-0.32501936,0.02015728
6.040000,0,RL_foot,0.75238323,0.07569702,0.02042906
6.040000,0,RR_foot,0.71964598,-0.21080995,0.02399312
6.060000,0,FL_foot,1.31477749,0.13626209,0.02020950
6.060000,0,FR_foot,1.13762450,-0.32512999,0.02028800
6.060000,0,RL_foot,0.75410372,0.07640720,0.02037535
6.060000,0,RR_foot,0.72136223,-0.21410671,0.01996525
6.080000,0,FL_foot,1.31495726,0.13640471,0.02026652
6.080000,0,FR_foot,1.15008914,-0.32203716,0.02118192
6.080000,0,RL_foot,0.75962788,0.06808933,0.02798910
6.080000,0,RR_foot,0.72175694,-0.21406358,0.02015935
6.100000,0,FL_foot,1.31520426,0.13649042,0.02026862
6.100000,0,FR_foot,1.17561853,-0.31814048,0.02178909
6.100000,0,RL_foot,0.77055514,0.05199626,0.04530919
6.100000,0,RR_foot,0.72213715,-0.21393210,0.02016931
6.120000,0,FL_foot,1.31543541,0.13658263,0.02026247
6.120000,0,FR_foot,1.20923758,-0.31772831,0.02219946
6.120000,0,RL_foot,0.78128248,0.04064351,0.06177460
6.120000,0,RR_foot,0.72253829,-0.21383834,0.02015775
6.140000,0,FL_foot,1.31567216,0.13665584,0.02025899
6.140000,0,FR_foot,1.24471033,-0.31944382,0.02272875
6.140000,0,RL_foot,0.79067600,0.03394838,0.07525087
6.140000,0,RR_foot,0.72298259,-0.21375489,0.02016084
6.160000,0,FL_foot,1.31591749,0.13671634,0.02025400
6.160000,0,FR_foot,1.27615392,-0.32218668,0.02280485
6.160000,0,RL_foot,0.80028784,0.02978485,0.08644142
6.160000,0,RR_foot,0.72344744,-0.21370806,0.02016169
6.180000,0,FL_foot,1.31616580,0.13677546,0.02024904
6.180000,0,FR_foot,1.30017483,-0.32476428,0.02165384
6.180000,0,RL_foot,0.81030446,0.02671902,0.09589061
6.180000,0,RR_foot,0.72392476,-0.21369646,0.02015449
6.200000,0,FL_foot,1.31642282,0.13678743,0.02025409
6.200000,0,FR_foot,1.30997014,-0.32607707,0.02031627
6.200000,0,RL_foot,0.82071018,0.02347014,0.10295717
6.200000,0,RR_foot,0.72466606,-0.21544474,0.02003375
6.220000,0,FL_foot,1.31666386,0.13677406,0.02024674
6.220000,0,FR_foot,1.31306660,-0.33010125,0.02030109
6.220000,0,RL_foot,0.83209288,0.02009121,0.10723603
6.220000,0,RR_foot,0.72503281,-0.21537857,0.02014674
6.240000,0,FL_foot,1.31691945,0.13675998,0.02024400
6.240000,0,FR_foot,1.31438255,-0.33102342,0.02028214
6.240000,0,RL_foot,0.84361380,0.01738658,0.11051144
6.240000,0,RR_foot,0.72538751,-0.21533763,0.02017475
6.260000,0,FL_foot,1.31716108,0.13675714,0.02024028
6.260000,0,FR_foot,1.31476796,-0.33135459,0.02028150
6.260000,0,RL_foot,0.85437793,0.01514809,0.11335780
6.260000,0,RR_foot,0.72572362,-0.21523680,0.02015767
6.280000,0,FL_foot,1.31738424,0.13678211,0.02023888
6.280000,0,FR_foot,1.31524909,-0.33169082,0.02027953
6.280000,0,RL_foot,0.86409545,0.01339276,0.11564745
6.280000,0,RR_foot,0.72607690,-0.21511109,0.02015393
6.300000,0,FL_foot,1.31760061,0.13682361,0.02023664
6.300000,0,FR_foot,1.31652486,-0.33248547,0.02027781
6.300000,0,RL_foot,0.87284929,0.01208323,0.11743716
6.300000,0,RR_foot,0.72642487,-0.21498358,0.02014723
6.320000,0,FL_foot,1.31781650,0.13686574,0.02023371
6.320000,0,FR_foot,1.31859195,-0.33368224,0.02027898
6.320000,0,RL_foot,0.88086617,0.01110871,0.11877012
6.320000,0,RR_foot,0.72678322,-0.21485557,0.02014367
6.340000,0,FL_foot,1.31802523,0.13691926,0.02023275
6.340000,0,FR_foot,1.32113266,-0.33516005,0.02027754
6.340000,0,RL_foot,0.88841575,0.01038734,0.11970032
6.340000,0,RR_foot,0.72715235,-0.21470806,0.02014442
6.360000,0,FL_foot,1.31823587,0.13697369,0.02023053
6.360000,0,FR_foot,1.32403445,-0.33676070,0.02027516
6.360000,0,RL_foot,0.89570922,0.00982401,0.12029500
6.360000,0,RR_foot,0.72751731,-0.21456894,0.02013861
6.380000,0,FL_foot,1.31844842,0.13701466,0.02022754
6.380000,0,FR_foot,1.32721734,-0.33833864,0.02027565
6.380000,0,RL_foot,0.90287912,0.00932397,0.12066134
6.380000,0,RR_foot,0.72788608,-0.21443531,0.02013725
6.400000,0,FL_foot,1.31865466,0.13706002,0.02022630
6.400000,0,FR_foot,1.33054328,-0.33977610,0.02027348
6.400000,0,RL_foot,0.91001034,0.00884518,0.12085133
6.400000,0,RR_foot,0.72825694,-0.21428473,0.02013648
6.420000,0,FL_foot,1.31886089,0.13710035,0.02022393
6.420000,0,FR_foot,1.33401299,-0.34111929,0.02027085
6.420000,0,RL_foot,0.91713291,0.00834696,0.12088783
6.420000,0,RR_foot,0.72862005,-0.21414876,0.02013023
6.440000,0,FL_foot,1.31906450,0.13713074,0.02022136
6.440000,0,FR_foot,1.33770144,-0.34236902,0.02026990
6.440000,0,RL_foot,0.92421395,0.00779705,0.12083955
6.440000,0,RR_foot,0.72898239,-0.21402211,0.02012911
6.460000,0,FL_foot,1.31926537,0.13715281,0.02021962
6.460000,0,FR_foot,1.34150708,-0.34348357,0.02026816
6.460000,0,RL_foot,0.93124151,0.00720610,0.12069369
6.460000,0,RR_foot,0.72933859,-0.21387739,0.02012838
6.480000,0,FL_foot,1.31946588,0.13716753,0.02021684
6.480000,0,FR_foot,1.34541559,-0.34452102,0.02026822
6.480000,0,RL_foot,0.93822116,0.00657005,0.12044133
6.480000,0,RR_foot,0.72969109,-0.21375109,0.02012413
6.500000,0,FL_foot,1.31966531,0.13717428,0.02021436
6.500000,0,FR_foot,1.34945834,-0.34548813,0.02026792
6.500000,0,RL_foot,0.94512194,0.00588537,0.12012654
6.500000,0,RR_foot,0.73004377,-0.21363133,0.02012471
6.520000,0,FL_foot,1.31986511,0.13717107,0.02021199
6.520000,0,FR_foot,1.35340452,-0.34635752,0.02026598
6.520000,0,RL_foot,0.95193046,0.00553293,0.11891022
6.520000,0,RR_foot,0.73038352,-0.21348518,0.02011893
6.540000,0,FL_foot,1.32006824,0.13715881,0.02020862
6.540000,0,FR_foot,1.35725355,-0.34717357,0.02026672
6.540000,0,RL_foot,0.95863146,0.00575273,0.11628678
6.540000,0,RR_foot,0.73073000,-0.21336374,0.02010974
6.560000,0,FL_foot,1.32027435,0.13713451,0.02020566
6.560000,0,FR_foot,1.36102521,-0.34791061,0.02026708
6.560000,0,RL_foot,0.96518922,0.00672958,0.11198039
6.560000,0,RR_foot,0.73108155,-0.21325301,0.02010903
6.580000,0,FL_foot,1.32048357,0.13708515,0.02020156
6.580000,0,FR_foot,1.36442089,-0.34854230,0.02026634
6.580000,0,RL_foot,0.97159714,0.00865210,0.10575992
6.580000,0,RR_foot,0.73139894,-0.21309297,0.02010515
6.600000,0,FL_foot,1.32070029,0.13703199,0.02019935
6.600000,0,FR_foot,1.36716890,-0.34906125,0.02026502
6.600000,0,RL_foot,0.97780329,0.01182436,0.09734002
6.600000,0,RR_foot,0.73174793,-0.21298844,0.02011071
6.620000,0,FL_foot,1.32092547,0.13695934,0.02019853
6.620000,0,FR_foot,1.36881411,-0.34941688,0.02026225
6.620000,0,RL_foot,0.98362046,0.01661748,0.08652666
6.620000,0,RR_foot,0.73204911,-0.21283002,0.02011071
6.640000,0,FL_foot,1.32115638,0.13685149,0.02019435
6.640000,0,FR_foot,1.36947572,-0.34961450,0.02025961
6.640000,0,RL_foot,0.98872733,0.02359631,0.07311345
6.640000,0,RR_foot,0.73238164,-0.21272585,0.02011271
6.660000,0,FL_foot,1.32140064,0.13672580,0.02019370
6.660000,0,FR_foot,1.36973250,-0.34974030,0.02025933
6.660000,0,RL_foot,0.99269134,0.03360490,0.05688846
6.660000,0,RR_foot,0.73270553,-0.21262841,0.02012833
6.680000,0,FL_foot,1.32166636,0.13655961,0.02019287
6.680000,0,FR_foot,1.36984622,-0.34990272,0.02025837
6.680000,0,RL_foot,0.99504197,0.04536037,0.04038168
6.680000,0,RR_foot,0.73300099,-0.21250851,0.02012544
6.700000,0,FL_foot,1.32196379,0.13635169,0.02019416
6.700000,0,FR_foot,1.36994708,-0.35007817,0.02025849
6.700000,0,RL_foot,0.99497557,0.05582960,0.02649546
6.700000,0,RR_foot,0.73332411,-0.21242771,0.02012740
6.720000,0,FL_foot,1.32416952,0.13701944,0.02199680
6.720000,0,FR_foot,1.37011468,-0.35022715,0.02026982
6.720000,0,RL_foot,0.99342704,0.06178457,0.02052427
6.720000,0,RR_foot,0.73428339,-0.21183418,0.02039095
6.740000,0,FL_foot,1.33668113,0.13015914,0.02406199
6.740000,0,FR_foot,1.36896384,-0.34958094,0.02025695
6.740000,0,RL_foot,0.99338293,0.06228303,0.02028462
6.740000,0,RR_foot,0.73931652,-0.20865491,0.02016574
6.760000,0,FL_foot,1.35853136,0.11996068,0.02597157
6.760000,0,FR_foot,1.36914456,-0.34963778,0.02025291
6.760000,0,RL_foot,0.99371201,0.06217099,0.02032133
6.760000,0,RR_foot,0.74631548,-0.20515981,0.02016330
6.780000,0,FL_foot,1.38735545,0.10959624,0.02778613
6.780000,0,FR_foot,1.36925733,-0.34966499,0.02025424
6.780000,0,RL_foot,0.99405754,0.06205698,0.02031364
6.780000,0,RR_foot,0.75983459,-0.20165661,0.02014207
6.800000,0,FL_foot,1.42118573,0.10207926,0.02933265
6.800000,0,FR_foot,1.36944914,-0.34973493,0.02024695
6.800000,0,RL_foot,0.99442160,0.06192713,0.02031683
6.800000,0,RR_foot,0.78493983,-0.19690804,0.02007320
6.820000,0,FL_foot,1.45884562,0.09857974,0.03085339
6.820000,0,FR_foot,1.36963177,-0.34981900,0.02025199
6.820000,0,RL_foot,0.99481654,0.06176805,0.02032385
6.820000,0,RR_foot,0.82174218,-0.19292577,0.02091943
6.840000,0,FL_foot,1.49530745,0.09809370,0.03273167
6.840000,0,FR_foot,1.36983120,-0.34987324,0.02024722
6.840000,0,RL_foot,0.99522281,0.06171554,0.02031569
6.840000,0,RR_foot,0.86167341,-0.19437422,0.02205672
6.860000,0,FL_foot,1.52591085,0.10227043,0.03368693
6.860000,0,FR_foot,1.37005484,-0.34994781,0.02024349
6.860000,0,RL_foot,0.99567574,0.06162863,0.02031731
6.860000,0,RR_foot,0.89744896,-0.19990572,0.02305680
6.880000,0,FL_foot,1.54808903,0.10732451,0.03291547
6.880000,0,FR_foot,1.37030864,-0.35002023,0.02023954
6.880000,0,RL_foot,0.99617535,0.06152861,0.02031557
6.880000,0,RR_foot,0.92606866,-0.20656838,0.02462486
6.900000,0,FL_foot,1.55900633,0.10888533,0.02893308
6.900000,0,FR_foot,1.37060046,-0.35009840,0.02023377
6.900000,0,RL_foot,0.99671918,0.06142464,0.02030591
6.900000,0,RR_foot,0.94603193,-0.21454738,0.02552470
6.920000,0,FL_foot,1.56144929,0.10799933,0.02199923
6.920000,0,FR_foot,1.37088108,-0.35014799,0.02022760
6.920000,0,RL_foot,0.99728781,0.06130370,0.02027020
6.920000,0,RR_foot,0.95727676,-0.22326301,0.02493852
6.940000,0,FL_foot,1.56150711,0.10772574,0.02025059
6.940000,0,FR_foot,1.37121797,-0.35011122,0.02022800
6.940000,0,RL_foot,0.99931234,0.06275247,0.02032994
6.940000,0,RR_foot,0.96116102,-0.22949852,0.02063623
6.960000,0,FL_foot,1.56172884,0.10789914,0.02026989
6.960000,0,FR_foot,1.37795413,-0.34918168,0.02095155
6.960000,0,RL_foot,1.00285029,0.05984854,0.02280714
6.960000,0,RR_foot,0.96165138,-0.22936310,0.02020992
6.980000,0,FL_foot,1.56196249,0.10802153,0.02026599
6.980000,0,FR_foot,1.39772105,-0.34550065,0.02143177
6.980000,0,RL_foot,1.01088643,0.04666246,0.03537725
6.980000,0,RR_foot,0.96203703,-0.22925662,0.02016652
7.000000,0,FL_foot,1.56219113,0.10813849,0.02026626
7.000000,0,FR_foot,1.42820513,-0.34336832,0.02194490
7.000000,0,RL_foot,1.02177012,0.03175547,0.05303574
7.000000,0,RR_foot,0.96244943,-0.22910917,0.02016066
7.020000,0,FL_foot,1.56241941,0.10823190,0.02026115
7.020000,0,FR_foot,1.46405208,-0.34430602,0.02263510
7.020000,0,RL_foot,1.03170955,0.02236744,0.06813263
7.020000,0,RR_foot,0.96286446,-0.22902878,0.02015909
7.040000,0,FL_foot,1.56265426,0.10831793,0.02025703
7.040000,0,FR_foot,1.49869871,-0.34708190,0.02330698
7.040000,0,RL_foot,1.04127550,0.01669654,0.08052950
7.040000,0,RR_foot,0.96331847,-0.22896358,0.02016135
7.060000,0,FL_foot,1.56290019,0.10837527,0.02025235
7.060000,0,FR_foot,1.52704549,-0.35015979,0.02319218
7.060000,0,RL_foot,1.05127072,0.01284885,0.09089421
7.060000,0,RR_foot,0.96378732,-0.22893441,0.02016333
7.080000,0,FL_foot,1.56314528,0.10843271,0.02024816
7.080000,0,FR_foot,1.54737687,-0.35268879,0.02154869
7.080000,0,RL_foot,1.06137967,0.00974627,0.09966028
7.080000,0,RR_foot,0.96426582,-0.22894262,0.02015717
7.100000,0,FL_foot,1.56339538,0.10845016,0.02025190
7.100000,0,FR_foot,1.55411851,-0.35422233,0.02029995
7.100000,0,RL_foot,1.07176149,0.00622633,0.10602082
7.100000,0,RR_foot,0.96478975,-0.23032159,0.02024908
7.120000,0,FL_foot,1.56364787,0.10842535,0.02024608
7.120000,0,FR_foot,1.55509984,-0.35519955,0.02029228
7.120000,0,RL_foot,1.08301902,0.00307770,0.10979628
7.120000,0,RR_foot,0.96517783,-0.23059511,0.02016329
7.140000,0,FL_foot,1.56388438,0.10842910,0.02024384
7.140000,0,FR_foot,1.55544806,-0.35547516,0.02028630
7.140000,0,RL_foot,1.09394968,0.00041786,0.11281934
7.140000,0,RR_foot,0.96552366,-0.23049903,0.02015845
7.160000,0,FL_foot,1.56410646,0.10845236,0.02024209
7.160000,0,FR_foot,1.55592489,-0.35583016,0.02028208
7.160000,0,RL_foot,1.10400796,-0.00177710,0.11535589
7.160000,0,RR_foot,0.96585780,-0.23039660,0.02015410
7.180000,0,FL_foot,1.56432498,0.10848130,0.02023875
7.180000,0,FR_foot,1.55709136,-0.35664299,0.02028210
7.180000,0,RL_foot,1.11310709,-0.00352277,0.11736561
7.180000,0,RR_foot,0.96620226,-0.23028623,0.02014744
7.200000,0,FL_foot,1.56453347,0.10852779,0.02023799
7.200000,0,FR_foot,1.55897331,-0.35780209,0.02028116
7.200000,0,RL_foot,1.12141621,-0.00487797,0.11888631
7.200000,0,RR_foot,0.96656108,-0.23015545,0.02014901
7.220000,0,FL_foot,1.56474376,0.10857816,0.02023598
7.220000,0,FR_foot,1.56129980,-0.35925058,0.02027935
7.220000,0,RL_foot,1.12918556,-0.00593942,0.11994894
7.220000,0,RR_foot,0.96691662,-0.23003027,0.02014404
7.240000,0,FL_foot,1.56495702,0.10861784,0.02023273
7.240000,0,FR_foot,1.56396484,-0.36087197,0.02027976
7.240000,0,RL_foot,1.13660407,-0.00680588,0.12066267
7.240000,0,RR_foot,0.96727943,-0.22990662,0.02014244
7.260000,0,FL_foot,1.56516612,0.10866407,0.02023157
7.260000,0,FR_foot,1.56678224,-0.36244816,0.02027771
7.260000,0,RL_foot,1.14384186,-0.00753615,0.12108879
7.260000,0,RR_foot,0.96764928,-0.22976738,0.02014108
7.280000,0,FL_foot,1.56537330,0.10870339,0.02022862
7.280000,0,FR_foot,1.56981266,-0.36401787,0.02027629
7.280000,0,RL_foot,1.15099788,-0.00822280,0.12132464
7.280000,0,RR_foot,0.96801519,-0.22964238,0.02013749
7.300000,0,FL_foot,1.56557965,0.10874137,0.02022733
7.300000,0,FR_foot,1.57297182,-0.36545277,0.02027336
7.300000,0,RL_foot,1.15810800,-0.00889803,0.12140413
7.300000,0,RR_foot,0.96838087,-0.22950080,0.02013529
7.320000,0,FL_foot,1.56578743,0.10876038,0.02022430
7.320000,0,FR_foot,1.57630825,-0.36681297,0.02027326
7.320000,0,RL_foot,1.16518939,-0.00959513,0.12134599
7.320000,0,RR_foot,0.96873987,-0.22937696,0.02013228
7.340000,0,FL_foot,1.56598890,0.10878149,0.02022160
7.340000,0,FR_foot,1.57987201,-0.36809570,0.02027221
7.340000,0,RL_foot,1.17220831,-0.01033716,0.12121328
7.340000,0,RR_foot,0.96909755,-0.22925897,0.02013184
7.360000,0,FL_foot,1.56618845,0.10879479,0.02021946
7.360000,0,FR_foot,1.58354974,-0.36925122,0.02027063
7.360000,0,RL_foot,1.17916429,-0.01110380,0.12097159
7.360000,0,RR_foot,0.96945047,-0.22912702,0.02012855
7.380000,0,FL_foot,1.56638694,0.10880028,0.02021640
7.380000,0,FR_foot,1.58741629,-0.37036422,0.02026935
7.380000,0,RL_foot,1.18604267,-0.01191586,0.12067170
7.380000,0,RR_foot,0.96980143,-0.22901289,0.02012909
7.400000,0,FL_foot,1.56658435,0.10879771,0.02021410
7.400000,0,FR_foot,1.59127295,-0.37136969,0.02026782
7.400000,0,RL_foot,1.19284046,-0.01260461,0.11994454
7.400000,0,RR_foot,0.97014296,-0.22887839,0.02012549
7.420000,0,FL_foot,1.56678391,0.10878365,0.02021051
7.420000,0,FR_foot,1.59508014,-0.37232521,0.02026771
7.420000,0,RL_foot,1.19955623,-0.01284852,0.11807191
7.420000,0,RR_foot,0.97048742,-0.22876239,0.02011633
7.440000,0,FL_foot,1.56698561,0.10875928,0.02020697
7.440000,0,FR_foot,1.59887183,-0.37321052,0.02026780
7.440000,0,RL_foot,1.20614302,-0.01243189,0.11467766
7.440000,0,RR_foot,0.97083658,-0.22865643,0.02011397
7.460000,0,FL_foot,1.56719112,0.10872180,0.02020468
7.460000,0,FR_foot,1.60246468,-0.37399897,0.02026769
7.460000,0,RL_foot,1.21260178,-0.01120351,0.10955678
7.460000,0,RR_foot,0.97115785,-0.22850807,0.02010899
7.480000,0,FL_foot,1.56740391,0.10867179,0.02020209
7.480000,0,FR_foot,1.60559881,-0.37468746,0.02026718
7.480000,0,RL_foot,1.21893561,-0.00893207,0.10242063
7.480000,0,RR_foot,0.97150058,-0.22840542,0.02010459
7.500000,0,FL_foot,1.56762433,0.10860556,0.02020141
7.500000,0,FR_foot,1.60795736,-0.37520552,0.02026434
7.500000,0,RL_foot,1.22502804,-0.00527112,0.09302449
7.500000,0,RR_foot,0.97184455,-0.22830968,0.02011396
7.520000,0,FL_foot,1.56784821,0.10850347,0.02019791
7.520000,0,FR_foot,1.60914552,-0.37552384,0.02026222
7.520000,0,RL_foot,1.23064768,0.00022898,0.08115887
7.520000,0,RR_foot,0.97214234,-0.22816266,0.02011549
7.540000,0,FL_foot,1.56808281,0.10838892,0.02019566
7.540000,0,FR_foot,1.60955024,-0.37568349,0.02025954
7.540000,0,RL_foot,1.23543787,0.00825671,0.06659959
7.540000,0,RR_foot,0.97247058,-0.22806960,0.02011914
7.560000,0,FL_foot,1.56833327,0.10824033,0.02019548
7.560000,0,FR_foot,1.60971761,-0.37582693,0.02025968
7.560000,0,RL_foot,1.23898733,0.01943873,0.04959398
7.560000,0,RR_foot,0.97279036,-0.22798243,0.02013101
7.580000,0,FL_foot,1.56860983,0.10804167,0.02019507
7.580000,0,FR_foot,1.60982323,-0.37600356,0.02025978
7.580000,0,RL_foot,1.24068737,0.03084707,0.03416292
7.580000,0,RR_foot,0.97309041,-0.22788055,0.02012971
7.600000,0,FL_foot,1.56889880,0.10782665,0.02019528
7.600000,0,FR_foot,1.60992515,-0.37618849,0.02025955
7.600000,0,RL_foot,1.23917913,0.04101081,0.02075834
7.600000,0,RR_foot,0.97341371,-0.22781791,0.02013251
7.620000,0,FL_foot,1.57505822,0.10534532,0.02195635
7.620000,0,FR_foot,1.61006892,-0.37631372,0.02026482
7.620000,0,RL_foot,1.23948503,0.04088829,0.02040434
7.620000,0,RR_foot,0.97581041,-0.22672386,0.02017091
7.640000,0,FL_foot,1.59070945,0.09683969,0.02369141
7.640000,0,FR_foot,1.61023164,-0.37641069,0.02025697
7.640000,0,RL_foot,1.23978686,0.04072679,0.02031614
7.640000,0,RR_foot,0.98077351,-0.22404261,0.02016699
7.660000,0,FL_foot,1.61452508,0.08639626,0.02567142
7.660000,0,FR_foot,1.61040246,-0.37649134,0.02025314
7.660000,0,RL_foot,1.24012160,0.04063438,0.02031256
7.660000,0,RR_foot,0.98994416,-0.22040226,0.02016000
7.680000,0,FL_foot,1.64494407,0.07669596,0.02746858
7.680000,0,FR_foot,1.61042261,-0.37645933,0.02025343
7.680000,0,RL_foot,1.24048412,0.04046208,0.02032525
7.680000,0,RR_foot,1.00679171,-0.21671101,0.02012893
7.700000,0,FL_foot,1.68018293,0.07051633,0.02892180
7.700000,0,FR_foot,1.61058438,-0.37655061,0.02025249
7.700000,0,RL_foot,1.24085224,0.04030791,0.02031717
7.700000,0,RR_foot,1.03726351,-0.21193981,0.02008766
7.720000,0,FL_foot,1.71842408,0.06750762,0.03083595
7.720000,0,FR_foot,1.61076844,-0.37663263,0.02025086
7.720000,0,RL_foot,1.24124181,0.04019740,0.02031561
7.720000,0,RR_foot,1.07699811,-0.21011698,0.02100704
7.740000,0,FL_foot,1.75318956,0.06801780,0.03273032
7.740000,0,FR_foot,1.61097896,-0.37670842,0.02024730
7.740000,0,RL_foot,1.24166286,0.04010325,0.02031910
7.740000,0,RR_foot,1.11585808,-0.21416508,0.02194875
7.760000,0,FL_foot,1.78148031,0.07278873,0.03341647
7.760000,0,FR_foot,1.61120605,-0.37678683,0.02024367
7.760000,0,RL_foot,1.24212420,0.03998982,0.02031645
7.760000,0,RR_foot,1.14920032,-0.22081217,0.02320620
7.780000,0,FL_foot,1.79966557,0.07650495,0.03184760
7.780000,0,FR_foot,1.61147165,-0.37687576,0.02023669
7.780000,0,RL_foot,1.24263871,0.03986921,0.02031734
7.780000,0,RR_foot,1.17463386,-0.22828910,0.02468983
7.800000,0,FL_foot,1.80723882,0.07703986,0.02697400
7.800000,0,FR_foot,1.61174870,-0.37695977,0.02023123
7.800000,0,RL_foot,1.24318624,0.03973373,0.02029499
7.800000,0,RR_foot,1.19125295,-0.23687214,0.02504140
7.820000,0,FL_foot,1.80807686,0.07580996,0.01970629
7.820000,0,FR_foot,1.61202657,-0.37701875,0.02022540
7.820000,0,RL_foot,1.24375606,0.03960013,0.02026164
7.820000,0,RR_foot,1.19921339,-0.24538976,0.02413342
7.840000,0,FL_foot,1.80845392,0.07597543,0.02022147
7.840000,0,FR_foot,1.61256492,-0.37710145,0.02020523
7.840000,0,RL_foot,1.24702060,0.04104633,0.02035929
7.840000,0,RR_foot,1.20087457,-0.24875051,0.02004835
7.860000,0,FL_foot,1.80865109,0.07612220,0.02026107
7.860000,0,FR_foot,1.62392449,-0.37465796,0.02090039
7.860000,0,RL_foot,1.25269032,0.03210892,0.02888012
7.860000,0,RR_foot,1.20125055,-0.24869789,0.02015805
7.880000,0,FL_foot,1.80889118,0.07622828,0.02026886
7.880000,0,FR_foot,1.64863241,-0.37153271,0.02148612
7.880000,0,RL_foot,1.26262581,0.01571592,0.04649382
7.880000,0,RR_foot,1.20165181,-0.24857673,0.02016633
7.900000,0,FL_foot,1.80913246,0.07631994,0.02026421
7.900000,0,FR_foot,1.68196702,-0.37219098,0.02194450
7.900000,0,RL_foot,1.27250957,0.00418528,0.06282361
7.900000,0,RR_foot,1.20206463,-0.24847884,0.02016044
7.920000,0,FL_foot,1.80937028,0.07640232,0.02026043
7.920000,0,FR_foot,1.71748400,-0.37509993,0.02260668
7.920000,0,RL_foot,1.28142786,-0.00277600,0.07612228
7.920000,0,RR_foot,1.20251405,-0.24839900,0.02016457
7.940000,0,FL_foot,1.80961466,0.07646235,0.02025586
7.940000,0,FR_foot,1.74909925,-0.37901765,0.02288419
7.940000,0,RL_foot,1.29074979,-0.00727438,0.08712672
7.940000,0,RR_foot,1.20297933,-0.24835655,0.02016833
7.960000,0,FL_foot,1.80986083,0.07651792,0.02025143
7.960000,0,FR_foot,1.77330041,-0.38253301,0.02200778
7.960000,0,RL_foot,1.30054891,-0.01071988,0.09640022
7.960000,0,RR_foot,1.20345378,-0.24835202,0.02016416
7.980000,0,FL_foot,1.81011796,0.07654678,0.02024473
7.980000,0,FR_foot,1.78644192,-0.38454473,0.02020498
7.980000,0,RL_foot,1.31040573,-0.01419307,0.10400655
7.980000,0,RR_foot,1.20396149,-0.24910879,0.02018428
8.000000,0,FL_foot,1.81036520,0.07652485,0.02024409
8.000000,0,FR_foot,1.78773332,-0.38628516,0.02029603
8.000000,0,RL_foot,1.32167614,-0.01796762,0.10790965
8.000000,0,RR_foot,1.20414472,-0.24973908,0.02012735
8.020000,0,FL_foot,1.81061733,0.07651969,0.02024503
8.020000,0,FR_foot,1.78888607,-0.38723120,0.02028570
8.020000,0,RL_foot,1.33307874,-0.02104670,0.11114764
8.020000,0,RR_foot,1.20451295,-0.24967489,0.02017207
8.040000,0,FL_foot,1.81085432,0.07652652,0.02024240
8.040000,0,FR_foot,1.78946781,-0.38774896,0.02028142
8.040000,0,RL_foot,1.34373653,-0.02365319,0.11393911
8.040000,0,RR_foot,1.20485711,-0.24957725,0.02015653
8.060000,0,FL_foot,1.81108522,0.07654157,0.02023920
8.060000,0,FR_foot,1.79043591,-0.38846368,0.02028074
8.060000,0,RL_foot,1.35335290,-0.02577603,0.11619563
8.060000,0,RR_foot,1.20521128,-0.24947831,0.02014894
8.080000,0,FL_foot,1.81130302,0.07657617,0.02023837
8.080000,0,FR_foot,1.79214406,-0.38958827,0.02028043
8.080000,0,RL_foot,1.36205935,-0.02744995,0.11794928
8.080000,0,RR_foot,1.20557904,-0.24935599,0.02014970
8.100000,0,FL_foot,1.81152046,0.07661801,0.02023637
8.100000,0,FR_foot,1.79439294,-0.39106008,0.02027864
8.100000,0,RL_foot,1.37010181,-0.02878108,0.11921339
8.100000,0,RR_foot,1.20594299,-0.24923912,0.02014492
8.120000,0,FL_foot,1.81173968,0.07665099,0.02023315
8.120000,0,FR_foot,1.79706407,-0.39279792,0.02027923
8.120000,0,RL_foot,1.37769568,-0.02987457,0.12008784
8.120000,0,RR_foot,1.20631242,-0.24912356,0.02014249
8.140000,0,FL_foot,1.81195223,0.07669212,0.02023193
8.140000,0,FR_foot,1.79996705,-0.39454308,0.02027742
8.140000,0,RL_foot,1.38503480,-0.03080581,0.12065291
8.140000,0,RR_foot,1.20668972,-0.24899147,0.02014248
8.160000,0,FL_foot,1.81216538,0.07673083,0.02022958
8.160000,0,FR_foot,1.80303776,-0.39625022,0.02027409
8.160000,0,RL_foot,1.39225912,-0.03165821,0.12096345
8.160000,0,RR_foot,1.20706010,-0.24886897,0.02013634
8.180000,0,FL_foot,1.81237960,0.07675266,0.02022655
8.180000,0,FR_foot,1.80631685,-0.39788625,0.02027456
8.180000,0,RL_foot,1.39941621,-0.03250249,0.12111513
8.180000,0,RR_foot,1.20743155,-0.24875373,0.02013601
8.200000,0,FL_foot,1.81258595,0.07677893,0.02022512
8.200000,0,FR_foot,1.80971467,-0.39937603,0.02027249
8.200000,0,RL_foot,1.40652966,-0.03335471,0.12113575
8.200000,0,RR_foot,1.20780098,-0.24862172,0.02013422
8.220000,0,FL_foot,1.81279159,0.07679964,0.02022274
8.220000,0,FR_foot,1.81327569,-0.40078822,0.02027033
8.220000,0,RL_foot,1.41360605,-0.03423953,0.12103483
8.220000,0,RR_foot,1.20816290,-0.24850588,0.02012886
8.240000,0,FL_foot,1.81299567,0.07680037,0.02021947
8.240000,0,FR_foot,1.81705856,-0.40212512,0.02027054
8.240000,0,RL_foot,1.42060411,-0.03517326,0.12086347
8.240000,0,RR_foot,1.20852339,-0.24839860,0.02013049
8.260000,0,FL_foot,1.81319606,0.07680318,0.02021752
8.260000,0,FR_foot,1.82091212,-0.40333870,0.02026904
8.260000,0,RL_foot,1.42752600,-0.03613435,0.12059785
8.260000,0,RR_foot,1.20887721,-0.24827293,0.02012906
8.280000,0,FL_foot,1.81339574,0.07679754,0.02021422
8.280000,0,FR_foot,1.82484794,-0.40449220,0.02026807
8.280000,0,RL_foot,1.43439054,-0.03712360,0.12022550
8.280000,0,RR_foot,1.20922947,-0.24816330,0.02012428
8.300000,0,FL_foot,1.81359446,0.07678284,0.02021105
8.300000,0,FR_foot,1.82875061,-0.40557918,0.02026770
8.300000,0,RL_foot,1.44116330,-0.03773101,0.11886173
8.300000,0,RR_foot,1.20958269,-0.24806131,0.02012089
8.320000,0,FL_foot,1.81379557,0.07675751,0.02020815
8.320000,0,FR_foot,1.83252692,-0.40656596,0.02026751
8.320000,0,RL_foot,1.44782782,-0.03771953,0.11604705
8.320000,0,RR_foot,1.20991862,-0.24792412,0.02011346
8.340000,0,FL_foot,1.81399965,0.07671927,0.02020465
8.340000,0,FR_foot,1.83619738,-0.40749195,0.02026716
8.340000,0,RL_foot,1.45440507,-0.03693661,0.11152267
8.340000,0,RR_foot,1.21026731,-0.24782208,0.02010572
8.360000,0,FL_foot,1.81420755,0.07666732,0.02020197
8.360000,0,FR_foot,1.83958697,-0.40829301,0.02026621
8.360000,0,RL_foot,1.46085954,-0.03517387,0.10506679
8.360000,0,RR_foot,1.21062207,-0.24773194,0.02010958
8.380000,0,FL_foot,1.81442070,0.07659776,0.02020006
8.380000,0,FR_foot,1.84218812,-0.40892550,0.02026510
8.380000,0,RL_foot,1.46714628,-0.03213179,0.09640128
8.380000,0,RR_foot,1.21093512,-0.24758713,0.02010896
8.400000,0,FL_foot,1.81464255,0.07651255,0.02019784
8.400000,0,FR_foot,1.84377730,-0.40935820,0.02026306
8.400000,0,RL_foot,1.47310519,-0.02740143,0.08532260
8.400000,0,RR_foot,1.21127605,-0.24749635,0.02010965
8.420000,0,FL_foot,1.81487274,0.07640390,0.02019752
8.420000,0,FR_foot,1.84443331,-0.40957838,0.02026006
8.420000,0,RL_foot,1.47839499,-0.02038496,0.07164904
8.420000,0,RR_foot,1.21161151,-0.24740899,0.02012337
8.440000,0,FL_foot,1.81511199,0.07625064,0.02019493
8.440000,0,FR_foot,1.84467506,-0.40971863,0.02026033
8.440000,0,RL_foot,1.48264372,-0.01015510,0.05508955
8.440000,0,RR_foot,1.21190512,-0.24728344,0.02012417
8.460000,0,FL_foot,1.81537592,0.07606678,0.02019275
8.460000,0,FR_foot,1.84477949,-0.40989017,0.02025881
8.460000,0,RL_foot,1.48529196,0.00153719,0.03874679
8.460000,0,RR_foot,1.21223021,-0.24720697,0.02012279
8.480000,0,FL_foot,1.81565487,0.07585327,0.02019467
8.480000,0,FR_foot,1.84487712,-0.41007498,0.02025957
8.480000,0,RL_foot,1.48523903,0.01182009,0.02512816
8.480000,0,RR_foot,1.21255636,-0.24714358,0.02013654
8.500000,0,FL_foot,1.81771648,0.07585185,0.02089403
8.500000,0,FR_foot,1.84503889,-0.41022664,0.02025627
8.500000,0,RL_foot,1.48481822,0.01434497,0.02039366
8.500000,0,RR_foot,1.21390748,-0.24729151,0.02021114
8.520000,0,FL_foot,1.82980442,0.06830101,0.02261879
8.520000,0,FR_foot,1.84478724,-0.41006556,0.02025681
8.520000,0,RL_foot,1.48509359,0.01420216,0.02031221
8.520000,0,RR_foot,1.21919549,-0.24515884,0.02016725
8.540000,0,FL_foot,1.85103917,0.05763327,0.02458186
8.540000,0,FR_foot,1.84497952,-0.41014338,0.02025331
8.540000,0,RL_foot,1.48541951,0.01409883,0.02031227
8.540000,0,RR_foot,1.22706926,-0.24188593,0.02016222
8.560000,0,FL_foot,1.87938142,0.04672504,0.02649128
8.560000,0,FR_foot,1.84510529,-0.41019019,0.02024984
8.560000,0,RL_foot,1.48576725,0.01397002,0.02031427
8.560000,0,RR_foot,1.24081159,-0.23891410,0.02014570
8.580000,0,FL_foot,1.91287279,0.03830712,0.02810383
8.580000,0,FR_foot,1.84528899,-0.41028020,0.02024954
8.580000,0,RL_foot,1.48614073,0.01377485,0.02032886
8.580000,0,RR_foot,1.26604271,-0.23515655,0.02007245
8.600000,0,FL_foot,1.95032656,0.03356473,0.02970892
8.600000,0,FR_foot,1.84546411,-0.41037098,0.02025078
8.600000,0,RL_foot,1.48652709,0.01362460,0.02031780
8.600000,0,RR_foot,1.30295181,-0.23262171,0.02088008
8.620000,0,FL_foot,1.98688006,0.03150941,0.03174205
8.620000,0,FR_foot,1.84567142,-0.41044924,0.02024699
8.620000,0,RL_foot,1.48694003,0.01352818,0.02031432
8.620000,0,RR_foot,1.34279084,-0.23558341,0.02206930
8.640000,0,FL_foot,2.01782751,0.03422271,0.03286024
8.640000,0,FR_foot,1.84589458,-0.41052982,0.02024288
8.640000,0,RL_foot,1.48739147,0.01341722,0.02030861
8.640000,0,RR_foot,1.37822890,-0.24260746,0.02306593
8.660000,0,FL_foot,2.04043603,0.03822294,0.03225553
8.660000,0,FR_foot,1.84615123,-0.41061324,0.02023746
8.660000,0,RL_foot,1.48789024,0.01328901,0.02030635
8.660000,0,RR_foot,1.40652275,-0.25044319,0.02464378
8.680000,0,FL_foot,2.05169582,0.03928708,0.02845093
8.680000,0,FR_foot,1.84643316,-0.41070625,0.02023219
8.680000,0,RL_foot,1.48843241,0.01313723,0.02030604
8.680000,0,RR_foot,1.42618442,-0.25922728,0.02557993
8.700000,0,FL_foot,2.05436778,0.03828238,0.02168563
8.700000,0,FR_foot,1.84671783,-0.41077861,0.02022637
8.700000,0,RL_foot,1.48900223,0.01298082,0.02027020
8.700000,0,RR_foot,1.43717396,-0.26840162,0.02501069
8.720000,0,FL_foot,2.05445004,0.03800612,0.02025121
8.720000,0,FR_foot,1.84707999,-0.41077089,0.02022741
8.720000,0,RL_foot,1.49115264,0.01447742,0.02033131
8.720000,0,RR_foot,1.44095302,-0.27476093,0.02066710
8.740000,0,FL_foot,2.05467772,0.03816417,0.02027141
8.740000,0,FR_foot,1.85374439,-0.41037154,0.02083178
8.740000,0,RL_foot,1.49463153,0.01141108,0.02290343
8.740000,0,RR_foot,1.44145286,-0.27466154,0.02021284
8.760000,0,FL_foot,2.05491805,0.03826804,0.02026663
8.760000,0,FR_foot,1.87366712,-0.40763596,0.02122366
8.760000,0,RL_foot,1.50215018,-0.00214711,0.03572788
8.760000,0,RR_foot,1.44184387,-0.27457526,0.02016733
8.780000,0,FL_foot,2.05515409,0.03836678,0.02026665
8.780000,0,FR_foot,1.90424168,-0.40691158,0.02162705
8.780000,0,RL_foot,1.51228321,-0.01725251,0.05339983
8.780000,0,RR_foot,1.44226408,-0.27444991,0.02016009
8.800000,0,FL_foot,2.05539083,0.03844172,0.02026154
8.800000,0,FR_foot,1.94003546,-0.40939578,0.02219820
8.800000,0,RL_foot,1.52168083,-0.02686026,0.06845357
8.800000,0,RR_foot,1.44268632,-0.27439207,0.02015844
8.820000,0,FL_foot,2.05563259,0.03850954,0.02025727
8.820000,0,FR_foot,1.97451162,-0.41364270,0.02272611
8.820000,0,RL_foot,1.53092921,-0.03281945,0.08082363
8.820000,0,RR_foot,1.44314551,-0.27435163,0.02016084
8.840000,0,FL_foot,2.05588365,0.03854889,0.02025221
8.840000,0,FR_foot,2.00263429,-0.41790858,0.02244265
8.840000,0,RL_foot,1.54072928,-0.03702942,0.09117776
8.840000,0,RR_foot,1.44361842,-0.27434790,0.02016239
8.860000,0,FL_foot,2.05613494,0.03858806,0.02024804
8.860000,0,FR_foot,2.02275991,-0.42128897,0.02060967
8.860000,0,RL_foot,1.55068648,-0.04053169,0.09994773
8.860000,0,RR_foot,1.44410002,-0.27438265,0.02015608
8.880000,0,FL_foot,2.05638957,0.03857232,0.02025190
8.880000,0,FR_foot,2.02573013,-0.42363068,0.02029396
8.880000,0,RL_foot,1.56137276,-0.04466552,0.10554162
8.880000,0,RR_foot,1.44467485,-0.27597234,0.02020518
8.900000,0,FL_foot,2.05663252,0.03853596,0.02024622
8.900000,0,FR_foot,2.02741003,-0.42526224,0.02029156
8.900000,0,RL_foot,1.57223916,-0.04803240,0.10943627
8.900000,0,RR_foot,1.44499087,-0.27587199,0.02016488
8.920000,0,FL_foot,2.05685997,0.03852953,0.02024258
8.920000,0,FR_foot,2.02770829,-0.42551008,0.02028563
8.920000,0,RL_foot,1.58270967,-0.05100726,0.11250800
8.920000,0,RR_foot,1.44532406,-0.27580222,0.02015243
8.940000,0,FL_foot,2.05707550,0.03854819,0.02024215
8.940000,0,FR_foot,2.02817965,-0.42587698,0.02028197
8.940000,0,RL_foot,1.59240448,-0.05349622,0.11505099
8.940000,0,RR_foot,1.44566882,-0.27570039,0.02015387
8.960000,0,FL_foot,2.05728984,0.03857260,0.02023970
8.960000,0,FR_foot,2.02929401,-0.42669237,0.02028222
8.960000,0,RL_foot,1.60124826,-0.05551638,0.11705785
8.960000,0,RR_foot,1.44601047,-0.27560160,0.02015003
8.980000,0,FL_foot,2.05749726,0.03860977,0.02023718
8.980000,0,FR_foot,2.03113389,-0.42792368,0.02028147
8.980000,0,RL_foot,1.60936368,-0.05714925,0.11859184
8.980000,0,RR_foot,1.44636345,-0.27550113,0.02014529
9.000000,0,FL_foot,2.05770612,0.03865393,0.02023616
9.000000,0,FR_foot,2.03336525,-0.42941436,0.02027920
9.000000,0,RL_foot,1.61698008,-0.05847583,0.11968832
9.000000,0,RR_foot,1.44673085,-0.27538082,0.02014543
9.020000,0,FL_foot,2.05791759,0.03868708,0.02023350
9.020000,0,FR_foot,2.03590083,-0.43106809,0.02027903
9.020000,0,RL_foot,1.62428498,-0.05959382,0.12041601
9.020000,0,RR_foot,1.44709313,-0.27527064,0.02014314
9.040000,0,FL_foot,2.05812645,0.03872449,0.02023109
9.040000,0,FR_foot,2.03866959,-0.43275014,0.02027745
9.040000,0,RL_foot,1.63140965,-0.06059585,0.12088361
9.040000,0,RR_foot,1.44746065,-0.27516198,0.02013990
9.060000,0,FL_foot,2.05833411,0.03876115,0.02022982
9.060000,0,FR_foot,2.04156518,-0.43433312,0.02027358
9.060000,0,RL_foot,1.63845730,-0.06153445,0.12113942
9.060000,0,RR_foot,1.44783270,-0.27503535,0.02013768
9.080000,0,FL_foot,2.05854368,0.03877991,0.02022714
9.080000,0,FR_foot,2.04464650,-0.43586051,0.02027405
9.080000,0,RL_foot,1.64547408,-0.06246823,0.12122526
9.080000,0,RR_foot,1.44819856,-0.27492505,0.02013477
9.100000,0,FL_foot,2.05874538,0.03880126,0.02022468
9.100000,0,FR_foot,2.04797626,-0.43732825,0.02027345
9.100000,0,RL_foot,1.65244031,-0.06343306,0.12121544
9.100000,0,RR_foot,1.44856238,-0.27482107,0.02013351
9.120000,0,FL_foot,2.05894804,0.03881784,0.02022344
9.120000,0,FR_foot,2.05147409,-0.43868324,0.02027031
9.120000,0,RL_foot,1.65935409,-0.06442641,0.12110288
9.120000,0,RR_foot,1.44892263,-0.27469891,0.02013076
9.140000,0,FL_foot,2.05914879,0.03882457,0.02022086
9.140000,0,FR_foot,2.05515838,-0.43998453,0.02026943
9.140000,0,RL_foot,1.66621637,-0.06546009,0.12088475
9.140000,0,RR_foot,1.44927812,-0.27459514,0.02012639
9.160000,0,FL_foot,2.05934691,0.03882306,0.02021793
9.160000,0,FR_foot,2.05904055,-0.44123498,0.02026828
9.160000,0,RL_foot,1.67299318,-0.06653854,0.12060485
9.160000,0,RR_foot,1.44963181,-0.27449822,0.02012723
9.180000,0,FL_foot,2.05954456,0.03881273,0.02021598
9.180000,0,FR_foot,2.06296039,-0.44238591,0.02026701
9.180000,0,RL_foot,1.67969942,-0.06757369,0.12007956
9.180000,0,RR_foot,1.44997895,-0.27438033,0.02012533
9.200000,0,FL_foot,2.05974436,0.03879318,0.02021291
9.200000,0,FR_foot,2.06681132,-0.44348779,0.02026745
9.200000,0,RL_foot,1.68635488,-0.06821593,0.11850930
9.200000,0,RR_foot,1.45032632,-0.27428082,0.02011651
9.220000,0,FL_foot,2.05994511,0.03876245,0.02020976
9.220000,0,FR_foot,2.07063913,-0.44452533,0.02026762
9.220000,0,RL_foot,1.69291496,-0.06823259,0.11547952
9.220000,0,RR_foot,1.45067751,-0.27419096,0.02011354
9.240000,0,FL_foot,2.06014895,0.03871847,0.02020735
9.240000,0,FR_foot,2.07428956,-0.44546536,0.02026746
9.240000,0,RL_foot,1.69938719,-0.06747171,0.11076655
9.240000,0,RR_foot,1.45100415,-0.27405745,0.02010792
9.260000,0,FL_foot,2.06035542,0.03864836,0.02020238
9.260000,0,FR_foot,2.07761240,-0.44630876,0.02026662
9.260000,0,RL_foot,1.70577908,-0.06573422,0.10412590
9.260000,0,RR_foot,1.45134962,-0.27397051,0.02010449
9.280000,0,FL_foot,2.06056857,0.03857073,0.02020020
9.280000,0,FR_foot,2.08017063,-0.44696590,0.02026565
9.280000,0,RL_foot,1.71201491,-0.06268863,0.09527611
9.280000,0,RR_foot,1.45169747,-0.27389002,0.02011371
9.300000,0,FL_foot,2.06078887,0.03847685,0.02019863
9.300000,0,FR_foot,2.08158374,-0.44738951,0.02026311
9.300000,0,RL_foot,1.71792817,-0.05792104,0.08402608
9.300000,0,RR_foot,1.45200205,-0.27375481,0.02011334
9.320000,0,FL_foot,2.06101775,0.03835896,0.02019733
9.320000,0,FR_foot,2.08212304,-0.44760224,0.02025979
9.320000,0,RL_foot,1.72320676,-0.05078521,0.07013442
9.320000,0,RR_foot,1.45233285,-0.27367488,0.02011697
9.340000,0,FL_foot,2.06125569,0.03819535,0.02019507
9.340000,0,FR_foot,2.08233047,-0.44774851,0.02026018
9.340000,0,RL_foot,1.72746694,-0.04036883,0.05341482
9.340000,0,RR_foot,1.45265722,-0.27360040,0.02013097
9.360000,0,FL_foot,2.06151628,0.03800203,0.02019437
9.360000,0,FR_foot,2.08242846,-0.44792640,0.02025964
9.360000,0,RL_foot,1.73006546,-0.02882784,0.03735458
9.360000,0,RR_foot,1.45295727,-0.27350637,0.02012852
9.380000,0,FL_foot,2.06179285,0.03777975,0.02019477
9.380000,0,FR_foot,2.08251953,-0.44811577,0.02025943
9.380000,0,RL_foot,1.72983921,-0.01861909,0.02385403
9.380000,0,RR_foot,1.45327806,-0.27345097,0.02013175
9.400000,0,FL_foot,2.06565118,0.03729329,0.02183734
9.400000,0,FR_foot,2.08262324,-0.44824404,0.02027102
9.400000,0,RL_foot,1.72935653,-0.01555262,0.02049317
9.400000,0,RR_foot,1.45498109,-0.27264774,0.02029954
9.420000,0,FL_foot,2.07904530,0.02882096,0.02355059
9.420000,0,FR_foot,2.08247781,-0.44814956,0.02025806
9.420000,0,RL_foot,1.72964108,-0.01569291,0.02032230
9.420000,0,RR_foot,1.45965970,-0.27032489,0.02016660
9.440000,0,FL_foot,2.10109234,0.01758547,0.02547856
9.440000,0,FR_foot,2.08266234,-0.44823274,0.02025407
9.440000,0,RL_foot,1.72996628,-0.01579462,0.02031347
9.440000,0,RR_foot,1.46784151,-0.26700598,0.02016167
9.460000,0,FL_foot,2.12998748,0.00618368,0.02729787
9.460000,0,FR_foot,2.08277750,-0.44828337,0.02025389
9.460000,0,RL_foot,1.73031104,-0.01592369,0.02031308
9.460000,0,RR_foot,1.48279727,-0.26413721,0.02014102
9.480000,0,FL_foot,2.16394114,-0.00243444,0.02878818
9.480000,0,FR_foot,2.08295035,-0.44837597,0.02025061
9.480000,0,RL_foot,1.73067713,-0.01611670,0.02032786
9.480000,0,RR_foot,1.51023579,-0.26069337,0.02005727
9.500000,0,FL_foot,2.20165515,-0.00750988,0.03041517
9.500000,0,FR_foot,2.08312130,-0.44846237,0.02025029
9.500000,0,RL_foot,1.73105812,-0.01625763,0.02030821
9.500000,0,RR_foot,1.54831803,-0.25945789,0.02093807
9.520000,0,FL_foot,2.23733711,-0.00949142,0.03228524
9.520000,0,FR_foot,2.08332634,-0.44854292,0.02024718
9.520000,0,RL_foot,1.73147428,-0.01638119,0.02031112
9.520000,0,RR_foot,1.58763230,-0.26394823,0.02205369
9.540000,0,FL_foot,2.26716304,-0.00661656,0.03311137
9.540000,0,FR_foot,2.08354759,-0.44862783,0.02024426
9.540000,0,RL_foot,1.73191988,-0.01648940,0.02031386
9.540000,0,RR_foot,1.62201536,-0.27176079,0.02316996
9.560000,0,FL_foot,2.28794813,-0.00321277,0.03202906
9.560000,0,FR_foot,2.08380342,-0.44871989,0.02023928
9.560000,0,RL_foot,1.73242223,-0.01662502,0.02031605
9.560000,0,RR_foot,1.64892077,-0.28014848,0.02475174
9.580000,0,FL_foot,2.29761267,-0.00256211,0.02770177
9.580000,0,FR_foot,2.08408332,-0.44881138,0.02023225
9.580000,0,RL_foot,1.73296475,-0.01677107,0.02030199
9.580000,0,RR_foot,1.66711044,-0.28931212,0.02547991
9.600000,0,FL_foot,2.29942751,-0.00365926,0.02065349
9.600000,0,FR_foot,2.08436322,-0.44888410,0.02022668
9.600000,0,RL_foot,1.73353004,-0.01693030,0.02026639
9.600000,0,RR_foot,1.67664719,-0.29844856,0.02480450
9.620000,0,FL_foot,2.29981661,-0.00356738,0.02024822
9.620000,0,FR_foot,2.08472204,-0.44886577,0.02022734
9.620000,0,RL_foot,1.73537791,-0.01601298,0.02033085
9.620000,0,RR_foot,1.67969716,-0.30361533,0.02021666
9.640000,0,FL_foot,2.30003381,-0.00341219,0.02026713
9.640000,0,FR_foot,2.09343886,-0.44721994,0.02093798
9.640000,0,RL_foot,1.73854136,-0.02196301,0.02585767
9.640000,0,RR_foot,1.68009198,-0.30358317,0.02018472
9.660000,0,FL_foot,2.30026937,-0.00330110,0.02026978
9.660000,0,FR_foot,2.11559606,-0.44454420,0.02139610
9.660000,0,RL_foot,1.74714947,-0.03806067,0.04194347
9.660000,0,RR_foot,1.68048155,-0.30349705,0.02016558
9.680000,0,FL_foot,2.30050826,-0.00320599,0.02026653
9.680000,0,FR_foot,2.14759612,-0.44564283,0.02174864
9.680000,0,RL_foot,1.75713730,-0.05132208,0.05889589
9.680000,0,RR_foot,1.68090224,-0.30339015,0.02016164
9.700000,0,FL_foot,2.30074048,-0.00312376,0.02026115
9.700000,0,FR_foot,2.18326139,-0.44926831,0.02244796
9.700000,0,RL_foot,1.76616704,-0.05952189,0.07284200
9.700000,0,RR_foot,1.68132544,-0.30334011,0.02015960
9.720000,0,FL_foot,2.30098176,-0.00306871,0.02025712
9.720000,0,FR_foot,2.21616721,-0.45414510,0.02299345
9.720000,0,RL_foot,1.77542722,-0.06480370,0.08434011
9.720000,0,RR_foot,1.68178284,-0.30331060,0.02016329
9.740000,0,FL_foot,2.30122876,-0.00301773,0.02025232
9.740000,0,FR_foot,2.24206305,-0.45866489,0.02256512
9.740000,0,RL_foot,1.78522420,-0.06877968,0.09400220
9.740000,0,RR_foot,1.68225014,-0.30331793,0.02016150
9.760000,0,FL_foot,2.30147505,-0.00297422,0.02024831
9.760000,0,FR_foot,2.26013422,-0.46213794,0.02052572
9.760000,0,RL_foot,1.79503047,-0.07222292,0.10218389
9.760000,0,RR_foot,1.68272376,-0.30335927,0.02015106
9.780000,0,FL_foot,2.30172276,-0.00300301,0.02025284
9.780000,0,FR_foot,2.26175475,-0.46456444,0.02029444
9.780000,0,RL_foot,1.80548489,-0.07645923,0.10720716
9.780000,0,RR_foot,1.68328679,-0.30517888,0.02020033
9.800000,0,FL_foot,2.30195785,-0.00303627,0.02024731
9.800000,0,FR_foot,2.26317263,-0.46594515,0.02029116
9.800000,0,RL_foot,1.81609428,-0.07994232,0.11076303
9.800000,0,RR_foot,1.68361390,-0.30510899,0.02016506
9.820000,0,FL_foot,2.30218267,-0.00304408,0.02024495
9.820000,0,FR_foot,2.26335669,-0.46612391,0.02028462
9.820000,0,RL_foot,1.82636511,-0.08304164,0.11356828
9.820000,0,RR_foot,1.68393958,-0.30504629,0.02015767
9.840000,0,FL_foot,2.30240011,-0.00304027,0.02024170
9.840000,0,FR_foot,2.26375484,-0.46645781,0.02028257
9.840000,0,RL_foot,1.83587575,-0.08567341,0.11590008
9.840000,0,RR_foot,1.68427050,-0.30496970,0.02015214
9.860000,0,FL_foot,2.30260730,-0.00301393,0.02024075
9.860000,0,FR_foot,2.26472378,-0.46719262,0.02028129
9.860000,0,RL_foot,1.84455812,-0.08782789,0.11775134
9.860000,0,RR_foot,1.68461895,-0.30486774,0.02015074
9.880000,0,FL_foot,2.30281353,-0.00298187,0.02023870
9.880000,0,FR_foot,2.26642418,-0.46837035,0.02028102
9.880000,0,RL_foot,1.85253644,-0.08957971,0.11914510
9.880000,0,RR_foot,1.68496561,-0.30477291,0.02014820
9.900000,0,FL_foot,2.30302310,-0.00294367,0.02023592
9.900000,0,FR_foot,2.26859331,-0.46989325,0.02027855
9.900000,0,RL_foot,1.86001730,-0.09103432,0.12013625
9.900000,0,RR_foot,1.68532372,-0.30467612,0.02014200
9.920000,0,FL_foot,2.30323386,-0.00291559,0.02023454
9.920000,0,FR_foot,2.27106333,-0.47156483,0.02027842
9.920000,0,RL_foot,1.86719167,-0.09227325,0.12079212
9.920000,0,RR_foot,1.68569291,-0.30456296,0.02014498
9.940000,0,FL_foot,2.30344367,-0.00288276,0.02023260
9.940000,0,FR_foot,2.27375770,-0.47327450,0.02027666
9.940000,0,RL_foot,1.87421179,-0.09338769,0.12117840
9.940000,0,RR_foot,1.68605828,-0.30445898,0.02014087
9.960000,0,FL_foot,2.30365181,-0.00285154,0.02022986
9.960000,0,FR_foot,2.27667069,-0.47496426,0.02027449
9.960000,0,RL_foot,1.88115525,-0.09445746,0.12138221
9.960000,0,RR_foot,1.68642533,-0.30435842,0.02013624
9.980000,0,FL_foot,2.30385947,-0.00283723,0.02022802
9.980000,0,FR_foot,2.27974820,-0.47655031,0.02027342
9.980000,0,RL_foot,1.88806736,-0.09551710,0.12143806
9.980000,0,RR_foot,1.68679512,-0.30424234,0.02013678
10.000000,0,FL_foot,2.30406308,-0.00282221,0.02022571
10.000000,0,FR_foot,2.28301907,-0.47807580,0.02027305
10.000000,0,RL_foot,1.89495909,-0.09660117,0.12137126
10.000000,0,RR_foot,1.68715549,-0.30414245,0.02013312
10.020000,0,FL_foot,2.30426455,-0.00281339,0.02022275
10.020000,0,FR_foot,2.28654623,-0.47955450,0.02027192
10.020000,0,RL_foot,1.90180218,-0.09773255,0.12123532
10.020000,0,RR_foot,1.68751514,-0.30404863,0.02013244
10.040000,0,FL_foot,2.30446267,-0.00281149,0.02022075
10.040000,0,FR_foot,2.29022145,-0.48092645,0.02026974
10.040000,0,RL_foot,1.90858614,-0.09889718,0.12101386
10.040000,0,RR_foot,1.68787098,-0.30393785,0.02013102
10.060000,0,FL_foot,2.30466008,-0.00281899,0.02021793
10.060000,0,FR_foot,2.29403257,-0.48225129,0.02026907
10.060000,0,RL_foot,1.91531968,-0.10009758,0.12069202
10.060000,0,RR_foot,1.68822277,-0.30384448,0.02012668
10.080000,0,FL_foot,2.30485511,-0.00283292,0.02021522
10.080000,0,FR_foot,2.29799318,-0.48352581,0.02026818
10.080000,0,RL_foot,1.92197549,-0.10130553,0.12024601
10.080000,0,RR_foot,1.68857455,-0.30375722,0.02012709
10.100000,0,FL_foot,2.30505085,-0.00285549,0.02021277
10.100000,0,FR_foot,2.30184817,-0.48470411,0.02026752
10.100000,0,RL_foot,1.92858088,-0.10213216,0.11881264
10.100000,0,RR_foot,1.68891704,-0.30364186,0.02012054
10.120000,0,FL_foot,2.30525398,-0.00288681,0.02021059
10.120000,0,FR_foot,2.30563545,-0.48583683,0.02026782
10.120000,0,RL_foot,1.93513668,-0.10236444,0.11595367
10.120000,0,RR_foot,1.68926501,-0.30355144,0.02011084
10.140000,0,FL_foot,2.30545712,-0.00293321,0.02020760
10.140000,0,FR_foot,2.30938053,-0.48688644,0.02026727
10.140000,0,RL_foot,1.94161773,-0.10183267,0.11143269
10.140000,0,RR_foot,1.68961751,-0.30347300,0.02011032
10.160000,0,FL_foot,2.30566239,-0.00300716,0.02020336
10.160000,0,FR_foot,2.31273723,-0.48780322,0.02026657
10.160000,0,RL_foot,1.94802749,-0.10035975,0.10504642
10.160000,0,RR_foot,1.68993998,-0.30334333,0.02010717
10.180000,0,FL_foot,2.30587363,-0.00308398,0.02020099
10.180000,0,FR_foot,2.31538200,-0.48854801,0.02026539
10.180000,0,RL_foot,1.95434833,-0.09763230,0.09647845
10.180000,0,RR_foot,1.69028568,-0.30326504,0.02010630
10.200000,0,FL_foot,2.30609345,-0.00317954,0.02020060
10.200000,0,FR_foot,2.31700945,-0.48904040,0.02026318
10.200000,0,RL_foot,1.96040523,-0.09322900,0.08553346
10.200000,0,RR_foot,1.69062805,-0.30319190,0.02011787
10.220000,0,FL_foot,2.30631471,-0.00331293,0.02019699
10.220000,0,FR_foot,2.31761742,-0.48928273,0.02026076
10.220000,0,RL_foot,1.96589565,-0.08653791,0.07197288
10.220000,0,RR_foot,1.69092822,-0.30306846,0.02011906
10.240000,0,FL_foot,2.30654955,-0.00346554,0.02019480
10.240000,0,FR_foot,2.31788039,-0.48943475,0.02025977
10.240000,0,RL_foot,1.97051251,-0.07658704,0.05549062
10.240000,0,RR_foot,1.69125462,-0.30300048,0.02012066
10.260000,0,FL_foot,2.30680227,-0.00365753,0.02019481
10.260000,0,FR_foot,2.31797719,-0.48961151,0.02025885
10.260000,0,RL_foot,1.97357345,-0.06505921,0.03914954
10.260000,0,RR_foot,1.69157600,-0.30293736,0.02013198
10.280000,0,FL_foot,2.30708265,-0.00389176,0.02019735
10.280000,0,FR_foot,2.31806493,-0.48980224,0.02026096
10.280000,0,RL_foot,1.97396195,-0.05476905,0.02548977
10.280000,0,RR_foot,1.69189000,-0.30287427,0.02013488
10.300000,0,FL_foot,2.30945873,-0.00314936,0.02298441
10.300000,0,FR_foot,2.31826782,-0.48991567,0.02028997
10.300000,0,RL_foot,1.97274411,-0.04840332,0.02077786
10.300000,0,RR_foot,1.69307244,-0.30198628,0.02052491
10.320000,0,FL_foot,2.32175231,-0.01016111,0.02633027
10.320000,0,FR_foot,2.31610680,-0.48869717,0.02025923
10.320000,0,RL_foot,1.97237575,-0.04577082,0.02038284
10.320000,0,RR_foot,1.69872701,-0.29832363,0.02039944
10.340000,0,FL_foot,2.34354162,-0.02115407,0.02830519
10.340000,0,FR_foot,2.31617355,-0.48870578,0.02025302
10.340000,0,RL_foot,1.97269332,-0.04595358,0.02031848
10.340000,0,RR_foot,1.70588946,-0.29574355,0.02016358
10.360000,0,FL_foot,2.37178850,-0.03371484,0.03027356
10.360000,0,FR_foot,2.31634569,-0.48878223,0.02024828
10.360000,0,RL_foot,1.97301877,-0.04609352,0.02030739
10.360000,0,RR_foot,1.71921372,-0.29370323,0.02014777
10.380000,0,FL_foot,2.40502405,-0.04384135,0.03182602
10.380000,0,FR_foot,2.31653833,-0.48887619,0.02024779
10.380000,0,RL_foot,1.97337520,-0.04629692,0.02032118
10.380000,0,RR_foot,1.74424207,-0.29133499,0.02007991
10.400000,0,FL_foot,2.44222069,-0.04996702,0.03322321
10.400000,0,FR_foot,2.31672096,-0.48898005,0.02025195
10.400000,0,RL_foot,1.97374618,-0.04645468,0.02031431
10.400000,0,RR_foot,1.78143239,-0.29034442,0.02087066
10.420000,0,FL_foot,2.47805929,-0.05282212,0.03490365
10.420000,0,FR_foot,2.31691456,-0.48906341,0.02024695
10.420000,0,RL_foot,1.97414577,-0.04655673,0.02030899
10.420000,0,RR_foot,1.82159054,-0.29493889,0.02191724
10.440000,0,FL_foot,2.50841856,-0.05043337,0.03565619
10.440000,0,FR_foot,2.31712890,-0.48913819,0.02024173
10.440000,0,RL_foot,1.97458327,-0.04666858,0.02030662
10.440000,0,RR_foot,1.85733509,-0.30328530,0.02288908
10.460000,0,FL_foot,2.53043890,-0.04667215,0.03473782
10.460000,0,FR_foot,2.31737494,-0.48924553,0.02023756
10.460000,0,RL_foot,1.97506666,-0.04679866,0.02030369
10.460000,0,RR_foot,1.88574898,-0.31226712,0.02444076
10.480000,0,FL_foot,2.54097986,-0.04560968,0.03064287
10.480000,0,FR_foot,2.31764340,-0.48934209,0.02023087
10.480000,0,RL_foot,1.97558916,-0.04693723,0.02029267
10.480000,0,RR_foot,1.90536666,-0.32188272,0.02532836
10.500000,0,FL_foot,2.54298520,-0.04650940,0.02369398
10.500000,0,FR_foot,2.31793237,-0.48941913,0.02022633
10.500000,0,RL_foot,1.97613633,-0.04709158,0.02025715
10.500000,0,RR_foot,1.91623688,-0.33153296,0.02471967
10.520000,0,FL_foot,2.54246879,-0.04709808,0.02025923
10.520000,0,FR_foot,2.31825852,-0.48942706,0.02022504
10.520000,0,RL_foot,1.97806919,-0.04548615,0.02020862
10.520000,0,RR_foot,1.91933179,-0.33828083,0.02150117
10.540000,0,FL_foot,2.54277301,-0.04695820,0.02026730
10.540000,0,FR_foot,2.32273388,-0.48955455,0.02081849
10.540000,0,RL_foot,1.98154485,-0.04946511,0.02407497
10.540000,0,RR_foot,1.91978192,-0.33871731,0.02021709
10.560000,0,FL_foot,2.54304504,-0.04686088,0.02026291
10.560000,0,FR_foot,2.34130025,-0.48722196,0.02148712
10.560000,0,RL_foot,1.98933697,-0.06382660,0.03728836
10.560000,0,RR_foot,1.92019320,-0.33860099,0.02016170
10.580000,0,FL_foot,2.54329300,-0.04675893,0.02026080
10.580000,0,FR_foot,2.37122273,-0.48716432,0.02217092
10.580000,0,RL_foot,1.99965882,-0.07966254,0.05488741
10.580000,0,RR_foot,1.92062283,-0.33846107,0.02015759
10.600000,0,FL_foot,2.54353213,-0.04666523,0.02025692
10.600000,0,FR_foot,2.40681386,-0.49070576,0.02303612
10.600000,0,RL_foot,2.00923228,-0.08991420,0.06978938
10.600000,0,RR_foot,1.92104638,-0.33839419,0.02015670
10.620000,0,FL_foot,2.54376984,-0.04658907,0.02025403
10.620000,0,FR_foot,2.44147849,-0.49618733,0.02391280
10.620000,0,RL_foot,2.01860690,-0.09643078,0.08197190
10.620000,0,RR_foot,1.92150271,-0.33835071,0.02016423
10.640000,0,FL_foot,2.54401445,-0.04651919,0.02024975
10.640000,0,FR_foot,2.47007847,-0.50158215,0.02407200
10.640000,0,RL_foot,2.02845454,-0.10112027,0.09214075
10.640000,0,RR_foot,1.92196918,-0.33834484,0.02016087
10.660000,0,FL_foot,2.54426265,-0.04648337,0.02024573
10.660000,0,FR_foot,2.49075127,-0.50583023,0.02278093
10.660000,0,RL_foot,2.03842521,-0.10504290,0.10072862
10.660000,0,RR_foot,1.92243993,-0.33837867,0.02015932
10.680000,0,FL_foot,2.54452586,-0.04647070,0.02023490
10.680000,0,FR_foot,2.50209045,-0.50829357,0.02014664
10.680000,0,RL_foot,2.04800677,-0.10892129,0.10800678
10.680000,0,RR_foot,1.92292631,-0.33853060,0.02037698
10.700000,0,FL_foot,2.54476666,-0.04648864,0.02024029
10.700000,0,FR_foot,2.50239897,-0.50957018,0.02029635
10.700000,0,RL_foot,2.05920196,-0.11328041,0.11132807
10.700000,0,RR_foot,1.92309797,-0.33989924,0.02013164
10.720000,0,FL_foot,2.54501486,-0.04651454,0.02024162
10.720000,0,FR_foot,2.50279570,-0.50995791,0.02028656
10.720000,0,RL_foot,2.07036304,-0.11701455,0.11416179
10.720000,0,RR_foot,1.92345881,-0.33984274,0.02016557
10.740000,0,FL_foot,2.54524350,-0.04651810,0.02023951
10.740000,0,FR_foot,2.50308061,-0.51020306,0.02028117
10.740000,0,RL_foot,2.08067942,-0.12023069,0.11660944
10.740000,0,RR_foot,1.92380321,-0.33977088,0.02015953
10.760000,0,FL_foot,2.54546666,-0.04650526,0.02023662
10.760000,0,FR_foot,2.50368428,-0.51069576,0.02027967
10.760000,0,RL_foot,2.08996058,-0.12288776,0.11855679
10.760000,0,RR_foot,1.92415583,-0.33968920,0.02014771
10.780000,0,FL_foot,2.54568624,-0.04649160,0.02023566
10.780000,0,FR_foot,2.50519371,-0.51182193,0.02028046
10.780000,0,RL_foot,2.09833813,-0.12503350,0.12003372
10.780000,0,RR_foot,1.92452145,-0.33958617,0.02014879
10.800000,0,FL_foot,2.54589987,-0.04646765,0.02023350
10.800000,0,FR_foot,2.50731659,-0.51336819,0.02027969
10.800000,0,RL_foot,2.10609174,-0.12680565,0.12105334
10.800000,0,RR_foot,1.92488372,-0.33949178,0.02014569
10.820000,0,FL_foot,2.54611468,-0.04644413,0.02023060
10.820000,0,FR_foot,2.50985885,-0.51521158,0.02027846
10.820000,0,RL_foot,2.11345482,-0.12833241,0.12171202
10.820000,0,RR_foot,1.92525196,-0.33939803,0.02014263
10.840000,0,FL_foot,2.54632759,-0.04641935,0.02022923
10.840000,0,FR_foot,2.51265025,-0.51708335,0.02027550
10.840000,0,RL_foot,2.12061787,-0.12970434,0.12208582
10.840000,0,RR_foot,1.92562759,-0.33928791,0.02014049
10.860000,0,FL_foot,2.54654264,-0.04641093,0.02022678
10.860000,0,FR_foot,2.51564503,-0.51892948,0.02027574
10.860000,0,RL_foot,2.12771320,-0.13101679,0.12223230
10.860000,0,RR_foot,1.92599845,-0.33919102,0.02013753
10.880000,0,FL_foot,2.54675102,-0.04639916,0.02022398
10.880000,0,FR_foot,2.51885581,-0.52071595,0.02027394
10.880000,0,RL_foot,2.13476682,-0.13233262,0.12224937
10.880000,0,RR_foot,1.92636871,-0.33909976,0.02013568
10.900000,0,FL_foot,2.54695821,-0.04639070,0.02022239
10.900000,0,FR_foot,2.52219057,-0.52235979,0.02027121
10.900000,0,RL_foot,2.14179420,-0.13366401,0.12214744
10.900000,0,RR_foot,1.92673635,-0.33899027,0.02013305
10.920000,0,FL_foot,2.54716563,-0.04640205,0.02021935
10.920000,0,FR_foot,2.52568841,-0.52392888,0.02027182
10.920000,0,RL_foot,2.14879465,-0.13503242,0.12193741
10.920000,0,RR_foot,1.92709982,-0.33889911,0.02012998
10.940000,0,FL_foot,2.54736519,-0.04641086,0.02021634
10.940000,0,FR_foot,2.52937007,-0.52543277,0.02027063
10.940000,0,RL_foot,2.15572333,-0.13644105,0.12166659
10.940000,0,RR_foot,1.92745996,-0.33881342,0.02013065
10.960000,0,FL_foot,2.54756403,-0.04642651,0.02021432
10.960000,0,FR_foot,2.53310657,-0.52681792,0.02026856
10.960000,0,RL_foot,2.16258383,-0.13786791,0.12130551
10.960000,0,RR_foot,1.92781353,-0.33870804,0.02012934
10.980000,0,FL_foot,2.54776335,-0.04645237,0.02021076
10.980000,0,FR_foot,2.53683257,-0.52814114,0.02026767
10.980000,0,RL_foot,2.16939807,-0.13906397,0.12027930
10.980000,0,RR_foot,1.92816746,-0.33861852,0.02012150
11.000000,0,FL_foot,2.54796243,-0.04648741,0.02020739
11.000000,0,FR_foot,2.54054809,-0.52939385,0.02026771
11.000000,0,RL_foot,2.17613173,-0.13971853,0.11797070
11.000000,0,RR_foot,1.92852366,-0.33853757,0.02011846
11.020000,0,FL_foot,2.54816365,-0.04653412,0.02020463
11.020000,0,FR_foot,2.54414272,-0.53054595,0.02026706
11.020000,0,RL_foot,2.18280149,-0.13965198,0.11406093
11.020000,0,RR_foot,1.92885971,-0.33841619,0.02011113
11.040000,0,FL_foot,2.54836822,-0.04659502,0.02020111
11.040000,0,FR_foot,2.54755855,-0.53160888,0.02026634
11.040000,0,RL_foot,2.18942547,-0.13870609,0.10833722
11.040000,0,RR_foot,1.92920983,-0.33833742,0.02010603
11.060000,0,FL_foot,2.54857802,-0.04666778,0.02019942
11.060000,0,FR_foot,2.55044436,-0.53248334,0.02026597
11.060000,0,RL_foot,2.19597602,-0.13659330,0.10050248
11.060000,0,RR_foot,1.92956364,-0.33826768,0.02011263
11.080000,0,FL_foot,2.54879642,-0.04676019,0.02019891
11.080000,0,FR_foot,2.55237699,-0.53310573,0.02026383
11.080000,0,RL_foot,2.20236325,-0.13297068,0.09037105
11.080000,0,RR_foot,1.92987585,-0.33814263,0.02011232
11.100000,0,FL_foot,2.54901433,-0.04688758,0.02019443
11.100000,0,FR_foot,2.55317378,-0.53344053,0.02026036
11.100000,0,RL_foot,2.20838451,-0.12730710,0.07771438
11.100000,0,RR_foot,1.93021214,-0.33807066,0.02011375
11.120000,0,FL_foot,2.54924297,-0.04702935,0.02019362
11.120000,0,FR_foot,2.55345654,-0.53360558,0.02025961
11.120000,0,RL_foot,2.21367979,-0.11879969,0.06233376
11.120000,0,RR_foot,1.93054307,-0.33800408,0.02013033
11.140000,0,FL_foot,2.54948521,-0.04721078,0.02019312
11.140000,0,FR_foot,2.55356288,-0.53376752,0.02025909
11.140000,0,RL_foot,2.21781898,-0.10744034,0.04529875
11.140000,0,RR_foot,1.93084073,-0.33790722,0.02012623
11.160000,0,FL_foot,2.54975247,-0.04744114,0.02019236
11.160000,0,FR_foot,2.55364919,-0.53395313,0.02025851
11.160000,0,RL_foot,2.21984410,-0.09655084,0.03061765
11.160000,0,RR_foot,1.93116391,-0.33785343,0.02012636
11.180000,0,FL_foot,2.55059838,-0.04720795,0.02033924
11.180000,0,FR_foot,2.55378509,-0.53414160,0.02023750
11.180000,0,RL_foot,2.21870780,-0.08874395,0.01991847
11.180000,0,RR_foot,1.93149567,-0.33783567,0.02019657
11.200000,0,FL_foot,2.56027627,-0.05281083,0.02281919
11.200000,0,FR_foot,2.55313730,-0.53367794,0.02025465
11.200000,0,RL_foot,2.21899509,-0.08864950,0.02029428
11.200000,0,RR_foot,1.93456054,-0.33565071,0.02016537
11.220000,0,FL_foot,2.57909346,-0.06397063,0.02479792
11.220000,0,FR_foot,2.55333900,-0.53376782,0.02025359
11.220000,0,RL_foot,2.21930265,-0.08874058,0.02031371
11.220000,0,RR_foot,1.94074583,-0.33246568,0.02016606
11.240000,0,FL_foot,2.60513306,-0.07701434,0.02672896
11.240000,0,FR_foot,2.55346656,-0.53380060,0.02025322
11.240000,0,RL_foot,2.21963906,-0.08891671,0.02032558
11.240000,0,RR_foot,1.95232272,-0.32971150,0.02015522
11.260000,0,FL_foot,2.63682437,-0.08859067,0.02832443
11.260000,0,FR_foot,2.55361915,-0.53388369,0.02025161
11.260000,0,RL_foot,2.21999121,-0.08909815,0.02031599
11.260000,0,RR_foot,1.97390723,-0.32709494,0.02010372
11.280000,0,FL_foot,2.67306399,-0.09655245,0.02965128
11.280000,0,FR_foot,2.55380249,-0.53398961,0.02024690
11.280000,0,RL_foot,2.22036028,-0.08926426,0.02031739
11.280000,0,RR_foot,2.00915575,-0.32506499,0.02059123
11.300000,0,FL_foot,2.71079159,-0.10192288,0.03156686
11.300000,0,FR_foot,2.55399156,-0.53408372,0.02025011
11.300000,0,RL_foot,2.22076154,-0.08942112,0.02031793
11.300000,0,RR_foot,2.05000997,-0.32854933,0.02169624
11.320000,0,FL_foot,2.74375319,-0.10245099,0.03297418
11.320000,0,FR_foot,2.55420494,-0.53415668,0.02024425
11.320000,0,RL_foot,2.22119784,-0.08955205,0.02032129
11.320000,0,RR_foot,2.08715487,-0.33704323,0.02254115
11.340000,0,FL_foot,2.77010775,-0.09938131,0.03303929
11.340000,0,FR_foot,2.55444670,-0.53426248,0.02024051
11.340000,0,RL_foot,2.22167063,-0.08970485,0.02031580
11.340000,0,RR_foot,2.11765647,-0.34643134,0.02409237
11.360000,0,FL_foot,2.78473496,-0.09807782,0.03023821
11.360000,0,FR_foot,2.55471563,-0.53436214,0.02023390
11.360000,0,RL_foot,2.22219586,-0.08986042,0.02031565
11.360000,0,RR_foot,2.13961673,-0.35611162,0.02537028
11.380000,0,FL_foot,2.78919077,-0.09869851,0.02410918
11.380000,0,FR_foot,2.55500555,-0.53445619,0.02022960
11.380000,0,RL_foot,2.22274518,-0.09003986,0.02028170
11.380000,0,RR_foot,2.15267038,-0.36604232,0.02517678
11.400000,0,FL_foot,2.78912735,-0.09946051,0.02026668
11.400000,0,FR_foot,2.55532694,-0.53447545,0.02023091
11.400000,0,RL_foot,2.22436118,-0.08889814,0.02021259
11.400000,0,RR_foot,2.15781236,-0.37355208,0.02237015
11.420000,0,FL_foot,2.78941512,-0.09931278,0.02027209
11.420000,0,FR_foot,2.55923486,-0.53515249,0.02086781
11.420000,0,RL_foot,2.22670913,-0.09185522,0.02244139
11.420000,0,RR_foot,2.15841150,-0.37556762,0.02022807
11.440000,0,FL_foot,2.78966904,-0.09922282,0.02026994
11.440000,0,FR_foot,2.57756877,-0.53354645,0.02150071
11.440000,0,RL_foot,2.23277140,-0.10459982,0.03381313
11.440000,0,RR_foot,2.15882087,-0.37546641,0.02017608
11.460000,0,FL_foot,2.78991890,-0.09914783,0.02026436
11.460000,0,FR_foot,2.60731506,-0.53398967,0.02211105
11.460000,0,RL_foot,2.24216104,-0.12082157,0.05147895
11.460000,0,RR_foot,2.15922475,-0.37539625,0.02015592
11.480000,0,FL_foot,2.79016042,-0.09907920,0.02026273
11.480000,0,FR_foot,2.64260983,-0.53824711,0.02277965
11.480000,0,RL_foot,2.25126266,-0.13151059,0.06684668
11.480000,0,RR_foot,2.15966344,-0.37533605,0.02016296
11.500000,0,FL_foot,2.79040527,-0.09903058,0.02025944
11.500000,0,FR_foot,2.67710567,-0.54454041,0.02340659
11.500000,0,RL_foot,2.26020265,-0.13828921,0.07945523
11.500000,0,RR_foot,2.16012549,-0.37531200,0.02016889
11.520000,0,FL_foot,2.79065847,-0.09898725,0.02025463
11.520000,0,FR_foot,2.70571327,-0.55077314,0.02329135
11.520000,0,RL_foot,2.26973224,-0.14317510,0.08997735
11.520000,0,RR_foot,2.16060138,-0.37532240,0.02016583
11.540000,0,FL_foot,2.79091311,-0.09897080,0.02024955
11.540000,0,FR_foot,2.72646403,-0.55568206,0.02171782
11.540000,0,RL_foot,2.27949977,-0.14728872,0.09887209
11.540000,0,RR_foot,2.16107988,-0.37537432,0.02016210
11.560000,0,FL_foot,2.79116583,-0.09898039,0.02025266
11.560000,0,FR_foot,2.73430181,-0.55787206,0.02030271
11.560000,0,RL_foot,2.28945351,-0.15181574,0.10543876
11.560000,0,RR_foot,2.16150284,-0.37688628,0.02019264
11.580000,0,FL_foot,2.79141092,-0.09902366,0.02024608
11.580000,0,FR_foot,2.73578572,-0.55957901,0.02029440
11.580000,0,RL_foot,2.30036759,-0.15629314,0.10927365
11.580000,0,RR_foot,2.16184402,-0.37716681,0.02015591
11.600000,0,FL_foot,2.79165888,-0.09906477,0.02024403
11.600000,0,FR_foot,2.73643494,-0.56017148,0.02028637
11.600000,0,RL_foot,2.31121874,-0.16018307,0.11230502
11.600000,0,RR_foot,2.16220474,-0.37712666,0.02016581
11.620000,0,FL_foot,2.79188800,-0.09908168,0.02024074
11.620000,0,FR_foot,2.73688340,-0.56061500,0.02028296
11.620000,0,RL_foot,2.32129335,-0.16350594,0.11489564
11.620000,0,RR_foot,2.16255212,-0.37706494,0.02015331
11.640000,0,FL_foot,2.79211020,-0.09907498,0.02023933
11.640000,0,FR_foot,2.73780847,-0.56143188,0.02028049
11.640000,0,RL_foot,2.33041382,-0.16625230,0.11696439
11.640000,0,RR_foot,2.16291881,-0.37697890,0.02015052
11.660000,0,FL_foot,2.79233217,-0.09906509,0.02023730
11.660000,0,FR_foot,2.73949933,-0.56276888,0.02028095
11.660000,0,RL_foot,2.33872437,-0.16850010,0.11853047
11.660000,0,RR_foot,2.16328144,-0.37689808,0.02014825
11.680000,0,FL_foot,2.79254746,-0.09904368,0.02023462
11.680000,0,FR_foot,2.74168849,-0.56447518,0.02028095
11.680000,0,RL_foot,2.34646177,-0.17038295,0.11965729
11.680000,0,RR_foot,2.16365242,-0.37681529,0.02014402
11.700000,0,FL_foot,2.79276347,-0.09901695,0.02023335
11.700000,0,FR_foot,2.74418807,-0.56637883,0.02027751
11.700000,0,RL_foot,2.35384727,-0.17199934,0.12041350
11.700000,0,RR_foot,2.16403675,-0.37671420,0.02014276
11.720000,0,FL_foot,2.79298091,-0.09900223,0.02023082
11.720000,0,FR_foot,2.74691176,-0.56834441,0.02027750
11.720000,0,RL_foot,2.36104560,-0.17346005,0.12086690
11.720000,0,RR_foot,2.16441512,-0.37662348,0.02014035
11.740000,0,FL_foot,2.79319286,-0.09898329,0.02022821
11.740000,0,FR_foot,2.74984384,-0.57029092,0.02027613
11.740000,0,RL_foot,2.36815190,-0.17485783,0.12112250
11.740000,0,RR_foot,2.16479611,-0.37653607,0.02013748
11.760000,0,FL_foot,2.79340386,-0.09896577,0.02022699
11.760000,0,FR_foot,2.75288987,-0.57210469,0.02027270
11.760000,0,RL_foot,2.37522173,-0.17623416,0.12121718
11.760000,0,RR_foot,2.16517854,-0.37643099,0.02013505
11.780000,0,FL_foot,2.79361200,-0.09895667,0.02022365
11.780000,0,FR_foot,2.75610805,-0.57385653,0.02027209
11.780000,0,RL_foot,2.38226104,-0.17763074,0.12119259
11.780000,0,RR_foot,2.16555500,-0.37634522,0.02013146
11.800000,0,FL_foot,2.79381657,-0.09895416,0.02022205
11.800000,0,FR_foot,2.75948453,-0.57548481,0.02027060
11.800000,0,RL_foot,2.38924122,-0.17905322,0.12107107
11.800000,0,RR_foot,2.16592836,-0.37624189,0.02013012
11.820000,0,FL_foot,2.79401970,-0.09896879,0.02021895
11.820000,0,FR_foot,2.76302123,-0.57705140,0.02027103
11.820000,0,RL_foot,2.39616275,-0.18050894,0.12084266
11.820000,0,RR_foot,2.16629362,-0.37615725,0.02012723
11.840000,0,FL_foot,2.79421806,-0.09898070,0.02021620
11.840000,0,FR_foot,2.76673913,-0.57856113,0.02026991
11.840000,0,RL_foot,2.40299225,-0.18200058,0.12055603
11.840000,0,RR_foot,2.16665840,-0.37607843,0.02012856
11.860000,0,FL_foot,2.79441476,-0.09900048,0.02021361
11.860000,0,FR_foot,2.77046800,-0.57995921,0.02026823
11.860000,0,RL_foot,2.40975046,-0.18338330,0.11989748
11.860000,0,RR_foot,2.16701484,-0.37597713,0.02012517
11.880000,0,FL_foot,2.79461360,-0.09903143,0.02021021
11.880000,0,FR_foot,2.77413535,-0.58129489,0.02026815
11.880000,0,RL_foot,2.41647053,-0.18432342,0.11811023
11.880000,0,RR_foot,2.16737366,-0.37589505,0.02011618
11.900000,0,FL_foot,2.79481196,-0.09907285,0.02020705
11.900000,0,FR_foot,2.77779174,-0.58255500,0.02026840
11.900000,0,RL_foot,2.42312264,-0.18459067,0.11479542
11.900000,0,RR_foot,2.16773462,-0.37582341,0.02011356
11.920000,0,FL_foot,2.79501343,-0.09912755,0.02020442
11.920000,0,FR_foot,2.78126764,-0.58369970,0.02026728
11.920000,0,RL_foot,2.42972517,-0.18402696,0.10972937
11.920000,0,RR_foot,2.16807270,-0.37570611,0.02010797
11.940000,0,FL_foot,2.79521894,-0.09919926,0.02020143
11.940000,0,FR_foot,2.78432941,-0.58469909,0.02026664
11.940000,0,RL_foot,2.43630171,-0.18240502,0.10263056
11.940000,0,RR_foot,2.16842723,-0.37563682,0.02010437
11.960000,0,FL_foot,2.79542994,-0.09928397,0.02019983
11.960000,0,FR_foot,2.78665113,-0.58545017,0.02026458
11.960000,0,RL_foot,2.44277525,-0.17937474,0.09325741
11.960000,0,RR_foot,2.16878128,-0.37557527,0.02011399
11.980000,0,FL_foot,2.79564643,-0.09939147,0.02019929
11.980000,0,FR_foot,2.78779459,-0.58587873,0.02026171
11.980000,0,RL_foot,2.44896197,-0.17447273,0.08141328
11.980000,0,RR_foot,2.16909480,-0.37545657,0.02011427
12.000000,0,FL_foot,2.79586649,-0.09953781,0.02019524
12.000000,0,FR_foot,2.78820586,-0.58608139,0.02025910
12.000000,0,RL_foot,2.45457482,-0.16698602,0.06687811
12.000000,0,RR_foot,2.16943312,-0.37539604,0.02011906
12.020000,0,FL_foot,2.79609871,-0.09970721,0.02019463
12.020000,0,FR_foot,2.78835845,-0.58623838,0.02025995
12.020000,0,RL_foot,2.45926356,-0.15623608,0.04987451
12.020000,0,RR_foot,2.16976213,-0.37534016,0.02013111
12.040000,0,FL_foot,2.79634953,-0.09991901,0.02019402
12.040000,0,FR_foot,2.78844762,-0.58642203,0.02025884
12.040000,0,RL_foot,2.46215487,-0.14502351,0.03438675
12.040000,0,RR_foot,2.17007279,-0.37526703,0.02012877
12.060000,0,FL_foot,2.79662633,-0.10016769,0.02019635
12.060000,0,FR_foot,2.78853106,-0.58661443,0.02025999
12.060000,0,RL_foot,2.46176958,-0.13475175,0.02096797
12.060000,0,RR_foot,2.17040348,-0.37523606,0.02013154
12.080000,0,FL_foot,2.80200410,-0.10246329,0.02165694
12.080000,0,FR_foot,2.78861332,-0.58671331,0.02026702
12.080000,0,RL_foot,2.46206546,-0.13504584,0.02042377
12.080000,0,RR_foot,2.17308736,-0.37463227,0.02021478
12.100000,0,FL_foot,2.81633759,-0.11262126,0.02323272
12.100000,0,FR_foot,2.78876567,-0.58682543,0.02025661
12.100000,0,RL_foot,2.46234202,-0.13525923,0.02031972
12.100000,0,RR_foot,2.17868757,-0.37259769,0.02016736
12.120000,0,FL_foot,2.83865666,-0.12556383,0.02513275
12.120000,0,FR_foot,2.78893709,-0.58692747,0.02025346
12.120000,0,RL_foot,2.46266770,-0.13538283,0.02031580
12.120000,0,RR_foot,2.18823409,-0.36984426,0.02015980
12.140000,0,FL_foot,2.86779261,-0.13836697,0.02688012
12.140000,0,FR_foot,2.78894544,-0.58688641,0.02025328
12.140000,0,RL_foot,2.46301270,-0.13558520,0.02032536
12.140000,0,RR_foot,2.20521140,-0.36779869,0.02013267
12.160000,0,FL_foot,2.90216398,-0.14820744,0.02833638
12.160000,0,FR_foot,2.78911376,-0.58699757,0.02024921
12.160000,0,RL_foot,2.46336436,-0.13576011,0.02031858
12.160000,0,RR_foot,2.23564482,-0.36602402,0.02011664
12.180000,0,FL_foot,2.93998456,-0.15517403,0.03022173
12.180000,0,FR_foot,2.78927994,-0.58708996,0.02025088
12.180000,0,RL_foot,2.46374583,-0.13595015,0.02031817
12.180000,0,RR_foot,2.27505207,-0.36806059,0.02107376
12.200000,0,FL_foot,2.97486806,-0.15836114,0.03213454
12.200000,0,FR_foot,2.78948379,-0.58718228,0.02024757
12.200000,0,RL_foot,2.46415949,-0.13609803,0.02032197
12.200000,0,RR_foot,2.31316781,-0.37582505,0.02206434
12.220000,0,FL_foot,3.00375414,-0.15661542,0.03285069
12.220000,0,FR_foot,2.78970528,-0.58728242,0.02024224
12.220000,0,RL_foot,2.46459723,-0.13620426,0.02030443
12.220000,0,RR_foot,2.34563780,-0.38569540,0.02332214
12.240000,0,FL_foot,3.02251720,-0.15491010,0.03131721
12.240000,0,FR_foot,2.78996205,-0.58739138,0.02023695
12.240000,0,RL_foot,2.46509910,-0.13636997,0.02030666
12.240000,0,RR_foot,2.37019229,-0.39563057,0.02482548
12.260000,0,FL_foot,3.03036284,-0.15525816,0.02645803
12.260000,0,FR_foot,2.79023457,-0.58750039,0.02022906
12.260000,0,RL_foot,2.46563244,-0.13654968,0.02028472
12.260000,0,RR_foot,2.38588119,-0.40582135,0.02520972
12.280000,0,FL_foot,3.03142023,-0.15648825,0.02015287
12.280000,0,FR_foot,2.79052305,-0.58757544,0.02016174
12.280000,0,RL_foot,2.46621943,-0.13663816,0.02055105
12.280000,0,RR_foot,2.39308119,-0.41475937,0.02401448
12.300000,0,FL_foot,3.03168774,-0.15634657,0.02021226
12.300000,0,FR_foot,2.79128122,-0.58779854,0.02030557
12.300000,0,RL_foot,2.46779585,-0.13569951,0.02033406
12.300000,0,RR_foot,2.39434171,-0.41829067,0.02003220
12.320000,0,FL_foot,3.03189540,-0.15624288,0.02026744
12.320000,0,FR_foot,2.80456018,-0.58619207,0.02101603
12.320000,0,RL_foot,2.47184062,-0.14490253,0.02881657
12.320000,0,RR_foot,2.39474297,-0.41827503,0.02015895
12.340000,0,FL_foot,3.03216100,-0.15619706,0.02026783
12.340000,0,FR_foot,2.83076715,-0.58609271,0.02150841
12.340000,0,RL_foot,2.48069096,-0.16223043,0.04643392
12.340000,0,RR_foot,2.39515090,-0.41818878,0.02016478
12.360000,0,FL_foot,3.03240514,-0.15613839,0.02026235
12.360000,0,FR_foot,2.86426687,-0.59051567,0.02190258
12.360000,0,RL_foot,2.48983073,-0.17470181,0.06278823
12.360000,0,RR_foot,2.39556718,-0.41815218,0.02015625
12.380000,0,FL_foot,3.03265119,-0.15609980,0.02025861
12.380000,0,FR_foot,2.89903593,-0.59728795,0.02242021
12.380000,0,RL_foot,2.49837303,-0.18253116,0.07613699
12.380000,0,RR_foot,2.39602232,-0.41813359,0.02016066
12.400000,0,FL_foot,3.03290558,-0.15607426,0.02025366
12.400000,0,FR_foot,2.92944169,-0.60442758,0.02245588
12.400000,0,RL_foot,2.50748277,-0.18798545,0.08722140
12.400000,0,RR_foot,2.39649153,-0.41815451,0.02016150
12.420000,0,FL_foot,3.03315902,-0.15605098,0.02024904
12.420000,0,FR_foot,2.95244527,-0.61030370,0.02123868
12.420000,0,RL_foot,2.51708722,-0.19245641,0.09657797
12.420000,0,RR_foot,2.39696598,-0.41821235,0.02015392
12.440000,0,FL_foot,3.03341627,-0.15608905,0.02025253
12.440000,0,FR_foot,2.96018958,-0.61302030,0.02029848
12.440000,0,RL_foot,2.52715778,-0.19732466,0.10342322
12.440000,0,RR_foot,2.39731431,-0.41962519,0.02024878
12.460000,0,FL_foot,3.03365517,-0.15612829,0.02024649
12.460000,0,FR_foot,2.96174049,-0.61499411,0.02029254
12.460000,0,RL_foot,2.53814125,-0.20181793,0.10768617
12.460000,0,RR_foot,2.39765835,-0.41988868,0.02016244
12.480000,0,FL_foot,3.03389096,-0.15614921,0.02024452
12.480000,0,FR_foot,2.96247315,-0.61566770,0.02028462
12.480000,0,RL_foot,2.54885864,-0.20581713,0.11107413
12.480000,0,RR_foot,2.39801884,-0.41983819,0.02016046
12.500000,0,FL_foot,3.03411531,-0.15615097,0.02024183
12.500000,0,FR_foot,2.96314549,-0.61631238,0.02028147
12.500000,0,RL_foot,2.55879450,-0.20925494,0.11390578
12.500000,0,RR_foot,2.39836740,-0.41977611,0.02015472
12.520000,0,FL_foot,3.03433752,-0.15614454,0.02023883
12.520000,0,FR_foot,2.96437192,-0.61736262,0.02028133
12.520000,0,RL_foot,2.56782675,-0.21213846,0.11617666
12.520000,0,RR_foot,2.39872527,-0.41970864,0.02014755
12.540000,0,FL_foot,3.03455186,-0.15612052,0.02023825
12.540000,0,FR_foot,2.96616530,-0.61879730,0.02028077
12.540000,0,RL_foot,2.57609391,-0.21453989,0.11792560
12.540000,0,RR_foot,2.39909983,-0.41962275,0.02014975
12.560000,0,FL_foot,3.03476810,-0.15609246,0.02023592
12.560000,0,FR_foot,2.96835065,-0.62057608,0.02027839
12.560000,0,RL_foot,2.58382034,-0.21657665,0.11918827
12.560000,0,RR_foot,2.39947009,-0.41954213,0.02014497
12.580000,0,FL_foot,3.03498554,-0.15607588,0.02023303
12.580000,0,FR_foot,2.97086000,-0.62255162,0.02027871
12.580000,0,RL_foot,2.59118080,-0.21836577,0.12007333
12.580000,0,RR_foot,2.39984655,-0.41946426,0.02014278
12.600000,0,FL_foot,3.03520083,-0.15605173,0.02023198
12.600000,0,FR_foot,2.97352791,-0.62448621,0.02027674
12.600000,0,RL_foot,2.59833765,-0.21999002,0.12065688
12.600000,0,RR_foot,2.40023375,-0.41937092,0.02014253
12.620000,0,FL_foot,3.03541422,-0.15603136,0.02022984
12.620000,0,FR_foot,2.97632456,-0.62637782,0.02027353
12.620000,0,RL_foot,2.60539317,-0.22153372,0.12098999
12.620000,0,RR_foot,2.40061069,-0.41928685,0.02013659
12.640000,0,FL_foot,3.03562641,-0.15602799,0.02022685
12.640000,0,FR_foot,2.97933698,-0.62822783,0.02027423
12.640000,0,RL_foot,2.61237907,-0.22306450,0.12116476
12.640000,0,RR_foot,2.40098786,-0.41920975,0.02013622
12.660000,0,FL_foot,3.03583264,-0.15601984,0.02022566
12.660000,0,FR_foot,2.98251724,-0.62996870,0.02027239
12.660000,0,RL_foot,2.61931396,-0.22460002,0.12120834
12.660000,0,RR_foot,2.40136504,-0.41911590,0.02013469
12.680000,0,FL_foot,3.03603697,-0.15601793,0.02022324
12.680000,0,FR_foot,2.98590899,-0.63167232,0.02027007
12.680000,0,RL_foot,2.62620425,-0.22616647,0.12112913
12.680000,0,RR_foot,2.40173435,-0.41903734,0.02012919
12.700000,0,FL_foot,3.03623843,-0.15602647,0.02022051
12.700000,0,FR_foot,2.98954988,-0.63333666,0.02026942
12.700000,0,RL_foot,2.63300943,-0.22777714,0.12097991
12.700000,0,RR_foot,2.40210080,-0.41896847,0.02012905
12.720000,0,FL_foot,3.03643632,-0.15604340,0.02021871
12.720000,0,FR_foot,2.99331498,-0.63490629,0.02026795
12.720000,0,RL_foot,2.63973236,-0.22941253,0.12073509
12.720000,0,RR_foot,2.40246177,-0.41888031,0.02012802
12.740000,0,FL_foot,3.03663349,-0.15606736,0.02021603
12.740000,0,FR_foot,2.99717855,-0.63643283,0.02026682
12.740000,0,RL_foot,2.64639807,-0.23107573,0.12038160
12.740000,0,RR_foot,2.40281987,-0.41880944,0.02012340
12.760000,0,FL_foot,3.03682971,-0.15610084,0.02021316
12.760000,0,FR_foot,3.00106549,-0.63790178,0.02026681
12.760000,0,RL_foot,2.65300250,-0.23247264,0.11929829
12.760000,0,RR_foot,2.40317869,-0.41874558,0.02012146
12.780000,0,FL_foot,3.03702688,-0.15614510,0.02021050
12.780000,0,FR_foot,3.00483513,-0.63926679,0.02026645
12.780000,0,RL_foot,2.65957189,-0.23332794,0.11691512
12.780000,0,RR_foot,2.40352440,-0.41864681,0.02011429
12.800000,0,FL_foot,3.03722668,-0.15619972,0.02020726
12.800000,0,FR_foot,3.00850558,-0.64056444,0.02026659
12.800000,0,RL_foot,2.66613793,-0.23347709,0.11292840
12.800000,0,RR_foot,2.40387964,-0.41858190,0.02010655
12.820000,0,FL_foot,3.03742623,-0.15628007,0.02020277
12.820000,0,FR_foot,3.01195717,-0.64173919,0.02026659
12.820000,0,RL_foot,2.67268825,-0.23272455,0.10711123
12.820000,0,RR_foot,2.40423870,-0.41852883,0.02010967
12.840000,0,FL_foot,3.03763127,-0.15636376,0.02020074
12.840000,0,FR_foot,3.01474738,-0.64269197,0.02026475
12.840000,0,RL_foot,2.67922401,-0.23079310,0.09917506
12.840000,0,RR_foot,2.40456486,-0.41841784,0.02010768
12.860000,0,FL_foot,3.03784323,-0.15646587,0.02019972
12.860000,0,FR_foot,3.01662540,-0.64337736,0.02026311
12.860000,0,RL_foot,2.68566132,-0.22730522,0.08889720
12.860000,0,RR_foot,2.40491080,-0.41836253,0.02010806
12.880000,0,FL_foot,3.03805470,-0.15660328,0.02019610
12.880000,0,FR_foot,3.01743007,-0.64372790,0.02026054
12.880000,0,RL_foot,2.69176483,-0.22170582,0.07609150
12.880000,0,RR_foot,2.40525293,-0.41830933,0.02012141
12.900000,0,FL_foot,3.03827381,-0.15675852,0.02019512
12.900000,0,FR_foot,3.01770735,-0.64390326,0.02026003
12.900000,0,RL_foot,2.69722390,-0.21316372,0.06051589
12.900000,0,RR_foot,2.40555787,-0.41821191,0.02012291
12.920000,0,FL_foot,3.03851223,-0.15695342,0.02019296
12.920000,0,FR_foot,3.01781201,-0.64407176,0.02025803
12.920000,0,RL_foot,2.70158744,-0.20198491,0.04366663
12.920000,0,RR_foot,2.40588832,-0.41816786,0.02012073
12.940000,0,FL_foot,3.03877091,-0.15719689,0.02019416
12.940000,0,FR_foot,3.01788878,-0.64426088,0.02025867
12.940000,0,RL_foot,2.70371580,-0.19143224,0.02934136
12.940000,0,RR_foot,2.40621305,-0.41813186,0.02013437
12.960000,0,FL_foot,3.03975368,-0.15690669,0.02112874
12.960000,0,FR_foot,3.01806426,-0.64445692,0.02022212
12.960000,0,RL_foot,2.70265007,-0.18329808,0.01979882
12.960000,0,RR_foot,2.40655732,-0.41814068,0.02018207
12.980000,0,FL_foot,3.04985809,-0.16323584,0.02428071
12.980000,0,FR_foot,3.01576972,-0.64265639,0.02025183
12.980000,0,RL_foot,2.70277786,-0.18235378,0.02033617
12.980000,0,RR_foot,2.41082215,-0.41542462,0.02016449
13.000000,0,FL_foot,3.06915212,-0.17523654,0.02615940
13.000000,0,FR_foot,3.01593399,-0.64274526,0.02025194
13.000000,0,RL_foot,2.70307899,-0.18247636,0.02031565
13.000000,0,RR_foot,2.41733408,-0.41305521,0.02016517
13.020000,0,FL_foot,3.09499049,-0.18960930,0.02806465
13.020000,0,FR_foot,3.01610303,-0.64282453,0.02025172
13.020000,0,RL_foot,2.70339704,-0.18267347,0.02032296
13.020000,0,RR_foot,2.42975473,-0.41134104,0.02014966
13.040000,0,FL_foot,3.12635684,-0.20227888,0.02962937
13.040000,0,FR_foot,3.01627564,-0.64292914,0.02024763
13.040000,0,RL_foot,2.70373344,-0.18286781,0.02031682
13.040000,0,RR_foot,2.45268154,-0.41011131,0.02009357
13.060000,0,FL_foot,3.16236901,-0.21146880,0.03100586
13.060000,0,FR_foot,3.01643515,-0.64303595,0.02024865
13.060000,0,RL_foot,2.70409060,-0.18304519,0.02031350
13.060000,0,RR_foot,2.48860788,-0.41042525,0.02074942
13.080000,0,FL_foot,3.19897032,-0.21792789,0.03288457
13.080000,0,FR_foot,3.01662374,-0.64313316,0.02024764
13.080000,0,RL_foot,2.70448184,-0.18320560,0.02031702
13.080000,0,RR_foot,2.52876878,-0.41658008,0.02183724
13.100000,0,FL_foot,3.23082781,-0.21902920,0.03406172
13.100000,0,FR_foot,3.01683021,-0.64322621,0.02024414
13.100000,0,RL_foot,2.70490789,-0.18335271,0.02031846
13.100000,0,RR_foot,2.56470895,-0.42699397,0.02268971
13.120000,0,FL_foot,3.25554562,-0.21700571,0.03375841
13.120000,0,FR_foot,3.01706743,-0.64332879,0.02023945
13.120000,0,RL_foot,2.70537400,-0.18351981,0.02031566
13.120000,0,RR_foot,2.59374571,-0.43772683,0.02424159
13.140000,0,FL_foot,3.26849198,-0.21658674,0.03041615
13.140000,0,FR_foot,3.01733255,-0.64344263,0.02023336
13.140000,0,RL_foot,2.70588708,-0.18369354,0.02031327
13.140000,0,RR_foot,2.61413002,-0.44842881,0.02537204
13.160000,0,FL_foot,3.27180743,-0.21759440,0.02388642
13.160000,0,FR_foot,3.01760411,-0.64354056,0.02022708
13.160000,0,RL_foot,2.70642352,-0.18389243,0.02027605
13.160000,0,RR_foot,2.62566066,-0.45887113,0.02498385
13.180000,0,FL_foot,3.27143192,-0.21832523,0.02026483
13.180000,0,FR_foot,3.01793027,-0.64357102,0.02022940
13.180000,0,RL_foot,2.70823908,-0.18264930,0.02020910
13.180000,0,RR_foot,2.62945175,-0.46627468,0.02191014
13.200000,0,FL_foot,3.27172375,-0.21818270,0.02027765
13.200000,0,FR_foot,3.02196884,-0.64438474,0.02129925
13.200000,0,RL_foot,2.71076393,-0.18657838,0.02295497
13.200000,0,RR_foot,2.62968159,-0.46832836,0.02024055
13.220000,0,FL_foot,3.27200437,-0.21810538,0.02026733
13.220000,0,FR_foot,3.04068303,-0.64343673,0.02203679
13.220000,0,RL_foot,2.71675324,-0.20044005,0.03490183
13.220000,0,RR_foot,2.63007927,-0.46826795,0.02016925
13.240000,0,FL_foot,3.27225113,-0.21802799,0.02026540
13.240000,0,FR_foot,3.07081437,-0.64513713,0.02276885
13.240000,0,RL_foot,2.72546864,-0.21695067,0.05245537
13.240000,0,RR_foot,2.63049054,-0.46820316,0.02016463
13.260000,0,FL_foot,3.27249241,-0.21795796,0.02026173
13.260000,0,FR_foot,3.10633039,-0.65094405,0.02359559
13.260000,0,RL_foot,2.73401546,-0.22782917,0.06755950
13.260000,0,RR_foot,2.63091087,-0.46817538,0.02016311
13.280000,0,FL_foot,3.27273345,-0.21790689,0.02025885
13.280000,0,FR_foot,3.14079452,-0.65869975,0.02441178
13.280000,0,RL_foot,2.74261808,-0.23486821,0.07995670
13.280000,0,RR_foot,2.63136864,-0.46816453,0.02016983
13.300000,0,FL_foot,3.27298260,-0.21786176,0.02025406
13.300000,0,FR_foot,3.16920114,-0.66609287,0.02449661
13.300000,0,RL_foot,2.75189161,-0.24007405,0.09031109
13.300000,0,RR_foot,2.63183594,-0.46818805,0.02016683
13.320000,0,FL_foot,3.27323341,-0.21784447,0.02024953
13.320000,0,FR_foot,3.18970013,-0.67182612,0.02312303
13.320000,0,RL_foot,2.76142287,-0.24452664,0.09906427
13.320000,0,RR_foot,2.63230658,-0.46825239,0.02016380
13.340000,0,FL_foot,3.27349329,-0.21785159,0.02023458
13.340000,0,FR_foot,3.20170188,-0.67527342,0.02008546
13.340000,0,RL_foot,2.77060366,-0.24872151,0.10649555
13.340000,0,RR_foot,2.63278961,-0.46842152,0.02025390
13.360000,0,FL_foot,3.27373767,-0.21790233,0.02024559
13.360000,0,FR_foot,3.20237446,-0.67719269,0.02029611
13.360000,0,RL_foot,2.78104615,-0.25383803,0.11014004
13.360000,0,RR_foot,2.63268232,-0.46974376,0.02015757
13.380000,0,FL_foot,3.27398992,-0.21796671,0.02024185
13.380000,0,FR_foot,3.20267057,-0.67754936,0.02028797
13.380000,0,RL_foot,2.79180145,-0.25824219,0.11294835
13.380000,0,RR_foot,2.63302970,-0.46973175,0.02016046
13.400000,0,FL_foot,3.27422023,-0.21799597,0.02024162
13.400000,0,FR_foot,3.20285249,-0.67775148,0.02028344
13.400000,0,RL_foot,2.80190873,-0.26212019,0.11543747
13.400000,0,RR_foot,2.63338900,-0.46967661,0.02015894
13.420000,0,FL_foot,3.27444482,-0.21800479,0.02023933
13.420000,0,FR_foot,3.20340824,-0.67831433,0.02028033
13.420000,0,RL_foot,2.81109357,-0.26539141,0.11743458
13.420000,0,RR_foot,2.63374376,-0.46961749,0.02015267
13.440000,0,FL_foot,3.27466559,-0.21800888,0.02023599
13.440000,0,FR_foot,3.20462918,-0.67939925,0.02028084
13.440000,0,RL_foot,2.81942844,-0.26810998,0.11896093
13.440000,0,RR_foot,2.63410664,-0.46955377,0.02014545
13.460000,0,FL_foot,3.27487946,-0.21799608,0.02023535
13.460000,0,FR_foot,3.20647502,-0.68090588,0.02028041
13.460000,0,RL_foot,2.82714033,-0.27038631,0.12006368
13.460000,0,RR_foot,2.63448596,-0.46947277,0.02014677
13.480000,0,FL_foot,3.27509618,-0.21797909,0.02023291
13.480000,0,FR_foot,3.20870829,-0.68276125,0.02027746
13.480000,0,RL_foot,2.83446479,-0.27235630,0.12077848
13.480000,0,RR_foot,2.63486004,-0.46939629,0.02014144
13.500000,0,FL_foot,3.27531219,-0.21797411,0.02022998
13.500000,0,FR_foot,3.21126485,-0.68480742,0.02027870
13.500000,0,RL_foot,2.84156013,-0.27414823,0.12121298
13.500000,0,RR_foot,2.63523984,-0.46932349,0.02014005
13.520000,0,FL_foot,3.27552366,-0.21796128,0.02022882
13.520000,0,FR_foot,3.21401906,-0.68682039,0.02027617
13.520000,0,RL_foot,2.84856844,-0.27584681,0.12143181
13.520000,0,RR_foot,2.63562632,-0.46923453,0.02013870
13.540000,0,FL_foot,3.27573490,-0.21795531,0.02022630
13.540000,0,FR_foot,3.21693730,-0.68878204,0.02027517
13.540000,0,RL_foot,2.85555315,-0.27752668,0.12147432
13.540000,0,RR_foot,2.63600349,-0.46915826,0.02013494
13.560000,0,FL_foot,3.27594256,-0.21795163,0.02022355
13.560000,0,FR_foot,3.22007871,-0.69069201,0.02027225
13.560000,0,RL_foot,2.86249781,-0.27922824,0.12142055
13.560000,0,RR_foot,2.63638139,-0.46908814,0.02013169
13.580000,0,FL_foot,3.27614617,-0.21795760,0.02022205
13.580000,0,FR_foot,3.22336102,-0.69246554,0.02027043
13.580000,0,RL_foot,2.86939669,-0.28095326,0.12127046
13.580000,0,RR_foot,2.63675618,-0.46900105,0.02013041
13.600000,0,FL_foot,3.27634621,-0.21797004,0.02021942
13.600000,0,FR_foot,3.22678328,-0.69417530,0.02026973
13.600000,0,RL_foot,2.87624693,-0.28270844,0.12101752
13.600000,0,RR_foot,2.63712406,-0.46893033,0.02012626
13.620000,0,FL_foot,3.27654457,-0.21799994,0.02021593
13.620000,0,FR_foot,3.23038316,-0.69583285,0.02026957
13.620000,0,RL_foot,2.88301015,-0.28449589,0.12070693
13.620000,0,RR_foot,2.63749146,-0.46886605,0.02012894
13.640000,0,FL_foot,3.27674031,-0.21802852,0.02021369
13.640000,0,FR_foot,3.23397279,-0.69737303,0.02026821
13.640000,0,RL_foot,2.88970876,-0.28612643,0.11993181
13.640000,0,RR_foot,2.63785076,-0.46877888,0.02012534
13.660000,0,FL_foot,3.27693653,-0.21806841,0.02021020
13.660000,0,FR_foot,3.23751020,-0.69884717,0.02026807
13.660000,0,RL_foot,2.89639115,-0.28728539,0.11797664
13.660000,0,RR_foot,2.63821244,-0.46871114,0.02011552
13.680000,0,FL_foot,3.27713132,-0.21811853,0.02020702
13.680000,0,FR_foot,3.24098516,-0.70021111,0.02026819
13.680000,0,RL_foot,2.90303636,-0.28775078,0.11446609
13.680000,0,RR_foot,2.63856149,-0.46861911,0.02011045
13.700000,0,FL_foot,3.27733088,-0.21818271,0.02020399
13.700000,0,FR_foot,3.24433303,-0.70149541,0.02026773
13.700000,0,RL_foot,2.90968180,-0.28735802,0.10915550
13.700000,0,RR_foot,2.63892031,-0.46856046,0.02010568
13.720000,0,FL_foot,3.27753186,-0.21825880,0.02020170
13.720000,0,FR_foot,3.24728608,-0.70258677,0.02026620
13.720000,0,RL_foot,2.91631603,-0.28585744,0.10179562
13.720000,0,RR_foot,2.63928151,-0.46851215,0.02011128
13.740000,0,FL_foot,3.27774262,-0.21835423,0.02020161
13.740000,0,FR_foot,3.24938750,-0.70339179,0.02026426
13.740000,0,RL_foot,2.92289305,-0.28291845,0.09216611
13.740000,0,RR_foot,2.63960814,-0.46840471,0.02011099
13.760000,0,FL_foot,3.27795100,-0.21848534,0.02019727
13.760000,0,FR_foot,3.25042272,-0.70385170,0.02026185
13.760000,0,RL_foot,2.92926121,-0.27803352,0.08003157
13.760000,0,RR_foot,2.63995528,-0.46835503,0.02011271
13.780000,0,FL_foot,3.27816653,-0.21862975,0.02019602
13.780000,0,FR_foot,3.25078011,-0.70405269,0.02025962
13.780000,0,RL_foot,2.93511724,-0.27045786,0.06521723
13.780000,0,RR_foot,2.64029384,-0.46830919,0.02012787
13.800000,0,FL_foot,3.27839446,-0.21881276,0.02019553
13.800000,0,FR_foot,3.25092769,-0.70421696,0.02025985
13.800000,0,RL_foot,2.94015288,-0.25967950,0.04816471
13.800000,0,RR_foot,2.64059973,-0.46822593,0.02012580
13.820000,0,FL_foot,3.27864265,-0.21904859,0.02019391
13.820000,0,FR_foot,3.25100565,-0.70440620,0.02025888
13.820000,0,RL_foot,2.94330955,-0.24869409,0.03296454
13.820000,0,RR_foot,2.64092994,-0.46819031,0.02012523
13.840000,0,FL_foot,3.27889872,-0.21929839,0.02019565
13.840000,0,FR_foot,3.25108552,-0.70460159,0.02025986
13.840000,0,RL_foot,2.94289970,-0.23832801,0.01954282
13.840000,0,RR_foot,2.64126158,-0.46818051,0.02014052
13.860000,0,FL_foot,3.28528738,-0.22286443,0.02317813
13.860000,0,FR_foot,3.25088096,-0.70445669,0.02026301
13.860000,0,RL_foot,2.94326591,-0.23786150,0.02040135
13.860000,0,RR_foot,2.64457822,-0.46658641,0.02023111
13.880000,0,FL_foot,3.30009985,-0.23370364,0.02508843
13.880000,0,FR_foot,3.25105762,-0.70457071,0.02025604
13.880000,0,RL_foot,2.94354320,-0.23805450,0.02031225
13.880000,0,RR_foot,2.64984131,-0.46462828,0.02016653
13.900000,0,FL_foot,3.32268620,-0.24754222,0.02714908
13.900000,0,FR_foot,3.25123668,-0.70467848,0.02025255
13.900000,0,RL_foot,2.94386029,-0.23820041,0.02031439
13.900000,0,RR_foot,2.65945768,-0.46260500,0.02016033
13.920000,0,FL_foot,3.35171390,-0.26151377,0.02896436
13.920000,0,FR_foot,3.25130463,-0.70468634,0.02025249
13.920000,0,RL_foot,2.94419479,-0.23843059,0.02032335
13.920000,0,RR_foot,2.67701387,-0.46160731,0.02012954
13.940000,0,FL_foot,3.38591743,-0.27259174,0.03040340
13.940000,0,FR_foot,3.25145745,-0.70480347,0.02025168
13.940000,0,RL_foot,2.94454145,-0.23864216,0.02031561
13.940000,0,RR_foot,2.70841932,-0.46143517,0.02010397
13.960000,0,FL_foot,3.42343450,-0.28079483,0.03229344
13.960000,0,FR_foot,3.25163269,-0.70491374,0.02024983
13.960000,0,RL_foot,2.94491458,-0.23881020,0.02031408
13.960000,0,RR_foot,2.74849987,-0.46557346,0.02101737
13.980000,0,FL_foot,3.45767260,-0.28477025,0.03408614
13.980000,0,FR_foot,3.25182819,-0.70501798,0.02024624
13.980000,0,RL_foot,2.94532180,-0.23897089,0.02031158
13.980000,0,RR_foot,2.78663802,-0.47535414,0.02189215
14.000000,0,FL_foot,3.48601103,-0.28359848,0.03464757
14.000000,0,FR_foot,3.25204515,-0.70512289,0.02024101
14.000000,0,RL_foot,2.94576120,-0.23914357,0.02030514
14.000000,0,RR_foot,2.81884122,-0.48674563,0.02317137
14.020000,0,FL_foot,3.50395989,-0.28233930,0.03290221
14.020000,0,FR_foot,3.25229383,-0.70525384,0.02023568
14.020000,0,RL_foot,2.94625306,-0.23933063,0.02030601
14.020000,0,RR_foot,2.84292245,-0.49786711,0.02462918
14.040000,0,FL_foot,3.51097417,-0.28283674,0.02784427
14.040000,0,FR_foot,3.25255680,-0.70537573,0.02022840
14.040000,0,RL_foot,2.94677353,-0.23953483,0.02028073
14.040000,0,RR_foot,2.85806298,-0.50884008,0.02488821
14.060000,0,FL_foot,3.51130795,-0.28417981,0.02049614
14.060000,0,FR_foot,3.25283456,-0.70547056,0.02022408
14.060000,0,RL_foot,2.94731545,-0.23973823,0.02024887
14.060000,0,RR_foot,2.86463451,-0.51844525,0.02391469
14.080000,0,FL_foot,3.51177835,-0.28414151,0.02020224
14.080000,0,FR_foot,3.25339293,-0.70574301,0.02030424
14.080000,0,RL_foot,2.95021415,-0.23921247,0.02040301
14.080000,0,RR_foot,2.86559916,-0.52290487,0.01997240
14.100000,0,FL_foot,3.51198721,-0.28401470,0.02025910
14.100000,0,FR_foot,3.26507497,-0.70488286,0.02122122
14.100000,0,RL_foot,2.95397687,-0.24752703,0.02724771
14.100000,0,RR_foot,2.86597347,-0.52294028,0.02014672
14.120000,0,FL_foot,3.51223755,-0.28394604,0.02026777
14.120000,0,FR_foot,3.28987193,-0.70525688,0.02191050
14.120000,0,RL_foot,2.96145463,-0.26564509,0.04439838
14.120000,0,RR_foot,2.86639524,-0.52284777,0.02016974
14.140000,0,FL_foot,3.51248670,-0.28388923,0.02026227
14.140000,0,FR_foot,3.32253027,-0.71068519,0.02236982
14.140000,0,RL_foot,2.97011757,-0.27950498,0.06114637
14.140000,0,RR_foot,2.86680675,-0.52281541,0.02015730
14.160000,0,FL_foot,3.51273179,-0.28383908,0.02025764
14.160000,0,FR_foot,3.35725594,-0.71861339,0.02304547
14.160000,0,RL_foot,2.97825766,-0.28829199,0.07483901
14.160000,0,RR_foot,2.86725616,-0.52280027,0.02016040
14.180000,0,FL_foot,3.51298356,-0.28381717,0.02025323
14.180000,0,FR_foot,3.38828778,-0.72704142,0.02338481
14.180000,0,RL_foot,2.98701525,-0.29440731,0.08615171
14.180000,0,RR_foot,2.86771917,-0.52282524,0.02016285
14.200000,0,FL_foot,3.51323557,-0.28379762,0.02024896
14.200000,0,FR_foot,3.41216898,-0.73411417,0.02260054
14.200000,0,RL_foot,2.99638319,-0.29939273,0.09567325
14.200000,0,RR_foot,2.86818647,-0.52288938,0.02015983
14.220000,0,FL_foot,3.51349282,-0.28379124,0.02023774
14.220000,0,FR_foot,3.42797422,-0.73899120,0.02016534
14.220000,0,RL_foot,3.00570154,-0.30390835,0.10374897
14.220000,0,RR_foot,2.86866522,-0.52301592,0.02018095
14.240000,0,FL_foot,3.51374125,-0.28385863,0.02024731
14.240000,0,FR_foot,3.42910767,-0.74061751,0.02028494
14.240000,0,RL_foot,3.01588345,-0.30930918,0.10828800
14.240000,0,RR_foot,2.86866713,-0.52456319,0.02019464
14.260000,0,FL_foot,3.51398516,-0.28391555,0.02024318
14.260000,0,FR_foot,3.42975760,-0.74170291,0.02028928
14.260000,0,RL_foot,3.02650523,-0.31388193,0.11162498
14.260000,0,RR_foot,2.86899853,-0.52450436,0.02016012
14.280000,0,FL_foot,3.51421523,-0.28394550,0.02024013
14.280000,0,FR_foot,3.43008971,-0.74202973,0.02028330
14.280000,0,RL_foot,3.03660583,-0.31800467,0.11442638
14.280000,0,RR_foot,2.86934590,-0.52447087,0.02015030
14.300000,0,FL_foot,3.51443505,-0.28395572,0.02023913
14.300000,0,FR_foot,3.43069196,-0.74264252,0.02028091
14.300000,0,RL_foot,3.04586554,-0.32153314,0.11671172
14.300000,0,RR_foot,2.86970878,-0.52440888,0.02015225
14.320000,0,FL_foot,3.51465511,-0.28395787,0.02023655
14.320000,0,FR_foot,3.43203020,-0.74388021,0.02028111
14.320000,0,RL_foot,3.05430460,-0.32449368,0.11847808
14.320000,0,RR_foot,2.87006760,-0.52435070,0.02014899
14.340000,0,FL_foot,3.51486707,-0.28394762,0.02023422
14.340000,0,FR_foot,3.43394685,-0.74556583,0.02028081
14.340000,0,RL_foot,3.06210542,-0.32701343,0.11978466
14.340000,0,RR_foot,2.87043667,-0.52429259,0.02014441
14.360000,0,FL_foot,3.51508188,-0.28393149,0.02023322
14.360000,0,FR_foot,3.43618798,-0.74751806,0.02027778
14.360000,0,RL_foot,3.06949568,-0.32920292,0.12068401
14.360000,0,RR_foot,2.87081933,-0.52421629,0.02014421
14.380000,0,FL_foot,3.51529884,-0.28392765,0.02023075
14.380000,0,FR_foot,3.43867040,-0.74959493,0.02027820
14.380000,0,RL_foot,3.07665014,-0.33118418,0.12124659
14.380000,0,RR_foot,2.87119818,-0.52415025,0.02014220
14.400000,0,FL_foot,3.51551151,-0.28391922,0.02022802
14.400000,0,FR_foot,3.44135976,-0.75168812,0.02027675
14.400000,0,RL_foot,3.08367419,-0.33306000,0.12157976
14.400000,0,RR_foot,2.87158036,-0.52408671,0.02013860
14.420000,0,FL_foot,3.51572251,-0.28391162,0.02022691
14.420000,0,FR_foot,3.44418764,-0.75367570,0.02027275
14.420000,0,RL_foot,3.09064913,-0.33488896,0.12172910
14.420000,0,RR_foot,2.87196636,-0.52400547,0.02013635
14.440000,0,FL_foot,3.51593494,-0.28392220,0.02022418
14.440000,0,FR_foot,3.44718051,-0.75560451,0.02027309
14.440000,0,RL_foot,3.09760261,-0.33672467,0.12172660
14.440000,0,RR_foot,2.87234545,-0.52394009,0.02013305
14.460000,0,FL_foot,3.51613736,-0.28392977,0.02022144
14.460000,0,FR_foot,3.45039272,-0.75748056,0.02027268
14.460000,0,RL_foot,3.10449672,-0.33859208,0.12164214
14.460000,0,RR_foot,2.87271976,-0.52388108,0.02013251
14.480000,0,FL_foot,3.51633930,-0.28394192,0.02022035
14.480000,0,FR_foot,3.45376921,-0.75925803,0.02026880
14.480000,0,RL_foot,3.11132669,-0.34047985,0.12146348
14.480000,0,RR_foot,2.87309098,-0.52380240,0.02012942
14.500000,0,FL_foot,3.51653767,-0.28396365,0.02021744
14.500000,0,FR_foot,3.45729995,-0.76098543,0.02026833
14.500000,0,RL_foot,3.11809540,-0.34239793,0.12118273
14.500000,0,RR_foot,2.87345672,-0.52374148,0.02012559
14.520000,0,FL_foot,3.51673508,-0.28399295,0.02021481
14.520000,0,FR_foot,3.46099639,-0.76267469,0.02026735
14.520000,0,RL_foot,3.12477350,-0.34434414,0.12084122
14.520000,0,RR_foot,2.87382174,-0.52368677,0.02012648
14.540000,0,FL_foot,3.51693082,-0.28403181,0.02021237
14.540000,0,FR_foot,3.46464539,-0.76425076,0.02026617
14.540000,0,RL_foot,3.13140941,-0.34601122,0.11975387
14.540000,0,RR_foot,2.87417817,-0.52360559,0.02012154
14.560000,0,FL_foot,3.51712728,-0.28408009,0.02020958
14.560000,0,FR_foot,3.46821356,-0.76575744,0.02026757
14.560000,0,RL_foot,3.13803864,-0.34713769,0.11734846
14.560000,0,RR_foot,2.87453747,-0.52354783,0.02011300
14.580000,0,FL_foot,3.51732326,-0.28414041,0.02020659
14.580000,0,FR_foot,3.47170234,-0.76715541,0.02026703
14.580000,0,RL_foot,3.14466166,-0.34752658,0.11331527
14.580000,0,RR_foot,2.87488341,-0.52346283,0.02010831
14.600000,0,FL_foot,3.51751971,-0.28422529,0.02020181
14.600000,0,FR_foot,3.47499681,-0.76845431,0.02026692
14.600000,0,RL_foot,3.15131021,-0.34700578,0.10742600
14.600000,0,RR_foot,2.87523985,-0.52341557,0.02010508
14.620000,0,FL_foot,3.51772237,-0.28431395,0.02019960
14.620000,0,FR_foot,3.47776079,-0.76951975,0.02026543
14.620000,0,RL_foot,3.15797377,-0.34528992,0.09941354
14.620000,0,RR_foot,2.87559867,-0.52337569,0.02011199
14.640000,0,FL_foot,3.51792836,-0.28442296,0.02019921
14.640000,0,FR_foot,3.47954965,-0.77025384,0.02026280
14.640000,0,RL_foot,3.16458178,-0.34202296,0.08909543
14.640000,0,RR_foot,2.87592077,-0.52327567,0.02011200
14.660000,0,FL_foot,3.51813364,-0.28456756,0.02019495
14.660000,0,FR_foot,3.48025489,-0.77061945,0.02026035
14.660000,0,RL_foot,3.17096543,-0.33663619,0.07623248
14.660000,0,RR_foot,2.87626219,-0.52323276,0.02011300
14.680000,0,FL_foot,3.51834893,-0.28472900,0.02019421
14.680000,0,FR_foot,3.48051643,-0.77080077,0.02025950
14.680000,0,RL_foot,3.17683005,-0.32827839,0.06062552
14.680000,0,RR_foot,2.87659812,-0.52319455,0.02012945
14.700000,0,FL_foot,3.51857662,-0.28493190,0.02019333
14.700000,0,FR_foot,3.48060417,-0.77097368,0.02025866
14.700000,0,RL_foot,3.18167877,-0.31723249,0.04374151
14.700000,0,RR_foot,2.87690592,-0.52312452,0.02012613
14.720000,0,FL_foot,3.51882553,-0.28518471,0.02019300
14.720000,0,FR_foot,3.48067284,-0.77116507,0.02025826
14.720000,0,RL_foot,3.18427110,-0.30668610,0.02934042
14.720000,0,RR_foot,2.87723327,-0.52309865,0.02012667
14.740000,0,FL_foot,3.51983190,-0.28493392,0.02112562
14.740000,0,FR_foot,3.48084688,-0.77136636,0.02022116
14.740000,0,RL_foot,3.18349195,-0.29853547,0.01979522
14.740000,0,RR_foot,2.87757635,-0.52311963,0.02018263
14.760000,0,FL_foot,3.52976465,-0.29161754,0.02430344
14.760000,0,FR_foot,3.47870636,-0.76955593,0.02025241
14.760000,0,RL_foot,3.18363881,-0.29758808,0.02033503
14.760000,0,RR_foot,2.88200402,-0.52041346,0.02016391
14.780000,0,FL_foot,3.54867029,-0.30436823,0.02619402
14.780000,0,FR_foot,3.47887230,-0.76965195,0.02025197
14.780000,0,RL_foot,3.18393564,-0.29772079,0.02031513
14.780000,0,RR_foot,2.88852930,-0.51819324,0.02016460
14.800000,0,FL_foot,3.57401419,-0.31978616,0.02810764
14.800000,0,FR_foot,3.47904682,-0.76973778,0.02025129
14.800000,0,RL_foot,3.18424726,-0.29792905,0.02032292
14.800000,0,RR_foot,2.90086389,-0.51684517,0.02015197
14.820000,0,FL_foot,3.60488939,-0.33378911,0.02967024
14.820000,0,FR_foot,3.47922039,-0.76984894,0.02024765
14.820000,0,RL_foot,3.18457842,-0.29813662,0.02031657
14.820000,0,RR_foot,2.92361593,-0.51636606,0.02009621
14.840000,0,FL_foot,3.64052987,-0.34444121,0.03100275
14.840000,0,FR_foot,3.47937965,-0.76996249,0.02024867
14.840000,0,RL_foot,3.18493009,-0.29832879,0.02031348
14.840000,0,RR_foot,2.95951223,-0.51783085,0.02071525
14.860000,0,FL_foot,3.67702818,-0.35237363,0.03284172
14.860000,0,FR_foot,3.47956657,-0.77006680,0.02024772
14.860000,0,RL_foot,3.18531609,-0.29850513,0.02031688
14.860000,0,RR_foot,2.99966669,-0.52530110,0.02180662
14.880000,0,FL_foot,3.70902443,-0.35478833,0.03400945
14.880000,0,FR_foot,3.47977138,-0.77016687,0.02024410
14.880000,0,RL_foot,3.18573904,-0.29866752,0.02031862
14.880000,0,RR_foot,3.03548384,-0.53701091,0.02266003
14.900000,0,FL_foot,3.73413920,-0.35365644,0.03373028
14.900000,0,FR_foot,3.48000646,-0.77027768,0.02023954
14.900000,0,RL_foot,3.18619800,-0.29885155,0.02031537
14.900000,0,RR_foot,3.06440973,-0.54884088,0.02422202
14.920000,0,FL_foot,3.74739814,-0.35362345,0.03044684
14.920000,0,FR_foot,3.48026872,-0.77040195,0.02023430
14.920000,0,RL_foot,3.18670678,-0.29904327,0.02031334
14.920000,0,RR_foot,3.08467603,-0.56031728,0.02538475
14.940000,0,FL_foot,3.75084305,-0.35468027,0.02395538
14.940000,0,FR_foot,3.48054004,-0.77050960,0.02022701
14.940000,0,RL_foot,3.18723631,-0.29926184,0.02027643
14.940000,0,RR_foot,3.09607363,-0.57122791,0.02502459
14.960000,0,FL_foot,3.75047731,-0.35538799,0.02026476
14.960000,0,FR_foot,3.48086596,-0.77055269,0.02022999
14.960000,0,RL_foot,3.18906593,-0.29807630,0.02020334
14.960000,0,RR_foot,3.09981751,-0.57883030,0.02199587
14.980000,0,FL_foot,3.75077534,-0.35525671,0.02027637
14.980000,0,FR_foot,3.48483920,-0.77150244,0.02124899
14.980000,0,RL_foot,3.19140005,-0.30200884,0.02292135
14.980000,0,RR_foot,3.10003018,-0.58087343,0.02024742
15.000000,0,FL_foot,3.75105691,-0.35518768,0.02026729
15.000000,0,FR_foot,3.50357962,-0.77123481,0.02198712
15.000000,0,RL_foot,3.19684768,-0.31602797,0.03480147
15.000000,0,RR_foot,3.10043216,-0.58082855,0.02016885
15.020000,0,FL_foot,3.75130820,-0.35511935,0.02026491
15.020000,0,FR_foot,3.53366184,-0.77405399,0.02270412
15.020000,0,RL_foot,3.20499969,-0.33292735,0.05236922
15.020000,0,RR_foot,3.10086393,-0.58074868,0.02016269
15.040000,0,FL_foot,3.75155210,-0.35505822,0.02026044
15.040000,0,FR_foot,3.56898665,-0.78120333,0.02352432
15.040000,0,RL_foot,3.21319914,-0.34420475,0.06752386
15.040000,0,RR_foot,3.10128570,-0.58073419,0.02015876
15.060000,0,FL_foot,3.75179625,-0.35501629,0.02025754
15.060000,0,FR_foot,3.60320663,-0.79025978,0.02434116
15.060000,0,RL_foot,3.22157431,-0.35160479,0.07995480
15.060000,0,RR_foot,3.10174108,-0.58074355,0.02016509
15.080000,0,FL_foot,3.75204897,-0.35497966,0.02025248
15.080000,0,FR_foot,3.63141298,-0.79872644,0.02443356
15.080000,0,RL_foot,3.23068619,-0.35717687,0.09034231
15.080000,0,RR_foot,3.10220671,-0.58078915,0.02016110
15.100000,0,FL_foot,3.75230193,-0.35497499,0.02024801
15.100000,0,FR_foot,3.65178537,-0.80525684,0.02307143
15.100000,0,RL_foot,3.24009490,-0.36199877,0.09912189
15.100000,0,RR_foot,3.10267496,-0.58087444,0.02015926
15.120000,0,FL_foot,3.75256586,-0.35499296,0.02023228
15.120000,0,FR_foot,3.66349292,-0.80909801,0.02006980
15.120000,0,RL_foot,3.24917054,-0.36657879,0.10657568
15.120000,0,RR_foot,3.10315514,-0.58105093,0.02028225
15.140000,0,FL_foot,3.75281024,-0.35505107,0.02024322
15.140000,0,FR_foot,3.66386271,-0.81070673,0.02029452
15.140000,0,RL_foot,3.25965047,-0.37199789,0.11010951
15.140000,0,RR_foot,3.10308075,-0.58218771,0.02013932
15.160000,0,FL_foot,3.75305939,-0.35511786,0.02024207
15.160000,0,FR_foot,3.66419864,-0.81112397,0.02028848
15.160000,0,RL_foot,3.27033830,-0.37677935,0.11302445
15.160000,0,RR_foot,3.10343218,-0.58218455,0.02015821
15.180000,0,FL_foot,3.75328851,-0.35514972,0.02024188
15.180000,0,FR_foot,3.66441870,-0.81136608,0.02028285
15.180000,0,RL_foot,3.28031731,-0.38100666,0.11555526
15.180000,0,RR_foot,3.10379720,-0.58213949,0.02015833
15.200000,0,FL_foot,3.75351310,-0.35516143,0.02023917
15.200000,0,FR_foot,3.66495013,-0.81193221,0.02028043
15.200000,0,RL_foot,3.28935623,-0.38458186,0.11756588
15.200000,0,RR_foot,3.10415697,-0.58208984,0.02015106
15.220000,0,FL_foot,3.75373650,-0.35517034,0.02023608
15.220000,0,FR_foot,3.66627145,-0.81318718,0.02028121
15.220000,0,RL_foot,3.29755354,-0.38757017,0.11910098
15.220000,0,RR_foot,3.10452628,-0.58203822,0.02014562
15.240000,0,FL_foot,3.75395036,-0.35516277,0.02023537
15.240000,0,FR_foot,3.66815424,-0.81486487,0.02028030
15.240000,0,RL_foot,3.30515671,-0.39010784,0.12019705
15.240000,0,RR_foot,3.10491037,-0.58197045,0.02014693
15.260000,0,FL_foot,3.75416780,-0.35515282,0.02023315
15.260000,0,FR_foot,3.67038727,-0.81687248,0.02027781
15.260000,0,RL_foot,3.31239915,-0.39234009,0.12090306
15.260000,0,RR_foot,3.10528946,-0.58190757,0.02014148
15.280000,0,FL_foot,3.75438356,-0.35514686,0.02023006
15.280000,0,FR_foot,3.67291451,-0.81903863,0.02027719
15.280000,0,RL_foot,3.31943202,-0.39439830,0.12133166
15.280000,0,RR_foot,3.10567188,-0.58184934,0.02013783
15.300000,0,FL_foot,3.75459814,-0.35515279,0.02022840
15.300000,0,FR_foot,3.67562056,-0.82115740,0.02027583
15.300000,0,RL_foot,3.32638288,-0.39636934,0.12154063
15.300000,0,RR_foot,3.10606194,-0.58177531,0.02013909
15.320000,0,FL_foot,3.75480723,-0.35515505,0.02022632
15.320000,0,FR_foot,3.67848349,-0.82321817,0.02027466
15.320000,0,RL_foot,3.33330989,-0.39832628,0.12157980
15.320000,0,RR_foot,3.10644150,-0.58171356,0.02013462
15.340000,0,FL_foot,3.75501466,-0.35516387,0.02022350
15.340000,0,FR_foot,3.68155670,-0.82522810,0.02027407
15.340000,0,RL_foot,3.34019351,-0.40030694,0.12152089
15.340000,0,RR_foot,3.10682154,-0.58165902,0.02013439
15.360000,0,FL_foot,3.75521922,-0.35517588,0.02022178
15.360000,0,FR_foot,3.68477750,-0.82711899,0.02026975
15.360000,0,RL_foot,3.34702635,-0.40230596,0.12136456
15.360000,0,RR_foot,3.10719728,-0.58158618,0.02013079
15.380000,0,FL_foot,3.75542021,-0.35519725,0.02021950
15.380000,0,FR_foot,3.68814492,-0.82895046,0.02026948
15.380000,0,RL_foot,3.35380459,-0.40433386,0.12110737
15.380000,0,RR_foot,3.10756731,-0.58153075,0.02012651
15.400000,0,FL_foot,3.75561881,-0.35522601,0.02021652
15.400000,0,FR_foot,3.69169402,-0.83073980,0.02026860
15.400000,0,RL_foot,3.36048818,-0.40638822,0.12079243
15.400000,0,RR_foot,3.10793447,-0.58148098,0.02012771
15.420000,0,FL_foot,3.75581336,-0.35527351,0.02021341
15.420000,0,FR_foot,3.69524527,-0.83241642,0.02026835
15.420000,0,RL_foot,3.36711240,-0.40826970,0.11997688
15.420000,0,RR_foot,3.10829616,-0.58140779,0.02012512
15.440000,0,FL_foot,3.75600791,-0.35532275,0.02020971
15.440000,0,FR_foot,3.69872665,-0.83402067,0.02026839
15.440000,0,RL_foot,3.37373400,-0.40966973,0.11796419
15.440000,0,RR_foot,3.10865664,-0.58135456,0.02011574
15.460000,0,FL_foot,3.75620294,-0.35538214,0.02020630
15.460000,0,FR_foot,3.70220065,-0.83555210,0.02026783
15.460000,0,RL_foot,3.38034749,-0.41036746,0.11438643
15.460000,0,RR_foot,3.10902119,-0.58131230,0.02011346
15.480000,0,FL_foot,3.75639844,-0.35545531,0.02020418
15.480000,0,FR_foot,3.70548725,-0.83694607,0.02026791
15.480000,0,RL_foot,3.38697624,-0.41021240,0.10904402
15.480000,0,RR_foot,3.10936379,-0.58122218,0.02010860
15.500000,0,FL_foot,3.75659728,-0.35554191,0.02020143
15.500000,0,FR_foot,3.70834994,-0.83815181,0.02026639
15.500000,0,RL_foot,3.39366317,-0.40896165,0.10163872
15.500000,0,RR_foot,3.10971999,-0.58118027,0.02010511
15.520000,0,FL_foot,3.75680280,-0.35564664,0.02020119
15.520000,0,FR_foot,3.71043992,-0.83903724,0.02026458
15.520000,0,RL_foot,3.40035081,-0.40625089,0.09194738
15.520000,0,RR_foot,3.11007714,-0.58114654,0.02011583
15.540000,0,FL_foot,3.75700283,-0.35578784,0.02019766
15.540000,0,FR_foot,3.71139622,-0.83949912,0.02026214
15.540000,0,RL_foot,3.40687585,-0.40157205,0.07975656
15.540000,0,RR_foot,3.11039329,-0.58105457,0.02011653
15.560000,0,FL_foot,3.75721455,-0.35594416,0.02019539
15.560000,0,FR_foot,3.71173501,-0.83971828,0.02025959
15.560000,0,RL_foot,3.41301799,-0.39414209,0.06483910
15.560000,0,RR_foot,3.11073399,-0.58102161,0.02012058
15.580000,0,FL_foot,3.75743389,-0.35613820,0.02019508
15.580000,0,FR_foot,3.71184993,-0.83989048,0.02025929
15.580000,0,RL_foot,3.41841936,-0.38351527,0.04778071
15.580000,0,RR_foot,3.11106396,-0.58099318,0.02013169
15.600000,0,FL_foot,3.75767159,-0.35638538,0.02019489
15.600000,0,FR_foot,3.71192026,-0.84008271,0.02025937
15.600000,0,RL_foot,3.42189217,-0.37270311,0.03267244
15.600000,0,RR_foot,3.11137843,-0.58094901,0.02013080
15.620000,0,FL_foot,3.75792003,-0.35664570,0.02019532
15.620000,0,FR_foot,3.71198964,-0.84028167,0.02025948
15.620000,0,RL_foot,3.42178559,-0.36224928,0.01918692
15.620000,0,RR_foot,3.11170840,-0.58094877,0.02013287
15.640000,0,FL_foot,3.76430011,-0.36048290,0.02358328
15.640000,0,FR_foot,3.71169591,-0.84000951,0.02026195
15.640000,0,RL_foot,3.42221594,-0.36146954,0.02038377
15.640000,0,RR_foot,3.11520815,-0.57925600,0.02034350
15.660000,0,FL_foot,3.77898550,-0.37198961,0.02562923
15.660000,0,FR_foot,3.71180773,-0.84005642,0.02025536
15.660000,0,RL_foot,3.42249894,-0.36164650,0.02031166
15.660000,0,RR_foot,3.12077236,-0.57736731,0.02016742
15.680000,0,FL_foot,3.80141759,-0.38673761,0.02772421
15.680000,0,FR_foot,3.71196008,-0.84016788,0.02025155
15.680000,0,RL_foot,3.42281246,-0.36180738,0.02030830
15.680000,0,RR_foot,3.13041019,-0.57584792,0.02015858
15.700000,0,FL_foot,3.83018231,-0.40190718,0.02957026
15.700000,0,FR_foot,3.71206784,-0.84021407,0.02025184
15.700000,0,RL_foot,3.42314029,-0.36205399,0.02032189
15.700000,0,RR_foot,3.14813256,-0.57565135,0.02012826
15.720000,0,FL_foot,3.86414671,-0.41429803,0.03101151
15.720000,0,FR_foot,3.71221995,-0.84033960,0.02025129
15.720000,0,RL_foot,3.42347836,-0.36228102,0.02031504
15.720000,0,RR_foot,3.17976451,-0.57682449,0.02011843
15.740000,0,FL_foot,3.90141749,-0.42383829,0.03288661
15.740000,0,FR_foot,3.71239328,-0.84045744,0.02024962
15.740000,0,RL_foot,3.42384458,-0.36246499,0.02031351
15.740000,0,RR_foot,3.21985984,-0.58266258,0.02104491
15.760000,0,FL_foot,3.93539119,-0.42888424,0.03463120
15.760000,0,FR_foot,3.71258450,-0.84057075,0.02024698
15.760000,0,RL_foot,3.42424536,-0.36263248,0.02031755
15.760000,0,RR_foot,3.25766206,-0.59402919,0.02189376
15.780000,0,FL_foot,3.96362281,-0.42859262,0.03513697
15.780000,0,FR_foot,3.71279788,-0.84068799,0.02024197
15.780000,0,RL_foot,3.42468214,-0.36282778,0.02031476
15.780000,0,RR_foot,3.28944683,-0.60667759,0.02318553
15.800000,0,FL_foot,3.98134398,-0.42790291,0.03329881
15.800000,0,FR_foot,3.71304297,-0.84083146,0.02023733
15.800000,0,RL_foot,3.42516947,-0.36303657,0.02031516
15.800000,0,RR_foot,3.31305790,-0.61876214,0.02461124
15.820000,0,FL_foot,3.98806167,-0.42860562,0.02814933
15.820000,0,FR_foot,3.71330023,-0.84096080,0.02022999
15.820000,0,RL_foot,3.42568207,-0.36326787,0.02028945
15.820000,0,RR_foot,3.32770586,-0.63033718,0.02479646
15.840000,0,FL_foot,3.98817587,-0.42994490,0.02075917
15.840000,0,FR_foot,3.71357298,-0.84106791,0.02022566
15.840000,0,RL_foot,3.42621589,-0.36349493,0.02025686
15.840000,0,RR_foot,3.33380055,-0.64016259,0.02375623
15.860000,0,FL_foot,3.98863816,-0.42993727,0.02021956
15.860000,0,FR_foot,3.71405554,-0.84122312,0.02020270
15.860000,0,RL_foot,3.42946601,-0.36311668,0.02035136
15.860000,0,RR_foot,3.33448982,-0.64380252,0.02006707
15.880000,0,FL_foot,3.98886347,-0.42982635,0.02025981
15.880000,0,FR_foot,3.72594547,-0.84082711,0.02097229
15.880000,0,RL_foot,3.43357015,-0.37384260,0.02958423
15.880000,0,RR_foot,3.33486032,-0.64378417,0.02016042
15.900000,0,FL_foot,3.98912191,-0.42975879,0.02026629
15.900000,0,FR_foot,3.75117350,-0.84224266,0.02161760
15.900000,0,RL_foot,3.44072366,-0.39223483,0.04745071
15.900000,0,RR_foot,3.33527875,-0.64372605,0.02016439
15.920000,0,FL_foot,3.98937821,-0.42970273,0.02026220
15.920000,0,FR_foot,3.78424072,-0.84894025,0.02216847
15.920000,0,RL_foot,3.44858408,-0.40544769,0.06369931
15.920000,0,RR_foot,3.33570552,-0.64369839,0.02016031
15.940000,0,FL_foot,3.98962760,-0.42965460,0.02025844
15.940000,0,FR_foot,3.81893158,-0.85826075,0.02293000
15.940000,0,RL_foot,3.45636296,-0.41398254,0.07691311
15.940000,0,RR_foot,3.33616304,-0.64369345,0.02016547
15.960000,0,FL_foot,3.98987913,-0.42963049,0.02025399
15.960000,0,FR_foot,3.84943652,-0.86784869,0.02330987
15.960000,0,RL_foot,3.46495795,-0.42015722,0.08785003
15.960000,0,RR_foot,3.33662844,-0.64372814,0.02016922
15.980000,0,FL_foot,3.99013209,-0.42961335,0.02024809
15.980000,0,FR_foot,3.87260079,-0.87571698,0.02254137
15.980000,0,RL_foot,3.47416663,-0.42536503,0.09705297
15.980000,0,RR_foot,3.33707428,-0.64382130,0.02015998
16.000000,0,FL_foot,3.99038649,-0.42961049,0.02023690
16.000000,0,FR_foot,3.88766789,-0.88096946,0.02015216
16.000000,0,RL_foot,3.48328972,-0.43015796,0.10486237
16.000000,0,RR_foot,3.33754706,-0.64396584,0.02019159
16.020000,0,FL_foot,3.99062896,-0.42968407,0.02025348
16.020000,0,FR_foot,3.88823175,-0.88192821,0.02027136
16.020000,0,RL_foot,3.49332857,-0.43563691,0.10910562
16.020000,0,RR_foot,3.33765173,-0.64547563,0.02005124
16.040000,0,FL_foot,3.99086618,-0.42975080,0.02024477
16.040000,0,FR_foot,3.88882136,-0.88445807,0.02029148
16.040000,0,RL_foot,3.50379801,-0.44046146,0.11228769
16.040000,0,RR_foot,3.33785844,-0.64499629,0.02017100
16.060000,0,FL_foot,3.99109674,-0.42978507,0.02024035
16.060000,0,FR_foot,3.88918352,-0.88481069,0.02028233
16.060000,0,RL_foot,3.51369691,-0.44494635,0.11500960
16.060000,0,RR_foot,3.33820987,-0.64497715,0.02015556
16.080000,0,FL_foot,3.99131894,-0.42980599,0.02023899
16.080000,0,FR_foot,3.88960028,-0.88525325,0.02028063
16.080000,0,RL_foot,3.52278543,-0.44881552,0.11722501
16.080000,0,RR_foot,3.33857322,-0.64492881,0.02015575
16.100000,0,FL_foot,3.99153256,-0.42980906,0.02023681
16.100000,0,FR_foot,3.89068532,-0.88632280,0.02028019
16.100000,0,RL_foot,3.53106403,-0.45208171,0.11893807
16.100000,0,RR_foot,3.33893108,-0.64488190,0.02014908
16.120000,0,FL_foot,3.99174643,-0.42980626,0.02023441
16.120000,0,FR_foot,3.89241385,-0.88792783,0.02027995
16.120000,0,RL_foot,3.53869677,-0.45487386,0.12020478
16.120000,0,RR_foot,3.33929849,-0.64483678,0.02014530
16.140000,0,FL_foot,3.99196005,-0.42979839,0.02023323
16.140000,0,FR_foot,3.89449406,-0.88986069,0.02027712
16.140000,0,RL_foot,3.54591656,-0.45731691,0.12107063
16.140000,0,RR_foot,3.33967996,-0.64477539,0.02014464
16.160000,0,FL_foot,3.99217677,-0.42980346,0.02023074
16.160000,0,FR_foot,3.89685798,-0.89197338,0.02027708
16.160000,0,RL_foot,3.55290103,-0.45954233,0.12160177
16.160000,0,RR_foot,3.34005785,-0.64472413,0.02014248
16.180000,0,FL_foot,3.99238801,-0.42980415,0.02022817
16.180000,0,FR_foot,3.89946270,-0.89413059,0.02027622
16.180000,0,RL_foot,3.55975747,-0.46166247,0.12190807
16.180000,0,RR_foot,3.34043717,-0.64467645,0.02013939
16.200000,0,FL_foot,3.99259663,-0.42980644,0.02022675
16.200000,0,FR_foot,3.90222907,-0.89619958,0.02027280
16.200000,0,RL_foot,3.56657267,-0.46373993,0.12203226
16.200000,0,RR_foot,3.34082341,-0.64461148,0.02013676
16.220000,0,FL_foot,3.99280548,-0.42982697,0.02022421
16.220000,0,FR_foot,3.90518785,-0.89823478,0.02027257
16.220000,0,RL_foot,3.57336974,-0.46582836,0.12200743
16.220000,0,RR_foot,3.34120131,-0.64456218,0.02013364
16.240000,0,FL_foot,3.99300861,-0.42984459,0.02022124
16.240000,0,FR_foot,3.90839648,-0.90024054,0.02027167
16.240000,0,RL_foot,3.58011651,-0.46795303,0.12190224
16.240000,0,RR_foot,3.34157515,-0.64451820,0.02013321
16.260000,0,FL_foot,3.99320698,-0.42986858,0.02021938
16.260000,0,FR_foot,3.91176319,-0.90214700,0.02026966
16.260000,0,RL_foot,3.58680964,-0.47010481,0.12170645
16.260000,0,RR_foot,3.34194708,-0.64445645,0.02013158
16.280000,0,FL_foot,3.99340391,-0.42990172,0.02021657
16.280000,0,FR_foot,3.91527152,-0.90401518,0.02026909
16.280000,0,RL_foot,3.59344983,-0.47228831,0.12140903
16.280000,0,RR_foot,3.34231234,-0.64441144,0.02012672
16.300000,0,FL_foot,3.99359751,-0.42994133,0.02021339
16.300000,0,FR_foot,3.91894293,-0.90584773,0.02026868
16.300000,0,RL_foot,3.60000563,-0.47450131,0.12105622
16.300000,0,RR_foot,3.34267640,-0.64437205,0.02012805
16.320000,0,FL_foot,3.99379015,-0.42998984,0.02021103
16.320000,0,FR_foot,3.92258000,-0.90757298,0.02026688
16.320000,0,RL_foot,3.60653400,-0.47645640,0.12000727
16.320000,0,RR_foot,3.34303427,-0.64430702,0.02012327
16.340000,0,FL_foot,3.99398232,-0.43005031,0.02020742
16.340000,0,FR_foot,3.92615485,-0.90923238,0.02026770
16.340000,0,RL_foot,3.61308432,-0.47788835,0.11766911
16.340000,0,RR_foot,3.34339213,-0.64426410,0.02011435
16.360000,0,FL_foot,3.99417520,-0.43012169,0.02020428
16.360000,0,FR_foot,3.92971206,-0.91082227,0.02026704
16.360000,0,RL_foot,3.61965799,-0.47859886,0.11373263
16.360000,0,RR_foot,3.34375405,-0.64423251,0.02011235
16.380000,0,FL_foot,3.99437118,-0.43020403,0.02020233
16.380000,0,FR_foot,3.93301249,-0.91225505,0.02026611
16.380000,0,RL_foot,3.62628055,-0.47843409,0.10800972
16.380000,0,RR_foot,3.34409428,-0.64414972,0.02010766
16.400000,0,FL_foot,3.99457574,-0.43030253,0.02020100
16.400000,0,FR_foot,3.93577075,-0.91346735,0.02026493
16.400000,0,RL_foot,3.63299823,-0.47712180,0.10017728
16.400000,0,RR_foot,3.34445000,-0.64411867,0.02010489
16.420000,0,FL_foot,3.99477458,-0.43043318,0.02019738
16.420000,0,FR_foot,3.93768883,-0.91431946,0.02026324
16.420000,0,RL_foot,3.63973427,-0.47428524,0.09004688
16.420000,0,RR_foot,3.34480190,-0.64409322,0.02011706
16.440000,0,FL_foot,3.99497819,-0.43057504,0.02019549
16.440000,0,FR_foot,3.93845129,-0.91473180,0.02026068
16.440000,0,RL_foot,3.64632821,-0.46937957,0.07740720
16.440000,0,RR_foot,3.34511805,-0.64400959,0.02011647
16.460000,0,FL_foot,3.99518752,-0.43074599,0.02019419
16.460000,0,FR_foot,3.93876147,-0.91494417,0.02025859
16.460000,0,RL_foot,3.65256810,-0.46155104,0.06200668
16.460000,0,RR_foot,3.34545326,-0.64398497,0.02012021
16.480000,0,FL_foot,3.99540401,-0.43096775,0.02019241
16.480000,0,FR_foot,3.93883920,-0.91512048,0.02025896
16.480000,0,RL_foot,3.65797281,-0.45083266,0.04505625
16.480000,0,RR_foot,3.34577966,-0.64396513,0.02013224
16.500000,0,FL_foot,3.99563813,-0.43122303,0.02019278
16.500000,0,FR_foot,3.93890500,-0.91531676,0.02025868
16.500000,0,RL_foot,3.66121912,-0.44034526,0.03045525
16.500000,0,RR_foot,3.34609413,-0.64393270,0.02013172
16.520000,0,FL_foot,3.99655676,-0.43107083,0.02044613
16.520000,0,FR_foot,3.93901873,-0.91552210,0.02023288
16.520000,0,RL_foot,3.66103363,-0.43238336,0.01989779
16.520000,0,RR_foot,3.34643531,-0.64397144,0.02018245
16.540000,0,FL_foot,4.00561857,-0.43806738,0.02301475
16.540000,0,FR_foot,3.93827844,-0.91487330,0.02025411
16.540000,0,RL_foot,3.66133165,-0.43217266,0.02030757
16.540000,0,RR_foot,3.34984565,-0.64215171,0.02016557
16.560000,0,FL_foot,4.02306843,-0.45166147,0.02498474
16.560000,0,FR_foot,3.93846369,-0.91498494,0.02025322
16.560000,0,RL_foot,3.66162276,-0.43230549,0.02031432
16.560000,0,RR_foot,3.35640192,-0.63983446,0.02016553
16.580000,0,FL_foot,4.04740524,-0.46787345,0.02690957
16.580000,0,FR_foot,3.93858266,-0.91503018,0.02025289
16.580000,0,RL_foot,3.66193271,-0.43252259,0.02032518
16.580000,0,RR_foot,3.36839819,-0.63864344,0.02015249
16.600000,0,FL_foot,4.07750225,-0.48316035,0.02849872
16.600000,0,FR_foot,3.93873143,-0.91513920,0.02024713
16.600000,0,RL_foot,3.66225934,-0.43274584,0.02031663
16.600000,0,RR_foot,3.39047098,-0.63880521,0.02010326
16.620000,0,FL_foot,4.11253309,-0.49539909,0.02984800
16.620000,0,FR_foot,3.93889427,-0.91526610,0.02024677
16.620000,0,RL_foot,3.66260362,-0.43295515,0.02031694
16.620000,0,RR_foot,3.42581129,-0.64132077,0.02064898
16.640000,0,FL_foot,4.14911985,-0.50521398,0.03177616
16.640000,0,FR_foot,3.93906903,-0.91538221,0.02024986
16.640000,0,RL_foot,3.66298199,-0.43315783,0.02031712
16.640000,0,RR_foot,3.46570706,-0.64999884,0.02176100
16.660000,0,FL_foot,4.18153429,-0.50955749,0.03314800
16.660000,0,FR_foot,3.93927121,-0.91548145,0.02024411
16.660000,0,RL_foot,3.66339827,-0.43334147,0.02032056
16.660000,0,RR_foot,3.50125051,-0.66302663,0.02261005
16.680000,0,FL_foot,4.20764875,-0.50969863,0.03315330
16.680000,0,FR_foot,3.93949866,-0.91561550,0.02023884
16.680000,0,RL_foot,3.66384196,-0.43350354,0.02030296
16.680000,0,RR_foot,3.53005838,-0.67603904,0.02416777
16.700000,0,FL_foot,4.22190809,-0.51027441,0.03023867
16.700000,0,FR_foot,3.93975139,-0.91574991,0.02023345
16.700000,0,RL_foot,3.66434383,-0.43371734,0.02030474
16.700000,0,RR_foot,3.55034041,-0.68831301,0.02542136
16.720000,0,FL_foot,4.22599888,-0.51149601,0.02401727
16.720000,0,FR_foot,3.94002962,-0.91587514,0.02022742
16.720000,0,RL_foot,3.66486788,-0.43395361,0.02026995
16.720000,0,RR_foot,3.56178999,-0.69974762,0.02519109
16.740000,0,FL_foot,4.22577810,-0.51223838,0.02026677
16.740000,0,FR_foot,3.94034314,-0.91593611,0.02023019
16.740000,0,RL_foot,3.66673279,-0.43293121,0.02020125
16.740000,0,RR_foot,3.56575441,-0.70772898,0.02236340
16.760000,0,FL_foot,4.22608376,-0.51212865,0.02027186
16.760000,0,FR_foot,3.94422507,-0.91706067,0.02087247
16.760000,0,RL_foot,3.66878223,-0.43637550,0.02263321
16.760000,0,RR_foot,3.56604934,-0.70978481,0.02022708
16.780000,0,FL_foot,4.22634935,-0.51207060,0.02026931
16.780000,0,FR_foot,3.96275210,-0.91765422,0.02150927
16.780000,0,RL_foot,3.67333603,-0.44995156,0.03416412
16.780000,0,RR_foot,3.56646872,-0.70973057,0.02017538
16.800000,0,FL_foot,4.22660542,-0.51202577,0.02026379
16.800000,0,FR_foot,3.99234653,-0.92173117,0.02212098
16.800000,0,RL_foot,3.68067646,-0.46714464,0.05181052
16.800000,0,RR_foot,3.56687713,-0.70970935,0.02015538
16.820000,0,FL_foot,4.22685480,-0.51198620,0.02026229
16.820000,0,FR_foot,4.02696323,-0.93025094,0.02280390
16.820000,0,RL_foot,3.68837690,-0.47880414,0.06712290
16.820000,0,RR_foot,3.56731963,-0.70970184,0.02016264
16.840000,0,FL_foot,4.22710180,-0.51196843,0.02025749
16.840000,0,FR_foot,4.06049252,-0.94068170,0.02345258
16.840000,0,RL_foot,3.69640613,-0.48659509,0.07967845
16.840000,0,RR_foot,3.56775880,-0.70975053,0.02016346
16.860000,0,FL_foot,4.22735786,-0.51195365,0.02025253
16.860000,0,FR_foot,4.08816099,-0.95028156,0.02336350
16.860000,0,RL_foot,3.70524573,-0.49258360,0.09016591
16.860000,0,RR_foot,3.56822419,-0.70982420,0.02015885
16.880000,0,FL_foot,4.22761250,-0.51197082,0.02024801
16.880000,0,FR_foot,4.10819387,-0.95761752,0.02181255
16.880000,0,RL_foot,3.71442890,-0.49783617,0.09903985
16.880000,0,RR_foot,3.56869173,-0.70993704,0.02015760
16.900000,0,FL_foot,4.22786236,-0.51200128,0.02025344
16.900000,0,FR_foot,4.11597824,-0.96084297,0.02030059
16.900000,0,RL_foot,3.72374439,-0.50354546,0.10556699
16.900000,0,RR_foot,3.56900740,-0.71139342,0.02017473
16.920000,0,FL_foot,4.22810125,-0.51207703,0.02024505
16.920000,0,FR_foot,4.11705589,-0.96274060,0.02029541
16.920000,0,RL_foot,3.73409128,-0.50940251,0.10917120
16.920000,0,RR_foot,3.56937242,-0.71145505,0.02014426
16.940000,0,FL_foot,4.22834301,-0.51215315,0.02024411
16.940000,0,FR_foot,4.11777735,-0.96361822,0.02028562
16.940000,0,RL_foot,3.74439502,-0.51463079,0.11222349
16.940000,0,RR_foot,3.56973505,-0.71146590,0.02017211
16.960000,0,FL_foot,4.22856665,-0.51220107,0.02024131
16.960000,0,FR_foot,4.11817837,-0.96415609,0.02028256
16.960000,0,RL_foot,3.75399995,-0.51920134,0.11481422
16.960000,0,RR_foot,3.57008338,-0.71144044,0.02015851
16.980000,0,FL_foot,4.22878933,-0.51222599,0.02023827
16.980000,0,FR_foot,4.11892700,-0.96501523,0.02028050
16.980000,0,RL_foot,3.76270747,-0.52307683,0.11687598
16.980000,0,RR_foot,3.57044578,-0.71141344,0.02014671
17.000000,0,FL_foot,4.22901058,-0.51224476,0.02023698
17.000000,0,FR_foot,4.12036610,-0.96647465,0.02028064
17.000000,0,RL_foot,3.77066278,-0.52633506,0.11845198
17.000000,0,RR_foot,3.57082725,-0.71136749,0.02014944
17.020000,0,FL_foot,4.22922754,-0.51225054,0.02023506
17.020000,0,FR_foot,4.12227535,-0.96836460,0.02028042
17.020000,0,RL_foot,3.77810216,-0.52914131,0.11956702
17.020000,0,RR_foot,3.57120514,-0.71132606,0.02014548
17.040000,0,FL_foot,4.22944689,-0.51225108,0.02023208
17.040000,0,FR_foot,4.12452078,-0.97057807,0.02027857
17.040000,0,RL_foot,3.78521538,-0.53164613,0.12032146
17.040000,0,RR_foot,3.57159114,-0.71128517,0.02013959
17.060000,0,FL_foot,4.22966385,-0.51226217,0.02023059
17.060000,0,FR_foot,4.12699127,-0.97286332,0.02027731
17.060000,0,RL_foot,3.79216123,-0.53396326,0.12078653
17.060000,0,RR_foot,3.57198882,-0.71122962,0.02014161
17.080000,0,FL_foot,4.22987890,-0.51226854,0.02022835
17.080000,0,FR_foot,4.12963343,-0.97513419,0.02027586
17.080000,0,RL_foot,3.79905152,-0.53620166,0.12102338
17.080000,0,RR_foot,3.57237720,-0.71118343,0.02013697
17.100000,0,FL_foot,4.23009205,-0.51227653,0.02022584
17.100000,0,FR_foot,4.13247728,-0.97737199,0.02027361
17.100000,0,RL_foot,3.80590248,-0.53843063,0.12111950
17.100000,0,RR_foot,3.57276678,-0.71114242,0.02013319
17.120000,0,FL_foot,4.23029947,-0.51229310,0.02022404
17.120000,0,FR_foot,4.13546181,-0.97947991,0.02027177
17.120000,0,RL_foot,3.81272173,-0.54066741,0.12109462
17.120000,0,RR_foot,3.57315636,-0.71108484,0.02013168
17.140000,0,FL_foot,4.23050404,-0.51232523,0.02022096
17.140000,0,FR_foot,4.13861513,-0.98153168,0.02027153
17.140000,0,RL_foot,3.81950355,-0.54293257,0.12095648
17.140000,0,RR_foot,3.57353687,-0.71104372,0.02012899
17.160000,0,FL_foot,4.23070288,-0.51235408,0.02021818
17.160000,0,FR_foot,4.14196301,-0.98353553,0.02027140
17.160000,0,RL_foot,3.82620168,-0.54522842,0.12075532
17.160000,0,RR_foot,3.57391405,-0.71100813,0.02012994
17.180000,0,FL_foot,4.23089838,-0.51238924,0.02021618
17.180000,0,FR_foot,4.14541626,-0.98543912,0.02026905
17.180000,0,RL_foot,3.83282018,-0.54753429,0.12046426
17.180000,0,RR_foot,3.57428741,-0.71095335,0.02012799
17.200000,0,FL_foot,4.23109293,-0.51243323,0.02021261
17.200000,0,FR_foot,4.14893007,-0.98729980,0.02026885
17.200000,0,RL_foot,3.83938789,-0.54971141,0.11975947
17.200000,0,RR_foot,3.57465887,-0.71091938,0.02012515
17.220000,0,FL_foot,4.23128605,-0.51248705,0.02021024
17.220000,0,FR_foot,4.15237141,-0.98904097,0.02026761
17.220000,0,RL_foot,3.84594941,-0.55140603,0.11788348
17.220000,0,RR_foot,3.57502031,-0.71085393,0.02011714
17.240000,0,FL_foot,4.23147821,-0.51255292,0.02020660
17.240000,0,FR_foot,4.15577173,-0.99071372,0.02026774
17.240000,0,RL_foot,3.85254931,-0.55242538,0.11444972
17.240000,0,RR_foot,3.57538652,-0.71081918,0.02010878
17.260000,0,FL_foot,4.23167038,-0.51263148,0.02020368
17.260000,0,FR_foot,4.15910006,-0.99227810,0.02026690
17.260000,0,RL_foot,3.85919666,-0.55258715,0.10922955
17.260000,0,RR_foot,3.57575488,-0.71079582,0.02010961
17.280000,0,FL_foot,4.23186588,-0.51272738,0.02020143
17.280000,0,FR_foot,4.16194248,-0.99359971,0.02026566
17.280000,0,RL_foot,3.86592960,-0.55166113,0.10195903
17.280000,0,RR_foot,3.57609797,-0.71071482,0.02010714
17.300000,0,FL_foot,4.23206282,-0.51283884,0.02019942
17.300000,0,FR_foot,4.16402626,-0.99459141,0.02026446
17.300000,0,RL_foot,3.87274051,-0.54930568,0.09239056
17.300000,0,RR_foot,3.57645392,-0.71069193,0.02010736
17.320000,0,FL_foot,4.23226500,-0.51297218,0.02019898
17.320000,0,FR_foot,4.16505814,-0.99512780,0.02026105
17.320000,0,RL_foot,3.87948728,-0.54500425,0.08033795
17.320000,0,RR_foot,3.57680750,-0.71067148,0.02011995
17.340000,0,FL_foot,4.23250866,-0.51309955,0.02021150
17.340000,0,FR_foot,4.16516495,-0.99523866,0.02026405
17.340000,0,RL_foot,3.88503671,-0.54234129,0.07309066
17.340000,0,RR_foot,3.57713819,-0.71067518,0.02017678
17.360000,0,FL_foot,4.23265934,-0.51320684,0.02020653
17.360000,0,FR_foot,4.16521835,-0.99532819,0.02026265
17.360000,0,RL_foot,3.88987327,-0.54049039,0.06837422
17.360000,0,RR_foot,3.57736206,-0.71062285,0.02016163
17.380000,0,FL_foot,4.23277760,-0.51329178,0.02020489
17.380000,0,FR_foot,4.16524363,-0.99539655,0.02026220
17.380000,0,RL_foot,3.89372468,-0.53869349,0.06455053
17.380000,0,RR_foot,3.57752061,-0.71057886,0.02015902
17.400000,0,FL_foot,4.23286438,-0.51336211,0.02020356
17.400000,0,FR_foot,4.16524744,-0.99544722,0.02026188
17.400000,0,RL_foot,3.89657903,-0.53679168,0.06126358
17.400000,0,RR_foot,3.57762671,-0.71053481,0.02015289
17.420000,0,FL_foot,4.23291349,-0.51336128,0.02021577
17.420000,0,FR_foot,4.16524506,-0.99543929,0.02026283
17.420000,0,RL_foot,3.90010524,-0.54025847,0.06578198
17.420000,0,RR_foot,3.57825303,-0.71094066,0.02016983
17.440000,0,FL_foot,4.23284578,-0.51329237,0.02021543
17.440000,0,FR_foot,4.16515303,-0.99537879,0.02026544
17.440000,0,RL_foot,3.90213871,-0.54678357,0.07593220
17.440000,0,RR_foot,3.57832265,-0.71101654,0.02020302
17.460000,0,FL_foot,4.23272133,-0.51315695,0.02021555
17.460000,0,FR_foot,4.16504812,-0.99526197,0.02026858
17.460000,0,RL_foot,3.90143442,-0.55247068,0.08700527
17.460000,0,RR_foot,3.57804465,-0.71101391,0.02018219
17.480000,0,FL_foot,4.23253775,-0.51297098,0.02021403
17.480000,0,FR_foot,4.16493130,-0.99510181,0.02027022
17.480000,0,RL_foot,3.89808226,-0.55554891,0.09619066
17.480000,0,RR_foot,3.57768846,-0.71101665,0.02017311
17.500000,0,FL_foot,4.23230028,-0.51275575,0.02021243
17.500000,0,FR_foot,4.16480017,-0.99490452,0.02027316
17.500000,0,RL_foot,3.89296031,-0.55567098,0.10220182
17.500000,0,RR_foot,3.57726455,-0.71103418,0.02015844
17.520000,0,FL_foot,4.23205042,-0.51252425,0.02021405
17.520000,0,FR_foot,4.16468382,-0.99467051,0.02027607
17.520000,0,RL_foot,3.88661361,-0.55332559,0.10533255
17.520000,0,RR_foot,3.57680917,-0.71105289,0.02014748
17.540000,0,FL_foot,4.23177004,-0.51227117,0.02021474
17.540000,0,FR_foot,4.16456842,-0.99441171,0.02028101
17.540000,0,RL_foot,3.87933826,-0.54935282,0.10663384
17.540000,0,RR_foot,3.57634687,-0.71106935,0.02014084
17.560000,0,FL_foot,4.23148823,-0.51201481,0.02021894
17.560000,0,FR_foot,4.16445732,-0.99413437,0.02028671
17.560000,0,RL_foot,3.87136388,-0.54451728,0.10707724
17.560000,0,RR_foot,3.57588863,-0.71108019,0.02013450
17.580000,0,FL_foot,4.23121452,-0.51177597,0.02022089
17.580000,0,FR_foot,4.16435957,-0.99385285,0.02029164
17.580000,0,RL_foot,3.86291242,-0.53934580,0.10725299
17.580000,0,RR_foot,3.57544899,-0.71108538,0.02013149
17.600000,0,FL_foot,4.23094034,-0.51154763,0.02022542
17.600000,0,FR_foot,4.16426325,-0.99356234,0.02029818
17.600000,0,RL_foot,3.85420966,-0.53408045,0.10732239
17.600000,0,RR_foot,3.57503152,-0.71108353,0.02012906
17.620000,0,FL_foot,4.23068237,-0.51134336,0.02023124
17.620000,0,FR_foot,4.16417170,-0.99328172,0.02030358
17.620000,0,RL_foot,3.84540749,-0.52876174,0.10722284
17.620000,0,RR_foot,3.57464075,-0.71107644,0.02012709
17.640000,0,FL_foot,4.23043823,-0.51118207,0.02023323
17.640000,0,FR_foot,4.16411781,-0.99280375,0.02030747
17.640000,0,RL_foot,3.83651543,-0.52340490,0.10694733
17.640000,0,RR_foot,3.57427573,-0.71108115,0.02012937
17.660000,0,FL_foot,4.23020363,-0.51104540,0.02023730
17.660000,0,FR_foot,4.16432381,-0.99146158,0.02031163
17.660000,0,RL_foot,3.82749057,-0.51811558,0.10668328
17.660000,0,RR_foot,3.57392573,-0.71107763,0.02012976
17.680000,0,FL_foot,4.22997856,-0.51093388,0.02024366
17.680000,0,FR_foot,4.16487503,-0.98917246,0.02031601
17.680000,0,RL_foot,3.81839061,-0.51302874,0.10660890
17.680000,0,RR_foot,3.57359910,-0.71105695,0.02013478
17.700000,0,FL_foot,4.22976112,-0.51085639,0.02024405
17.700000,0,FR_foot,4.16577959,-0.98593020,0.02031825
17.700000,0,RL_foot,3.80932689,-0.50823408,0.10676685
17.700000,0,RR_foot,3.57328033,-0.71104920,0.02013787
17.720000,0,FL_foot,4.22953558,-0.51078397,0.02024627
17.720000,0,FR_foot,4.16699362,-0.98188818,0.02032059
17.720000,0,RL_foot,3.80037999,-0.50372845,0.10712884
17.720000,0,RR_foot,3.57296824,-0.71103889,0.02013470
17.740000,0,FL_foot,4.22931719,-0.51071882,0.02025180
17.740000,0,FR_foot,4.16842079,-0.97712356,0.02032433
17.740000,0,RL_foot,3.79168344,-0.49943340,0.10750780
17.740000,0,RR_foot,3.57267809,-0.71101546,0.02014034
17.760000,0,FL_foot,4.22910118,-0.51067370,0.02025155
17.760000,0,FR_foot,4.16994476,-0.97175813,0.02032568
17.760000,0,RL_foot,3.78331733,-0.49525079,0.10770416
17.760000,0,RR_foot,3.57239079,-0.71101129,0.02014313
17.780000,0,FL_foot,4.22887993,-0.51062381,0.02025361
17.780000,0,FR_foot,4.17144918,-0.96604282,0.02032884
17.780000,0,RL_foot,3.77528214,-0.49110579,0.10765424
17.780000,0,RR_foot,3.57211280,-0.71100599,0.02014096
17.800000,0,FL_foot,4.22866774,-0.51057804,0.02025938
17.800000,0,FR_foot,4.17282104,-0.96003312,0.02033100
17.800000,0,RL_foot,3.76754713,-0.48695374,0.10735562
17.800000,0,RR_foot,3.57186079,-0.71098363,0.02014749
17.820000,0,FL_foot,4.22845888,-0.51055199,0.02025938
17.820000,0,FR_foot,4.17387390,-0.95378321,0.02033312
17.820000,0,RL_foot,3.76005363,-0.48280004,0.10684848
17.820000,0,RR_foot,3.57161045,-0.71097952,0.02015184
17.840000,0,FL_foot,4.22825289,-0.51052797,0.02026143
17.840000,0,FR_foot,4.17411804,-0.94736868,0.02033530
17.840000,0,RL_foot,3.75278258,-0.47883725,0.10630680
17.840000,0,RR_foot,3.57136941,-0.71096605,0.02015235
17.860000,0,FL_foot,4.22805452,-0.51051247,0.02026637
17.860000,0,FR_foot,4.17291021,-0.94060481,0.02033527
17.860000,0,RL_foot,3.74581194,-0.47540393,0.10594865
17.860000,0,RR_foot,3.57114887,-0.71093369,0.02016184
17.880000,0,FL_foot,4.22785568,-0.51050919,0.02026826
17.880000,0,FR_foot,4.16984701,-0.93341625,0.02033273
17.880000,0,RL_foot,3.73926520,-0.47268742,0.10581587
17.880000,0,RR_foot,3.57091761,-0.71090531,0.02016704
17.900000,0,FL_foot,4.22765732,-0.51051623,0.02026846
17.900000,0,FR_foot,4.16485929,-0.92620701,0.02032768
17.900000,0,RL_foot,3.73321128,-0.47063541,0.10579630
17.900000,0,RR_foot,3.57068062,-0.71086198,0.02016728
17.920000,0,FL_foot,4.22745848,-0.51053059,0.02027154
17.920000,0,FR_foot,4.15817261,-0.91950309,0.02032451
17.920000,0,RL_foot,3.72761989,-0.46901426,0.10566796
17.920000,0,RR_foot,3.57045698,-0.71080053,0.02017535
17.940000,0,FL_foot,4.22725725,-0.51054960,0.02027269
17.940000,0,FR_foot,4.15024662,-0.91368824,0.02032243
17.940000,0,RL_foot,3.72237277,-0.46748608,0.10512064
17.940000,0,RR_foot,3.57020831,-0.71073842,0.02017704
17.960000,0,FL_foot,4.22705030,-0.51058239,0.02027194
17.960000,0,FR_foot,4.14156389,-0.90889543,0.02031841
17.960000,0,RL_foot,3.71730447,-0.46566692,0.10381650
17.960000,0,RR_foot,3.56995606,-0.71066624,0.02017639
17.980000,0,FL_foot,4.22684479,-0.51060361,0.02027538
17.980000,0,FR_foot,4.13244486,-0.90502739,0.02031565
17.980000,0,RL_foot,3.71225667,-0.46309224,0.10130760
17.980000,0,RR_foot,3.56972218,-0.71057189,0.02018121
18.000000,0,FL_foot,4.22663450,-0.51063025,0.02027661
18.000000,0,FR_foot,4.12294149,-0.90173745,0.02031253
18.000000,0,RL_foot,3.70709324,-0.45917696,0.09696937
18.000000,0,RR_foot,3.56946588,-0.71048754,0.02018196
18.020000,0,FL_foot,4.22642231,-0.51067507,0.02027662
18.020000,0,FR_foot,4.11275625,-0.89833313,0.02030500
18.020000,0,RL_foot,3.70165277,-0.45288181,0.08982588
18.020000,0,RR_foot,3.56921005,-0.71039909,0.02018185
18.040000,0,FL_foot,4.22621346,-0.51072073,0.02027982
18.040000,0,FR_foot,4.10141516,-0.89427578,0.02030068
18.040000,0,RL_foot,3.69566131,-0.44247112,0.07865608
18.040000,0,RR_foot,3.56897950,-0.71027440,0.02019083
18.060000,0,FL_foot,4.22600508,-0.51077282,0.02028175
18.060000,0,FR_foot,4.08857059,-0.88974869,0.02029219
18.060000,0,RL_foot,3.68883395,-0.42534164,0.06247490
18.060000,0,RR_foot,3.56871986,-0.71018589,0.02019779
18.080000,0,FL_foot,4.22579622,-0.51083219,0.02028176
18.080000,0,FR_foot,4.07410765,-0.88522339,0.02028252
18.080000,0,RL_foot,3.68085790,-0.40094885,0.04369889
18.080000,0,RR_foot,3.56845665,-0.71007907,0.02019411
18.100000,0,FL_foot,4.22557402,-0.51086843,0.02028247
18.100000,0,FR_foot,4.05910826,-0.88189346,0.02027554
18.100000,0,RL_foot,3.67214417,-0.37843683,0.02963920
18.100000,0,RR_foot,3.56820011,-0.70992321,0.02019534
18.120000,0,FL_foot,4.22532892,-0.51086938,0.02027923
18.120000,0,FR_foot,4.04584169,-0.88004494,0.02027073
18.120000,0,RL_foot,3.66500545,-0.36150175,0.01982930
18.120000,0,RR_foot,3.56791544,-0.70976877,0.02019090
18.140000,0,FL_foot,4.22236013,-0.51133668,0.02030757
18.140000,0,FR_foot,4.04241657,-0.87798852,0.02029562
18.140000,0,RL_foot,3.66493940,-0.36097330,0.02028780
18.140000,0,RR_foot,3.56771326,-0.70954883,0.02022527
18.160000,0,FL_foot,4.21098185,-0.51704472,0.02028599
18.160000,0,FR_foot,4.04225779,-0.87779510,0.02027125
18.160000,0,RL_foot,3.66470671,-0.36083835,0.02026130
18.160000,0,RR_foot,3.56701612,-0.70675987,0.02052263
18.180000,0,FL_foot,4.18753576,-0.52521735,0.02035397
18.180000,0,FR_foot,4.04214764,-0.87762254,0.02027745
18.180000,0,RL_foot,3.66449523,-0.36073616,0.02029124
18.180000,0,RR_foot,3.56119990,-0.69665182,0.02342219
18.200000,0,FL_foot,4.15056515,-0.53039783,0.02100486
18.200000,0,FR_foot,4.04200697,-0.87744850,0.02028643
18.200000,0,RL_foot,3.66427231,-0.36063281,0.02029733
18.200000,0,RR_foot,3.54476452,-0.68723595,0.02544219
18.220000,0,FL_foot,4.10894299,-0.52620399,0.02111468
18.220000,0,FR_foot,4.04187202,-0.87723833,0.02028957
18.220000,0,RL_foot,3.66403222,-0.36056635,0.02029957
18.220000,0,RR_foot,3.51929593,-0.67923027,0.02668664
18.240000,0,FL_foot,4.06824207,-0.51557600,0.02079527
18.240000,0,FR_foot,4.04171371,-0.87701243,0.02029824
18.240000,0,RL_foot,3.66374969,-0.36052850,0.02029412
18.240000,0,RR_foot,3.48864961,-0.67275321,0.02764087
18.260000,0,FL_foot,4.03012085,-0.50250709,0.02104978
18.260000,0,FR_foot,4.04154587,-0.87676030,0.02029960
18.260000,0,RL_foot,3.66342092,-0.36046401,0.02028130
18.260000,0,RR_foot,3.45679784,-0.66775882,0.02833137
18.280000,0,FL_foot,3.99664855,-0.48897028,0.02194468
18.280000,0,FR_foot,4.04134607,-0.87648624,0.02030321
18.280000,0,RL_foot,3.66306543,-0.36038119,0.02027974
18.280000,0,RR_foot,3.42663860,-0.66447818,0.02850690
18.300000,0,FL_foot,3.96864629,-0.47533721,0.02300249
18.300000,0,FR_foot,4.04109621,-0.87623549,0.02031292
18.300000,0,RL_foot,3.66267514,-0.36029586,0.02028719
18.300000,0,RR_foot,3.40053892,-0.66330957,0.02748819
18.320000,0,FL_foot,3.94672680,-0.46134353,0.02362847
18.320000,0,FR_foot,4.04081011,-0.87599665,0.02032114
18.320000,0,RL_foot,3.66225672,-0.36019909,0.02029159
18.320000,0,RR_foot,3.38037062,-0.66364574,0.02455470
18.340000,0,FL_foot,3.93210006,-0.44705060,0.02286166
18.340000,0,FR_foot,4.04043531,-0.87580955,0.02036962
18.340000,0,RL_foot,3.66180182,-0.36017263,0.02026185
18.340000,0,RR_foot,3.36844635,-0.66374385,0.01973425
18.360000,0,FL_foot,3.92682433,-0.44152802,0.02019267
18.360000,0,FR_foot,4.03949118,-0.87538403,0.02031600
18.360000,0,RL_foot,3.65916204,-0.35807991,0.02109135
18.360000,0,RR_foot,3.36834264,-0.66575366,0.02012228
18.380000,0,FL_foot,3.92652488,-0.44126210,0.02019910
18.380000,0,FR_foot,4.03868866,-0.87424678,0.02033673
18.380000,0,RL_foot,3.65175247,-0.36372626,0.02738592
18.380000,0,RR_foot,3.36799860,-0.66585499,0.02015038
18.400000,0,FL_foot,3.92623258,-0.44101802,0.02020645
18.400000,0,FR_foot,4.03725243,-0.87200344,0.02033888
18.400000,0,RL_foot,3.64515781,-0.37880361,0.03898784
18.400000,0,RR_foot,3.36766863,-0.66593140,0.02015750
18.420000,0,FL_foot,3.92594743,-0.44078720,0.02021697
18.420000,0,FR_foot,4.03549433,-0.86958724,0.02034228
18.420000,0,RL_foot,3.63988042,-0.39737943,0.05460903
18.420000,0,RR_foot,3.36735129,-0.66598761,0.02016497
18.440000,0,FL_foot,3.92566776,-0.44056743,0.02022439
18.440000,0,FR_foot,4.03436422,-0.86817098,0.02034661
18.440000,0,RL_foot,3.63483119,-0.41335699,0.07091027
18.440000,0,RR_foot,3.36705112,-0.66604030,0.02016561
18.460000,0,FL_foot,3.92540956,-0.44037935,0.02022830
18.460000,0,FR_foot,4.03400326,-0.86769199,0.02035309
18.460000,0,RL_foot,3.62938046,-0.42370537,0.08434486
18.460000,0,RR_foot,3.36676288,-0.66609585,0.02016397
18.480000,0,FL_foot,3.92518139,-0.44024360,0.02023873
18.480000,0,FR_foot,4.03345919,-0.86702102,0.02035454
18.480000,0,RL_foot,3.62351370,-0.42861962,0.09333668
18.480000,0,RR_foot,3.36648893,-0.66615045,0.02016649
18.500000,0,FL_foot,3.92495084,-0.44012123,0.02024494
18.500000,0,FR_foot,4.03237915,-0.86563855,0.02035495
18.500000,0,RL_foot,3.61707950,-0.42982405,0.09877308
18.500000,0,RR_foot,3.36621690,-0.66622061,0.02016840
18.520000,0,FL_foot,3.92471266,-0.44002512,0.02024644
18.520000,0,FR_foot,4.03051281,-0.86310863,0.02035565
18.520000,0,RL_foot,3.60990858,-0.42894146,0.10216986
18.520000,0,RR_foot,3.36593318,-0.66629183,0.02016510
18.540000,0,FL_foot,3.92448711,-0.43995848,0.02025116
18.540000,0,FR_foot,4.02778435,-0.85940123,0.02035679
18.540000,0,RL_foot,3.60198808,-0.42702234,0.10463362
18.540000,0,RR_foot,3.36565089,-0.66635764,0.02017035
18.560000,0,FL_foot,3.92423224,-0.43989012,0.02025163
18.560000,0,FR_foot,4.02432394,-0.85500908,0.02035711
18.560000,0,RL_foot,3.59351730,-0.42462388,0.10665695
18.560000,0,RR_foot,3.36535573,-0.66642678,0.02017134
18.580000,0,FL_foot,3.92397571,-0.43982935,0.02024882
18.580000,0,FR_foot,4.02019215,-0.85024983,0.02035643
18.580000,0,RL_foot,3.58467841,-0.42203572,0.10844555
18.580000,0,RR_foot,3.36505437,-0.66649330,0.02016594
18.600000,0,FL_foot,3.92373180,-0.43978891,0.02025651
18.600000,0,FR_foot,4.01497984,-0.84521759,0.02035573
18.600000,0,RL_foot,3.57563448,-0.41960457,0.11015216
18.600000,0,RR_foot,3.36476088,-0.66655141,0.02017529
18.620000,0,FL_foot,3.92347622,-0.43974653,0.02025841
18.620000,0,FR_foot,4.00816584,-0.83993405,0.02035377
18.620000,0,RL_foot,3.56665039,-0.41783330,0.11202610
18.620000,0,RR_foot,3.36445403,-0.66661096,0.02018097
18.640000,0,FL_foot,3.92322350,-0.43971831,0.02025437
18.640000,0,FR_foot,3.99940872,-0.83456212,0.02034652
18.640000,0,RL_foot,3.55793619,-0.41699547,0.11422101
18.640000,0,RR_foot,3.36413860,-0.66666019,0.02018347
18.660000,0,FL_foot,3.92298198,-0.43970841,0.02026923
18.660000,0,FR_foot,3.98884654,-0.82961684,0.02034197
18.660000,0,RL_foot,3.54958844,-0.41692790,0.11661722
18.660000,0,RR_foot,3.36382723,-0.66670185,0.02019192
18.680000,0,FL_foot,3.92272496,-0.43970495,0.02026748
18.680000,0,FR_foot,3.97728252,-0.82565969,0.02033645
18.680000,0,RL_foot,3.54164553,-0.41709784,0.11874700
18.680000,0,RR_foot,3.36348820,-0.66673535,0.02019873
18.700000,0,FL_foot,3.92246294,-0.43971479,0.02026537
18.700000,0,FR_foot,3.96561217,-0.82284027,0.02033246
18.700000,0,RL_foot,3.53406143,-0.41703260,0.12024375
18.700000,0,RR_foot,3.36316013,-0.66675365,0.02019165
18.720000,0,FL_foot,3.92220378,-0.43973839,0.02026948
18.720000,0,FR_foot,3.95433450,-0.82096714,0.02033014
18.720000,0,RL_foot,3.52678061,-0.41648552,0.12090345
18.720000,0,RR_foot,3.36281538,-0.66676974,0.02019426
18.740000,0,FL_foot,3.92193031,-0.43975753,0.02026499
18.740000,0,FR_foot,3.94375157,-0.81988418,0.02032764
18.740000,0,RL_foot,3.51972151,-0.41542774,0.12072718
18.740000,0,RR_foot,3.36247110,-0.66677624,0.02019033
18.760000,0,FL_foot,3.92165399,-0.43977112,0.02026523
18.760000,0,FR_foot,3.93384886,-0.81939346,0.02032528
18.760000,0,RL_foot,3.51282239,-0.41391841,0.11981358
18.760000,0,RR_foot,3.36214185,-0.66676438,0.02018977
18.780000,0,FL_foot,3.92137647,-0.43979609,0.02026685
18.780000,0,FR_foot,3.92444110,-0.81932920,0.02032264
18.780000,0,RL_foot,3.50604725,-0.41203058,0.11823598
18.780000,0,RR_foot,3.36180162,-0.66675758,0.02019405
18.800000,0,FL_foot,3.92109752,-0.43980822,0.02026516
18.800000,0,FR_foot,3.91529799,-0.81946987,0.02032710
18.800000,0,RL_foot,3.49934721,-0.40981087,0.11609363
18.800000,0,RR_foot,3.36146903,-0.66673958,0.02019306
18.820000,0,FL_foot,3.92081594,-0.43981647,0.02026774
18.820000,0,FR_foot,3.90612531,-0.81960189,0.02032432
18.820000,0,RL_foot,3.49270582,-0.40718213,0.11337277
18.820000,0,RR_foot,3.36115551,-0.66669542,0.02019436
18.840000,0,FL_foot,3.92053652,-0.43983939,0.02026854
18.840000,0,FR_foot,3.89698315,-0.81981653,0.02032341
18.840000,0,RL_foot,3.48611116,-0.40406531,0.11000705
18.840000,0,RR_foot,3.36083603,-0.66665381,0.02019880
18.860000,0,FL_foot,3.92025971,-0.43984839,0.02026865
18.860000,0,FR_foot,3.88775945,-0.81998020,0.02032171
18.860000,0,RL_foot,3.47949958,-0.40031546,0.10591500
18.860000,0,RR_foot,3.36052370,-0.66659498,0.02019708
18.880000,0,FL_foot,3.91998649,-0.43985373,0.02027347
18.880000,0,FR_foot,3.87829614,-0.81993526,0.02031761
18.880000,0,RL_foot,3.47279286,-0.39557686,0.10078768
18.880000,0,RR_foot,3.36023688,-0.66650105,0.02020060
18.900000,0,FL_foot,3.91971397,-0.43987772,0.02027355
18.900000,0,FR_foot,3.86840940,-0.81951189,0.02031220
18.900000,0,RL_foot,3.46574163,-0.38896981,0.09382897
18.900000,0,RR_foot,3.35994005,-0.66641670,0.02020559
18.920000,0,FL_foot,3.91945171,-0.43988657,0.02027572
18.920000,0,FR_foot,3.85777807,-0.81840551,0.02029882
18.920000,0,RL_foot,3.45782351,-0.37843597,0.08342968
18.920000,0,RR_foot,3.35965109,-0.66631854,0.02020505
18.940000,0,FL_foot,3.91919565,-0.43990302,0.02028344
18.940000,0,FR_foot,3.84617400,-0.81659752,0.02029452
18.940000,0,RL_foot,3.44882536,-0.36125255,0.06824174
18.940000,0,RR_foot,3.35938549,-0.66618037,0.02021473
18.960000,0,FL_foot,3.91892672,-0.43994150,0.02028455
18.960000,0,FR_foot,3.83289742,-0.81434369,0.02028891
18.960000,0,RL_foot,3.43869138,-0.33587390,0.04955751
18.960000,0,RR_foot,3.35908580,-0.66608411,0.02022465
18.980000,0,FL_foot,3.91865182,-0.43993923,0.02028443
18.980000,0,FR_foot,3.81769776,-0.81258917,0.02027950
18.980000,0,RL_foot,3.42776108,-0.31110361,0.03468895
18.980000,0,RR_foot,3.35878181,-0.66593975,0.02021946
19.000000,0,FL_foot,3.91835284,-0.43988642,0.02028775
19.000000,0,FR_foot,3.80211210,-0.81233317,0.02027170
19.000000,0,RL_foot,3.41835952,-0.29341912,0.02453879
19.000000,0,RR_foot,3.35848093,-0.66574144,0.02021830
19.020000,0,FL_foot,3.91696095,-0.43851316,0.02030159
19.020000,0,FR_foot,3.79171729,-0.81271738,0.02027778
19.020000,0,RL_foot,3.41468740,-0.28659225,0.02032155
19.020000,0,RR_foot,3.35818005,-0.66550332,0.02024877
19.040000,0,FL_foot,3.90912461,-0.43873611,0.02030393
19.040000,0,FR_foot,3.79087973,-0.81235713,0.02027961
19.040000,0,RL_foot,3.41444182,-0.28641114,0.02027237
19.040000,0,RR_foot,3.35370731,-0.66229641,0.02026431
19.060000,0,FL_foot,3.89157295,-0.44291088,0.02156208
19.060000,0,FR_foot,3.79075456,-0.81213200,0.02027375
19.060000,0,RL_foot,3.41417885,-0.28631192,0.02027272
19.060000,0,RR_foot,3.34247088,-0.65196782,0.02203838
19.080000,0,FL_foot,3.86309147,-0.44532633,0.02320960
19.080000,0,FR_foot,3.79062104,-0.81191730,0.02027559
19.080000,0,RL_foot,3.41392517,-0.28622523,0.02026880
19.080000,0,RR_foot,3.32067990,-0.63929003,0.02385033
19.100000,0,FL_foot,3.82969093,-0.44111645,0.02400579
19.100000,0,FR_foot,3.79045653,-0.81170642,0.02028588
19.100000,0,RL_foot,3.41367817,-0.28616032,0.02027787
19.100000,0,RR_foot,3.28891039,-0.62831110,0.02449583
19.120000,0,FL_foot,3.79491282,-0.43140626,0.02419645
19.120000,0,FR_foot,3.79028702,-0.81146622,0.02029456
19.120000,0,RL_foot,3.41338706,-0.28609091,0.02028118
19.120000,0,RR_foot,3.25116038,-0.61966878,0.02445612
19.140000,0,FL_foot,3.76120496,-0.41934189,0.02477291
19.140000,0,FR_foot,3.79008722,-0.81122750,0.02029835
19.140000,0,RL_foot,3.41305375,-0.28602928,0.02027020
19.140000,0,RR_foot,3.21329880,-0.61274970,0.02464164
19.160000,0,FL_foot,3.73105454,-0.40609989,0.02556903
19.160000,0,FR_foot,3.78984284,-0.81099910,0.02030804
19.160000,0,RL_foot,3.41268682,-0.28596726,0.02027741
19.160000,0,RR_foot,3.17941308,-0.60831881,0.02453203
19.180000,0,FL_foot,3.70601249,-0.39200968,0.02622946
19.180000,0,FR_foot,3.78954744,-0.81078529,0.02031562
19.180000,0,RL_foot,3.41228604,-0.28590083,0.02028026
19.180000,0,RR_foot,3.15195179,-0.60676003,0.02301154
19.200000,0,FL_foot,3.68779826,-0.37762016,0.02602015
19.200000,0,FR_foot,3.78914046,-0.81060952,0.02036319
19.200000,0,RL_foot,3.41185522,-0.28588563,0.02026820
19.200000,0,RR_foot,3.13425827,-0.60609502,0.01986083
19.220000,0,FL_foot,3.67550039,-0.36518955,0.02177418
19.220000,0,FR_foot,3.78837729,-0.81019902,0.02031649
19.220000,0,RL_foot,3.41153145,-0.28598630,0.02025656
19.220000,0,RR_foot,3.13288951,-0.60685748,0.02014367
19.240000,0,FL_foot,3.67407131,-0.36220750,0.02011346
19.240000,0,FR_foot,3.78808069,-0.80990583,0.02034348
19.240000,0,RL_foot,3.40540791,-0.29095447,0.02496874
19.240000,0,RR_foot,3.13231683,-0.60745513,0.02017446
19.260000,0,FL_foot,3.67381358,-0.36196890,0.02018653
19.260000,0,FR_foot,3.78737402,-0.80881888,0.02033634
19.260000,0,RL_foot,3.39692402,-0.30659270,0.03587862
19.260000,0,RR_foot,3.13201690,-0.60751468,0.02014523
19.280000,0,FL_foot,3.67352700,-0.36172235,0.02019766
19.280000,0,FR_foot,3.78597760,-0.80665475,0.02033876
19.280000,0,RL_foot,3.39050341,-0.32840338,0.05224906
19.280000,0,RR_foot,3.13173103,-0.60757005,0.02015678
19.300000,0,FL_foot,3.67326117,-0.36150587,0.02020846
19.300000,0,FR_foot,3.78498983,-0.80531394,0.02034227
19.300000,0,RL_foot,3.38524103,-0.34823334,0.07067385
19.300000,0,RR_foot,3.13144636,-0.60761219,0.02016190
19.320000,0,FL_foot,3.67301393,-0.36131260,0.02021503
19.320000,0,FR_foot,3.78486371,-0.80505556,0.02034518
19.320000,0,RL_foot,3.37982154,-0.36147711,0.08651140
19.320000,0,RR_foot,3.13118720,-0.60764652,0.02016562
19.340000,0,FL_foot,3.67278171,-0.36115655,0.02022292
19.340000,0,FR_foot,3.78472638,-0.80482483,0.02035334
19.340000,0,RL_foot,3.37397671,-0.36805114,0.09723862
19.340000,0,RR_foot,3.13093376,-0.60769308,0.02016176
19.360000,0,FL_foot,3.67257786,-0.36104321,0.02022852
19.360000,0,FR_foot,3.78442979,-0.80447179,0.02035492
19.360000,0,RL_foot,3.36765504,-0.36993828,0.10340768
19.360000,0,RR_foot,3.13067603,-0.60774636,0.02016117
19.380000,0,FL_foot,3.67236447,-0.36093715,0.02023428
19.380000,0,FR_foot,3.78357220,-0.80338234,0.02035530
19.380000,0,RL_foot,3.36072087,-0.36913696,0.10674251
19.380000,0,RR_foot,3.13042855,-0.60779482,0.02016626
19.400000,0,FL_foot,3.67214417,-0.36085245,0.02023720
19.400000,0,FR_foot,3.78186679,-0.80101830,0.02035649
19.400000,0,RL_foot,3.35307884,-0.36706871,0.10877795
19.400000,0,RR_foot,3.13016701,-0.60785657,0.02016749
19.420000,0,FL_foot,3.67193818,-0.36079282,0.02023625
19.420000,0,FR_foot,3.77928615,-0.79737955,0.02035622
19.420000,0,RL_foot,3.34483957,-0.36460772,0.11046740
19.420000,0,RR_foot,3.12989759,-0.60791439,0.02016572
19.440000,0,FL_foot,3.67170787,-0.36072910,0.02023907
19.440000,0,FR_foot,3.77600861,-0.79300249,0.02035652
19.440000,0,RL_foot,3.33622074,-0.36213079,0.11218432
19.440000,0,RR_foot,3.12963629,-0.60795820,0.02017060
19.460000,0,FL_foot,3.67147827,-0.36067286,0.02024100
19.460000,0,FR_foot,3.77213812,-0.78826195,0.02035662
19.460000,0,RL_foot,3.32744050,-0.35971963,0.11391727
19.460000,0,RR_foot,3.12936544,-0.60800517,0.02017147
19.480000,0,FL_foot,3.67126012,-0.36063504,0.02023956
19.480000,0,FR_foot,3.76745796,-0.78332078,0.02035432
19.480000,0,RL_foot,3.31872487,-0.35754383,0.11563978
19.480000,0,RR_foot,3.12908936,-0.60804647,0.02017239
19.500000,0,FL_foot,3.67103386,-0.36058751,0.02024702
19.500000,0,FR_foot,3.76156783,-0.77821058,0.02035296
19.500000,0,RL_foot,3.31028080,-0.35587755,0.11743336
19.500000,0,RR_foot,3.12882447,-0.60807568,0.02018134
19.520000,0,FL_foot,3.67080736,-0.36054927,0.02024808
19.520000,0,FR_foot,3.75407958,-0.77287966,0.02035091
19.520000,0,RL_foot,3.30222964,-0.35491252,0.11936169
19.520000,0,RR_foot,3.12854528,-0.60810643,0.02018846
19.540000,0,FL_foot,3.67059112,-0.36052620,0.02024884
19.540000,0,FR_foot,3.74482441,-0.76759595,0.02034420
19.540000,0,RL_foot,3.29453969,-0.35465556,0.12147081
19.540000,0,RR_foot,3.12825394,-0.60812718,0.02019098
19.560000,0,FL_foot,3.67036200,-0.36049742,0.02025824
19.560000,0,FR_foot,3.73411465,-0.76285261,0.02033895
19.560000,0,RL_foot,3.28719854,-0.35485518,0.12359376
19.560000,0,RR_foot,3.12796640,-0.60813957,0.02020162
19.580000,0,FL_foot,3.67012596,-0.36047873,0.02025269
19.580000,0,FR_foot,3.72265744,-0.75898099,0.02033316
19.580000,0,RL_foot,3.28023839,-0.35505193,0.12526058
19.580000,0,RR_foot,3.12765622,-0.60813856,0.02019794
19.600000,0,FL_foot,3.66989255,-0.36047292,0.02025454
19.600000,0,FR_foot,3.71116376,-0.75609428,0.02032906
19.600000,0,RL_foot,3.27356935,-0.35489157,0.12620875
19.600000,0,RR_foot,3.12734270,-0.60813040,0.02019612
19.620000,0,FL_foot,3.66964507,-0.36045253,0.02025779
19.620000,0,FR_foot,3.70016789,-0.75412637,0.02032658
19.620000,0,RL_foot,3.26710486,-0.35418087,0.12630646
19.620000,0,RR_foot,3.12704039,-0.60810506,0.02020031
19.640000,0,FL_foot,3.66939163,-0.36043182,0.02025508
19.640000,0,FR_foot,3.68989038,-0.75286752,0.02032355
19.640000,0,RL_foot,3.26078033,-0.35286456,0.12550822
19.640000,0,RR_foot,3.12672567,-0.60807353,0.02019726
19.660000,0,FL_foot,3.66913772,-0.36042023,0.02025362
19.660000,0,FR_foot,3.68028402,-0.75211936,0.02032077
19.660000,0,RL_foot,3.25450349,-0.35098347,0.12391743
19.660000,0,RR_foot,3.12642002,-0.60803473,0.02019616
19.680000,0,FL_foot,3.66887712,-0.36038336,0.02025809
19.680000,0,FR_foot,3.67119002,-0.75175065,0.02031638
19.680000,0,RL_foot,3.24822426,-0.34856024,0.12160851
19.680000,0,RR_foot,3.12612939,-0.60797065,0.02020081
19.700000,0,FL_foot,3.66861510,-0.36034536,0.02025834
19.700000,0,FR_foot,3.66239786,-0.75163686,0.02031563
19.700000,0,RL_foot,3.24194193,-0.34562099,0.11859380
19.700000,0,RR_foot,3.12583280,-0.60790688,0.02020066
19.720000,0,FL_foot,3.66835117,-0.36031857,0.02025723
19.720000,0,FR_foot,3.65366364,-0.75167257,0.02031548
19.720000,0,RL_foot,3.23563576,-0.34216568,0.11489925
19.720000,0,RR_foot,3.12554121,-0.60783017,0.02020127
19.740000,0,FL_foot,3.66808891,-0.36026880,0.02026245
19.740000,0,FR_foot,3.64477611,-0.75175083,0.02031149
19.740000,0,RL_foot,3.22928333,-0.33808976,0.11045787
19.740000,0,RR_foot,3.12526894,-0.60772091,0.02020543
19.760000,0,FL_foot,3.66782689,-0.36022177,0.02026418
19.760000,0,FR_foot,3.63558960,-0.75175482,0.02030973
19.760000,0,RL_foot,3.22282791,-0.33311769,0.10499278
19.760000,0,RR_foot,3.12498879,-0.60761499,0.02020722
19.780000,0,FL_foot,3.66756392,-0.36019343,0.02026351
19.780000,0,FR_foot,3.62587953,-0.75144410,0.02030660
19.780000,0,RL_foot,3.21601963,-0.32638216,0.09771236
19.780000,0,RR_foot,3.12471414,-0.60749483,0.02020798
19.800000,0,FL_foot,3.66730857,-0.36014730,0.02026944
19.800000,0,FR_foot,3.61521149,-0.75030988,0.02029796
19.800000,0,RL_foot,3.20827508,-0.31570521,0.08684670
19.800000,0,RR_foot,3.12446094,-0.60733658,0.02021329
19.820000,0,FL_foot,3.66705465,-0.36011544,0.02027440
19.820000,0,FR_foot,3.60325956,-0.74819171,0.02029378
19.820000,0,RL_foot,3.19920969,-0.29858428,0.07128747
19.820000,0,RR_foot,3.12418842,-0.60721165,0.02022115
19.840000,0,FL_foot,3.66679120,-0.36010957,0.02027511
19.840000,0,FR_foot,3.58973861,-0.74568462,0.02028418
19.840000,0,RL_foot,3.18877864,-0.27340734,0.05219169
19.840000,0,RR_foot,3.12390804,-0.60707414,0.02022494
19.860000,0,FL_foot,3.66652060,-0.36005983,0.02027963
19.860000,0,FR_foot,3.57420444,-0.74374515,0.02027614
19.860000,0,RL_foot,3.17737389,-0.24766904,0.03632487
19.860000,0,RR_foot,3.12362957,-0.60688585,0.02022923
19.880000,0,FL_foot,3.66622043,-0.35997248,0.02027957
19.880000,0,FR_foot,3.55795503,-0.74351114,0.02027002
19.880000,0,RL_foot,3.16724086,-0.22912303,0.02555341
19.880000,0,RR_foot,3.12332511,-0.60667509,0.02022452
19.900000,0,FL_foot,3.66275835,-0.35700423,0.02061979
19.900000,0,FR_foot,3.54376459,-0.74470991,0.02026690
19.900000,0,RL_foot,3.16189146,-0.21802573,0.02028620
19.900000,0,RR_foot,3.12234068,-0.60618967,0.02027336
19.920000,0,FL_foot,3.65523219,-0.35594454,0.02029117
19.920000,0,FR_foot,3.54214478,-0.74470353,0.02026040
19.920000,0,RL_foot,3.16168165,-0.21788211,0.02025851
19.920000,0,RR_foot,3.11382723,-0.60007423,0.02078284
19.940000,0,FL_foot,3.63855386,-0.36022490,0.02085219
19.940000,0,FR_foot,3.54203773,-0.74449980,0.02026987
19.940000,0,RL_foot,3.16145635,-0.21778537,0.02026461
19.940000,0,RR_foot,3.09965634,-0.58950323,0.02288656
19.960000,0,FL_foot,3.61129236,-0.36265758,0.02143591
19.960000,0,FR_foot,3.54191518,-0.74430734,0.02027130
19.960000,0,RL_foot,3.16123390,-0.21770990,0.02025598
19.960000,0,RR_foot,3.07758331,-0.57743067,0.02538589
19.980000,0,FL_foot,3.57966018,-0.35966626,0.02179150
19.980000,0,FR_foot,3.54179621,-0.74409276,0.02028164
19.980000,0,RL_foot,3.16102123,-0.21763678,0.02027649
19.980000,0,RR_foot,3.04786015,-0.56709039,0.02696659
20.000000,0,FL_foot,3.54689932,-0.35182300,0.02205272
20.000000,0,FR_foot,3.54164648,-0.74386930,0.02028843
20.000000,0,RL_foot,3.16076899,-0.21755834,0.02027531
20.000000,0,RR_foot,3.01327682,-0.55920380,0.02768117
20.020000,0,FL_foot,3.52695179,-0.33760649,0.02025259
20.020000,0,FR_foot,3.54144883,-0.74364889,0.02029406
20.020000,0,RL_foot,3.16044021,-0.21742733,0.02024812
20.020000,0,RR_foot,2.97851658,-0.55731368,0.02519889
20.040000,0,FL_foot,3.50378656,-0.32725242,0.02205592
20.040000,0,FR_foot,3.54128027,-0.74343640,0.02029318
20.040000,0,RL_foot,3.16015077,-0.21731666,0.02028087
20.040000,0,RR_foot,2.95307040,-0.55220211,0.02346700
20.060000,0,FL_foot,3.47838664,-0.31568292,0.02380382
20.060000,0,FR_foot,3.54102898,-0.74325603,0.02030015
20.060000,0,RL_foot,3.15980792,-0.21720167,0.02027887
20.060000,0,RR_foot,2.93316340,-0.54924840,0.02141902
20.080000,0,FL_foot,3.45651722,-0.30335614,0.02419154
20.080000,0,FR_foot,3.54075217,-0.74307954,0.02031600
20.080000,0,RL_foot,3.15945911,-0.21714731,0.02028369
20.080000,0,RR_foot,2.92123723,-0.54724425,0.02016408
20.100000,0,FL_foot,3.44094205,-0.29110906,0.02211785
20.100000,0,FR_foot,3.54056048,-0.74287701,0.02031340
20.100000,0,RL_foot,3.15915799,-0.21720378,0.02026390
20.100000,0,RR_foot,2.91709375,-0.54756004,0.02016672
20.120000,0,FL_foot,3.43753219,-0.28650406,0.02020409
20.120000,0,FR_foot,3.53995514,-0.74248075,0.02032194
20.120000,0,RL_foot,3.15719652,-0.21788844,0.02189662
20.120000,0,RR_foot,2.91676211,-0.54756647,0.02016321
20.140000,0,FL_foot,3.43727589,-0.28629962,0.02019768
20.140000,0,FR_foot,3.53950572,-0.74204069,0.02033142
20.140000,0,RL_foot,3.15158367,-0.23216999,0.03124106
20.140000,0,RR_foot,2.91649675,-0.54758340,0.02015528
20.160000,0,FL_foot,3.43702197,-0.28610048,0.02020166
20.160000,0,FR_foot,3.53836751,-0.74034768,0.02032925
20.160000,0,RL_foot,3.14725614,-0.25691280,0.04806976
20.160000,0,RR_foot,2.91623974,-0.54758179,0.02015899
20.180000,0,FL_foot,3.43676138,-0.28590876,0.02020624
20.180000,0,FR_foot,3.53753376,-0.73928702,0.02033350
20.180000,0,RL_foot,3.14388704,-0.28051627,0.06837053
20.180000,0,RR_foot,2.91598725,-0.54759985,0.02016455
20.200000,0,FL_foot,3.43651438,-0.28575903,0.02019263
20.200000,0,FR_foot,3.53452730,-0.73778462,0.02032645
20.200000,0,RL_foot,3.13927388,-0.29593989,0.08433504
20.200000,0,RR_foot,2.91574240,-0.54761326,0.02015166
20.220000,0,FL_foot,3.43635774,-0.28564006,0.02021682
20.220000,0,FR_foot,3.53446460,-0.73759967,0.02032089
20.220000,0,RL_foot,3.13534665,-0.30417681,0.09564921
20.220000,0,RR_foot,2.91556549,-0.54765940,0.02018731
20.240000,0,FL_foot,3.43616939,-0.28553236,0.02022176
20.240000,0,FR_foot,3.53432465,-0.73742998,0.02032799
20.240000,0,RL_foot,3.13040662,-0.30739126,0.10294668
20.240000,0,RR_foot,2.91535473,-0.54765528,0.02017343
20.260000,0,FL_foot,3.43597054,-0.28543952,0.02022435
20.260000,0,FR_foot,3.53416514,-0.73726565,0.02033645
20.260000,0,RL_foot,3.12436199,-0.30712309,0.10686548
20.260000,0,RR_foot,2.91512728,-0.54767060,0.02016774
20.280000,0,FL_foot,3.43577933,-0.28536198,0.02022550
20.280000,0,FR_foot,3.53399611,-0.73709857,0.02034624
20.280000,0,RL_foot,3.11729026,-0.30481380,0.10876194
20.280000,0,RR_foot,2.91489053,-0.54769140,0.02016408
20.300000,0,FL_foot,3.43551874,-0.28529015,0.02020685
20.300000,0,FR_foot,3.53087687,-0.73477328,0.02033947
20.300000,0,RL_foot,3.11120319,-0.30054113,0.10626873
20.300000,0,RR_foot,2.91464615,-0.54768580,0.02015221
20.320000,0,FL_foot,3.43536425,-0.28521731,0.02023615
20.320000,0,FR_foot,3.52953625,-0.73338282,0.02035088
20.320000,0,RL_foot,3.10436296,-0.29808900,0.10698270
20.320000,0,RR_foot,2.91447186,-0.54775107,0.02018385
20.340000,0,FL_foot,3.43519092,-0.28516495,0.02023391
20.340000,0,FR_foot,3.52854586,-0.73182726,0.02034847
20.340000,0,RL_foot,3.09670329,-0.29605922,0.10900885
20.340000,0,RR_foot,2.91425705,-0.54775763,0.02017744
20.360000,0,FL_foot,3.43499732,-0.28512177,0.02023100
20.360000,0,FR_foot,3.52708817,-0.72970110,0.02034828
20.360000,0,RL_foot,3.08877850,-0.29432592,0.11141167
20.360000,0,RR_foot,2.91404223,-0.54776549,0.02017215
20.380000,0,FL_foot,3.43480277,-0.28508264,0.02023640
20.380000,0,FR_foot,3.52502298,-0.72674102,0.02035022
20.380000,0,RL_foot,3.08095026,-0.29290211,0.11398394
20.380000,0,RR_foot,2.91383362,-0.54776269,0.02017726
20.400000,0,FL_foot,3.43462110,-0.28505981,0.02023739
20.400000,0,FR_foot,3.52222586,-0.72305822,0.02034997
20.400000,0,RL_foot,3.07337523,-0.29172513,0.11651391
20.400000,0,RR_foot,2.91361022,-0.54777396,0.02018296
20.420000,0,FL_foot,3.43441892,-0.28503609,0.02023557
20.420000,0,FR_foot,3.51842928,-0.71888322,0.02034900
20.420000,0,RL_foot,3.06611729,-0.29081702,0.11889519
20.420000,0,RR_foot,2.91337991,-0.54777974,0.02018126
20.440000,0,FL_foot,3.43421984,-0.28501460,0.02024326
20.440000,0,FR_foot,3.51328444,-0.71424580,0.02034767
20.440000,0,RL_foot,3.05919313,-0.29025435,0.12115280
20.440000,0,RR_foot,2.91315699,-0.54777551,0.02019150
20.460000,0,FL_foot,3.43403149,-0.28500319,0.02024475
20.460000,0,FR_foot,3.50656819,-0.70933247,0.02034486
20.460000,0,RL_foot,3.05257916,-0.29004115,0.12325728
20.460000,0,RR_foot,2.91290951,-0.54777992,0.02020045
20.480000,0,FL_foot,3.43379831,-0.28500661,0.02023370
20.480000,0,FR_foot,3.49245095,-0.70355940,0.02031666
20.480000,0,RL_foot,3.04698181,-0.29053476,0.12317171
20.480000,0,RR_foot,2.91263437,-0.54778820,0.02019775
20.500000,0,FL_foot,3.43365526,-0.28502598,0.02023986
20.500000,0,FR_foot,3.47365713,-0.70131743,0.02029861
20.500000,0,RL_foot,3.04298878,-0.29236481,0.12247926
20.500000,0,RR_foot,2.91237998,-0.54778099,0.02020692
20.520000,0,FL_foot,3.43356085,-0.28504488,0.02024728
20.520000,0,FR_foot,3.46134996,-0.70347559,0.02030753
20.520000,0,RL_foot,3.04031610,-0.29345199,0.12237799
20.520000,0,RR_foot,2.91216159,-0.54772413,0.02020585
20.540000,0,FL_foot,3.43340135,-0.28503737,0.02024317
20.540000,0,FR_foot,3.45439768,-0.70435357,0.02031573
20.540000,0,RL_foot,3.03654146,-0.29267868,0.12256457
20.540000,0,RR_foot,2.91195512,-0.54763675,0.02019566
20.560000,0,FL_foot,3.43321490,-0.28500143,0.02024728
20.560000,0,FR_foot,3.45020628,-0.70395130,0.02031659
20.560000,0,RL_foot,3.03177190,-0.29063016,0.12232362
20.560000,0,RR_foot,2.91176939,-0.54753393,0.02019935
20.580000,0,FL_foot,3.43301225,-0.28494832,0.02024766
20.580000,0,FR_foot,3.44691777,-0.70304871,0.02031685
20.580000,0,RL_foot,3.02662897,-0.28796643,0.12134908
20.580000,0,RR_foot,2.91156960,-0.54745865,0.02020326
20.600000,0,FL_foot,3.43280530,-0.28488919,0.02024580
20.600000,0,FR_foot,3.44322395,-0.70173466,0.02031623
20.600000,0,RL_foot,3.02131724,-0.28506979,0.11978944
20.600000,0,RR_foot,2.91136718,-0.54738504,0.02019973
20.620000,0,FL_foot,3.43257856,-0.28483403,0.02024440
20.620000,0,FR_foot,3.43275619,-0.69999355,0.02031000
20.620000,0,RL_foot,3.01652503,-0.28265771,0.11635403
20.620000,0,RR_foot,2.91114879,-0.54732656,0.02021105
20.640000,0,FL_foot,3.43243146,-0.28480330,0.02024468
20.640000,0,FR_foot,3.41842222,-0.70160353,0.02029572
20.640000,0,RL_foot,3.01341152,-0.28055823,0.11103576
20.640000,0,RR_foot,2.91093731,-0.54727119,0.02020819
20.660000,0,FL_foot,3.43233991,-0.28478262,0.02024741
20.660000,0,FR_foot,3.40382338,-0.70479518,0.02049245
20.660000,0,RL_foot,3.01111531,-0.27533063,0.10136458
20.660000,0,RR_foot,2.91075182,-0.54720426,0.02020184
20.680000,0,FL_foot,3.43226171,-0.28479105,0.02024754
20.680000,0,FR_foot,3.38971114,-0.70760107,0.02084856
20.680000,0,RL_foot,3.00832200,-0.26443416,0.08614947
20.680000,0,RR_foot,2.91059017,-0.54713732,0.02020381
20.700000,0,FL_foot,3.43219924,-0.28482068,0.02025027
20.700000,0,FR_foot,3.37608218,-0.70922118,0.02129866
20.700000,0,RL_foot,3.00399280,-0.24520767,0.06541500
20.700000,0,RR_foot,2.91044641,-0.54708070,0.02020856
20.720000,0,FL_foot,3.43214583,-0.28484100,0.02025554
20.720000,0,FR_foot,3.36312270,-0.71049118,0.02198240
20.720000,0,RL_foot,2.99714208,-0.21709563,0.04271107
20.720000,0,RR_foot,2.91029954,-0.54703552,0.02021494
20.740000,0,FL_foot,3.43206310,-0.28482085,0.02025567
20.740000,0,FR_foot,3.35340786,-0.71263921,0.02146370
20.740000,0,RL_foot,2.99202943,-0.19981240,0.03274043
20.740000,0,RR_foot,2.91018534,-0.54692698,0.02021563
20.760000,0,FL_foot,3.43187594,-0.28477407,0.02026196
20.760000,0,FR_foot,3.34727931,-0.71238089,0.02027521
20.760000,0,RL_foot,2.98911452,-0.18838458,0.02840894
20.760000,0,RR_foot,2.91003466,-0.54680377,0.02023146
20.780000,0,FL_foot,3.43166566,-0.28474766,0.02025509
20.780000,0,FR_foot,3.34580708,-0.71166658,0.02027445
20.780000,0,RL_foot,2.98616552,-0.17851204,0.02469654
20.780000,0,RR_foot,2.90984607,-0.54666275,0.02021461
20.800000,0,FL_foot,3.43140483,-0.28467980,0.02025702
20.800000,0,FR_foot,3.34352589,-0.71063346,0.02027585
20.800000,0,RL_foot,2.98213720,-0.16954739,0.02130503
20.800000,0,RR_foot,2.90964508,-0.54652005,0.02021073
20.820000,0,FL_foot,3.43111491,-0.28458941,0.02027118
20.820000,0,FR_foot,3.34233880,-0.71013826,0.02028166
20.820000,0,RL_foot,2.98023582,-0.16696900,0.02024871
20.820000,0,RR_foot,2.90939975,-0.54640996,0.02024309
20.840000,0,FL_foot,3.42831111,-0.28507918,0.02027544
20.840000,0,FR_foot,3.34216118,-0.71000421,0.02028382
20.840000,0,RL_foot,2.97998953,-0.16691002,0.02025837
20.840000,0,RR_foot,2.90916252,-0.54629755,0.02024220
20.860000,0,FL_foot,3.41892648,-0.28896970,0.02119532
20.860000,0,FR_foot,3.34201384,-0.70988399,0.02028172
20.860000,0,RL_foot,2.97975826,-0.16692714,0.02026313
20.860000,0,RR_foot,2.90444231,-0.54091722,0.02134425
20.880000,0,FL_foot,3.40084052,-0.29482934,0.02286452
20.880000,0,FR_foot,3.34188151,-0.70976818,0.02028083
20.880000,0,RL_foot,2.97952938,-0.16697095,0.02026621
20.880000,0,RR_foot,2.89085150,-0.53114825,0.02324596
20.900000,0,FL_foot,3.37475562,-0.29750365,0.02465778
20.900000,0,FR_foot,3.34175134,-0.70964116,0.02027974
20.900000,0,RL_foot,2.97930121,-0.16701527,0.02025801
20.900000,0,RR_foot,2.86640096,-0.52169448,0.02400132
20.920000,0,FL_foot,3.34408188,-0.29437450,0.02602539
20.920000,0,FR_foot,3.34156871,-0.70952863,0.02029093
20.920000,0,RL_foot,2.97907138,-0.16707520,0.02027060
20.920000,0,RR_foot,2.83249426,-0.51468813,0.02318291
20.940000,0,FL_foot,3.31289005,-0.28716937,0.02722601
20.940000,0,FR_foot,3.34137201,-0.70941019,0.02030039
20.940000,0,RL_foot,2.97880197,-0.16712482,0.02027150
20.940000,0,RR_foot,2.79452109,-0.50943065,0.02235459
20.960000,0,FL_foot,3.28423882,-0.27712438,0.02813716
20.960000,0,FR_foot,3.34114313,-0.70928979,0.02030600
20.960000,0,RL_foot,2.97849560,-0.16717885,0.02026761
20.960000,0,RR_foot,2.75851440,-0.50631064,0.02183669
20.980000,0,FL_foot,3.25994301,-0.26422116,0.02847742
20.980000,0,FR_foot,3.34084582,-0.70920235,0.02031356
20.980000,0,RL_foot,2.97815204,-0.16724180,0.02027717
20.980000,0,RR_foot,2.72831368,-0.50639886,0.02052550
21.000000,0,FL_foot,3.24157000,-0.25036335,0.02689135
21.000000,0,FR_foot,3.34054446,-0.70912063,0.02032267
21.000000,0,RL_foot,2.97782350,-0.16735597,0.02027607
21.000000,0,RR_foot,2.71536756,-0.50569957,0.02015105
21.020000,0,FL_foot,3.23142862,-0.23834321,0.02316840
21.020000,0,FR_foot,3.34030414,-0.70902300,0.02031726
21.020000,0,RL_foot,2.97755504,-0.16753076,0.02025841
21.020000,0,RR_foot,2.71438408,-0.50579733,0.02015794
21.040000,0,FL_foot,3.23026109,-0.23511159,0.02022625
21.040000,0,FR_foot,3.33987093,-0.70885009,0.02032333
21.040000,0,RL_foot,2.97035217,-0.17906860,0.02509361
21.040000,0,RR_foot,2.71400833,-0.50578368,0.02014543
21.060000,0,FL_foot,3.22998261,-0.23495089,0.02018318
21.060000,0,FR_foot,3.33922267,-0.70806777,0.02033176
21.060000,0,RL_foot,2.96088409,-0.20240644,0.03887811
21.060000,0,RR_foot,2.71369243,-0.50618672,0.02014431
21.080000,0,FL_foot,3.22972775,-0.23479444,0.02019254
21.080000,0,FR_foot,3.33831215,-0.70673847,0.02033571
21.080000,0,RL_foot,2.95293522,-0.23096801,0.05993529
21.080000,0,RR_foot,2.71341491,-0.50621223,0.02015465
21.100000,0,FL_foot,3.22948790,-0.23465626,0.02019722
21.100000,0,FR_foot,3.33812571,-0.70649904,0.02033942
21.100000,0,RL_foot,2.94615984,-0.25313944,0.08159488
21.100000,0,RR_foot,2.71315575,-0.50626951,0.02016238
21.120000,0,FL_foot,3.22927165,-0.23455299,0.02020098
21.120000,0,FR_foot,3.33797979,-0.70634520,0.02033610
21.120000,0,RL_foot,2.93931150,-0.26609924,0.09822188
21.120000,0,RR_foot,2.71289587,-0.50632316,0.02016030
21.140000,0,FL_foot,3.22908187,-0.23447946,0.02020903
21.140000,0,FR_foot,3.33781505,-0.70620692,0.02034269
21.140000,0,RL_foot,2.93237662,-0.27167177,0.10833485
21.140000,0,RR_foot,2.71264553,-0.50635952,0.02016164
21.160000,0,FL_foot,3.22888422,-0.23441388,0.02021151
21.160000,0,FR_foot,3.33764696,-0.70607114,0.02034968
21.160000,0,RL_foot,2.92522526,-0.27243841,0.11326613
21.160000,0,RR_foot,2.71239257,-0.50642765,0.02016312
21.180000,0,FL_foot,3.22868371,-0.23435470,0.02021429
21.180000,0,FR_foot,3.33746743,-0.70593899,0.02036095
21.180000,0,RL_foot,2.91754913,-0.27032879,0.11504002
21.180000,0,RR_foot,2.71213889,-0.50649333,0.02015831
21.200000,0,FL_foot,3.22850442,-0.23430027,0.02021936
21.200000,0,FR_foot,3.33688784,-0.70526099,0.02035498
21.200000,0,RL_foot,2.90925360,-0.26692396,0.11550191
21.200000,0,RR_foot,2.71190095,-0.50653738,0.02016504
21.220000,0,FL_foot,3.22830987,-0.23425847,0.02021945
21.220000,0,FR_foot,3.33549595,-0.70328754,0.02035680
21.220000,0,RL_foot,2.90047121,-0.26349717,0.11602240
21.220000,0,RR_foot,2.71165562,-0.50659335,0.02017280
21.240000,0,FL_foot,3.22812271,-0.23422244,0.02021838
21.240000,0,FR_foot,3.33329487,-0.69999295,0.02035637
21.240000,0,RL_foot,2.89151144,-0.26060319,0.11715779
21.240000,0,RR_foot,2.71141052,-0.50663084,0.02016539
21.260000,0,FL_foot,3.22793818,-0.23419730,0.02022411
21.260000,0,FR_foot,3.33046913,-0.69585335,0.02035740
21.260000,0,RL_foot,2.88263869,-0.25825143,0.11887313
21.260000,0,RR_foot,2.71117902,-0.50664473,0.02017651
21.280000,0,FL_foot,3.22775459,-0.23416582,0.02022488
21.280000,0,FR_foot,3.32718730,-0.69135624,0.02035881
21.280000,0,RL_foot,2.87410593,-0.25626707,0.12086540
21.280000,0,RR_foot,2.71094227,-0.50665963,0.02018121
21.300000,0,FL_foot,3.22757125,-0.23414017,0.02022128
21.300000,0,FR_foot,3.32348347,-0.68676764,0.02035526
21.300000,0,RL_foot,2.86605453,-0.25450236,0.12287726
21.300000,0,RR_foot,2.71070576,-0.50666046,0.02017376
21.320000,0,FL_foot,3.22738600,-0.23411350,0.02022751
21.320000,0,FR_foot,3.31901050,-0.68208116,0.02035671
21.320000,0,RL_foot,2.85857677,-0.25294062,0.12469824
21.320000,0,RR_foot,2.71048522,-0.50664252,0.02018819
21.340000,0,FL_foot,3.22721624,-0.23408794,0.02023002
21.340000,0,FR_foot,3.31332016,-0.67705286,0.02035505
21.340000,0,RL_foot,2.85163569,-0.25172573,0.12637506
21.340000,0,RR_foot,2.71025014,-0.50663066,0.02019705
21.360000,0,FL_foot,3.22703242,-0.23405530,0.02022808
21.360000,0,FR_foot,3.30616331,-0.67177647,0.02034837
21.360000,0,RL_foot,2.84508753,-0.25094911,0.12805778
21.360000,0,RR_foot,2.71001339,-0.50660282,0.02019291
21.380000,0,FL_foot,3.22684383,-0.23401272,0.02023418
21.380000,0,FR_foot,3.29739761,-0.66645622,0.02034574
21.380000,0,RL_foot,2.83883643,-0.25054446,0.12973005
21.380000,0,RR_foot,2.70977974,-0.50656480,0.02021064
21.400000,0,FL_foot,3.22665000,-0.23396884,0.02023466
21.400000,0,FR_foot,3.28717971,-0.66138250,0.02033797
21.400000,0,RL_foot,2.83287287,-0.25030604,0.13116616
21.400000,0,RR_foot,2.70952892,-0.50651616,0.02021330
21.420000,0,FL_foot,3.22644877,-0.23391761,0.02022982
21.420000,0,FR_foot,3.27590704,-0.65686798,0.02033133
21.420000,0,RL_foot,2.82715297,-0.24998309,0.13214868
21.420000,0,RR_foot,2.70927405,-0.50644892,0.02020332
21.440000,0,FL_foot,3.22625470,-0.23385903,0.02023743
21.440000,0,FR_foot,3.26407051,-0.65310973,0.02032748
21.440000,0,RL_foot,2.82164598,-0.24926808,0.13240263
21.440000,0,RR_foot,2.70902514,-0.50636971,0.02022004
21.460000,0,FL_foot,3.22604060,-0.23378789,0.02023733
21.460000,0,FR_foot,3.25235629,-0.65022290,0.02032239
21.460000,0,RL_foot,2.81631041,-0.24792939,0.13170904
21.460000,0,RR_foot,2.70876598,-0.50627375,0.02021929
21.480000,0,FL_foot,3.22582245,-0.23370363,0.02023404
21.480000,0,FR_foot,3.24122190,-0.64815110,0.02031758
21.480000,0,RL_foot,2.81103182,-0.24587335,0.13006613
21.480000,0,RR_foot,2.70851326,-0.50616097,0.02020755
21.500000,0,FL_foot,3.22560644,-0.23361503,0.02024017
21.500000,0,FR_foot,3.23079395,-0.64673787,0.02031413
21.500000,0,RL_foot,2.80573010,-0.24306524,0.12751028
21.500000,0,RR_foot,2.70827603,-0.50602108,0.02021700
21.520000,0,FL_foot,3.22537589,-0.23350847,0.02024118
21.520000,0,FR_foot,3.22104383,-0.64582050,0.02031023
21.520000,0,RL_foot,2.80035758,-0.23955043,0.12411615
21.520000,0,RR_foot,2.70803142,-0.50587690,0.02021755
21.540000,0,FL_foot,3.22514153,-0.23339236,0.02023988
21.540000,0,FR_foot,3.21176529,-0.64521223,0.02030750
21.540000,0,RL_foot,2.79486632,-0.23534548,0.11992426
21.540000,0,RR_foot,2.70779371,-0.50571656,0.02021030
21.560000,0,FL_foot,3.22490382,-0.23327830,0.02024463
21.560000,0,FR_foot,3.20260620,-0.64474857,0.02030435
21.560000,0,RL_foot,2.78920817,-0.23034391,0.11481798
21.560000,0,RR_foot,2.70757031,-0.50552440,0.02022022
21.580000,0,FL_foot,3.22465897,-0.23315008,0.02024704
21.580000,0,FR_foot,3.19329381,-0.64428389,0.02030190
21.580000,0,RL_foot,2.78332996,-0.22428194,0.10851257
21.580000,0,RR_foot,2.70733619,-0.50533825,0.02022234
21.600000,0,FL_foot,3.22441173,-0.23302117,0.02024807
21.600000,0,FR_foot,3.18349314,-0.64355481,0.02029854
21.600000,0,RL_foot,2.77701259,-0.21618447,0.10004341
21.600000,0,RR_foot,2.70710397,-0.50514126,0.02021899
21.620000,0,FL_foot,3.22416306,-0.23291284,0.02025336
21.620000,0,FR_foot,3.17277503,-0.64213204,0.02029420
21.620000,0,RL_foot,2.76956201,-0.20374514,0.08760577
21.620000,0,RR_foot,2.70688581,-0.50490814,0.02022852
21.640000,0,FL_foot,3.22391272,-0.23279586,0.02025802
21.640000,0,FR_foot,3.16058874,-0.63957614,0.02028861
21.640000,0,RL_foot,2.76050687,-0.18448545,0.07043799
21.640000,0,RR_foot,2.70664525,-0.50471407,0.02023434
21.660000,0,FL_foot,3.22364712,-0.23268504,0.02026069
21.660000,0,FR_foot,3.14665794,-0.63671851,0.02028160
21.660000,0,RL_foot,2.74990153,-0.15777753,0.05062414
21.660000,0,RR_foot,2.70638943,-0.50451177,0.02023413
21.680000,0,FL_foot,3.22335839,-0.23256575,0.02026387
21.680000,0,FR_foot,3.13038993,-0.63469046,0.02027371
21.680000,0,RL_foot,2.73822403,-0.13223204,0.03496449
21.680000,0,RR_foot,2.70612550,-0.50426310,0.02024036
21.700000,0,FL_foot,3.22304440,-0.23240310,0.02026347
21.700000,0,FR_foot,3.11344123,-0.63490707,0.02028157
21.700000,0,RL_foot,2.72793913,-0.11442497,0.02422351
21.700000,0,RR_foot,2.70583940,-0.50399727,0.02023559
21.720000,0,FL_foot,3.22163582,-0.23046963,0.02073296
21.720000,0,FR_foot,3.10300899,-0.63554883,0.02027323
21.720000,0,RL_foot,2.72385812,-0.10715666,0.02026575
21.720000,0,RR_foot,2.70527720,-0.50349182,0.02028144
21.740000,0,FL_foot,3.21443367,-0.22910935,0.02030599
21.740000,0,FR_foot,3.10236740,-0.63511139,0.02027231
21.740000,0,RL_foot,2.72356939,-0.10693745,0.02025336
21.740000,0,RR_foot,2.69846797,-0.49702087,0.02035437
21.760000,0,FL_foot,3.20006418,-0.23276700,0.02038779
21.760000,0,FR_foot,3.10223603,-0.63484234,0.02026979
21.760000,0,RL_foot,2.72328782,-0.10676593,0.02025698
21.760000,0,RR_foot,2.68497109,-0.48274413,0.02227240
21.780000,0,FL_foot,3.17470574,-0.23649728,0.02063353
21.780000,0,FR_foot,3.10210228,-0.63459677,0.02027715
21.780000,0,RL_foot,2.72302914,-0.10663050,0.02027578
21.780000,0,RR_foot,2.66188264,-0.46632627,0.02451111
21.800000,0,FL_foot,3.14282179,-0.23615806,0.02111024
21.800000,0,FR_foot,3.10194445,-0.63434207,0.02028655
21.800000,0,RL_foot,2.72277021,-0.10649237,0.02027823
21.800000,0,RR_foot,2.62928057,-0.45266536,0.02545786
21.820000,0,FL_foot,3.10898042,-0.23063211,0.02160244
21.820000,0,FR_foot,3.10179949,-0.63405818,0.02029143
21.820000,0,RL_foot,2.72249269,-0.10636032,0.02027313
21.820000,0,RR_foot,2.59019995,-0.44243392,0.02519185
21.840000,0,FL_foot,3.07590508,-0.22154820,0.02230388
21.840000,0,FR_foot,3.10161567,-0.63379067,0.02030171
21.840000,0,RL_foot,2.72218251,-0.10624798,0.02027992
21.840000,0,RR_foot,2.55013776,-0.43382195,0.02521784
21.860000,0,FL_foot,3.04524159,-0.21070348,0.02329511
21.860000,0,FR_foot,3.10140491,-0.63352752,0.02031043
21.860000,0,RL_foot,2.72184777,-0.10611310,0.02028414
21.860000,0,RR_foot,2.51375222,-0.42712408,0.02554565
21.880000,0,FL_foot,3.01834226,-0.19822933,0.02405476
21.880000,0,FR_foot,3.10114694,-0.63328367,0.02031485
21.880000,0,RL_foot,2.72148800,-0.10598370,0.02028349
21.880000,0,RR_foot,2.48303962,-0.42349365,0.02518851
21.900000,0,FL_foot,2.99753141,-0.18427935,0.02405634
21.900000,0,FR_foot,3.10084701,-0.63307011,0.02032083
21.900000,0,RL_foot,2.72110009,-0.10587156,0.02028883
21.900000,0,RR_foot,2.45838618,-0.42299485,0.02333165
21.920000,0,FL_foot,2.98609281,-0.16917592,0.02214352
21.920000,0,FR_foot,3.10047841,-0.63286346,0.02034933
21.920000,0,RL_foot,2.72069025,-0.10580420,0.02027117
21.920000,0,RR_foot,2.44187617,-0.42344183,0.01991307
21.940000,0,FL_foot,2.98396063,-0.16655920,0.02024264
21.940000,0,FR_foot,3.09888268,-0.63107997,0.02033852
21.940000,0,RL_foot,2.71584439,-0.10905806,0.02408576
21.940000,0,RR_foot,2.44128346,-0.42386150,0.02018744
21.960000,0,FL_foot,2.98363352,-0.16631827,0.02019390
21.960000,0,FR_foot,3.09714818,-0.62744558,0.02033141
21.960000,0,RL_foot,2.70808721,-0.12371272,0.03506113
21.960000,0,RR_foot,2.44092059,-0.42395633,0.02015099
21.980000,0,FL_foot,2.98330712,-0.16608360,0.02019146
21.980000,0,FR_foot,3.09520197,-0.62358147,0.02033271
21.980000,0,RL_foot,2.70171857,-0.14531437,0.05213181
21.980000,0,RR_foot,2.44056797,-0.42404866,0.02015271
22.000000,0,FL_foot,2.98299909,-0.16586870,0.02019913
22.000000,0,FR_foot,3.09373999,-0.62102073,0.02033680
22.000000,0,RL_foot,2.69620585,-0.16500387,0.07114550
22.000000,0,RR_foot,2.44023132,-0.42412165,0.02015550
22.020000,0,FL_foot,2.98271894,-0.16568381,0.02020562
22.020000,0,FR_foot,3.09339786,-0.62042916,0.02034399
22.020000,0,RL_foot,2.69034791,-0.17818157,0.08730933
22.020000,0,RR_foot,2.43992567,-0.42420641,0.02015708
22.040000,0,FL_foot,2.98246288,-0.16554196,0.02021250
22.040000,0,FR_foot,3.09324718,-0.62021971,0.02034705
22.040000,0,RL_foot,2.68408704,-0.18485655,0.09823643
22.040000,0,RR_foot,2.43962622,-0.42428753,0.02015438
22.060000,0,FL_foot,2.98224163,-0.16544680,0.02022294
22.060000,0,FR_foot,3.09300685,-0.61990398,0.02035004
22.060000,0,RL_foot,2.67744684,-0.18694149,0.10450502
22.060000,0,RR_foot,2.43934178,-0.42435715,0.02015639
22.080000,0,FL_foot,2.98201346,-0.16536354,0.02022711
22.080000,0,FR_foot,3.09243941,-0.61912203,0.02035107
22.080000,0,RL_foot,2.67027926,-0.18631165,0.10777469
22.080000,0,RR_foot,2.43906069,-0.42444897,0.02015938
22.100000,0,FL_foot,2.98178887,-0.16530064,0.02022894
22.100000,0,FR_foot,3.09127235,-0.61736560,0.02035241
22.100000,0,RL_foot,2.66247487,-0.18425189,0.10949279
22.100000,0,RR_foot,2.43877602,-0.42453748,0.02015574
22.120000,0,FL_foot,2.98158693,-0.16526216,0.02023385
22.120000,0,FR_foot,3.08935237,-0.61433196,0.02035467
22.120000,0,RL_foot,2.65406537,-0.18164495,0.11070652
22.120000,0,RR_foot,2.43850136,-0.42460802,0.02016231
22.140000,0,FL_foot,2.98135567,-0.16522494,0.02023344
22.140000,0,FR_foot,3.08674812,-0.61026126,0.02035443
22.140000,0,RL_foot,2.64526010,-0.17901519,0.11197132
22.140000,0,RR_foot,2.43821859,-0.42468271,0.02016605
22.160000,0,FL_foot,2.98112941,-0.16519196,0.02023317
22.160000,0,FR_foot,3.08355331,-0.60554445,0.02035335
22.160000,0,RL_foot,2.63627195,-0.17652625,0.11340966
22.160000,0,RR_foot,2.43793488,-0.42474592,0.02016078
22.180000,0,FL_foot,2.98092031,-0.16517338,0.02023615
22.180000,0,FR_foot,3.07982516,-0.60049397,0.02035495
22.180000,0,RL_foot,2.62728429,-0.17422315,0.11500359
22.180000,0,RR_foot,2.43766785,-0.42479020,0.02016939
22.200000,0,FL_foot,2.98069477,-0.16514738,0.02023814
22.200000,0,FR_foot,3.07548428,-0.59539056,0.02035429
22.200000,0,RL_foot,2.61855698,-0.17217718,0.11663549
22.200000,0,RR_foot,2.43739367,-0.42483699,0.02017323
22.220000,0,FL_foot,2.98047447,-0.16512398,0.02023785
22.220000,0,FR_foot,3.07011962,-0.59017897,0.02035270
22.220000,0,RL_foot,2.61026335,-0.17056867,0.11825874
22.220000,0,RR_foot,2.43711996,-0.42487386,0.02016960
22.240000,0,FL_foot,2.98026848,-0.16510998,0.02024537
22.240000,0,FR_foot,3.06322622,-0.58470070,0.02035033
22.240000,0,RL_foot,2.60241318,-0.16960938,0.12001780
22.240000,0,RR_foot,2.43685722,-0.42489785,0.02018537
22.260000,0,FL_foot,2.98004985,-0.16509071,0.02024711
22.260000,0,FR_foot,3.05461836,-0.57915729,0.02034628
22.260000,0,RL_foot,2.59498286,-0.16935106,0.12197752
22.260000,0,RR_foot,2.43657637,-0.42492071,0.02019432
22.280000,0,FL_foot,2.97982979,-0.16507630,0.02024351
22.280000,0,FR_foot,3.04440236,-0.57392907,0.02033647
22.280000,0,RL_foot,2.58790970,-0.16964535,0.12405480
22.280000,0,RR_foot,2.43628955,-0.42492670,0.02018882
22.300000,0,FL_foot,2.97961593,-0.16506697,0.02025348
22.300000,0,FR_foot,3.03308368,-0.56944948,0.02033306
22.300000,0,RL_foot,2.58119464,-0.17008473,0.12589385
22.300000,0,RR_foot,2.43600726,-0.42492428,0.02020064
22.320000,0,FL_foot,2.97938514,-0.16505387,0.02025143
22.320000,0,FR_foot,3.02151942,-0.56601828,0.02032975
22.320000,0,RL_foot,2.57483649,-0.17023918,0.12705953
22.320000,0,RR_foot,2.43570495,-0.42491251,0.02020345
22.340000,0,FL_foot,2.97914886,-0.16503832,0.02024738
22.340000,0,FR_foot,3.01039839,-0.56360656,0.02032416
22.340000,0,RL_foot,2.56871152,-0.16984449,0.12736654
22.340000,0,RR_foot,2.43540502,-0.42488536,0.02019342
22.360000,0,FL_foot,2.97891426,-0.16502616,0.02025267
22.360000,0,FR_foot,3.00000286,-0.56200105,0.02032319
22.360000,0,RL_foot,2.56270123,-0.16878612,0.12676680
22.360000,0,RR_foot,2.43511987,-0.42484033,0.02019931
22.380000,0,FL_foot,2.97866869,-0.16499777,0.02025311
22.380000,0,FR_foot,2.99039268,-0.56100130,0.02031950
22.380000,0,RL_foot,2.55672908,-0.16709124,0.12532400
22.380000,0,RR_foot,2.43482614,-0.42479083,0.02019916
22.400000,0,FL_foot,2.97842312,-0.16496147,0.02025082
22.400000,0,FR_foot,2.98144221,-0.56043017,0.02031645
22.400000,0,RL_foot,2.55073786,-0.16481139,0.12312137
22.400000,0,RR_foot,2.43454075,-0.42472929,0.02019239
22.420000,0,FL_foot,2.97817540,-0.16492879,0.02025555
22.420000,0,FR_foot,2.97285509,-0.56014758,0.02031485
22.420000,0,RL_foot,2.54470134,-0.16197264,0.12019965
22.420000,0,RR_foot,2.43427253,-0.42464259,0.02020168
22.440000,0,FL_foot,2.97792315,-0.16487980,0.02025752
22.440000,0,FR_foot,2.96439719,-0.56006801,0.02031289
22.440000,0,RL_foot,2.53863001,-0.15861067,0.11658990
22.440000,0,RR_foot,2.43399596,-0.42455688,0.02020329
22.460000,0,FL_foot,2.97767138,-0.16482760,0.02025712
22.460000,0,FR_foot,2.95587516,-0.56011063,0.02031177
22.460000,0,RL_foot,2.53251433,-0.15466332,0.11223240
22.460000,0,RR_foot,2.43372560,-0.42445639,0.02019891
22.480000,0,FL_foot,2.97741818,-0.16478492,0.02026156
22.480000,0,FR_foot,2.94701982,-0.56013823,0.02030722
22.480000,0,RL_foot,2.52629256,-0.14986205,0.10686891
22.480000,0,RR_foot,2.43347359,-0.42432344,0.02020721
22.500000,0,FL_foot,2.97716808,-0.16473129,0.02026401
22.500000,0,FR_foot,2.93764067,-0.55996895,0.02030267
22.500000,0,RL_foot,2.51976132,-0.14349256,0.09982196
22.500000,0,RR_foot,2.43321133,-0.42419899,0.02020973
22.520000,0,FL_foot,2.97692037,-0.16468532,0.02026567
22.520000,0,FR_foot,2.92737103,-0.55913121,0.02030160
22.520000,0,RL_foot,2.51232624,-0.13354702,0.08937386
22.520000,0,RR_foot,2.43295097,-0.42406514,0.02020863
22.540000,0,FL_foot,2.97667146,-0.16466589,0.02027075
22.540000,0,FR_foot,2.91572332,-0.55723363,0.02029409
22.540000,0,RL_foot,2.50346422,-0.11740883,0.07416333
22.540000,0,RR_foot,2.43270969,-0.42389208,0.02021979
22.560000,0,FL_foot,2.97642612,-0.16463007,0.02027499
22.560000,0,FR_foot,2.90247440,-0.55481488,0.02028728
22.560000,0,RL_foot,2.49303699,-0.09311038,0.05497830
22.560000,0,RR_foot,2.43244028,-0.42376068,0.02022767
22.580000,0,FL_foot,2.97616029,-0.16458589,0.02027555
22.580000,0,FR_foot,2.88722658,-0.55284417,0.02027658
22.580000,0,RL_foot,2.48143888,-0.06676296,0.03817849
22.580000,0,RR_foot,2.43215680,-0.42359322,0.02022329
22.600000,0,FL_foot,2.97586870,-0.16451417,0.02027655
22.600000,0,FR_foot,2.87106514,-0.55249715,0.02026811
22.600000,0,RL_foot,2.47080636,-0.04719848,0.02682153
22.600000,0,RR_foot,2.43187141,-0.42337132,0.02022467
22.620000,0,FL_foot,2.97514749,-0.16383046,0.02043794
22.620000,0,FR_foot,2.85825324,-0.55390769,0.02025957
22.620000,0,RL_foot,2.46470022,-0.03675251,0.02011334
22.620000,0,RR_foot,2.43159986,-0.42308414,0.02018933
22.640000,0,FL_foot,2.96659136,-0.16424988,0.02043612
22.640000,0,FR_foot,2.85733914,-0.55348325,0.02026117
22.640000,0,RL_foot,2.46447897,-0.03651417,0.02023645
22.640000,0,RR_foot,2.42595983,-0.41903371,0.02026838
22.660000,0,FL_foot,2.94902802,-0.16859876,0.02074137
22.660000,0,FR_foot,2.85718799,-0.55324191,0.02027523
22.660000,0,RL_foot,2.46422029,-0.03638519,0.02026783
22.660000,0,RR_foot,2.41284394,-0.40758112,0.02244646
22.680000,0,FL_foot,2.92066312,-0.17213930,0.02153950
22.680000,0,FR_foot,2.85706115,-0.55300081,0.02027892
22.680000,0,RL_foot,2.46395946,-0.03625454,0.02027924
22.680000,0,RR_foot,2.39023137,-0.39416906,0.02476736
22.700000,0,FL_foot,2.88699293,-0.16983706,0.02202898
22.700000,0,FR_foot,2.85689926,-0.55275398,0.02028317
22.700000,0,RL_foot,2.46370411,-0.03614248,0.02027297
22.700000,0,RR_foot,2.35856199,-0.38301507,0.02583820
22.720000,0,FL_foot,2.85195827,-0.16223432,0.02227550
22.720000,0,FR_foot,2.85672808,-0.55250061,0.02029447
22.720000,0,RL_foot,2.46342301,-0.03605074,0.02027560
22.720000,0,RR_foot,2.32114935,-0.37466976,0.02600593
22.740000,0,FL_foot,2.81794882,-0.15200800,0.02296582
22.740000,0,FR_foot,2.85654449,-0.55222988,0.02030016
22.740000,0,RL_foot,2.46309996,-0.03594143,0.02027841
22.740000,0,RR_foot,2.28337622,-0.36807168,0.02630129
22.760000,0,FL_foot,2.78704977,-0.14036092,0.02391190
22.760000,0,FR_foot,2.85631752,-0.55197573,0.02030495
22.760000,0,RL_foot,2.46274853,-0.03583591,0.02027353
22.760000,0,RR_foot,2.24938488,-0.36365286,0.02646465
22.780000,0,FL_foot,2.76070094,-0.12733512,0.02464858
22.780000,0,FR_foot,2.85604882,-0.55174202,0.02031574
22.780000,0,RL_foot,2.46236682,-0.03574391,0.02028311
22.780000,0,RR_foot,2.22124386,-0.36213088,0.02547367
22.800000,0,FL_foot,2.74109745,-0.11325805,0.02466077
22.800000,0,FR_foot,2.85573292,-0.55154020,0.02032086
22.800000,0,RL_foot,2.46195412,-0.03565892,0.02028523
22.800000,0,RR_foot,2.19976187,-0.36272991,0.02268204
22.820000,0,FL_foot,2.72980833,-0.09913988,0.02182683
22.820000,0,FR_foot,2.85447598,-0.55098724,0.02033886
22.820000,0,RL_foot,2.46155357,-0.03565408,0.02029301
22.820000,0,RR_foot,2.19157219,-0.36348438,0.02023028
22.840000,0,FL_foot,2.72802067,-0.09616958,0.02016987
22.840000,0,FR_foot,2.85402966,-0.55047047,0.02033778
22.840000,0,RL_foot,2.45570087,-0.03834993,0.02408934
22.840000,0,RR_foot,2.19111681,-0.36381784,0.02020411
22.860000,0,FL_foot,2.72772145,-0.09593923,0.02018726
22.860000,0,FR_foot,2.85273266,-0.54849637,0.02033214
22.860000,0,RL_foot,2.44761086,-0.05233209,0.03425977
22.860000,0,RR_foot,2.19077516,-0.36390415,0.02014637
22.880000,0,FL_foot,2.72741032,-0.09571175,0.02019289
22.880000,0,FR_foot,2.85084081,-0.54534280,0.02033590
22.880000,0,RL_foot,2.44192743,-0.07412729,0.05054922
22.880000,0,RR_foot,2.19045877,-0.36399114,0.02015628
22.900000,0,FL_foot,2.72710919,-0.09549267,0.02020110
22.900000,0,FR_foot,2.84936404,-0.54318786,0.02033803
22.900000,0,RL_foot,2.43743777,-0.09467641,0.06933604
22.900000,0,RR_foot,2.19014621,-0.36406541,0.02015542
22.920000,0,FL_foot,2.72684360,-0.09531979,0.02020927
22.920000,0,FR_foot,2.84905529,-0.54274076,0.02034723
22.920000,0,RL_foot,2.43250203,-0.10881259,0.08574292
22.920000,0,RR_foot,2.18985868,-0.36413008,0.02016204
22.940000,0,FL_foot,2.72659802,-0.09517571,0.02021698
22.940000,0,FR_foot,2.84890461,-0.54252565,0.02035005
22.940000,0,RL_foot,2.42685890,-0.11622699,0.09706274
22.940000,0,RR_foot,2.18958783,-0.36420679,0.02016055
22.960000,0,FL_foot,2.72636771,-0.09506596,0.02022388
22.960000,0,FR_foot,2.84866428,-0.54224229,0.02035315
22.960000,0,RL_foot,2.42059445,-0.11881180,0.10366664
22.960000,0,RR_foot,2.18931651,-0.36428580,0.02015692
22.980000,0,FL_foot,2.72616291,-0.09499119,0.02023078
22.980000,0,FR_foot,2.84800649,-0.54142565,0.02035308
22.980000,0,RL_foot,2.41367507,-0.11852470,0.10716216
22.980000,0,RR_foot,2.18905377,-0.36435583,0.02016150
23.000000,0,FL_foot,2.72593832,-0.09492571,0.02023207
23.000000,0,FR_foot,2.84662461,-0.53955072,0.02035438
23.000000,0,RL_foot,2.40604258,-0.11679626,0.10910632
23.000000,0,RR_foot,2.18878794,-0.36444306,0.02016548
23.020000,0,FL_foot,2.72571254,-0.09487405,0.02023204
23.020000,0,FR_foot,2.84440207,-0.53639525,0.02035436
23.020000,0,RL_foot,2.39779663,-0.11456334,0.11056470
23.020000,0,RR_foot,2.18851256,-0.36452255,0.02016071
23.040000,0,FL_foot,2.72550511,-0.09484138,0.02023615
23.040000,0,FR_foot,2.84141016,-0.53222471,0.02035508
23.040000,0,RL_foot,2.38913035,-0.11231342,0.11206428
23.040000,0,RR_foot,2.18824720,-0.36458522,0.02016785
23.060000,0,FL_foot,2.72527599,-0.09480682,0.02023654
23.060000,0,FR_foot,2.83781600,-0.52757150,0.02035633
23.060000,0,RL_foot,2.38026977,-0.11018541,0.11368966
23.060000,0,RR_foot,2.18797326,-0.36465147,0.02017054
23.080000,0,FL_foot,2.72504950,-0.09477614,0.02023522
23.080000,0,FR_foot,2.83372474,-0.52274537,0.02035451
23.080000,0,RL_foot,2.37143660,-0.10821129,0.11538871
23.080000,0,RR_foot,2.18769908,-0.36470732,0.02016508
23.100000,0,FL_foot,2.72483683,-0.09475835,0.02024022
23.100000,0,FR_foot,2.82876992,-0.51782668,0.02035393
23.100000,0,RL_foot,2.36287642,-0.10654660,0.11706921
23.100000,0,RR_foot,2.18743753,-0.36474827,0.02017536
23.120000,0,FL_foot,2.72461605,-0.09473410,0.02024314
23.120000,0,FR_foot,2.82251477,-0.51272941,0.02035189
23.120000,0,RL_foot,2.35472846,-0.10542996,0.11880332
23.120000,0,RR_foot,2.18716598,-0.36479458,0.02018245
23.140000,0,FL_foot,2.72439313,-0.09471600,0.02024129
23.140000,0,FR_foot,2.81464171,-0.50749075,0.02034831
23.140000,0,RL_foot,2.34699798,-0.10499728,0.12070571
23.140000,0,RR_foot,2.18688583,-0.36482844,0.02018313
23.160000,0,FL_foot,2.72418213,-0.09470582,0.02025227
23.160000,0,FR_foot,2.80501127,-0.50238621,0.02034354
23.160000,0,RL_foot,2.33963561,-0.10522301,0.12281363
23.160000,0,RR_foot,2.18661213,-0.36485302,0.02019539
23.180000,0,FL_foot,2.72395611,-0.09469560,0.02025122
23.180000,0,FR_foot,2.79401994,-0.49787778,0.02033766
23.180000,0,RL_foot,2.33264685,-0.10581610,0.12485578
23.180000,0,RR_foot,2.18631601,-0.36487290,0.02020161
23.200000,0,FL_foot,2.72372365,-0.09468959,0.02024528
23.200000,0,FR_foot,2.78245473,-0.49432540,0.02032976
23.200000,0,RL_foot,2.32600522,-0.10632516,0.12643060
23.200000,0,RR_foot,2.18601370,-0.36487618,0.02019222
23.220000,0,FL_foot,2.72349668,-0.09468900,0.02025463
23.220000,0,FR_foot,2.77099705,-0.49178922,0.02032804
23.220000,0,RL_foot,2.31962657,-0.10639425,0.12724960
23.220000,0,RR_foot,2.18572092,-0.36486730,0.02020094
23.240000,0,FL_foot,2.72325230,-0.09468041,0.02025278
23.240000,0,FR_foot,2.76017547,-0.49015886,0.02032481
23.240000,0,RL_foot,2.31343198,-0.10584594,0.12714221
23.240000,0,RR_foot,2.18541288,-0.36485147,0.02020031
23.260000,0,FL_foot,2.72300601,-0.09466586,0.02024907
23.260000,0,FR_foot,2.75017452,-0.48920703,0.02032016
23.260000,0,RL_foot,2.30729747,-0.10466711,0.12617585
23.260000,0,RR_foot,2.18511105,-0.36482358,0.02019109
23.280000,0,FL_foot,2.72275972,-0.09465462,0.02025409
23.280000,0,FR_foot,2.74086642,-0.48872465,0.02031879
23.280000,0,RL_foot,2.30115247,-0.10288913,0.12442654
23.280000,0,RR_foot,2.18482542,-0.36477393,0.02019980
23.300000,0,FL_foot,2.72250509,-0.09462659,0.02025545
23.300000,0,FR_foot,2.73207307,-0.48857957,0.02031663
23.300000,0,RL_foot,2.29497743,-0.10055896,0.12194935
23.300000,0,RR_foot,2.18453240,-0.36472380,0.02020115
23.320000,0,FL_foot,2.72224975,-0.09459319,0.02025372
23.320000,0,FR_foot,2.72355127,-0.48867324,0.02031345
23.320000,0,RL_foot,2.28875589,-0.09772785,0.11880825
23.320000,0,RR_foot,2.18424535,-0.36465979,0.02019556
23.340000,0,FL_foot,2.72199345,-0.09456632,0.02025831
23.340000,0,FR_foot,2.71502352,-0.48891336,0.02031367
23.340000,0,RL_foot,2.28248858,-0.09437252,0.11498743
23.340000,0,RR_foot,2.18397593,-0.36456764,0.02020423
23.360000,0,FL_foot,2.72173715,-0.09452523,0.02026059
23.360000,0,FR_foot,2.70630789,-0.48923001,0.02030870
23.360000,0,RL_foot,2.27616262,-0.09038795,0.11038063
23.360000,0,RR_foot,2.18369770,-0.36447734,0.02020607
23.380000,0,FL_foot,2.72148037,-0.09448363,0.02026074
23.380000,0,FR_foot,2.69726253,-0.48949423,0.02030744
23.380000,0,RL_foot,2.26967072,-0.08542802,0.10466255
23.380000,0,RR_foot,2.18342495,-0.36437094,0.02020275
23.400000,0,FL_foot,2.72122359,-0.09445800,0.02026521
23.400000,0,FR_foot,2.68755651,-0.48940957,0.02030313
23.400000,0,RL_foot,2.26266098,-0.07835405,0.09676611
23.400000,0,RR_foot,2.18317032,-0.36422950,0.02021118
23.420000,0,FL_foot,2.72097516,-0.09442326,0.02026803
23.420000,0,FR_foot,2.67678022,-0.48850802,0.02029713
23.420000,0,RL_foot,2.25446343,-0.06694449,0.08497267
23.420000,0,RR_foot,2.18290210,-0.36410871,0.02021511
23.440000,0,FL_foot,2.72072601,-0.09440003,0.02027129
23.440000,0,FR_foot,2.66460371,-0.48666701,0.02029325
23.440000,0,RL_foot,2.24466753,-0.04861891,0.06838005
23.440000,0,RR_foot,2.18263292,-0.36398196,0.02021694
23.460000,0,FL_foot,2.72046709,-0.09439509,0.02027624
23.460000,0,FR_foot,2.65066147,-0.48460785,0.02028431
23.460000,0,RL_foot,2.23319864,-0.02240900,0.04894032
23.460000,0,RR_foot,2.18236876,-0.36381525,0.02022932
23.480000,0,FL_foot,2.72019362,-0.09435286,0.02027702
23.480000,0,FR_foot,2.63472867,-0.48341590,0.02027271
23.480000,0,RL_foot,2.22102380,0.00188038,0.03413352
23.480000,0,RR_foot,2.18207526,-0.36364779,0.02022870
23.500000,0,FL_foot,2.71988869,-0.09426634,0.02027642
23.500000,0,FR_foot,2.61866093,-0.48410091,0.02026718
23.500000,0,RL_foot,2.21094942,0.01875694,0.02397405
23.500000,0,RR_foot,2.18176341,-0.36344382,0.02021999
23.520000,0,FL_foot,2.71813965,-0.09244663,0.02053789
23.520000,0,FR_foot,2.60916209,-0.48508379,0.02027650
23.520000,0,RL_foot,2.20705342,0.02568479,0.02027560
23.520000,0,RR_foot,2.18128800,-0.36311033,0.02027086
23.540000,0,FL_foot,2.70954728,-0.09280170,0.02029464
23.540000,0,FR_foot,2.60862017,-0.48476127,0.02027255
23.540000,0,RL_foot,2.20680594,0.02592099,0.02025835
23.540000,0,RR_foot,2.17497349,-0.35865399,0.02040240
23.560000,0,FL_foot,2.69227457,-0.09813996,0.02117389
23.560000,0,FR_foot,2.60848427,-0.48451674,0.02027252
23.560000,0,RL_foot,2.20653963,0.02603867,0.02027268
23.560000,0,RR_foot,2.16176963,-0.34736711,0.02224812
23.580000,0,FL_foot,2.66392970,-0.10225402,0.02224174
23.580000,0,FR_foot,2.60833120,-0.48429120,0.02027955
23.580000,0,RL_foot,2.20627189,0.02614409,0.02027494
23.580000,0,RR_foot,2.13908005,-0.33422354,0.02433327
23.600000,0,FL_foot,2.63022900,-0.10050375,0.02282243
23.600000,0,FR_foot,2.60815787,-0.48406324,0.02028223
23.600000,0,RL_foot,2.20600796,0.02623306,0.02026577
23.600000,0,RR_foot,2.10705447,-0.32362613,0.02518141
23.620000,0,FL_foot,2.59502077,-0.09349731,0.02310796
23.620000,0,FR_foot,2.60798216,-0.48381123,0.02029425
23.620000,0,RL_foot,2.20571923,0.02630766,0.02027972
23.620000,0,RR_foot,2.06902266,-0.31604660,0.02511787
23.640000,0,FL_foot,2.56078839,-0.08390542,0.02380428
23.640000,0,FR_foot,2.60777569,-0.48356557,0.02030116
23.640000,0,RL_foot,2.20538712,0.02638793,0.02027703
23.640000,0,RR_foot,2.03057814,-0.31027013,0.02524092
23.660000,0,FL_foot,2.52973509,-0.07280628,0.02471576
23.660000,0,FR_foot,2.60753608,-0.48332620,0.02030570
23.660000,0,RL_foot,2.20502782,0.02647066,0.02027205
23.660000,0,RR_foot,1.99598289,-0.30671114,0.02523083
23.680000,0,FL_foot,2.50332904,-0.06024220,0.02541630
23.680000,0,FR_foot,2.60724807,-0.48310587,0.02031537
23.680000,0,RL_foot,2.20463967,0.02654934,0.02027689
23.680000,0,RR_foot,1.96749330,-0.30592108,0.02404886
23.700000,0,FL_foot,2.48377538,-0.04657049,0.02541599
23.700000,0,FR_foot,2.60691881,-0.48292154,0.02031962
23.700000,0,RL_foot,2.20422077,0.02661386,0.02028141
23.700000,0,RR_foot,1.94602323,-0.30699885,0.02102082
23.720000,0,FL_foot,2.47144866,-0.03345008,0.02179772
23.720000,0,FR_foot,2.60579443,-0.48236865,0.02033910
23.720000,0,RL_foot,2.20385480,0.02651085,0.02026589
23.720000,0,RR_foot,1.94184351,-0.30718169,0.02013918
23.740000,0,FL_foot,2.46970701,-0.03047144,0.02011293
23.740000,0,FR_foot,2.60532880,-0.48195365,0.02034165
23.740000,0,RL_foot,2.19805264,0.02160242,0.02486313
23.740000,0,RR_foot,1.94131553,-0.30787963,0.02016653
23.760000,0,FL_foot,2.46943235,-0.03024652,0.02018365
23.760000,0,FR_foot,2.60408401,-0.48007163,0.02033408
23.760000,0,RL_foot,2.19046378,0.00562949,0.03591046
23.760000,0,RR_foot,1.94100785,-0.30796432,0.02014232
23.780000,0,FL_foot,2.46913242,-0.03002734,0.02019385
23.780000,0,FR_foot,2.60236359,-0.47731376,0.02033688
23.780000,0,RL_foot,2.18530369,-0.01673264,0.05272187
23.780000,0,RR_foot,1.94071662,-0.30804658,0.02015692
23.800000,0,FL_foot,2.46884251,-0.02982169,0.02020228
23.800000,0,FR_foot,2.60119081,-0.47567704,0.02034014
23.800000,0,RL_foot,2.18111467,-0.03696272,0.07156665
23.800000,0,RR_foot,1.94042218,-0.30811509,0.02015892
23.820000,0,FL_foot,2.46857810,-0.02964826,0.02021089
23.820000,0,FR_foot,2.60104918,-0.47543913,0.02034485
23.820000,0,RL_foot,2.17632985,-0.05048195,0.08762126
23.820000,0,RR_foot,1.94015229,-0.30817375,0.02016156
23.840000,0,FL_foot,2.46834993,-0.02952666,0.02021854
23.840000,0,FR_foot,2.60089803,-0.47522798,0.02035127
23.840000,0,RL_foot,2.17076135,-0.05738503,0.09844352
23.840000,0,RR_foot,1.93989229,-0.30824694,0.02016039
23.860000,0,FL_foot,2.46812463,-0.02941986,0.02022385
23.860000,0,FR_foot,2.60063934,-0.47495681,0.02035359
23.860000,0,RL_foot,2.16448188,-0.05969039,0.10467909
23.860000,0,RR_foot,1.93962872,-0.30832496,0.02015879
23.880000,0,FL_foot,2.46790242,-0.02933867,0.02023123
23.880000,0,FR_foot,2.59995556,-0.47415510,0.02035366
23.880000,0,RL_foot,2.15749860,-0.05928629,0.10794739
23.880000,0,RR_foot,1.93937337,-0.30839446,0.02016132
23.900000,0,FL_foot,2.46770239,-0.02928650,0.02023344
23.900000,0,FR_foot,2.59842873,-0.47215250,0.02035487
23.900000,0,RL_foot,2.14976406,-0.05755663,0.10976755
23.900000,0,RR_foot,1.93911231,-0.30848306,0.02016552
23.920000,0,FL_foot,2.46747351,-0.02924134,0.02023108
23.920000,0,FR_foot,2.59604168,-0.46893272,0.02035505
23.920000,0,RL_foot,2.14140582,-0.05543392,0.11122135
23.920000,0,RR_foot,1.93884254,-0.30856311,0.02016300
23.940000,0,FL_foot,2.46724701,-0.02920182,0.02023635
23.940000,0,FR_foot,2.59291697,-0.46482462,0.02035624
23.940000,0,RL_foot,2.13267612,-0.05333400,0.11274456
23.940000,0,RR_foot,1.93858111,-0.30862579,0.02016721
23.960000,0,FL_foot,2.46703696,-0.02917814,0.02023669
23.960000,0,FR_foot,2.58913732,-0.46018693,0.02035666
23.960000,0,RL_foot,2.12377262,-0.05135749,0.11437155
23.960000,0,RR_foot,1.93830955,-0.30869511,0.02017153
23.980000,0,FL_foot,2.46680593,-0.02915313,0.02023443
23.980000,0,FR_foot,2.58487773,-0.45544860,0.02035559
23.980000,0,RL_foot,2.11489677,-0.04954109,0.11608742
23.980000,0,RR_foot,1.93803847,-0.30875325,0.02016804
24.000000,0,FL_foot,2.46658063,-0.02912842,0.02023996
24.000000,0,FR_foot,2.57980776,-0.45069733,0.02035617
24.000000,0,RL_foot,2.10632181,-0.04800559,0.11776013
24.000000,0,RR_foot,1.93778050,-0.30879474,0.02017447
24.020000,0,FL_foot,2.46637130,-0.02911547,0.02024308
24.020000,0,FR_foot,2.57338595,-0.44573566,0.02035249
24.020000,0,RL_foot,2.09818530,-0.04700257,0.11945818
24.020000,0,RR_foot,1.93751049,-0.30884600,0.02018414
24.040000,0,FL_foot,2.46614766,-0.02910168,0.02024217
24.040000,0,FR_foot,2.56534457,-0.44069552,0.02034774
24.040000,0,RL_foot,2.09046650,-0.04668159,0.12134080
24.040000,0,RR_foot,1.93723333,-0.30888402,0.02018827
24.060000,0,FL_foot,2.46592212,-0.02908985,0.02025001
24.060000,0,FR_foot,2.55560279,-0.43584806,0.02034157
24.060000,0,RL_foot,2.08312917,-0.04699547,0.12341765
24.060000,0,RR_foot,1.93696201,-0.30890995,0.02019336
24.080000,0,FL_foot,2.46570754,-0.02908682,0.02025129
24.080000,0,FR_foot,2.54447055,-0.43157575,0.02033647
24.080000,0,RL_foot,2.07616639,-0.04765308,0.12540740
24.080000,0,RR_foot,1.93666542,-0.30893677,0.02020402
24.100000,0,FL_foot,2.46547270,-0.02908766,0.02024682
24.100000,0,FR_foot,2.53276086,-0.42826661,0.02033147
24.100000,0,RL_foot,2.06954002,-0.04822323,0.12693462
24.100000,0,RR_foot,1.93636370,-0.30894551,0.02019853
24.120000,0,FL_foot,2.46523356,-0.02908130,0.02025247
24.120000,0,FR_foot,2.52118754,-0.42596871,0.02032759
24.120000,0,RL_foot,2.06317163,-0.04835001,0.12770821
24.120000,0,RR_foot,1.93607056,-0.30893722,0.02019900
24.140000,0,FL_foot,2.46499920,-0.02908269,0.02025235
24.140000,0,FR_foot,2.51022124,-0.42452121,0.02032517
24.140000,0,RL_foot,2.05697799,-0.04784403,0.12754165
24.140000,0,RR_foot,1.93576360,-0.30892560,0.02020201
24.160000,0,FL_foot,2.46475053,-0.02907262,0.02025029
24.160000,0,FR_foot,2.50007582,-0.42373291,0.02032140
24.160000,0,RL_foot,2.05082798,-0.04669194,0.12650606
24.160000,0,RR_foot,1.93546283,-0.30890033,0.02019553
24.180000,0,FL_foot,2.46449876,-0.02904942,0.02025344
24.180000,0,FR_foot,2.49066472,-0.42341107,0.02031932
24.180000,0,RL_foot,2.04465866,-0.04492438,0.12467230
24.180000,0,RR_foot,1.93517733,-0.30884886,0.02019880
24.200000,0,FL_foot,2.46424699,-0.02903214,0.02025438
24.200000,0,FR_foot,2.48175621,-0.42340893,0.02031665
24.200000,0,RL_foot,2.03844690,-0.04258201,0.12207406
24.200000,0,RR_foot,1.93488491,-0.30880180,0.02020337
24.220000,0,FL_foot,2.46398878,-0.02900024,0.02025399
24.220000,0,FR_foot,2.47312808,-0.42363915,0.02031368
24.220000,0,RL_foot,2.03217077,-0.03972324,0.11880691
24.220000,0,RR_foot,1.93459833,-0.30873835,0.02019957
24.240000,0,FL_foot,2.46373010,-0.02895959,0.02025825
24.240000,0,FR_foot,2.46451950,-0.42401689,0.02031162
24.240000,0,RL_foot,2.02583051,-0.03632109,0.11484732
24.240000,0,RR_foot,1.93432879,-0.30864280,0.02020360
24.260000,0,FL_foot,2.46347070,-0.02892995,0.02025913
24.260000,0,FR_foot,2.45571327,-0.42445356,0.02030937
24.260000,0,RL_foot,2.01941252,-0.03225417,0.11005534
24.260000,0,RR_foot,1.93405008,-0.30855376,0.02020830
24.280000,0,FL_foot,2.46321130,-0.02888804,0.02026009
24.280000,0,FR_foot,2.44653916,-0.42481858,0.02030809
24.280000,0,RL_foot,2.01278234,-0.02714915,0.10409486
24.280000,0,RR_foot,1.93377614,-0.30844676,0.02020578
24.300000,0,FL_foot,2.46295524,-0.02884677,0.02026609
24.300000,0,FR_foot,2.43667793,-0.42481065,0.02030194
24.300000,0,RL_foot,2.00551629,-0.01969769,0.09573603
24.300000,0,RR_foot,1.93352032,-0.30830193,0.02021156
24.320000,0,FL_foot,2.46270037,-0.02883321,0.02026762
24.320000,0,FR_foot,2.42565155,-0.42392743,0.02029626
24.320000,0,RL_foot,1.99688554,-0.00760366,0.08327480
24.320000,0,RR_foot,1.93324876,-0.30818343,0.02021779
24.340000,0,FL_foot,2.46244979,-0.02880481,0.02027071
24.340000,0,FR_foot,2.41318631,-0.42219543,0.02028896
24.340000,0,RL_foot,1.98648632,0.01165451,0.06607926
24.340000,0,RR_foot,1.93297827,-0.30805737,0.02021996
24.360000,0,FL_foot,2.46218920,-0.02878066,0.02027739
24.360000,0,FR_foot,2.39895797,-0.42042983,0.02028370
24.360000,0,RL_foot,1.97431850,0.03818165,0.04680622
24.360000,0,RR_foot,1.93270946,-0.30788815,0.02022897
24.380000,0,FL_foot,2.46190572,-0.02874264,0.02027563
24.380000,0,FR_foot,2.38281012,-0.41973367,0.02027430
24.380000,0,RL_foot,1.96174824,0.06144603,0.03268669
24.380000,0,RR_foot,1.93240833,-0.30771819,0.02023003
24.400000,0,FL_foot,2.46159434,-0.02865465,0.02027439
24.400000,0,FR_foot,2.36680222,-0.42107365,0.02026997
24.400000,0,RL_foot,1.95171452,0.07731938,0.02282165
24.400000,0,RR_foot,1.93209040,-0.30751279,0.02022070
24.420000,0,FL_foot,2.46016431,-0.02736832,0.02033839
24.420000,0,FR_foot,2.35847425,-0.42175111,0.02027227
24.420000,0,RL_foot,1.94950867,0.08059361,0.02026295
24.420000,0,RR_foot,1.93181384,-0.30721381,0.02024033
24.440000,0,FL_foot,2.45080686,-0.02850422,0.02029741
24.440000,0,FR_foot,2.35829377,-0.42152286,0.02027152
24.440000,0,RL_foot,1.94924212,0.08079656,0.02025225
24.440000,0,RR_foot,1.92581463,-0.30193058,0.02050858
24.460000,0,FL_foot,2.43368292,-0.03386062,0.02115473
24.460000,0,FR_foot,2.35816050,-0.42129201,0.02027278
24.460000,0,RL_foot,1.94899023,0.08090168,0.02027332
24.460000,0,RR_foot,1.91176057,-0.29003638,0.02246699
24.480000,0,FL_foot,2.40562057,-0.03801555,0.02209969
24.480000,0,FR_foot,2.35800767,-0.42108724,0.02028076
24.480000,0,RL_foot,1.94872630,0.08100011,0.02027553
24.480000,0,RR_foot,1.88779676,-0.27717045,0.02453296
24.500000,0,FL_foot,2.37202907,-0.03657497,0.02261142
24.500000,0,FR_foot,2.35785580,-0.42085114,0.02028311
24.500000,0,RL_foot,1.94846869,0.08108568,0.02027841
24.500000,0,RR_foot,1.85458219,-0.26730487,0.02527093
24.520000,0,FL_foot,2.33692670,-0.03008349,0.02285160
24.520000,0,FR_foot,2.35766768,-0.42062318,0.02029556
24.520000,0,RL_foot,1.94818652,0.08114989,0.02028025
24.520000,0,RR_foot,1.81586242,-0.26040775,0.02527491
24.540000,0,FL_foot,2.30284834,-0.02110193,0.02353115
24.540000,0,FR_foot,2.35746837,-0.42038351,0.02030185
24.540000,0,RL_foot,1.94785988,0.08122556,0.02027785
24.540000,0,RR_foot,1.77724540,-0.25525579,0.02554432
24.560000,0,FL_foot,2.27188396,-0.01061889,0.02444261
24.560000,0,FR_foot,2.35723209,-0.42014554,0.02030750
24.560000,0,RL_foot,1.94750738,0.08130287,0.02027605
24.560000,0,RR_foot,1.74284685,-0.25222698,0.02570399
24.580000,0,FL_foot,2.24550700,0.00142476,0.02510559
24.580000,0,FR_foot,2.35694265,-0.41994226,0.02031602
24.580000,0,RL_foot,1.94712269,0.08136614,0.02028449
24.580000,0,RR_foot,1.71466684,-0.25198060,0.02466670
24.600000,0,FL_foot,2.22602153,0.01477870,0.02499549
24.600000,0,FR_foot,2.35662127,-0.41976023,0.02032208
24.600000,0,RL_foot,1.94670951,0.08142179,0.02028866
24.600000,0,RR_foot,1.69341052,-0.25360003,0.02178654
24.620000,0,FL_foot,2.21440792,0.02800747,0.02165530
24.620000,0,FR_foot,2.35564876,-0.41921499,0.02034401
24.620000,0,RL_foot,1.94632256,0.08134858,0.02028445
24.620000,0,RR_foot,1.68690050,-0.25409392,0.02016068
24.640000,0,FL_foot,2.21270347,0.03085635,0.02013358
24.640000,0,FR_foot,2.35522556,-0.41881111,0.02033587
24.640000,0,RL_foot,1.94064665,0.07725690,0.02473775
24.640000,0,RR_foot,1.68626475,-0.25484070,0.02017805
24.660000,0,FL_foot,2.21241164,0.03107214,0.02018634
24.660000,0,FR_foot,2.35406995,-0.41711175,0.02033380
24.660000,0,RL_foot,1.93333125,0.06211492,0.03547075
24.660000,0,RR_foot,1.68594372,-0.25493884,0.02014459
24.680000,0,FL_foot,2.21210480,0.03128164,0.02019300
24.680000,0,FR_foot,2.35239005,-0.41450611,0.02033670
24.680000,0,RL_foot,1.92853165,0.04023925,0.05200142
24.680000,0,RR_foot,1.68564165,-0.25503430,0.02015592
24.700000,0,FL_foot,2.21180725,0.03147859,0.02020159
24.700000,0,FR_foot,2.35123181,-0.41293281,0.02034031
24.700000,0,RL_foot,1.92470896,0.02013043,0.07065520
24.700000,0,RR_foot,1.68533957,-0.25511786,0.02015774
24.720000,0,FL_foot,2.21153641,0.03164441,0.02020964
24.720000,0,FR_foot,2.35108352,-0.41270006,0.02034461
24.720000,0,RL_foot,1.92019880,0.00642828,0.08670963
24.720000,0,RR_foot,1.68506110,-0.25519028,0.02016051
24.740000,0,FL_foot,2.21130371,0.03176049,0.02021757
24.740000,0,FR_foot,2.35092831,-0.41249323,0.02035050
24.740000,0,RL_foot,1.91479921,-0.00081133,0.09770574
24.740000,0,RR_foot,1.68479681,-0.25527671,0.02015969
24.760000,0,FL_foot,2.21107602,0.03186160,0.02022298
24.760000,0,FR_foot,2.35068035,-0.41224632,0.02035393
24.760000,0,RL_foot,1.90861678,-0.00346771,0.10415535
24.760000,0,RR_foot,1.68452728,-0.25536630,0.02015763
24.780000,0,FL_foot,2.21085191,0.03193711,0.02023047
24.780000,0,FR_foot,2.35004115,-0.41152707,0.02035416
24.780000,0,RL_foot,1.90170515,-0.00337423,0.10758869
24.780000,0,RR_foot,1.68426728,-0.25544673,0.02016016
24.800000,0,FL_foot,2.21065426,0.03198558,0.02023355
24.800000,0,FR_foot,2.34858513,-0.40968910,0.02035552
24.800000,0,RL_foot,1.89402616,-0.00188072,0.10947964
24.800000,0,RR_foot,1.68400228,-0.25554597,0.02016379
24.820000,0,FL_foot,2.21042418,0.03202379,0.02023065
24.820000,0,FR_foot,2.34623528,-0.40659916,0.02035539
24.820000,0,RL_foot,1.88569045,0.00007567,0.11092348
24.820000,0,RR_foot,1.68372846,-0.25563702,0.02016170
24.840000,0,FL_foot,2.21019697,0.03205762,0.02023582
24.840000,0,FR_foot,2.34312510,-0.40258920,0.02035753
24.840000,0,RL_foot,1.87694919,0.00204483,0.11240989
24.840000,0,RR_foot,1.68346298,-0.25570959,0.02016622
24.860000,0,FL_foot,2.20998716,0.03207638,0.02023610
24.860000,0,FR_foot,2.33933854,-0.39800125,0.02035647
24.860000,0,RL_foot,1.86801422,0.00390538,0.11399709
24.860000,0,RR_foot,1.68319094,-0.25578827,0.02017017
24.880000,0,FL_foot,2.20975637,0.03209605,0.02023413
24.880000,0,FR_foot,2.33505940,-0.39328730,0.02035537
24.880000,0,RL_foot,1.85905957,0.00563242,0.11567178
24.880000,0,RR_foot,1.68291676,-0.25585532,0.02016656
24.900000,0,FL_foot,2.20953035,0.03211583,0.02023917
24.900000,0,FR_foot,2.33005261,-0.38857570,0.02035572
24.900000,0,RL_foot,1.85035503,0.00712607,0.11732016
24.900000,0,RR_foot,1.68265700,-0.25590426,0.02017271
24.920000,0,FL_foot,2.20932102,0.03212445,0.02024211
24.920000,0,FR_foot,2.32379913,-0.38370776,0.02035456
24.920000,0,RL_foot,1.84207773,0.00814339,0.11897308
24.920000,0,RR_foot,1.68238688,-0.25596240,0.02018178
24.940000,0,FL_foot,2.20910239,0.03213831,0.02024199
24.940000,0,FR_foot,2.31597376,-0.37875247,0.02034929
24.940000,0,RL_foot,1.83423710,0.00849777,0.12079863
24.940000,0,RR_foot,1.68210995,-0.25600606,0.02018302
24.960000,0,FL_foot,2.20888186,0.03215415,0.02025096
24.960000,0,FR_foot,2.30642414,-0.37393376,0.02034428
24.960000,0,RL_foot,1.82680202,0.00818196,0.12285438
24.960000,0,RR_foot,1.68183947,-0.25603825,0.02019458
24.980000,0,FL_foot,2.20865631,0.03216173,0.02024864
24.980000,0,FR_foot,2.29541373,-0.36963892,0.02033775
24.980000,0,RL_foot,1.81975937,0.00742600,0.12492580
24.980000,0,RR_foot,1.68154502,-0.25606439,0.02019705
25.000000,0,FL_foot,2.20843792,0.03215869,0.02024768
25.000000,0,FR_foot,2.28360438,-0.36623299,0.02032956
25.000000,0,RL_foot,1.81307232,0.00666168,0.12663271
25.000000,0,RR_foot,1.68124402,-0.25607795,0.02019635
25.020000,0,FL_foot,2.20820475,0.03216668,0.02025435
25.020000,0,FR_foot,2.27183652,-0.36388743,0.02032924
25.020000,0,RL_foot,1.80666840,0.00627888,0.12764731
25.020000,0,RR_foot,1.68095088,-0.25607833,0.02020379
25.040000,0,FL_foot,2.20796394,0.03217377,0.02025048
25.040000,0,FR_foot,2.26068377,-0.36245632,0.02032545
25.040000,0,RL_foot,1.80046034,0.00650552,0.12773657
25.040000,0,RR_foot,1.68064177,-0.25606617,0.02019708
25.060000,0,FL_foot,2.20772386,0.03217296,0.02024964
25.060000,0,FR_foot,2.25035262,-0.36170569,0.02032171
25.060000,0,RL_foot,1.79430664,0.00738790,0.12693770
25.060000,0,RR_foot,1.68033850,-0.25604743,0.02019500
25.080000,0,FL_foot,2.20747495,0.03219629,0.02025368
25.080000,0,FR_foot,2.24082446,-0.36145416,0.02031884
25.080000,0,RL_foot,1.78812838,0.00889334,0.12533918
25.080000,0,RR_foot,1.68005121,-0.25600341,0.02019989
25.100000,0,FL_foot,2.20722032,0.03222318,0.02025405
25.100000,0,FR_foot,2.23189831,-0.36154386,0.02031653
25.100000,0,RL_foot,1.78190637,0.01096989,0.12298066
25.100000,0,RR_foot,1.67975652,-0.25595915,0.02019935
25.120000,0,FL_foot,2.20696568,0.03224111,0.02025282
25.120000,0,FR_foot,2.22330356,-0.36187702,0.02031559
25.120000,0,RL_foot,1.77561903,0.01356466,0.11993006
25.120000,0,RR_foot,1.67946732,-0.25590315,0.02019875
25.140000,0,FL_foot,2.20670795,0.03228254,0.02025795
25.140000,0,FR_foot,2.21476984,-0.36238694,0.02031280
25.140000,0,RL_foot,1.76926017,0.01667162,0.11621904
25.140000,0,RR_foot,1.67919528,-0.25581661,0.02020386
25.160000,0,FL_foot,2.20645022,0.03232351,0.02025966
25.160000,0,FR_foot,2.20611262,-0.36299855,0.02031096
25.160000,0,RL_foot,1.76283157,0.02037759,0.11173689
25.160000,0,RR_foot,1.67891371,-0.25573221,0.02020490
25.180000,0,FL_foot,2.20619082,0.03234857,0.02025863
25.180000,0,FR_foot,2.19703412,-0.36346516,0.02031392
25.180000,0,RL_foot,1.75623035,0.02495022,0.10623535
25.180000,0,RR_foot,1.67863798,-0.25563446,0.02020574
25.200000,0,FL_foot,2.20593476,0.03239214,0.02026440
25.200000,0,FR_foot,2.18724608,-0.36354467,0.02030857
25.200000,0,RL_foot,1.74917829,0.03119732,0.09899832
25.200000,0,RR_foot,1.67837942,-0.25549835,0.02021069
25.220000,0,FL_foot,2.20568347,0.03242445,0.02026779
25.220000,0,FR_foot,2.17667246,-0.36316246,0.02029958
25.220000,0,RL_foot,1.74100399,0.04116303,0.08824444
25.220000,0,RR_foot,1.67810857,-0.25538132,0.02021346
25.240000,0,FL_foot,2.20542955,0.03242662,0.02026855
25.240000,0,FR_foot,2.16485453,-0.36200440,0.02029213
25.240000,0,RL_foot,1.73104882,0.05747868,0.07264885
25.240000,0,RR_foot,1.67783856,-0.25525847,0.02021745
25.260000,0,FL_foot,2.20517778,0.03245493,0.02027598
25.260000,0,FR_foot,2.15134215,-0.36043549,0.02028484
25.260000,0,RL_foot,1.71907628,0.08197853,0.05326575
25.260000,0,RR_foot,1.67757392,-0.25509378,0.02022780
25.280000,0,FL_foot,2.20490408,0.03248999,0.02027773
25.280000,0,FR_foot,2.13576913,-0.35950360,0.02027798
25.280000,0,RL_foot,1.70598030,0.10730798,0.03700476
25.280000,0,RR_foot,1.67727697,-0.25494429,0.02022947
25.300000,0,FL_foot,2.20460248,0.03254908,0.02027415
25.300000,0,FR_foot,2.11952949,-0.36030301,0.02026821
25.300000,0,RL_foot,1.69454658,0.12553082,0.02601464
25.300000,0,RR_foot,1.67696166,-0.25475290,0.02022290
25.320000,0,FL_foot,2.20376801,0.03325128,0.02035366
25.320000,0,FR_foot,2.10729074,-0.36246559,0.02026955
25.320000,0,RL_foot,1.68911719,0.13302082,0.02019005
25.320000,0,RR_foot,1.67665708,-0.25449726,0.02023239
25.340000,0,FL_foot,2.19500899,0.03255458,0.02035078
25.340000,0,FR_foot,2.10686278,-0.36217871,0.02027304
25.340000,0,RL_foot,1.68880820,0.13326746,0.02025291
25.340000,0,RR_foot,1.67099500,-0.25041354,0.02033178
25.360000,0,FL_foot,2.17761064,0.02723740,0.02078087
25.360000,0,FR_foot,2.10671735,-0.36194170,0.02026925
25.360000,0,RL_foot,1.68852961,0.13337861,0.02025814
25.360000,0,RR_foot,1.65732598,-0.23940414,0.02249283
25.380000,0,FL_foot,2.14949632,0.02228751,0.02166955
25.380000,0,FR_foot,2.10655832,-0.36173064,0.02027915
25.380000,0,RL_foot,1.68827164,0.13346785,0.02027822
25.380000,0,RR_foot,1.63380802,-0.22706346,0.02474671
25.400000,0,FL_foot,2.11582065,0.02279255,0.02223983
25.400000,0,FR_foot,2.10637712,-0.36151114,0.02028635
25.400000,0,RL_foot,1.68800521,0.13355133,0.02027728
25.400000,0,RR_foot,1.60111463,-0.21762760,0.02567018
25.420000,0,FL_foot,2.08050346,0.02849137,0.02253314
25.420000,0,FR_foot,2.10619974,-0.36126134,0.02029136
25.420000,0,RL_foot,1.68771303,0.13362820,0.02027319
25.420000,0,RR_foot,1.56276405,-0.21135016,0.02567752
25.440000,0,FL_foot,2.04606628,0.03683128,0.02326314
25.440000,0,FR_foot,2.10598755,-0.36102742,0.02030090
25.440000,0,RL_foot,1.68738294,0.13368618,0.02027762
25.440000,0,RR_foot,1.52421331,-0.20683324,0.02587356
25.460000,0,FL_foot,2.01469445,0.04677882,0.02422352
25.460000,0,FR_foot,2.10574174,-0.36079612,0.02030793
25.460000,0,RL_foot,1.68702352,0.13376807,0.02028034
25.460000,0,RR_foot,1.48966038,-0.20434596,0.02595617
25.480000,0,FL_foot,1.98785865,0.05835278,0.02494686
25.480000,0,FR_foot,2.10544896,-0.36058673,0.02031573
25.480000,0,RL_foot,1.68663621,0.13383393,0.02028364
25.480000,0,RR_foot,1.46127236,-0.20445202,0.02487811
25.500000,0,FL_foot,1.96777999,0.07134214,0.02493452
25.500000,0,FR_foot,2.10512066,-0.36040762,0.02031943
25.500000,0,RL_foot,1.68621659,0.13389885,0.02028270
25.500000,0,RR_foot,1.43981886,-0.20629130,0.02196740
25.520000,0,FL_foot,1.95558739,0.08447520,0.02179877
25.520000,0,FR_foot,2.10391068,-0.35987160,0.02032707
25.520000,0,RL_foot,1.68582654,0.13385747,0.02029198
25.520000,0,RR_foot,1.43281388,-0.20681819,0.02017038
25.540000,0,FL_foot,1.95378304,0.08735147,0.02013828
25.540000,0,FR_foot,2.10348129,-0.35949904,0.02034134
25.540000,0,RL_foot,1.68022442,0.12992783,0.02454827
25.540000,0,RR_foot,1.43224430,-0.20743014,0.02016305
25.560000,0,FL_foot,1.95348155,0.08756645,0.02018482
25.560000,0,FR_foot,2.10206699,-0.35755631,0.02033197
25.560000,0,RL_foot,1.67295957,0.11479983,0.03517226
25.560000,0,RR_foot,1.43192387,-0.20753822,0.02014305
25.580000,0,FL_foot,1.95316446,0.08777578,0.02019291
25.580000,0,FR_foot,2.10016799,-0.35476267,0.02033611
25.580000,0,RL_foot,1.66837299,0.09274540,0.05166671
25.580000,0,RR_foot,1.43161881,-0.20763968,0.02015590
25.600000,0,FL_foot,1.95285654,0.08797636,0.02020090
25.600000,0,FR_foot,2.09881854,-0.35301542,0.02033854
25.600000,0,RL_foot,1.66480005,0.07239073,0.07037727
25.600000,0,RR_foot,1.43131363,-0.20772709,0.02015515
25.620000,0,FL_foot,1.95258784,0.08813167,0.02020966
25.620000,0,FR_foot,2.09864473,-0.35278198,0.02034537
25.620000,0,RL_foot,1.66046154,0.05848298,0.08650948
25.620000,0,RR_foot,1.43103528,-0.20780464,0.02016162
25.640000,0,FL_foot,1.95234108,0.08825990,0.02021709
25.640000,0,FR_foot,2.09848118,-0.35257947,0.02035064
25.640000,0,RL_foot,1.65513468,0.05111798,0.09753823
25.640000,0,RR_foot,1.43077111,-0.20789354,0.02016040
25.660000,0,FL_foot,1.95210826,0.08835653,0.02022382
25.660000,0,FR_foot,2.09823489,-0.35232040,0.02035327
25.660000,0,RL_foot,1.64896429,0.04838882,0.10397203
25.660000,0,RR_foot,1.43050647,-0.20798518,0.02015669
25.680000,0,FL_foot,1.95190322,0.08842058,0.02023096
25.680000,0,FR_foot,2.09753942,-0.35154885,0.02035296
25.680000,0,RL_foot,1.64200318,0.04840431,0.10738687
25.680000,0,RR_foot,1.43024909,-0.20806824,0.02016091
25.700000,0,FL_foot,1.95167613,0.08847416,0.02023190
25.700000,0,FR_foot,2.09604073,-0.34972113,0.02035475
25.700000,0,RL_foot,1.63425899,0.04977763,0.10929886
25.700000,0,RR_foot,1.42998898,-0.20816891,0.02016546
25.720000,0,FL_foot,1.95145059,0.08851430,0.02023173
25.720000,0,FR_foot,2.09363842,-0.34666717,0.02035506
25.720000,0,RL_foot,1.62588179,0.05160211,0.11075202
25.720000,0,RR_foot,1.42972016,-0.20826173,0.02016064
25.740000,0,FL_foot,1.95124280,0.08853698,0.02023598
25.740000,0,FR_foot,2.09041524,-0.34264737,0.02035569
25.740000,0,RL_foot,1.61709082,0.05341475,0.11225524
25.740000,0,RR_foot,1.42945826,-0.20833734,0.02016779
25.760000,0,FL_foot,1.95101118,0.08856080,0.02023616
25.760000,0,FR_foot,2.08656764,-0.33817694,0.02035649
25.760000,0,RL_foot,1.60811841,0.05509968,0.11388002
25.760000,0,RR_foot,1.42918801,-0.20841657,0.02017074
25.780000,0,FL_foot,1.95078444,0.08858063,0.02023480
25.780000,0,FR_foot,2.08221889,-0.33356512,0.02035515
25.780000,0,RL_foot,1.59917700,0.05664427,0.11556954
25.780000,0,RR_foot,1.42891777,-0.20848554,0.02016528
25.800000,0,FL_foot,1.95057273,0.08858859,0.02023994
25.800000,0,FR_foot,2.07702255,-0.32891124,0.02035540
25.800000,0,RL_foot,1.59051764,0.05790821,0.11723563
25.800000,0,RR_foot,1.42865968,-0.20853896,0.02017547
25.820000,0,FL_foot,1.95035005,0.08860317,0.02024286
25.820000,0,FR_foot,2.07053947,-0.32415545,0.02035416
25.820000,0,RL_foot,1.58229601,0.05865808,0.11894835
25.820000,0,RR_foot,1.42839086,-0.20859799,0.02018272
25.840000,0,FL_foot,1.95012760,0.08861158,0.02024125
25.840000,0,FR_foot,2.06243896,-0.31933290,0.02034716
25.840000,0,RL_foot,1.57452929,0.05874900,0.12082814
25.840000,0,RR_foot,1.42811406,-0.20864461,0.02017990
25.860000,0,FL_foot,1.94991779,0.08861308,0.02025211
25.860000,0,FR_foot,2.05259418,-0.31472114,0.02034214
25.860000,0,RL_foot,1.56717122,0.05819544,0.12291607
25.860000,0,RR_foot,1.42784321,-0.20868208,0.02019540
25.880000,0,FL_foot,1.94969070,0.08861396,0.02025090
25.880000,0,FR_foot,2.04139447,-0.31075481,0.02033802
25.880000,0,RL_foot,1.56020439,0.05727424,0.12495786
25.880000,0,RR_foot,1.42754817,-0.20871532,0.02020143
25.900000,0,FL_foot,1.94945836,0.08861007,0.02024496
25.900000,0,FR_foot,2.02961850,-0.30775580,0.02033167
25.900000,0,RL_foot,1.55358422,0.05643197,0.12655406
25.900000,0,RR_foot,1.42724609,-0.20873247,0.02019236
25.920000,0,FL_foot,1.94923067,0.08860138,0.02025454
25.920000,0,FR_foot,2.01796079,-0.30576879,0.02032777
25.920000,0,RL_foot,1.54721200,0.05603015,0.12740605
25.920000,0,RR_foot,1.42695212,-0.20873712,0.02020158
25.940000,0,FL_foot,1.94898808,0.08859994,0.02025246
25.940000,0,FR_foot,2.00698352,-0.30466136,0.02032510
25.940000,0,RL_foot,1.54099965,0.05625352,0.12733084
25.940000,0,RR_foot,1.42664421,-0.20873486,0.02020094
25.960000,0,FL_foot,1.94874024,0.08860406,0.02024885
25.960000,0,FR_foot,1.99686384,-0.30419558,0.02032202
25.960000,0,RL_foot,1.53481746,0.05711551,0.12638946
25.960000,0,RR_foot,1.42634118,-0.20872033,0.02019114
25.980000,0,FL_foot,1.94849408,0.08860546,0.02025375
25.980000,0,FR_foot,1.98747277,-0.30417129,0.02032007
25.980000,0,RL_foot,1.52859724,0.05858264,0.12465557
25.980000,0,RR_foot,1.42605376,-0.20868348,0.02019997
26.000000,0,FL_foot,1.94823861,0.08862363,0.02025510
26.000000,0,FR_foot,1.97863269,-0.30446398,0.02031638
26.000000,0,RL_foot,1.52231705,0.06060755,0.12218533
26.000000,0,RR_foot,1.42575920,-0.20864642,0.02020151
26.020000,0,FL_foot,1.94798064,0.08864696,0.02025326
26.020000,0,FR_foot,1.97009802,-0.30498311,0.02031440
26.020000,0,RL_foot,1.51596236,0.06313800,0.11904284
26.020000,0,RR_foot,1.42546964,-0.20859474,0.02019592
26.040000,0,FL_foot,1.94772267,0.08866390,0.02025805
26.040000,0,FR_foot,1.96156788,-0.30565313,0.02031240
26.040000,0,RL_foot,1.50953209,0.06619168,0.11521804
26.040000,0,RR_foot,1.42519557,-0.20851447,0.02020474
26.060000,0,FL_foot,1.94746411,0.08869494,0.02026040
26.060000,0,FR_foot,1.95287156,-0.30640861,0.02030959
26.060000,0,RL_foot,1.50301242,0.06986773,0.11060917
26.060000,0,RR_foot,1.42491472,-0.20843610,0.02020627
26.080000,0,FL_foot,1.94720483,0.08872630,0.02026019
26.080000,0,FR_foot,1.94384348,-0.30713561,0.02030727
26.080000,0,RL_foot,1.49627876,0.07449551,0.10490040
26.080000,0,RR_foot,1.42463672,-0.20834215,0.02020306
26.100000,0,FL_foot,1.94694650,0.08874208,0.02026500
26.100000,0,FR_foot,1.93415141,-0.30755118,0.02030461
26.100000,0,RL_foot,1.48893642,0.08116571,0.09705181
26.100000,0,RR_foot,1.42437482,-0.20821202,0.02021156
26.120000,0,FL_foot,1.94669616,0.08876683,0.02026799
26.120000,0,FR_foot,1.92335343,-0.30721706,0.02029593
26.120000,0,RL_foot,1.48019767,0.09205905,0.08533017
26.120000,0,RR_foot,1.42410159,-0.20810308,0.02021506
26.140000,0,FL_foot,1.94644642,0.08878025,0.02027110
26.140000,0,FR_foot,1.91112328,-0.30601197,0.02029044
26.140000,0,RL_foot,1.46950746,0.10973177,0.06880484
26.140000,0,RR_foot,1.42382812,-0.20798838,0.02021718
26.160000,0,FL_foot,1.94618654,0.08877393,0.02027613
26.160000,0,FR_foot,1.89713931,-0.30465677,0.02028587
26.160000,0,RL_foot,1.45672905,0.13525608,0.04932538
26.160000,0,RR_foot,1.42355585,-0.20783339,0.02022967
26.180000,0,FL_foot,1.94591153,0.08880446,0.02027702
26.180000,0,FR_foot,1.88116848,-0.30424556,0.02027299
26.180000,0,RL_foot,1.44328511,0.15906163,0.03437012
26.180000,0,RR_foot,1.42325461,-0.20768043,0.02022919
26.200000,0,FL_foot,1.94560301,0.08887670,0.02027647
26.200000,0,FR_foot,1.86510062,-0.30571732,0.02026695
26.200000,0,RL_foot,1.43225706,0.17556018,0.02412985
26.200000,0,RR_foot,1.42293322,-0.20749140,0.02022050
26.220000,0,FL_foot,1.94380391,0.09056292,0.02044044
26.220000,0,FR_foot,1.85531485,-0.30719319,0.02027593
26.220000,0,RL_foot,1.42799604,0.18221411,0.02023153
26.220000,0,RR_foot,1.42252421,-0.20719923,0.02027997
26.240000,0,FL_foot,1.93544185,0.08998233,0.02029460
26.240000,0,FR_foot,1.85500252,-0.30695406,0.02027783
26.240000,0,RL_foot,1.42772365,0.18239546,0.02026994
26.240000,0,RR_foot,1.41638350,-0.20308064,0.02027440
26.260000,0,FL_foot,1.91878092,0.08385069,0.02118055
26.260000,0,FR_foot,1.85485435,-0.30671734,0.02027334
26.260000,0,RL_foot,1.42744195,0.18250209,0.02027072
26.260000,0,RR_foot,1.40292621,-0.19237587,0.02209867
26.280000,0,FL_foot,1.89103699,0.07821424,0.02225236
26.280000,0,FR_foot,1.85469937,-0.30649367,0.02027530
26.280000,0,RL_foot,1.42717183,0.18259729,0.02026561
26.280000,0,RR_foot,1.37963474,-0.18031043,0.02417574
26.300000,0,FL_foot,1.85745049,0.07810921,0.02285761
26.300000,0,FR_foot,1.85451567,-0.30627680,0.02028644
26.300000,0,RL_foot,1.42691588,0.18267235,0.02027650
26.300000,0,RR_foot,1.34697545,-0.17127447,0.02501671
26.320000,0,FL_foot,1.82201493,0.08322330,0.02311644
26.320000,0,FR_foot,1.85433114,-0.30603209,0.02029425
26.320000,0,RL_foot,1.42662168,0.18274875,0.02028005
26.320000,0,RR_foot,1.30845737,-0.16556035,0.02495904
26.340000,0,FL_foot,1.78735244,0.09098081,0.02379081
26.340000,0,FR_foot,1.85411561,-0.30579439,0.02029904
26.340000,0,RL_foot,1.42629015,0.18281192,0.02026986
26.340000,0,RR_foot,1.26963305,-0.16165285,0.02510540
26.360000,0,FL_foot,1.75574458,0.10041232,0.02470204
26.360000,0,FR_foot,1.85386395,-0.30556849,0.02030879
26.360000,0,RL_foot,1.42592621,0.18286009,0.02027862
26.360000,0,RR_foot,1.23475504,-0.15976825,0.02514253
26.380000,0,FL_foot,1.72865927,0.11151270,0.02540757
26.380000,0,FR_foot,1.85356700,-0.30536279,0.02031550
26.380000,0,RL_foot,1.42553723,0.18293378,0.02027755
26.380000,0,RR_foot,1.20610631,-0.16037880,0.02402747
26.400000,0,FL_foot,1.70830035,0.12409897,0.02541311
26.400000,0,FR_foot,1.85322905,-0.30519578,0.02031955
26.400000,0,RL_foot,1.42511678,0.18297753,0.02028178
26.400000,0,RR_foot,1.18453360,-0.16255169,0.02108211
26.420000,0,FL_foot,1.69526601,0.13659288,0.02186010
26.420000,0,FR_foot,1.85206950,-0.30470952,0.02033893
26.420000,0,RL_foot,1.42475498,0.18286350,0.02026874
26.420000,0,RR_foot,1.18000352,-0.16315252,0.02015436
26.440000,0,FL_foot,1.69328797,0.13944815,0.02014339
26.440000,0,FR_foot,1.85154486,-0.30420738,0.02033373
26.440000,0,RL_foot,1.41926169,0.17803724,0.02458035
26.440000,0,RR_foot,1.17952728,-0.16364998,0.02017617
26.460000,0,FL_foot,1.69299233,0.13965413,0.02018689
26.460000,0,FR_foot,1.85023820,-0.30245996,0.02033373
26.460000,0,RL_foot,1.41249299,0.16192485,0.03546140
26.460000,0,RR_foot,1.17922008,-0.16375525,0.02014547
26.480000,0,FL_foot,1.69267833,0.13985407,0.02019375
26.480000,0,FR_foot,1.84837759,-0.29982579,0.02033672
26.480000,0,RL_foot,1.40846026,0.13921642,0.05229004
26.480000,0,RR_foot,1.17892659,-0.16385384,0.02015702
26.500000,0,FL_foot,1.69237733,0.14004230,0.02020224
26.500000,0,FR_foot,1.84710574,-0.29824674,0.02034011
26.500000,0,RL_foot,1.40534234,0.11862330,0.07122356
26.500000,0,RR_foot,1.17863345,-0.16394068,0.02015827
26.520000,0,FL_foot,1.69210196,0.14019962,0.02021063
26.520000,0,FR_foot,1.84695041,-0.29801819,0.02034479
26.520000,0,RL_foot,1.40128922,0.10471682,0.08739235
26.520000,0,RR_foot,1.17836308,-0.16401622,0.02016109
26.540000,0,FL_foot,1.69186711,0.14030714,0.02021821
26.540000,0,FR_foot,1.84678781,-0.29781625,0.02035110
26.540000,0,RL_foot,1.39611554,0.09743030,0.09830301
26.540000,0,RR_foot,1.17810500,-0.16410530,0.02015960
26.560000,0,FL_foot,1.69163573,0.14040107,0.02022381
26.560000,0,FR_foot,1.84652853,-0.29757527,0.02035369
26.560000,0,RL_foot,1.38998890,0.09475451,0.10458464
26.560000,0,RR_foot,1.17784369,-0.16419774,0.02015815
26.580000,0,FL_foot,1.69141018,0.14046912,0.02023135
26.580000,0,FR_foot,1.84585059,-0.29686859,0.02035422
26.580000,0,RL_foot,1.38301325,0.09479158,0.10785873
26.580000,0,RR_foot,1.17759037,-0.16428119,0.02016093
26.600000,0,FL_foot,1.69120967,0.14051029,0.02023376
26.600000,0,FR_foot,1.84428656,-0.29503557,0.02035490
26.600000,0,RL_foot,1.37520885,0.09614780,0.10965496
26.600000,0,RR_foot,1.17733264,-0.16438344,0.02016488
26.620000,0,FL_foot,1.69097841,0.14054224,0.02023124
26.620000,0,FR_foot,1.84178483,-0.29199803,0.02035548
26.620000,0,RL_foot,1.36674833,0.09787745,0.11107645
26.620000,0,RR_foot,1.17706597,-0.16447783,0.02016255
26.640000,0,FL_foot,1.69075096,0.14056937,0.02023653
26.640000,0,FR_foot,1.83848870,-0.28808329,0.02035677
26.640000,0,RL_foot,1.35790837,0.09956297,0.11257835
26.640000,0,RR_foot,1.17680740,-0.16455379,0.02016712
26.660000,0,FL_foot,1.69054103,0.14058200,0.02023678
26.660000,0,FR_foot,1.83450067,-0.28364760,0.02035614
26.660000,0,RL_foot,1.34889805,0.10111004,0.11419656
26.660000,0,RR_foot,1.17654145,-0.16463684,0.02017127
26.680000,0,FL_foot,1.69030976,0.14059445,0.02023462
26.680000,0,FR_foot,1.83002400,-0.27912706,0.02035573
26.680000,0,RL_foot,1.33991468,0.10249656,0.11591323
26.680000,0,RR_foot,1.17627239,-0.16470844,0.02016772
26.700000,0,FL_foot,1.69008303,0.14060749,0.02024009
26.700000,0,FR_foot,1.82472932,-0.27462280,0.02035421
26.700000,0,RL_foot,1.33124423,0.10362028,0.11758962
26.700000,0,RR_foot,1.17601597,-0.16476212,0.02017426
26.720000,0,FL_foot,1.68987370,0.14060993,0.02024285
26.720000,0,FR_foot,1.81808484,-0.26998562,0.02035465
26.720000,0,RL_foot,1.32304084,0.10423499,0.11929074
26.720000,0,RR_foot,1.17574847,-0.16482636,0.02018374
26.740000,0,FL_foot,1.68964994,0.14061262,0.02024215
26.740000,0,FR_foot,1.80978930,-0.26532605,0.02034748
26.740000,0,RL_foot,1.31529844,0.10418570,0.12117831
26.740000,0,RR_foot,1.17547417,-0.16487718,0.02018760
26.760000,0,FL_foot,1.68942463,0.14061382,0.02025029
26.760000,0,FR_foot,1.79980075,-0.26094860,0.02034176
26.760000,0,RL_foot,1.30797410,0.10351548,0.12326553
26.760000,0,RR_foot,1.17520428,-0.16491564,0.02019362
26.780000,0,FL_foot,1.68921065,0.14060713,0.02025146
26.780000,0,FR_foot,1.78843129,-0.25721189,0.02033710
26.780000,0,RL_foot,1.30104876,0.10251266,0.12527236
26.780000,0,RR_foot,1.17491007,-0.16495599,0.02020386
26.800000,0,FL_foot,1.68897676,0.14059508,0.02024708
26.800000,0,FR_foot,1.77651155,-0.25446701,0.02033045
26.800000,0,RL_foot,1.29445970,0.10160971,0.12682100
26.800000,0,RR_foot,1.17460978,-0.16497836,0.02019836
26.820000,0,FL_foot,1.68873823,0.14059032,0.02025267
26.820000,0,FR_foot,1.76478112,-0.25273433,0.02032838
26.820000,0,RL_foot,1.28811133,0.10116205,0.12761571
26.820000,0,RR_foot,1.17431641,-0.16498348,0.02019911
26.840000,0,FL_foot,1.68850386,0.14057873,0.02025235
26.840000,0,FR_foot,1.75369930,-0.25182590,0.02032519
26.840000,0,RL_foot,1.28190935,0.10135859,0.12746605
26.840000,0,RR_foot,1.17400968,-0.16498519,0.02020196
26.860000,0,FL_foot,1.68825459,0.14057775,0.02025046
26.860000,0,FR_foot,1.74347925,-0.25154036,0.02032015
26.860000,0,RL_foot,1.27572238,0.10220607,0.12644373
26.860000,0,RR_foot,1.17370713,-0.16497286,0.02019560
26.880000,0,FL_foot,1.68800128,0.14058965,0.02025374
26.880000,0,FR_foot,1.73402941,-0.25168753,0.02031922
26.880000,0,RL_foot,1.26948488,0.10366735,0.12462083
26.880000,0,RR_foot,1.17341971,-0.16493407,0.02019901
26.900000,0,FL_foot,1.68774831,0.14059615,0.02025457
26.900000,0,FR_foot,1.72510886,-0.25213215,0.02031603
26.900000,0,RL_foot,1.26317799,0.10570362,0.12202889
26.900000,0,RR_foot,1.17312455,-0.16489954,0.02020283
26.920000,0,FL_foot,1.68748820,0.14061677,0.02025399
26.920000,0,FR_foot,1.71649718,-0.25280017,0.02031517
26.920000,0,RL_foot,1.25677729,0.10825724,0.11875925
26.920000,0,RR_foot,1.17283487,-0.16484904,0.02019961
26.940000,0,FL_foot,1.68722713,0.14064619,0.02025876
26.940000,0,FR_foot,1.70790732,-0.25361547,0.02031094
26.940000,0,RL_foot,1.25028324,0.11135583,0.11478981
26.940000,0,RR_foot,1.17255998,-0.16476551,0.02020379
26.960000,0,FL_foot,1.68696618,0.14066444,0.02025975
26.960000,0,FR_foot,1.69913936,-0.25449944,0.02030969
26.960000,0,RL_foot,1.24367642,0.11511985,0.10998186
26.960000,0,RR_foot,1.17227745,-0.16468872,0.02020815
26.980000,0,FL_foot,1.68670416,0.14069472,0.02026026
26.980000,0,FR_foot,1.68999600,-0.25532809,0.02030811
26.980000,0,RL_foot,1.23680365,0.11991195,0.10400221
26.980000,0,RR_foot,1.17199922,-0.16459428,0.02020593
27.000000,0,FL_foot,1.68644512,0.14072463,0.02026632
27.000000,0,FR_foot,1.68014979,-0.25581032,0.02030363
27.000000,0,RL_foot,1.22917438,0.12701413,0.09562689
27.000000,0,RR_foot,1.17173636,-0.16446090,0.02021141
27.020000,0,FL_foot,1.68618965,0.14072686,0.02026738
27.020000,0,FR_foot,1.66908443,-0.25547034,0.02029592
27.020000,0,RL_foot,1.21994305,0.13869624,0.08313914
27.020000,0,RR_foot,1.17146075,-0.16435501,0.02021752
27.040000,0,FL_foot,1.68593705,0.14074428,0.02027111
27.040000,0,FR_foot,1.65655410,-0.25436068,0.02028909
27.040000,0,RL_foot,1.20857334,0.15746537,0.06590901
27.040000,0,RR_foot,1.17118359,-0.16424114,0.02022018
27.060000,0,FL_foot,1.68567455,0.14075623,0.02027783
27.060000,0,FR_foot,1.64226723,-0.25331414,0.02028298
27.060000,0,RL_foot,1.19506943,0.18337722,0.04663610
27.060000,0,RR_foot,1.17090595,-0.16408421,0.02022888
27.080000,0,FL_foot,1.68538928,0.14078109,0.02027603
27.080000,0,FR_foot,1.62613034,-0.25343925,0.02027198
27.080000,0,RL_foot,1.18134069,0.20594777,0.03254668
27.080000,0,RR_foot,1.17059708,-0.16392781,0.02022996
27.100000,0,FL_foot,1.68507290,0.14085740,0.02027718
27.100000,0,FR_foot,1.61026359,-0.25557870,0.02026884
27.100000,0,RL_foot,1.17052639,0.22127238,0.02269632
27.100000,0,RR_foot,1.17028165,-0.16370647,0.02022136
27.120000,0,FL_foot,1.68347573,0.14218208,0.02034100
27.120000,0,FR_foot,1.60218453,-0.25657004,0.02027287
27.120000,0,RL_foot,1.16817594,0.22447363,0.02026126
27.120000,0,RR_foot,1.16998577,-0.16343351,0.02023868
27.140000,0,FL_foot,1.67398071,0.14056668,0.02029785
27.140000,0,FR_foot,1.60199618,-0.25634903,0.02027196
27.140000,0,RL_foot,1.16789949,0.22466309,0.02025353
27.140000,0,RR_foot,1.16370046,-0.15845662,0.02051915
27.160000,0,FL_foot,1.65704894,0.13439341,0.02116341
27.160000,0,FR_foot,1.60185385,-0.25612301,0.02027277
27.160000,0,RL_foot,1.16764188,0.22475487,0.02027364
27.160000,0,RR_foot,1.14899564,-0.14730191,0.02249086
27.180000,0,FL_foot,1.62919354,0.12892297,0.02211112
27.180000,0,FR_foot,1.60169220,-0.25592428,0.02028082
27.180000,0,RL_foot,1.16737425,0.22483973,0.02027563
27.180000,0,RR_foot,1.12432587,-0.13571836,0.02455055
27.200000,0,FL_foot,1.59560049,0.12875314,0.02262258
27.200000,0,FR_foot,1.60152972,-0.25569436,0.02028331
27.200000,0,RL_foot,1.16711259,0.22491260,0.02027850
27.200000,0,RR_foot,1.09057200,-0.12760441,0.02527065
27.220000,0,FL_foot,1.56025195,0.13351691,0.02286636
27.220000,0,FR_foot,1.60133135,-0.25547510,0.02029575
27.220000,0,RL_foot,1.16682661,0.22496302,0.02028029
27.220000,0,RR_foot,1.05150557,-0.12270565,0.02526916
27.240000,0,FL_foot,1.52580905,0.14079902,0.02354812
27.240000,0,FR_foot,1.60111964,-0.25524497,0.02030211
27.240000,0,RL_foot,1.16649687,0.22502272,0.02027817
27.240000,0,RR_foot,1.01267970,-0.11953235,0.02554188
27.260000,0,FL_foot,1.49440730,0.14973108,0.02445471
27.260000,0,FR_foot,1.60087085,-0.25501913,0.02030777
27.260000,0,RL_foot,1.16614020,0.22508268,0.02027627
27.260000,0,RR_foot,0.97820944,-0.11826821,0.02570192
27.280000,0,FL_foot,1.46753097,0.16045304,0.02510568
27.280000,0,FR_foot,1.60057330,-0.25483060,0.02031619
27.280000,0,RL_foot,1.16575301,0.22512725,0.02028491
27.280000,0,RR_foot,0.95011371,-0.11946783,0.02465624
27.300000,0,FL_foot,1.44750357,0.17282541,0.02497363
27.300000,0,FR_foot,1.60024214,-0.25466511,0.02032241
27.300000,0,RL_foot,1.16533697,0.22516206,0.02028876
27.300000,0,RR_foot,0.92903769,-0.12216188,0.02176386
27.320000,0,FL_foot,1.43533611,0.18541479,0.02159847
27.320000,0,FR_foot,1.59922087,-0.25417453,0.02034418
27.320000,0,RL_foot,1.16495419,0.22506599,0.02028439
27.320000,0,RR_foot,0.92271185,-0.12298152,0.02015982
27.340000,0,FL_foot,1.43333888,0.18792257,0.02022756
27.340000,0,FR_foot,1.59876037,-0.25378153,0.02033619
27.340000,0,RL_foot,1.15948009,0.22057480,0.02483972
27.340000,0,RR_foot,0.92206168,-0.12385798,0.02019197
27.360000,0,FL_foot,1.43300569,0.18811259,0.02019590
27.360000,0,FR_foot,1.59739459,-0.25202379,0.02033406
27.360000,0,RL_foot,1.15297973,0.20501234,0.03559336
27.360000,0,RR_foot,0.92173243,-0.12397402,0.02015404
27.380000,0,FL_foot,1.43267941,0.18829979,0.02019363
27.380000,0,FR_foot,1.59550881,-0.24951579,0.02033693
27.380000,0,RL_foot,1.14911103,0.18273042,0.05231594
27.380000,0,RR_foot,0.92142284,-0.12408564,0.02015711
27.400000,0,FL_foot,1.43236804,0.18847652,0.02020074
27.400000,0,FR_foot,1.59425437,-0.24802342,0.02034029
27.400000,0,RL_foot,1.14613724,0.16241504,0.07106823
27.400000,0,RR_foot,0.92111820,-0.12419087,0.02015703
27.420000,0,FL_foot,1.43208504,0.18862508,0.02020920
27.420000,0,FR_foot,1.59409106,-0.24779983,0.02034507
27.420000,0,RL_foot,1.14217389,0.14857434,0.08708957
27.420000,0,RR_foot,0.92083824,-0.12428324,0.02015992
27.440000,0,FL_foot,1.43184423,0.18872616,0.02021750
27.440000,0,FR_foot,1.59392154,-0.24760249,0.02035158
27.440000,0,RL_foot,1.13703012,0.14117038,0.09797706
27.440000,0,RR_foot,0.92057252,-0.12438801,0.02015960
27.460000,0,FL_foot,1.43160975,0.18881306,0.02022290
27.460000,0,FR_foot,1.59365034,-0.24736004,0.02035411
27.460000,0,RL_foot,1.13091040,0.13828786,0.10431144
27.460000,0,RR_foot,0.92030603,-0.12449457,0.02015780
27.480000,0,FL_foot,1.43138158,0.18887511,0.02023038
27.480000,0,FR_foot,1.59294641,-0.24665111,0.02035453
27.480000,0,RL_foot,1.12393653,0.13808613,0.10766464
27.480000,0,RR_foot,0.92004770,-0.12459072,0.02015987
27.500000,0,FL_foot,1.43118250,0.18891209,0.02023367
27.500000,0,FR_foot,1.59133875,-0.24483173,0.02035558
27.500000,0,RL_foot,1.11613166,0.13920614,0.10952999
27.500000,0,RR_foot,0.91978729,-0.12470469,0.02016404
27.520000,0,FL_foot,1.43095005,0.18893635,0.02023059
27.520000,0,FR_foot,1.58877480,-0.24181774,0.02035596
27.520000,0,RL_foot,1.10766089,0.14072391,0.11099056
27.520000,0,RR_foot,0.91951776,-0.12481005,0.02016160
27.540000,0,FL_foot,1.43072200,0.18895772,0.02023569
27.540000,0,FR_foot,1.58540940,-0.23794465,0.02035645
27.540000,0,RL_foot,1.09880316,0.14222445,0.11250732
27.540000,0,RR_foot,0.91925669,-0.12489603,0.02016606
27.560000,0,FL_foot,1.43051195,0.18896495,0.02023601
27.560000,0,FR_foot,1.58135593,-0.23356867,0.02035712
27.560000,0,RL_foot,1.08976960,0.14361173,0.11411901
27.560000,0,RR_foot,0.91898787,-0.12498779,0.02017012
27.580000,0,FL_foot,1.43028080,0.18897253,0.02023393
27.580000,0,FR_foot,1.57680869,-0.22910263,0.02035621
27.580000,0,RL_foot,1.08073962,0.14486931,0.11581054
27.580000,0,RR_foot,0.91871780,-0.12506784,0.02016675
27.600000,0,FL_foot,1.43005490,0.18898092,0.02023941
27.600000,0,FR_foot,1.57149339,-0.22467194,0.02035678
27.600000,0,RL_foot,1.07199347,0.14589787,0.11746214
27.600000,0,RR_foot,0.91846085,-0.12512916,0.02017332
27.620000,0,FL_foot,1.42984593,0.18897912,0.02024226
27.620000,0,FR_foot,1.56486380,-0.22012393,0.02035448
27.620000,0,RL_foot,1.06370759,0.14645055,0.11912834
27.620000,0,RR_foot,0.91819346,-0.12519994,0.02018254
27.640000,0,FL_foot,1.42962337,0.18897830,0.02024181
27.640000,0,FR_foot,1.55663145,-0.21558225,0.02034904
27.640000,0,RL_foot,1.05589259,0.14634995,0.12098142
27.640000,0,RR_foot,0.91791958,-0.12525737,0.02018284
27.660000,0,FL_foot,1.42939985,0.18897602,0.02024933
27.660000,0,FR_foot,1.54668844,-0.21128838,0.02034311
27.660000,0,RL_foot,1.04851842,0.14560691,0.12305921
27.660000,0,RR_foot,0.91765118,-0.12530217,0.02019225
27.680000,0,FL_foot,1.42918813,0.18896680,0.02025077
27.680000,0,FR_foot,1.53530455,-0.20760880,0.02033729
27.680000,0,RL_foot,1.04155529,0.14446947,0.12513334
27.680000,0,RR_foot,0.91735852,-0.12534937,0.02020323
27.700000,0,FL_foot,1.42895460,0.18895167,0.02024633
27.700000,0,FR_foot,1.52330232,-0.20491557,0.02033301
27.700000,0,RL_foot,1.03494644,0.14337645,0.12681268
27.700000,0,RR_foot,0.91705853,-0.12537795,0.02019761
27.720000,0,FL_foot,1.42871726,0.18894370,0.02025199
27.720000,0,FR_foot,1.51143849,-0.20325343,0.02032845
27.720000,0,RL_foot,1.02859366,0.14271075,0.12777127
27.720000,0,RR_foot,0.91676593,-0.12538965,0.02019879
27.740000,0,FL_foot,1.42848468,0.18892841,0.02025147
27.740000,0,FR_foot,1.50023568,-0.20244268,0.02032511
27.740000,0,RL_foot,1.02239394,0.14268479,0.12779154
27.740000,0,RR_foot,0.91645920,-0.12539810,0.02020146
27.760000,0,FL_foot,1.42823660,0.18892282,0.02024982
27.760000,0,FR_foot,1.48994005,-0.20227006,0.02032245
27.760000,0,RL_foot,1.01620936,0.14331460,0.12693404
27.760000,0,RR_foot,0.91615659,-0.12539306,0.02019484
27.780000,0,FL_foot,1.42798448,0.18893038,0.02025294
27.780000,0,FR_foot,1.48046231,-0.20253527,0.02032024
27.780000,0,RL_foot,1.00996983,0.14455952,0.12527643
27.780000,0,RR_foot,0.91586846,-0.12536159,0.02019775
27.800000,0,FL_foot,1.42773306,0.18893252,0.02025389
27.800000,0,FR_foot,1.47156715,-0.20309937,0.02031757
27.800000,0,RL_foot,1.00365376,0.14637449,0.12285331
27.800000,0,RR_foot,0.91557252,-0.12533487,0.02020206
27.820000,0,FL_foot,1.42747295,0.18894854,0.02025328
27.820000,0,FR_foot,1.46301973,-0.20389155,0.02031562
27.820000,0,RL_foot,0.99723870,0.14869863,0.11975610
27.820000,0,RR_foot,0.91528207,-0.12529226,0.02019830
27.840000,0,FL_foot,1.42721283,0.18897367,0.02025789
27.840000,0,FR_foot,1.45453191,-0.20484950,0.02031279
27.840000,0,RL_foot,0.99072862,0.15153961,0.11598078
27.840000,0,RR_foot,0.91500610,-0.12521753,0.02020271
27.860000,0,FL_foot,1.42695248,0.18898793,0.02025886
27.860000,0,FR_foot,1.44588900,-0.20590426,0.02031077
27.860000,0,RL_foot,0.98411590,0.15499039,0.11141403
27.860000,0,RR_foot,0.91472197,-0.12514865,0.02020709
27.880000,0,FL_foot,1.42669082,0.18901382,0.02025961
27.880000,0,FR_foot,1.43691218,-0.20695430,0.02030794
27.880000,0,RL_foot,0.97727531,0.15932965,0.10580390
27.880000,0,RR_foot,0.91444135,-0.12506272,0.02020467
27.900000,0,FL_foot,1.42643142,0.18904042,0.02026562
27.900000,0,FR_foot,1.42731500,-0.20775846,0.02030470
27.900000,0,RL_foot,0.96982729,0.16552669,0.09820720
27.900000,0,RR_foot,0.91417557,-0.12493777,0.02020998
27.920000,0,FL_foot,1.42617583,0.18904077,0.02026660
27.920000,0,FR_foot,1.41663527,-0.20787661,0.02029802
27.920000,0,RL_foot,0.96091980,0.17570844,0.08683237
27.920000,0,RR_foot,0.91389829,-0.12483735,0.02021541
27.940000,0,FL_foot,1.42592418,0.18905470,0.02026971
27.940000,0,FR_foot,1.40449035,-0.20712644,0.02029329
27.940000,0,RL_foot,0.94986218,0.19238266,0.07066403
27.940000,0,RR_foot,0.91362113,-0.12472976,0.02021781
27.960000,0,FL_foot,1.42566633,0.18906012,0.02027714
27.960000,0,FR_foot,1.39061534,-0.20618111,0.02028387
27.960000,0,RL_foot,0.93643111,0.21703394,0.05112920
27.960000,0,RR_foot,0.91334641,-0.12457903,0.02022789
27.980000,0,FL_foot,1.42538869,0.18907043,0.02027591
27.980000,0,FR_foot,1.37474227,-0.20612951,0.02027351
27.980000,0,RL_foot,0.92212331,0.24105829,0.03554728
27.980000,0,RR_foot,0.91303962,-0.12444143,0.02023054
28.000000,0,FL_foot,1.42508101,0.18912661,0.02027487
28.000000,0,FR_foot,1.35858524,-0.20792285,0.02026824
28.000000,0,RL_foot,0.91018647,0.25787750,0.02497097
28.000000,0,RR_foot,0.91271329,-0.12426239,0.02022104
28.020000,0,FL_foot,1.42364669,0.19032535,0.02029430
28.020000,0,FR_foot,1.34778643,-0.21007472,0.02027546
28.020000,0,RL_foot,0.90548527,0.26421282,0.02032331
28.020000,0,RR_foot,0.91240734,-0.12399538,0.02024336
28.040000,0,FL_foot,1.41597772,0.18887354,0.02029555
28.040000,0,FR_foot,1.34697735,-0.20974641,0.02027543
28.040000,0,RL_foot,0.90519714,0.26438159,0.02026203
28.040000,0,RR_foot,0.90637535,-0.11970052,0.02051791
28.060000,0,FL_foot,1.39956152,0.18236956,0.02108594
28.060000,0,FR_foot,1.34682262,-0.20951405,0.02026956
28.060000,0,RL_foot,0.90491295,0.26448834,0.02025893
28.060000,0,RR_foot,0.89231312,-0.10934223,0.02240766
28.080000,0,FL_foot,1.37192190,0.17601031,0.02207545
28.080000,0,FR_foot,1.34665525,-0.20931070,0.02027889
28.080000,0,RL_foot,0.90465075,0.26457250,0.02027940
28.080000,0,RR_foot,0.86840409,-0.09806816,0.02450519
28.100000,0,FL_foot,1.33820248,0.17490663,0.02261290
28.100000,0,FR_foot,1.34646404,-0.20910150,0.02028626
28.100000,0,RL_foot,0.90438044,0.26464623,0.02027831
28.100000,0,RR_foot,0.83538806,-0.09012951,0.02536153
28.120000,0,FL_foot,1.30250001,0.17893228,0.02282398
28.120000,0,FR_foot,1.34627485,-0.20886108,0.02029142
28.120000,0,RL_foot,0.90408546,0.26471016,0.02027351
28.120000,0,RR_foot,0.79679251,-0.08563387,0.02534586
28.140000,0,FL_foot,1.26750684,0.18561140,0.02348215
28.140000,0,FR_foot,1.34605145,-0.20863767,0.02030091
28.140000,0,RL_foot,0.90375352,0.26475236,0.02027781
28.140000,0,RR_foot,0.75802666,-0.08292644,0.02553731
28.160000,0,FL_foot,1.23547602,0.19399673,0.02440443
28.160000,0,FR_foot,1.34579694,-0.20841765,0.02030812
28.160000,0,RL_foot,0.90339100,0.26481640,0.02028080
28.160000,0,RR_foot,0.72331160,-0.08205974,0.02563585
28.180000,0,FL_foot,1.20786607,0.20418696,0.02511680
28.180000,0,FR_foot,1.34549618,-0.20822015,0.02031431
28.180000,0,RL_foot,0.90300012,0.26487511,0.02027889
28.180000,0,RR_foot,0.69482744,-0.08351857,0.02459121
28.200000,0,FL_foot,1.18689442,0.21612591,0.02511695
28.200000,0,FR_foot,1.34515965,-0.20805836,0.02031915
28.200000,0,RL_foot,0.90258062,0.26491129,0.02028339
28.200000,0,RR_foot,0.67330557,-0.08640379,0.02173747
28.220000,0,FL_foot,1.17370689,0.22856346,0.02191972
28.220000,0,FR_foot,1.34409952,-0.20760226,0.02035083
28.220000,0,RL_foot,0.90219945,0.26483929,0.02028674
28.220000,0,RR_foot,0.66661817,-0.08729785,0.02016095
28.240000,0,FL_foot,1.17166615,0.23141634,0.02013396
28.240000,0,FR_foot,1.34361744,-0.20718801,0.02033527
28.240000,0,RL_foot,0.89686203,0.26106748,0.02415378
28.240000,0,RR_foot,0.66616488,-0.08780544,0.02017639
28.260000,0,FL_foot,1.17136371,0.23161393,0.02018537
28.260000,0,FR_foot,1.34228647,-0.20550177,0.02033201
28.260000,0,RL_foot,0.89038992,0.24589953,0.03451387
28.260000,0,RR_foot,0.66585732,-0.08792635,0.02014445
28.280000,0,FL_foot,1.17104208,0.23180521,0.02019316
28.280000,0,FR_foot,1.34032440,-0.20283291,0.02033653
28.280000,0,RL_foot,0.88700473,0.22361222,0.05089322
28.280000,0,RR_foot,0.66556382,-0.08803954,0.02015647
28.300000,0,FL_foot,1.17073059,0.23198554,0.02020187
28.300000,0,FR_foot,1.33891511,-0.20116124,0.02033927
28.300000,0,RL_foot,0.88461637,0.20285937,0.06968614
28.300000,0,RR_foot,0.66526949,-0.08813973,0.02015790
28.320000,0,FL_foot,1.17044675,0.23213653,0.02021025
28.320000,0,FR_foot,1.33874273,-0.20094906,0.02034420
28.320000,0,RL_foot,0.88113755,0.18845679,0.08604245
28.320000,0,RR_foot,0.66499841,-0.08822805,0.02016012
28.340000,0,FL_foot,1.17020547,0.23223799,0.02021785
28.340000,0,FR_foot,1.33857274,-0.20075043,0.02035017
28.340000,0,RL_foot,0.87632346,0.18061137,0.09728771
28.340000,0,RR_foot,0.66474098,-0.08832882,0.02015911
28.360000,0,FL_foot,1.16997135,0.23232488,0.02022362
28.360000,0,FR_foot,1.33832240,-0.20053281,0.02035368
28.360000,0,RL_foot,0.87038910,0.17742831,0.10388868
28.360000,0,RR_foot,0.66448140,-0.08843214,0.02015765
28.380000,0,FL_foot,1.16974163,0.23238595,0.02023142
28.380000,0,FR_foot,1.33767545,-0.19989958,0.02035362
28.380000,0,RL_foot,0.86352003,0.17702852,0.10738336
28.380000,0,RR_foot,0.66422784,-0.08852614,0.02016023
28.400000,0,FL_foot,1.16953921,0.23242033,0.02023371
28.400000,0,FR_foot,1.33616316,-0.19823535,0.02035455
28.400000,0,RL_foot,0.85577595,0.17802520,0.10927819
28.400000,0,RR_foot,0.66397268,-0.08864016,0.02016401
28.420000,0,FL_foot,1.16930652,0.23244438,0.02023135
28.420000,0,FR_foot,1.33368158,-0.19538713,0.02035567
28.420000,0,RL_foot,0.84733117,0.17945941,0.11070374
28.420000,0,RR_foot,0.66370732,-0.08874690,0.02016190
28.440000,0,FL_foot,1.16907775,0.23246315,0.02023663
28.440000,0,FR_foot,1.33035946,-0.19163236,0.02035725
28.440000,0,RL_foot,0.83847338,0.18087746,0.11217066
28.440000,0,RR_foot,0.66344947,-0.08883511,0.02016621
28.460000,0,FL_foot,1.16886687,0.23246753,0.02023689
28.460000,0,FR_foot,1.32631171,-0.18732741,0.02035601
28.460000,0,RL_foot,0.82942080,0.18216154,0.11375098
28.460000,0,RR_foot,0.66318375,-0.08892985,0.02017056
28.480000,0,FL_foot,1.16863370,0.23247181,0.02023459
28.480000,0,FR_foot,1.32175899,-0.18292275,0.02035565
28.480000,0,RL_foot,0.82035995,0.18329278,0.11543554
28.480000,0,RR_foot,0.66291541,-0.08901375,0.02016684
28.500000,0,FL_foot,1.16840661,0.23247641,0.02024018
28.500000,0,FR_foot,1.31644726,-0.17855076,0.02035517
28.500000,0,RL_foot,0.81157577,0.18419074,0.11710084
28.500000,0,RR_foot,0.66265923,-0.08907896,0.02017320
28.520000,0,FL_foot,1.16819608,0.23247075,0.02024286
28.520000,0,FR_foot,1.30985403,-0.17410284,0.02035455
28.520000,0,RL_foot,0.80325711,0.18462494,0.11877961
28.520000,0,RR_foot,0.66239345,-0.08915422,0.02018245
28.540000,0,FL_foot,1.16797233,0.23246582,0.02024248
28.540000,0,FR_foot,1.30165660,-0.16967480,0.02034953
28.540000,0,RL_foot,0.79542208,0.18441731,0.12063698
28.540000,0,RR_foot,0.66212010,-0.08921696,0.02018273
28.560000,0,FL_foot,1.16774750,0.23245905,0.02025017
28.560000,0,FR_foot,1.29176021,-0.16552866,0.02034462
28.560000,0,RL_foot,0.78803718,0.18357918,0.12270907
28.560000,0,RR_foot,0.66185188,-0.08926622,0.02019209
28.580000,0,FL_foot,1.16753447,0.23244469,0.02025164
28.580000,0,FR_foot,1.28041935,-0.16201551,0.02033839
28.580000,0,RL_foot,0.78107047,0.18235762,0.12476210
28.580000,0,RR_foot,0.66155982,-0.08931931,0.02020311
28.600000,0,FL_foot,1.16730130,0.23242368,0.02024755
28.600000,0,FR_foot,1.26845229,-0.15949386,0.02033190
28.600000,0,RL_foot,0.77445507,0.18118159,0.12641622
28.600000,0,RR_foot,0.66126025,-0.08935443,0.02019778
28.620000,0,FL_foot,1.16706359,0.23240925,0.02025295
28.620000,0,FR_foot,1.25661886,-0.15800051,0.02032801
28.620000,0,RL_foot,0.76808786,0.18042646,0.12735294
28.620000,0,RR_foot,0.66096741,-0.08937269,0.02019852
28.640000,0,FL_foot,1.16683030,0.23238754,0.02025233
28.640000,0,FR_foot,1.24542522,-0.15735088,0.02032476
28.640000,0,RL_foot,0.76186466,0.18030126,0.12735896
28.640000,0,RR_foot,0.66065955,-0.08938833,0.02020133
28.660000,0,FL_foot,1.16658247,0.23237513,0.02025074
28.660000,0,FR_foot,1.23512137,-0.15733214,0.02032214
28.660000,0,RL_foot,0.75565082,0.18082519,0.12648723
28.660000,0,RR_foot,0.66035593,-0.08939017,0.02019466
28.680000,0,FL_foot,1.16632926,0.23237546,0.02025383
28.680000,0,FR_foot,1.22562075,-0.15774557,0.02031955
28.680000,0,RL_foot,0.74937689,0.18196101,0.12481211
28.680000,0,RR_foot,0.66006589,-0.08936543,0.02019804
28.700000,0,FL_foot,1.16607773,0.23237032,0.02025481
28.700000,0,FR_foot,1.21669567,-0.15845209,0.02031621
28.700000,0,RL_foot,0.74302083,0.18366672,0.12236929
28.700000,0,RR_foot,0.65976912,-0.08934530,0.02020220
28.720000,0,FL_foot,1.16581714,0.23237889,0.02025415
28.720000,0,FR_foot,1.20812237,-0.15938143,0.02031437
28.720000,0,RL_foot,0.73655796,0.18588401,0.11924908
28.720000,0,RR_foot,0.65947711,-0.08930916,0.02019846
28.740000,0,FL_foot,1.16555655,0.23239674,0.02025849
28.740000,0,FR_foot,1.19961500,-0.16046873,0.02031169
28.740000,0,RL_foot,0.72999042,0.18862696,0.11544330
28.740000,0,RR_foot,0.65919912,-0.08924001,0.02020245
28.760000,0,FL_foot,1.16529608,0.23240373,0.02025968
28.760000,0,FR_foot,1.19095170,-0.16164765,0.02030888
28.760000,0,RL_foot,0.72330451,0.19199322,0.11083539
28.760000,0,RR_foot,0.65891278,-0.08917770,0.02020706
28.780000,0,FL_foot,1.16503298,0.23242259,0.02026035
28.780000,0,FR_foot,1.18195629,-0.16281454,0.02030675
28.780000,0,RL_foot,0.71636355,0.19627355,0.10515995
28.780000,0,RR_foot,0.65862966,-0.08909745,0.02020488
28.800000,0,FL_foot,1.16477358,0.23244226,0.02026635
28.800000,0,FR_foot,1.17231584,-0.16372105,0.02030340
28.800000,0,RL_foot,0.70874983,0.20247808,0.09743126
28.800000,0,RR_foot,0.65836114,-0.08897791,0.02021021
28.820000,0,FL_foot,1.16451848,0.23243527,0.02026722
28.820000,0,FR_foot,1.16155636,-0.16393816,0.02029606
28.820000,0,RL_foot,0.69956797,0.21275078,0.08586457
28.820000,0,RR_foot,0.65808231,-0.08888338,0.02021580
28.840000,0,FL_foot,1.16426682,0.23244321,0.02027060
28.840000,0,FR_foot,1.14933097,-0.16333909,0.02029425
28.840000,0,RL_foot,0.68810779,0.22959788,0.06950603
28.840000,0,RR_foot,0.65780252,-0.08878116,0.02021807
28.860000,0,FL_foot,1.16400838,0.23244250,0.02027774
28.860000,0,FR_foot,1.13537514,-0.16264385,0.02028502
28.860000,0,RL_foot,0.67416644,0.25428116,0.05000529
28.860000,0,RR_foot,0.65752423,-0.08863652,0.02022808
28.880000,0,FL_foot,1.16372871,0.23244853,0.02027652
28.880000,0,FR_foot,1.11948442,-0.16294505,0.02027762
28.880000,0,RL_foot,0.65950948,0.27768120,0.03478742
28.880000,0,RR_foot,0.65721458,-0.08850202,0.02023050
28.900000,0,FL_foot,1.16341960,0.23250015,0.02027540
28.900000,0,FR_foot,1.10345471,-0.16512021,0.02026908
28.900000,0,RL_foot,0.64750451,0.29388574,0.02441282
28.900000,0,RR_foot,0.65688419,-0.08832802,0.02022109
28.920000,0,FL_foot,1.16162670,0.23403619,0.02033124
28.920000,0,FR_foot,1.09335327,-0.16715278,0.02027500
28.920000,0,RL_foot,0.64281619,0.30010265,0.02031593
28.920000,0,RR_foot,0.65656942,-0.08807825,0.02026998
28.940000,0,FL_foot,1.15380764,0.23302193,0.02029426
28.940000,0,FR_foot,1.09270680,-0.16687432,0.02027495
28.940000,0,RL_foot,0.64252633,0.30026168,0.02025929
28.940000,0,RR_foot,0.65055865,-0.08412378,0.02032154
28.960000,0,FL_foot,1.13756406,0.22632632,0.02113146
28.960000,0,FR_foot,1.09254611,-0.16664374,0.02027289
28.960000,0,RL_foot,0.64224094,0.30036691,0.02027142
28.960000,0,RR_foot,0.63640571,-0.07411415,0.02214557
28.980000,0,FL_foot,1.11023319,0.21944764,0.02216321
28.980000,0,FR_foot,1.09238219,-0.16642553,0.02027542
28.980000,0,RL_foot,0.64196628,0.30045024,0.02026650
28.980000,0,RR_foot,0.61234522,-0.06322518,0.02422466
29.000000,0,FL_foot,1.07671344,0.21771906,0.02275322
29.000000,0,FR_foot,1.09218907,-0.16621567,0.02028636
29.000000,0,RL_foot,0.64170635,0.30051473,0.02027762
29.000000,0,RR_foot,0.57912540,-0.05581003,0.02505629
29.020000,0,FL_foot,1.04107869,0.22109668,0.02300141
29.020000,0,FR_foot,1.09199440,-0.16597834,0.02029424
29.020000,0,RL_foot,0.64140898,0.30057922,0.02028121
29.020000,0,RR_foot,0.54028344,-0.05195732,0.02500405
29.040000,0,FL_foot,1.00607562,0.22714977,0.02366415
29.040000,0,FR_foot,1.09176850,-0.16574940,0.02029912
29.040000,0,RL_foot,0.64107490,0.30062905,0.02027135
29.040000,0,RR_foot,0.50128692,-0.04989434,0.02517139
29.060000,0,FL_foot,0.97400248,0.23499648,0.02457526
29.060000,0,FR_foot,1.09150839,-0.16553392,0.02030875
29.060000,0,RL_foot,0.64071035,0.30066243,0.02027965
29.060000,0,RR_foot,0.46637630,-0.04962677,0.02524887
29.080000,0,FL_foot,0.94633561,0.24471083,0.02528219
29.080000,0,FR_foot,1.09120321,-0.16534071,0.02031501
29.080000,0,RL_foot,0.64031810,0.30071971,0.02027877
29.080000,0,RR_foot,0.43778539,-0.05157466,0.02418423
29.100000,0,FL_foot,0.92529047,0.25625986,0.02528294
29.100000,0,FR_foot,1.09085953,-0.16518901,0.02032128
29.100000,0,RL_foot,0.63989478,0.30074859,0.02028809
29.100000,0,RR_foot,0.41626787,-0.05480089,0.02130044
29.120000,0,FL_foot,0.91171765,0.26821712,0.02183589
29.120000,0,FR_foot,1.08967519,-0.16477026,0.02033861
29.120000,0,RL_foot,0.63952440,0.30067873,0.02027816
29.120000,0,RR_foot,0.41138679,-0.05604259,0.02015733
29.140000,0,FL_foot,0.90955746,0.27104604,0.02013966
29.140000,0,FR_foot,1.08919859,-0.16438104,0.02033684
29.140000,0,RL_foot,0.63426119,0.29591808,0.02442718
29.140000,0,RR_foot,0.41093105,-0.05661875,0.02017001
29.160000,0,FL_foot,0.90924984,0.27123591,0.02018555
29.160000,0,FR_foot,1.08773828,-0.16257212,0.02033204
29.160000,0,RL_foot,0.62822157,0.27991250,0.03505830
29.160000,0,RR_foot,0.41063067,-0.05674665,0.02014559
29.180000,0,FL_foot,0.90892071,0.27142856,0.02019431
29.180000,0,FR_foot,1.08574831,-0.15998366,0.02033634
29.180000,0,RL_foot,0.62532687,0.25728539,0.05166931
29.180000,0,RR_foot,0.41034216,-0.05686275,0.02015495
29.200000,0,FL_foot,0.90861642,0.27159375,0.02020487
29.200000,0,FR_foot,1.08437860,-0.15843429,0.02033933
29.200000,0,RL_foot,0.62331051,0.23656958,0.07051792
29.200000,0,RR_foot,0.41005188,-0.05696596,0.02015887
29.220000,0,FL_foot,0.90833825,0.27173674,0.02021055
29.220000,0,FR_foot,1.08421314,-0.15821530,0.02034283
29.220000,0,RL_foot,0.62004340,0.22232305,0.08676370
29.220000,0,RR_foot,0.40978545,-0.05705671,0.02016265
29.240000,0,FL_foot,0.90808427,0.27184334,0.02021855
29.240000,0,FR_foot,1.08404315,-0.15802266,0.02034981
29.240000,0,RL_foot,0.61531764,0.21460667,0.09783655
29.240000,0,RR_foot,0.40953007,-0.05715796,0.02015875
29.260000,0,FL_foot,0.90786594,0.27191147,0.02022432
29.260000,0,FR_foot,1.08380198,-0.15782681,0.02035304
29.260000,0,RL_foot,0.60939050,0.21150342,0.10425361
29.260000,0,RR_foot,0.40927264,-0.05726374,0.02015672
29.280000,0,FL_foot,0.90763849,0.27197140,0.02023027
29.280000,0,FR_foot,1.08316791,-0.15723860,0.02035361
29.280000,0,RL_foot,0.60246813,0.21111681,0.10761851
29.280000,0,RR_foot,0.40902236,-0.05736095,0.02016171
29.300000,0,FL_foot,0.90741217,0.27200979,0.02023340
29.300000,0,FR_foot,1.08167720,-0.15567847,0.02035511
29.300000,0,RL_foot,0.59466356,0.21207134,0.10942854
29.300000,0,RR_foot,0.40876961,-0.05747605,0.02016405
29.320000,0,FL_foot,0.90720850,0.27202553,0.02023245
29.320000,0,FR_foot,1.07912230,-0.15285014,0.02035500
29.320000,0,RL_foot,0.58615690,0.21341665,0.11079895
29.320000,0,RR_foot,0.40850702,-0.05758541,0.02016144
29.340000,0,FL_foot,0.90697712,0.27204126,0.02023518
29.340000,0,FR_foot,1.07572067,-0.14916012,0.02035694
29.340000,0,RL_foot,0.57723415,0.21468402,0.11228072
29.340000,0,RR_foot,0.40825129,-0.05767600,0.02016729
29.360000,0,FL_foot,0.90674847,0.27205142,0.02023749
29.360000,0,FR_foot,1.07163346,-0.14499271,0.02035758
29.360000,0,RL_foot,0.56815463,0.21580471,0.11388911
29.360000,0,RR_foot,0.40798801,-0.05777138,0.02016909
29.380000,0,FL_foot,0.90653688,0.27204731,0.02023515
29.380000,0,FR_foot,1.06697607,-0.14064790,0.02035553
29.380000,0,RL_foot,0.55909151,0.21677086,0.11558382
29.380000,0,RR_foot,0.40772223,-0.05785754,0.02016743
29.400000,0,FL_foot,0.90631020,0.27205139,0.02023980
29.400000,0,FR_foot,1.06154656,-0.13638569,0.02035601
29.400000,0,RL_foot,0.55031097,0.21748731,0.11727620
29.400000,0,RR_foot,0.40746781,-0.05792521,0.02017521
29.420000,0,FL_foot,0.90608704,0.27205113,0.02024297
29.420000,0,FR_foot,1.05485058,-0.13208817,0.02035498
29.420000,0,RL_foot,0.54201764,0.21775286,0.11898020
29.420000,0,RR_foot,0.40720290,-0.05799913,0.02018026
29.440000,0,FL_foot,0.90587902,0.27203977,0.02024295
29.440000,0,FR_foot,1.04649794,-0.12779540,0.02034890
29.440000,0,RL_foot,0.53423214,0.21739343,0.12084158
29.440000,0,RR_foot,0.40693027,-0.05806344,0.02018387
29.460000,0,FL_foot,0.90565658,0.27203649,0.02025192
29.460000,0,FR_foot,1.03645611,-0.12385087,0.02034435
29.460000,0,RL_foot,0.52689493,0.21641484,0.12292501
29.460000,0,RR_foot,0.40666255,-0.05811618,0.02019558
29.480000,0,FL_foot,0.90543050,0.27202460,0.02024940
29.480000,0,FR_foot,1.02505541,-0.12059110,0.02033893
29.480000,0,RL_foot,0.51998061,0.21508719,0.12496229
29.480000,0,RR_foot,0.40637025,-0.05816462,0.02019766
29.500000,0,FL_foot,0.90521240,0.27200323,0.02024850
29.500000,0,FR_foot,1.01301026,-0.11829681,0.02033080
29.500000,0,RL_foot,0.51340890,0.21383879,0.12657537
29.500000,0,RR_foot,0.40607080,-0.05820093,0.02019698
29.520000,0,FL_foot,0.90497690,0.27199244,0.02025504
29.520000,0,FR_foot,1.00113618,-0.11703449,0.02032740
29.520000,0,RL_foot,0.50707102,0.21302697,0.12746190
29.520000,0,RR_foot,0.40577772,-0.05822279,0.02020430
29.540000,0,FL_foot,0.90473562,0.27198061,0.02025162
29.540000,0,FR_foot,0.98997056,-0.11660285,0.02032541
29.540000,0,RL_foot,0.50086629,0.21284869,0.12741400
29.540000,0,RR_foot,0.40547004,-0.05823341,0.02019787
29.560000,0,FL_foot,0.90449631,0.27196118,0.02025075
29.560000,0,FR_foot,0.97965401,-0.11675481,0.02032095
29.560000,0,RL_foot,0.49465501,0.21332623,0.12647894
29.560000,0,RR_foot,0.40516701,-0.05823655,0.02019582
29.580000,0,FL_foot,0.90424460,0.27196544,0.02025455
29.580000,0,FR_foot,0.97014767,-0.11732457,0.02031902
29.580000,0,RL_foot,0.48836392,0.21442030,0.12474339
29.580000,0,RR_foot,0.40487742,-0.05821296,0.02020066
29.600000,0,FL_foot,0.90398848,0.27197325,0.02025479
29.600000,0,FR_foot,0.96123582,-0.11818182,0.02031701
29.600000,0,RL_foot,0.48197916,0.21608366,0.12224150
29.600000,0,RR_foot,0.40457982,-0.05818935,0.02020052
29.620000,0,FL_foot,0.90373224,0.27197206,0.02025371
29.620000,0,FR_foot,0.95264757,-0.11924849,0.02031546
29.620000,0,RL_foot,0.47548354,0.21826796,0.11903808
29.620000,0,RR_foot,0.40428814,-0.05815331,0.02020000
29.640000,0,FL_foot,0.90347165,0.27199426,0.02025884
29.640000,0,FR_foot,0.94411868,-0.12047283,0.02031291
29.640000,0,RL_foot,0.46886557,0.22098349,0.11514901
29.640000,0,RR_foot,0.40401012,-0.05808461,0.02020477
29.660000,0,FL_foot,0.90321004,0.27201572,0.02026052
29.660000,0,FR_foot,0.93544298,-0.12178786,0.02030927
29.660000,0,RL_foot,0.46210885,0.22433886,0.11044333
29.660000,0,RR_foot,0.40372300,-0.05801892,0.02020581
29.680000,0,FL_foot,0.90294743,0.27202144,0.02025976
29.680000,0,FR_foot,0.92641211,-0.12307607,0.02030895
29.680000,0,RL_foot,0.45506215,0.22866210,0.10460015
29.680000,0,RR_foot,0.40343940,-0.05793856,0.02020628
29.700000,0,FL_foot,0.90268809,0.27204669,0.02026573
29.700000,0,FR_foot,0.91668457,-0.12408783,0.02030426
29.700000,0,RL_foot,0.44723713,0.23504148,0.09657223
29.700000,0,RR_foot,0.40316963,-0.05781898,0.02021156
29.720000,0,FL_foot,0.90243429,0.27205977,0.02026935
29.720000,0,FR_foot,0.90578407,-0.12439102,0.02029741
29.720000,0,RL_foot,0.43768761,0.24566485,0.08458474
29.720000,0,RR_foot,0.40288913,-0.05772407,0.02021589
29.740000,0,FL_foot,0.90218019,0.27204102,0.02027031
29.740000,0,FR_foot,0.89339721,-0.12394148,0.02029316
29.740000,0,RL_foot,0.42569035,0.26306945,0.06777022
29.740000,0,RR_foot,0.40260771,-0.05762279,0.02022002
29.760000,0,FL_foot,0.90192336,0.27205119,0.02027720
29.760000,0,FR_foot,0.87926978,-0.12353840,0.02028528
29.760000,0,RL_foot,0.41111496,0.28797519,0.04830792
29.760000,0,RR_foot,0.40232569,-0.05747896,0.02022916
29.780000,0,FL_foot,0.90163863,0.27207348,0.02027809
29.780000,0,FR_foot,0.86327142,-0.12427928,0.02027414
29.780000,0,RL_foot,0.39614373,0.31051520,0.03364489
29.780000,0,RR_foot,0.40201256,-0.05733929,0.02022915
29.800000,0,FL_foot,0.90132284,0.27211908,0.02027458
29.800000,0,FR_foot,0.84739155,-0.12695150,0.02026842
29.800000,0,RL_foot,0.38420305,0.32591277,0.02352905
29.800000,0,RR_foot,0.40167809,-0.05716670,0.02022177
29.820000,0,FL_foot,0.89968395,0.27313882,0.02029720
29.820000,0,FR_foot,0.83823293,-0.12902667,0.02027497
29.820000,0,RL_foot,0.38153845,0.32917222,0.02029285
29.820000,0,RR_foot,0.40136474,-0.05690495,0.02024771
29.840000,0,FL_foot,0.89189714,0.27144876,0.02029559
29.840000,0,FR_foot,0.83798897,-0.12882660,0.02027471
29.840000,0,RL_foot,0.38124624,0.32933003,0.02026400
29.840000,0,RR_foot,0.39534494,-0.05253040,0.02051297
29.860000,0,FL_foot,0.87564975,0.26429442,0.02121468
29.860000,0,FR_foot,0.83783072,-0.12861243,0.02027288
29.860000,0,RL_foot,0.38097784,0.32940936,0.02027853
29.860000,0,RR_foot,0.38066795,-0.04240247,0.02241597
29.880000,0,FL_foot,0.84826082,0.25711218,0.02223985
29.880000,0,FR_foot,0.83765674,-0.12841509,0.02028009
29.880000,0,RL_foot,0.38070574,0.32947519,0.02027977
29.880000,0,RR_foot,0.35586137,-0.03206008,0.02443354
29.900000,0,FL_foot,0.81461394,0.25496650,0.02278291
29.900000,0,FR_foot,0.83746403,-0.12821598,0.02028274
29.900000,0,RL_foot,0.38044006,0.32952502,0.02027051
29.900000,0,RR_foot,0.32197478,-0.02555821,0.02513802
29.920000,0,FL_foot,0.77884942,0.25779831,0.02302613
29.920000,0,FR_foot,0.83726704,-0.12799244,0.02029477
29.920000,0,RL_foot,0.38015202,0.32955784,0.02028354
29.920000,0,RR_foot,0.28268221,-0.02261261,0.02505706
29.940000,0,FL_foot,0.74379361,0.26326364,0.02368394
29.940000,0,FR_foot,0.83703887,-0.12777893,0.02030170
29.940000,0,RL_foot,0.37981978,0.32959387,0.02028060
29.940000,0,RR_foot,0.24355198,-0.02140505,0.02526458
29.960000,0,FL_foot,0.71165967,0.27052540,0.02458289
29.960000,0,FR_foot,0.83677751,-0.12757443,0.02030811
29.960000,0,RL_foot,0.37945935,0.32963029,0.02027620
29.960000,0,RR_foot,0.20880115,-0.02188621,0.02539363
29.980000,0,FL_foot,0.68395352,0.27975339,0.02526108
29.980000,0,FR_foot,0.83646894,-0.12739685,0.02031626
29.980000,0,RL_foot,0.37906879,0.32964972,0.02028505
29.980000,0,RR_foot,0.18050803,-0.02450540,0.02434703
30.000000,0,FL_foot,0.66294092,0.29098034,0.02518316
30.000000,0,FR_foot,0.83612621,-0.12725426,0.02032124
30.000000,0,RL_foot,0.37864956,0.32965899,0.02028855
30.000000,0,RR_foot,0.15931907,-0.02829467,0.02145001
30.020000,0,FL_foot,0.64955187,0.30272269,0.02169623
30.020000,0,FR_foot,0.83487988,-0.12684906,0.02033634
30.020000,0,RL_foot,0.37827900,0.32952410,0.02028507
30.020000,0,RR_foot,0.15445124,-0.02975103,0.02016685
