time_s,segment,body,x_m,y_m,z_m
0.000000,0,FL_foot,0.24780178,0.19358142,0.02014171
0.000000,0,FR_foot,0.22555758,-0.25329512,0.02033277
0.000000,0,RL_foot,-0.15206595,0.21612467,0.02103681
0.000000,0,RR_foot,-0.19706483,-0.22886650,0.02035467
0.020000,0,FL_foot,0.24483429,0.19261111,0.02022671
0.020000,0,FR_foot,0.22302330,-0.24878328,0.02222543
0.020000,0,RL_foot,-0.16230936,0.20299122,0.02193134
0.020000,0,RR_foot,-0.20100139,-0.22723939,0.02021349
0.040000,0,FL_foot,0.24488957,0.19257230,0.02022704
0.040000,0,FR_foot,0.22848232,-0.24894974,0.02273660
0.040000,0,RL_foot,-0.16280906,0.19047464,0.02469833
0.040000,0,RR_foot,-0.20094864,-0.22729446,0.02021434
0.060000,0,FL_foot,0.24488735,0.19257312,0.02022642
0.060000,0,FR_foot,0.23267253,-0.24807169,0.02261880
0.060000,0,RL_foot,-0.15957844,0.17444363,0.03055364
0.060000,0,RR_foot,-0.20091873,-0.22732030,0.02021463
0.080000,0,FL_foot,0.24488340,0.19258739,0.02022631
0.080000,0,FR_foot,0.23620553,-0.24661236,0.02237261
0.080000,0,RL_foot,-0.15278083,0.15286294,0.04115343
0.080000,0,RR_foot,-0.20089294,-0.22734793,0.02021171
0.100000,0,FL_foot,0.24486792,0.19260864,0.02022539
0.100000,0,FR_foot,0.24071303,-0.24499993,0.02226782
0.100000,0,RL_foot,-0.14337614,0.12846270,0.05702347
0.100000,0,RR_foot,-0.20086931,-0.22734381,0.02020915
0.120000,0,FL_foot,0.24485807,0.19262300,0.02022394
0.120000,0,FR_foot,0.24651051,-0.24351491,0.02244354
0.120000,0,RL_foot,-0.13421300,0.10649928,0.07537344
0.120000,0,RR_foot,-0.20084895,-0.22736712,0.02020684
0.140000,0,FL_foot,0.24486676,0.19262283,0.02022235
0.140000,0,FR_foot,0.25290328,-0.24232370,0.02274790
0.140000,0,RL_foot,-0.12733129,0.08957770,0.09267768
0.140000,0,RR_foot,-0.20082495,-0.22739856,0.02020525
0.160000,0,FL_foot,0.24489218,0.19260849,0.02022083
0.160000,0,FR_foot,0.25890833,-0.24138956,0.02295041
0.160000,0,RL_foot,-0.12274453,0.07752533,0.10701565
0.160000,0,RR_foot,-0.20079406,-0.22741768,0.02020317
0.180000,0,FL_foot,0.24492940,0.19258410,0.02021952
0.180000,0,FR_foot,0.26392883,-0.24071971,0.02291625
0.180000,0,RL_foot,-0.11959708,0.06898933,0.11826825
0.180000,0,RR_foot,-0.20075023,-0.22746952,0.02020082
0.200000,0,FL_foot,0.24497792,0.19253665,0.02021801
0.200000,0,FR_foot,0.26786613,-0.24046932,0.02256320
0.200000,0,RL_foot,-0.11712794,0.06269571,0.12706769
0.200000,0,RR_foot,-0.20069492,-0.22751039,0.02019829
0.220000,0,FL_foot,0.24503818,0.19249460,0.02021581
0.220000,0,FR_foot,0.27087122,-0.24071994,0.02188407
0.220000,0,RL_foot,-0.11491065,0.05782625,0.13402821
0.220000,0,RR_foot,-0.20063207,-0.22758126,0.02019674
0.240000,0,FL_foot,0.24511050,0.19242835,0.02021521
0.240000,0,FR_foot,0.27318969,-0.24141030,0.02089366
0.240000,0,RL_foot,-0.11275459,0.05390132,0.13960190
0.240000,0,RR_foot,-0.20055622,-0.22764173,0.02019376
0.260000,0,FL_foot,0.24519627,0.19234563,0.02021750
0.260000,0,FR_foot,0.27418011,-0.24192935,0.02025165
0.260000,0,RL_foot,-0.11038405,0.05047986,0.14392869
0.260000,0,RR_foot,-0.20049097,-0.22771098,0.02020638
0.280000,0,FL_foot,0.24530071,0.19223723,0.02021484
0.280000,0,FR_foot,0.27429447,-0.24209584,0.02024835
0.280000,0,RL_foot,-0.10809239,0.04766661,0.14691485
0.280000,0,RR_foot,-0.20044397,-0.22776626,0.02019479
0.300000,0,FL_foot,0.24539667,0.19212882,0.02021285
0.300000,0,FR_foot,0.27436733,-0.24223502,0.02024810
0.300000,0,RL_foot,-0.10615642,0.04528794,0.14940262
0.300000,0,RR_foot,-0.20040521,-0.22783665,0.02019165
0.320000,0,FL_foot,0.24548826,0.19202319,0.02021160
0.320000,0,FR_foot,0.27455559,-0.24244733,0.02024371
0.320000,0,RL_foot,-0.10432214,0.04324836,0.15135622
0.320000,0,RR_foot,-0.20036536,-0.22788770,0.02018871
0.340000,0,FL_foot,0.24557525,0.19193232,0.02021131
0.340000,0,FR_foot,0.27492651,-0.24277933,0.02024044
0.340000,0,RL_foot,-0.10256740,0.04145194,0.15289485
0.340000,0,RR_foot,-0.20033197,-0.22792995,0.02018482
0.360000,0,FL_foot,0.24565445,0.19183347,0.02020809
0.360000,0,FR_foot,0.27553809,-0.24328510,0.02024516
0.360000,0,RL_foot,-0.10091146,0.03985215,0.15410471
0.360000,0,RR_foot,-0.20029902,-0.22799408,0.02018679
0.380000,0,FL_foot,0.24572903,0.19174150,0.02020689
0.380000,0,FR_foot,0.27655080,-0.24403968,0.02024268
0.380000,0,RL_foot,-0.09937115,0.03844280,0.15503371
0.380000,0,RR_foot,-0.20027032,-0.22803083,0.02018516
0.400000,0,FL_foot,0.24579844,0.19165590,0.02020586
0.400000,0,FR_foot,0.27789453,-0.24499962,0.02024148
0.400000,0,RL_foot,-0.09793885,0.03719890,0.15571597
0.400000,0,RR_foot,-0.20024358,-0.22808604,0.02018332
0.420000,0,FL_foot,0.24586427,0.19158582,0.02020606
0.420000,0,FR_foot,0.27939776,-0.24606283,0.02024108
0.420000,0,RL_foot,-0.09660779,0.03609530,0.15620779
0.420000,0,RR_foot,-0.20021924,-0.22811493,0.02018232
0.440000,0,FL_foot,0.24592416,0.19151028,0.02020379
0.440000,0,FR_foot,0.28099251,-0.24719112,0.02024163
0.440000,0,RL_foot,-0.09536113,0.03511175,0.15654331
0.440000,0,RR_foot,-0.20019445,-0.22816469,0.02018182
0.460000,0,FL_foot,0.24598138,0.19144069,0.02020297
0.460000,0,FR_foot,0.28260383,-0.24832109,0.02024161
0.460000,0,RL_foot,-0.09419291,0.03423625,0.15676682
0.460000,0,RR_foot,-0.20017186,-0.22818655,0.02018108
0.480000,0,FL_foot,0.24603525,0.19138522,0.02020223
0.480000,0,FR_foot,0.28422144,-0.24944639,0.02024315
0.480000,0,RL_foot,-0.09309047,0.03345596,0.15690242
0.480000,0,RR_foot,-0.20014842,-0.22822911,0.02018030
0.500000,0,FL_foot,0.24608605,0.19132677,0.02020153
0.500000,0,FR_foot,0.28580692,-0.25053325,0.02024311
0.500000,0,RL_foot,-0.09204924,0.03276279,0.15697092
0.500000,0,RR_foot,-0.20012709,-0.22824213,0.02017923
0.520000,0,FL_foot,0.24613392,0.19128294,0.02020220
0.520000,0,FR_foot,0.28737256,-0.25160047,0.02024374
0.520000,0,RL_foot,-0.09106977,0.03214756,0.15699905
0.520000,0,RR_foot,-0.20010458,-0.22827704,0.02017873
0.540000,0,FL_foot,0.24617608,0.19123490,0.02020009
0.540000,0,FR_foot,0.28890312,-0.25263196,0.02024525
0.540000,0,RL_foot,-0.09014641,0.03160074,0.15699260
0.540000,0,RR_foot,-0.20008235,-0.22830851,0.02017874
0.560000,0,FL_foot,0.24621557,0.19120073,0.02019951
0.560000,0,FR_foot,0.29036471,-0.25360483,0.02024571
0.560000,0,RL_foot,-0.08928147,0.03112345,0.15696482
0.560000,0,RR_foot,-0.20006169,-0.22831005,0.02017819
0.580000,0,FL_foot,0.24625242,0.19116458,0.02019896
0.580000,0,FR_foot,0.29176912,-0.25453180,0.02024739
0.580000,0,RL_foot,-0.08847014,0.03070928,0.15691689
0.580000,0,RR_foot,-0.20004016,-0.22833329,0.02017754
0.600000,0,FL_foot,0.24628471,0.19114080,0.02019851
0.600000,0,FR_foot,0.29310322,-0.25540328,0.02024767
0.600000,0,RL_foot,-0.08771438,0.03035420,0.15685742
0.600000,0,RR_foot,-0.20001917,-0.22835319,0.02017698
0.620000,0,FL_foot,0.24631464,0.19112273,0.02019956
0.620000,0,FR_foot,0.29433948,-0.25619614,0.02024879
0.620000,0,RL_foot,-0.08701233,0.03005462,0.15679289
0.620000,0,RR_foot,-0.19999881,-0.22834130,0.02017497
0.640000,0,FL_foot,0.24633972,0.19110094,0.02019785
0.640000,0,FR_foot,0.29550692,-0.25695437,0.02024915
0.640000,0,RL_foot,-0.08636300,0.02980772,0.15672272
0.640000,0,RR_foot,-0.19997938,-0.22835639,0.02017593
0.660000,0,FL_foot,0.24636184,0.19109175,0.02019760
0.660000,0,FR_foot,0.29658052,-0.25764093,0.02024988
0.660000,0,RL_foot,-0.08576581,0.02960775,0.15665284
0.660000,0,RR_foot,-0.19995999,-0.22836670,0.02017589
0.680000,0,FL_foot,0.24638075,0.19108689,0.02019724
0.680000,0,FR_foot,0.29755649,-0.25826162,0.02025032
0.680000,0,RL_foot,-0.08521515,0.02944999,0.15658498
0.680000,0,RR_foot,-0.19994119,-0.22837415,0.02017558
0.700000,0,FL_foot,0.24639696,0.19108588,0.02019717
0.700000,0,FR_foot,0.29842418,-0.25881243,0.02025101
0.700000,0,RL_foot,-0.08470961,0.02933040,0.15652187
0.700000,0,RR_foot,-0.19992301,-0.22837877,0.02017540
0.720000,0,FL_foot,0.24640979,0.19108856,0.02019710
0.720000,0,FR_foot,0.29916865,-0.25928149,0.02025119
0.720000,0,RL_foot,-0.08424988,0.02924595,0.15646574
0.720000,0,RR_foot,-0.19990562,-0.22835284,0.02017362
0.740000,0,FL_foot,0.24642132,0.19108708,0.02019691
0.740000,0,FR_foot,0.29983220,-0.25970954,0.02025132
0.740000,0,RL_foot,-0.08383539,0.02919595,0.15641198
0.740000,0,RR_foot,-0.19989020,-0.22835457,0.02017444
0.760000,0,FL_foot,0.24642912,0.19109592,0.02019710
0.760000,0,FR_foot,0.30041084,-0.26007742,0.02025111
0.760000,0,RL_foot,-0.08346538,0.02917224,0.15636411
0.760000,0,RR_foot,-0.19987500,-0.22835307,0.02017403
0.780000,0,FL_foot,0.24643478,0.19110677,0.02019716
0.780000,0,FR_foot,0.30089012,-0.26037723,0.02025077
0.780000,0,RL_foot,-0.08313084,0.02916588,0.15632230
0.780000,0,RR_foot,-0.19986077,-0.22835059,0.02017331
0.800000,0,FL_foot,0.24643865,0.19111903,0.02019753
0.800000,0,FR_foot,0.30125165,-0.26058775,0.02024988
0.800000,0,RL_foot,-0.08282723,0.02916915,0.15628922
0.800000,0,RR_foot,-0.19984744,-0.22834730,0.02017289
0.820000,0,FL_foot,0.24644090,0.19113210,0.02019761
0.820000,0,FR_foot,0.30149600,-0.26070341,0.02025036
0.820000,0,RL_foot,-0.08255263,0.02917701,0.15626591
0.820000,0,RR_foot,-0.19983484,-0.22834428,0.02017253
0.840000,0,FL_foot,0.24644148,0.19114588,0.02019786
0.840000,0,FR_foot,0.30165204,-0.26075953,0.02025141
0.840000,0,RL_foot,-0.08230761,0.02918899,0.15625139
0.840000,0,RR_foot,-0.19982353,-0.22834094,0.02017281
0.860000,0,FL_foot,0.24644008,0.19116017,0.02019722
0.860000,0,FR_foot,0.30176976,-0.26079306,0.02025180
0.860000,0,RL_foot,-0.08209798,0.02920806,0.15624361
0.860000,0,RR_foot,-0.19981544,-0.22833464,0.02017156
0.880000,0,FL_foot,0.24643786,0.19117598,0.02019791
0.880000,0,FR_foot,0.30187321,-0.26082155,0.02025152
0.880000,0,RL_foot,-0.08192392,0.02924315,0.15623379
0.880000,0,RR_foot,-0.19980714,-0.22830555,0.02017260
0.900000,0,FL_foot,0.24643476,0.19118369,0.02019749
0.900000,0,FR_foot,0.30196819,-0.26083922,0.02025183
0.900000,0,RL_foot,-0.08178097,0.02927815,0.15622978
0.900000,0,RR_foot,-0.19979936,-0.22830123,0.02017249
0.920000,0,FL_foot,0.24642982,0.19120044,0.02019805
0.920000,0,FR_foot,0.30202198,-0.26083675,0.02025222
0.920000,0,RL_foot,-0.08166935,0.02931428,0.15622677
0.920000,0,RR_foot,-0.19979276,-0.22829726,0.02017264
0.940000,0,FL_foot,0.24642330,0.19121674,0.02019821
0.940000,0,FR_foot,0.30204585,-0.26082456,0.02025209
0.940000,0,RL_foot,-0.08158910,0.02935437,0.15622059
0.940000,0,RR_foot,-0.19978726,-0.22829366,0.02017252
0.960000,0,FL_foot,0.24641633,0.19123271,0.02019831
0.960000,0,FR_foot,0.30207050,-0.26081386,0.02025231
0.960000,0,RL_foot,-0.08153573,0.02939555,0.15621158
0.960000,0,RR_foot,-0.19978297,-0.22829022,0.02017250
0.980000,0,FL_foot,0.24640855,0.19124842,0.02019848
0.980000,0,FR_foot,0.30209458,-0.26080358,0.02025253
0.980000,0,RL_foot,-0.08150309,0.02943439,0.15620090
0.980000,0,RR_foot,-0.19977924,-0.22828768,0.02017248
1.000000,0,FL_foot,0.24640067,0.19126345,0.02019869
1.000000,0,FR_foot,0.30211559,-0.26079246,0.02025260
1.000000,0,RL_foot,-0.08148745,0.02946809,0.15618892
1.000000,0,RR_foot,-0.19977647,-0.22828583,0.02017238
1.020000,0,FL_foot,0.24639334,0.19126908,0.02019832
1.020000,0,FR_foot,0.30212185,-0.26077688,0.02025251
1.020000,0,RL_foot,-0.08148539,0.02949480,0.15617450
1.020000,0,RR_foot,-0.19977440,-0.22828496,0.02017247
1.040000,0,FL_foot,0.24638538,0.19128287,0.02019886
1.040000,0,FR_foot,0.30212286,-0.26075962,0.02025291
1.040000,0,RL_foot,-0.08149486,0.02951314,0.15615936
1.040000,0,RR_foot,-0.19977301,-0.22828464,0.02017236
1.060000,0,FL_foot,0.24637738,0.19129485,0.02019903
1.060000,0,FR_foot,0.30212486,-0.26074430,0.02025318
1.060000,0,RL_foot,-0.08151507,0.02952378,0.15614311
1.060000,0,RR_foot,-0.19977249,-0.22828546,0.02017245
1.080000,0,FL_foot,0.24636921,0.19130588,0.02019916
1.080000,0,FR_foot,0.30212942,-0.26073208,0.02025297
1.080000,0,RL_foot,-0.08154442,0.02952663,0.15612525
1.080000,0,RR_foot,-0.19977219,-0.22828688,0.02017244
1.100000,0,FL_foot,0.24636167,0.19131537,0.02019908
1.100000,0,FR_foot,0.30213350,-0.26072156,0.02025283
1.100000,0,RL_foot,-0.08157981,0.02952039,0.15610604
1.100000,0,RR_foot,-0.19977246,-0.22828920,0.02017237
1.120000,0,FL_foot,0.24635410,0.19132391,0.02019941
1.120000,0,FR_foot,0.30213702,-0.26071164,0.02025294
1.120000,0,RL_foot,-0.08161923,0.02950409,0.15608625
1.120000,0,RR_foot,-0.19977321,-0.22829278,0.02017257
1.140000,0,FL_foot,0.24634731,0.19133073,0.02019899
1.140000,0,FR_foot,0.30214247,-0.26070625,0.02025269
1.140000,0,RL_foot,-0.08166106,0.02947691,0.15606493
1.140000,0,RR_foot,-0.19977391,-0.22829781,0.02017347
1.160000,0,FL_foot,0.24634063,0.19133671,0.02019958
1.160000,0,FR_foot,0.30214873,-0.26069817,0.02025304
1.160000,0,RL_foot,-0.08170354,0.02943959,0.15604280
1.160000,0,RR_foot,-0.19977586,-0.22830231,0.02017262
1.180000,0,FL_foot,0.24633424,0.19134124,0.02019976
1.180000,0,FR_foot,0.30215082,-0.26069257,0.02025287
1.180000,0,RL_foot,-0.08174825,0.02939234,0.15601955
1.180000,0,RR_foot,-0.19977783,-0.22830854,0.02017255
1.200000,0,FL_foot,0.24632990,0.19133665,0.02019982
1.200000,0,FR_foot,0.30215299,-0.26068830,0.02025293
1.200000,0,RL_foot,-0.08179417,0.02933456,0.15599567
1.200000,0,RR_foot,-0.19978006,-0.22831544,0.02017248
1.220000,0,FL_foot,0.24632458,0.19133870,0.02019985
1.220000,0,FR_foot,0.30215397,-0.26068550,0.02025290
1.220000,0,RL_foot,-0.08183954,0.02926744,0.15597211
1.220000,0,RR_foot,-0.19978257,-0.22832309,0.02017259
1.240000,0,FL_foot,0.24631973,0.19133978,0.02019999
1.240000,0,FR_foot,0.30215535,-0.26068351,0.02025299
1.240000,0,RL_foot,-0.08188555,0.02919198,0.15594909
1.240000,0,RR_foot,-0.19978531,-0.22833142,0.02017259
1.260000,0,FL_foot,0.24631500,0.19134018,0.02019997
1.260000,0,FR_foot,0.30215624,-0.26068258,0.02025283
1.260000,0,RL_foot,-0.08193234,0.02910975,0.15592529
1.260000,0,RR_foot,-0.19978860,-0.22834025,0.02017233
1.280000,0,FL_foot,0.24631064,0.19133960,0.02019996
1.280000,0,FR_foot,0.30215642,-0.26068231,0.02025287
1.280000,0,RL_foot,-0.08198062,0.02902159,0.15590148
1.280000,0,RR_foot,-0.19979198,-0.22834972,0.02017252
1.300000,0,FL_foot,0.24630649,0.19133836,0.02020001
1.300000,0,FR_foot,0.30215669,-0.26068282,0.02025292
1.300000,0,RL_foot,-0.08203088,0.02892890,0.15587717
1.300000,0,RR_foot,-0.19979542,-0.22835948,0.02017245
1.320000,0,FL_foot,0.24630201,0.19133696,0.02020007
1.320000,0,FR_foot,0.30215719,-0.26068386,0.02025302
1.320000,0,RL_foot,-0.08208344,0.02883274,0.15585263
1.320000,0,RR_foot,-0.19979914,-0.22836965,0.02017228
1.340000,0,FL_foot,0.24629861,0.19133486,0.02020019
1.340000,0,FR_foot,0.30215657,-0.26068532,0.02025307
1.340000,0,RL_foot,-0.08213846,0.02873410,0.15582800
1.340000,0,RR_foot,-0.19980320,-0.22837985,0.02017233
1.360000,0,FL_foot,0.24629422,0.19133271,0.02020007
1.360000,0,FR_foot,0.30215621,-0.26068684,0.02025285
1.360000,0,RL_foot,-0.08219635,0.02863412,0.15580280
1.360000,0,RR_foot,-0.19980729,-0.22839057,0.02017213
1.380000,0,FL_foot,0.24629025,0.19133028,0.02020015
1.380000,0,FR_foot,0.30215567,-0.26068848,0.02025286
1.380000,0,RL_foot,-0.08225751,0.02853352,0.15577735
1.380000,0,RR_foot,-0.19981164,-0.22840111,0.02017218
1.400000,0,FL_foot,0.24628593,0.19132781,0.02020032
1.400000,0,FR_foot,0.30215546,-0.26069066,0.02025297
1.400000,0,RL_foot,-0.08232283,0.02843331,0.15575303
1.400000,0,RR_foot,-0.19981775,-0.22838323,0.02017115
1.420000,0,FL_foot,0.24628192,0.19132537,0.02020027
1.420000,0,FR_foot,0.30215433,-0.26069230,0.02025290
1.420000,0,RL_foot,-0.08239219,0.02833769,0.15572532
1.420000,0,RR_foot,-0.19982307,-0.22839491,0.02017184
1.440000,0,FL_foot,0.24627741,0.19132301,0.02020022
1.440000,0,FR_foot,0.30215353,-0.26069394,0.02025274
1.440000,0,RL_foot,-0.08246786,0.02824352,0.15569620
1.440000,0,RR_foot,-0.19982772,-0.22840555,0.02017182
1.460000,0,FL_foot,0.24627280,0.19132097,0.02020027
1.460000,0,FR_foot,0.30215266,-0.26069516,0.02025285
1.460000,0,RL_foot,-0.08254570,0.02815063,0.15566653
1.460000,0,RR_foot,-0.19983201,-0.22841601,0.02017183
1.480000,0,FL_foot,0.24626823,0.19131902,0.02020042
1.480000,0,FR_foot,0.30215177,-0.26069641,0.02025280
1.480000,0,RL_foot,-0.08262496,0.02805870,0.15563779
1.480000,0,RR_foot,-0.19983667,-0.22842634,0.02017180
1.500000,0,FL_foot,0.24626359,0.19131739,0.02020047
1.500000,0,FR_foot,0.30215105,-0.26069757,0.02025294
1.500000,0,RL_foot,-0.08270597,0.02796842,0.15560953
1.500000,0,RR_foot,-0.19984131,-0.22843671,0.02017175
1.520000,0,FL_foot,0.24625868,0.19131553,0.02020048
1.520000,0,FR_foot,0.30215025,-0.26069841,0.02025284
1.520000,0,RL_foot,-0.08278870,0.02788007,0.15558152
1.520000,0,RR_foot,-0.19984588,-0.22844689,0.02017157
1.540000,0,FL_foot,0.24625352,0.19131407,0.02020052
1.540000,0,FR_foot,0.30214930,-0.26069921,0.02025301
1.540000,0,RL_foot,-0.08287326,0.02779411,0.15555353
1.540000,0,RR_foot,-0.19985059,-0.22845677,0.02017157
1.560000,0,FL_foot,0.24624886,0.19131285,0.02020057
1.560000,0,FR_foot,0.30214855,-0.26069963,0.02025296
1.560000,0,RL_foot,-0.08295941,0.02771054,0.15552522
1.560000,0,RR_foot,-0.19985512,-0.22846660,0.02017128
1.580000,0,FL_foot,0.24624318,0.19131188,0.02020081
1.580000,0,FR_foot,0.30214790,-0.26069999,0.02025299
1.580000,0,RL_foot,-0.08304778,0.02762928,0.15549821
1.580000,0,RR_foot,-0.19986145,-0.22844706,0.02017038
1.600000,0,FL_foot,0.24623999,0.19131188,0.02020204
1.600000,0,FR_foot,0.30214664,-0.26070014,0.02025256
1.600000,0,RL_foot,-0.08313777,0.02755442,0.15546772
1.600000,0,RR_foot,-0.19986689,-0.22845727,0.02017054
1.620000,0,FL_foot,0.24623436,0.19130261,0.02020058
1.620000,0,FR_foot,0.30214557,-0.26070014,0.02025288
1.620000,0,RL_foot,-0.08323231,0.02747900,0.15543535
1.620000,0,RR_foot,-0.19987167,-0.22846709,0.02017113
1.640000,0,FL_foot,0.24622874,0.19130199,0.02020064
1.640000,0,FR_foot,0.30214497,-0.26069987,0.02025306
1.640000,0,RL_foot,-0.08332692,0.02740471,0.15540406
1.640000,0,RR_foot,-0.19987601,-0.22847632,0.02017109
1.660000,0,FL_foot,0.24622312,0.19130169,0.02020083
1.660000,0,FR_foot,0.30214444,-0.26069933,0.02025303
1.660000,0,RL_foot,-0.08341899,0.02733108,0.15537354
1.660000,0,RR_foot,-0.19988048,-0.22848564,0.02017107
1.680000,0,FL_foot,0.24621797,0.19130127,0.02020079
1.680000,0,FR_foot,0.30214331,-0.26069906,0.02025299
1.680000,0,RL_foot,-0.08350913,0.02725850,0.15534364
1.680000,0,RR_foot,-0.19988510,-0.22849458,0.02017118
1.700000,0,FL_foot,0.24621278,0.19130090,0.02020086
1.700000,0,FR_foot,0.30214286,-0.26069856,0.02025296
1.700000,0,RL_foot,-0.08359788,0.02718725,0.15531421
1.700000,0,RR_foot,-0.19988945,-0.22850347,0.02017106
1.720000,0,FL_foot,0.24620759,0.19130078,0.02020111
1.720000,0,FR_foot,0.30214250,-0.26069790,0.02025290
1.720000,0,RL_foot,-0.08368495,0.02711671,0.15528545
1.720000,0,RR_foot,-0.19989353,-0.22851218,0.02017101
1.740000,0,FL_foot,0.24620226,0.19130065,0.02020114
1.740000,0,FR_foot,0.30214185,-0.26069707,0.02025302
1.740000,0,RL_foot,-0.08377072,0.02704715,0.15525675
1.740000,0,RR_foot,-0.19989766,-0.22852081,0.02017102
1.760000,0,FL_foot,0.24618450,0.19130057,0.02019161
1.760000,0,FR_foot,0.30478209,-0.26340410,0.02025570
1.760000,0,RL_foot,-0.08325747,0.02716558,0.15407777
1.760000,0,RR_foot,-0.19991979,-0.22847387,0.02014029
1.780000,0,FL_foot,0.24621448,0.19130613,0.02019361
1.780000,0,FR_foot,0.31156638,-0.26835391,0.02039110
1.780000,0,RL_foot,-0.08200265,0.02690427,0.15312716
1.780000,0,RR_foot,-0.19987287,-0.22851983,0.02015166
1.800000,0,FL_foot,0.24627367,0.19130304,0.02019517
1.800000,0,FR_foot,0.32043016,-0.27240378,0.02086372
1.800000,0,RL_foot,-0.08004673,0.02628956,0.15264773
1.800000,0,RR_foot,-0.19979867,-0.22852853,0.02015425
1.820000,0,FL_foot,0.24636212,0.19129236,0.02019389
1.820000,0,FR_foot,0.32970032,-0.27531600,0.02128057
1.820000,0,RL_foot,-0.07747378,0.02541020,0.15264048
1.820000,0,RR_foot,-0.19968423,-0.22857927,0.02015511
1.840000,0,FL_foot,0.24647593,0.19126837,0.02019318
1.840000,0,FR_foot,0.33861789,-0.27738819,0.02122188
1.840000,0,RL_foot,-0.07431048,0.02450477,0.15273957
1.840000,0,RR_foot,-0.19952871,-0.22859983,0.02015490
1.860000,0,FL_foot,0.24661885,0.19123903,0.02019166
1.860000,0,FR_foot,0.34690580,-0.27888474,0.02043562
1.860000,0,RL_foot,-0.07061493,0.02359740,0.15295476
1.860000,0,RR_foot,-0.19932927,-0.22862685,0.02015218
1.880000,0,FL_foot,0.24679904,0.19117874,0.02019304
1.880000,0,FR_foot,0.34866765,-0.27966428,0.02027497
1.880000,0,RL_foot,-0.06582544,0.02234820,0.15274732
1.880000,0,RR_foot,-0.19910471,-0.22885025,0.02016117
1.900000,0,FL_foot,0.24699090,0.19111712,0.02019359
1.900000,0,FR_foot,0.35109428,-0.28096560,0.02027274
1.900000,0,RL_foot,-0.06099815,0.02137381,0.15248965
1.900000,0,RR_foot,-0.19893101,-0.22883472,0.02016777
1.920000,0,FL_foot,0.24718115,0.19106340,0.02019170
1.920000,0,FR_foot,0.35375580,-0.28238255,0.02027263
1.920000,0,RL_foot,-0.05614091,0.02056377,0.15219037
1.920000,0,RR_foot,-0.19874474,-0.22879583,0.02016506
1.940000,0,FL_foot,0.24737041,0.19101982,0.02018978
1.940000,0,FR_foot,0.35676265,-0.28397331,0.02027167
1.940000,0,RL_foot,-0.05132977,0.01989608,0.15186082
1.940000,0,RR_foot,-0.19855046,-0.22874539,0.02016050
1.960000,0,FL_foot,0.24755578,0.19098172,0.02018927
1.960000,0,FR_foot,0.35995629,-0.28559777,0.02027071
1.960000,0,RL_foot,-0.04657459,0.01937056,0.15145591
1.960000,0,RR_foot,-0.19834884,-0.22866634,0.02016131
1.980000,0,FL_foot,0.24774118,0.19095060,0.02018643
1.980000,0,FR_foot,0.36320701,-0.28720781,0.02027034
1.980000,0,RL_foot,-0.04185028,0.01896559,0.15096126
1.980000,0,RR_foot,-0.19814168,-0.22859734,0.02015910
2.000000,0,FL_foot,0.24792543,0.19092397,0.02018357
2.000000,0,FR_foot,0.36642992,-0.28873828,0.02027018
2.000000,0,RL_foot,-0.03716088,0.01865672,0.15041146
2.000000,0,RR_foot,-0.19792901,-0.22852221,0.02015720
2.020000,0,FL_foot,0.24810863,0.19090061,0.02018310
2.020000,0,FR_foot,0.36949116,-0.29012999,0.02026892
2.020000,0,RL_foot,-0.03246715,0.01845258,0.14975435
2.020000,0,RR_foot,-0.19771330,-0.22842102,0.02015733
2.040000,0,FL_foot,0.24829268,0.19088042,0.02018016
2.040000,0,FR_foot,0.37231490,-0.29138643,0.02026928
2.040000,0,RL_foot,-0.02765022,0.01849686,0.14858857
2.040000,0,RR_foot,-0.19749561,-0.22833097,0.02015316
2.060000,0,FL_foot,0.24847592,0.19086051,0.02017662
2.060000,0,FR_foot,0.37491047,-0.29248032,0.02026955
2.060000,0,RL_foot,-0.02269661,0.01884849,0.14678152
2.060000,0,RR_foot,-0.19727460,-0.22823830,0.02014972
2.080000,0,FL_foot,0.24866095,0.19083416,0.02017473
2.080000,0,FR_foot,0.37715986,-0.29336879,0.02026813
2.080000,0,RL_foot,-0.01757293,0.01952975,0.14427969
2.080000,0,RR_foot,-0.19705984,-0.22811249,0.02014731
2.100000,0,FL_foot,0.24884559,0.19080986,0.02017152
2.100000,0,FR_foot,0.37910655,-0.29409012,0.02026741
2.100000,0,RL_foot,-0.01226658,0.02056633,0.14103740
2.100000,0,RR_foot,-0.19683748,-0.22800696,0.02014321
2.120000,0,FL_foot,0.24903406,0.19078217,0.02016795
2.120000,0,FR_foot,0.38071093,-0.29460335,0.02026759
2.120000,0,RL_foot,-0.00680681,0.02198842,0.13704090
2.120000,0,RR_foot,-0.19661300,-0.22789887,0.02014263
2.140000,0,FL_foot,0.24922828,0.19074930,0.02016644
2.140000,0,FR_foot,0.38187432,-0.29490861,0.02026520
2.140000,0,RL_foot,-0.00118586,0.02385287,0.13222197
2.140000,0,RR_foot,-0.19640107,-0.22775434,0.02014073
2.160000,0,FL_foot,0.24942854,0.19070806,0.02016260
2.160000,0,FR_foot,0.38266736,-0.29507640,0.02026327
2.160000,0,RL_foot,0.00461200,0.02624430,0.12646918
2.160000,0,RR_foot,-0.19617772,-0.22763374,0.02013713
2.180000,0,FL_foot,0.24963923,0.19065964,0.02015899
2.180000,0,FR_foot,0.38307300,-0.29513425,0.02026164
2.180000,0,RL_foot,0.01058473,0.02925909,0.11969830
2.180000,0,RR_foot,-0.19595346,-0.22751218,0.02013830
2.200000,0,FL_foot,0.24986368,0.19059704,0.02015906
2.200000,0,FR_foot,0.38342127,-0.29519919,0.02025995
2.200000,0,RL_foot,0.01678707,0.03309824,0.11168928
2.200000,0,RR_foot,-0.19574700,-0.22735858,0.02013611
2.220000,0,FL_foot,0.25009528,0.19051214,0.02015128
2.220000,0,FR_foot,0.38372830,-0.29526797,0.02025748
2.220000,0,RL_foot,0.02332241,0.03807186,0.10210959
2.220000,0,RR_foot,-0.19552536,-0.22723369,0.02013376
2.240000,0,FL_foot,0.25035426,0.19040708,0.02014845
2.240000,0,FR_foot,0.38398159,-0.29535058,0.02025617
2.240000,0,RL_foot,0.03019368,0.04465669,0.09062469
2.240000,0,RR_foot,-0.19530314,-0.22711389,0.02013627
2.260000,0,FL_foot,0.25063795,0.19027027,0.02014737
2.260000,0,FR_foot,0.38425124,-0.29544351,0.02025489
2.260000,0,RL_foot,0.03731721,0.05365732,0.07674472
2.260000,0,RR_foot,-0.19510394,-0.22696939,0.02013294
2.280000,0,FL_foot,0.25093940,0.19009410,0.02013547
2.280000,0,FR_foot,0.38441581,-0.29557872,0.02025200
2.280000,0,RL_foot,0.04410621,0.06635784,0.05988880
2.280000,0,RR_foot,-0.19488494,-0.22686926,0.02013088
2.300000,0,FL_foot,0.25129411,0.18987265,0.02013890
2.300000,0,FR_foot,0.38452229,-0.29575995,0.02025111
2.300000,0,RL_foot,0.04782499,0.08315069,0.04065790
2.300000,0,RR_foot,-0.19466136,-0.22679694,0.02013558
2.320000,0,FL_foot,0.25166756,0.18961777,0.02013819
2.320000,0,FR_foot,0.38465175,-0.29595536,0.02024838
2.320000,0,RL_foot,0.04517196,0.10059948,0.02203872
2.320000,0,RR_foot,-0.19443007,-0.22675537,0.02014201
2.340000,0,FL_foot,0.25907853,0.19000703,0.02440180
2.340000,0,FR_foot,0.38371226,-0.29409510,0.02027689
2.340000,0,RL_foot,0.04296956,0.10660775,0.02062430
2.340000,0,RR_foot,-0.19080423,-0.22119242,0.02111926
2.360000,0,FL_foot,0.27840546,0.18413445,0.02580648
2.360000,0,FR_foot,0.38302475,-0.29365003,0.02024845
2.360000,0,RL_foot,0.03884688,0.10890131,0.02036125
2.360000,0,RR_foot,-0.17429504,-0.20884426,0.02021668
2.380000,0,FL_foot,0.30893987,0.17357445,0.02542615
2.380000,0,FR_foot,0.38326183,-0.29367429,0.02024227
2.380000,0,RL_foot,0.03907245,0.10885884,0.02032150
2.380000,0,RR_foot,-0.15479380,-0.19740479,0.02011533
2.400000,0,FL_foot,0.34647235,0.16353740,0.02623993
2.400000,0,FR_foot,0.38348776,-0.29372808,0.02024231
2.400000,0,RL_foot,0.03935337,0.10886626,0.02031250
2.400000,0,RR_foot,-0.12975739,-0.18881062,0.02010281
2.420000,0,FL_foot,0.38697511,0.15660284,0.02893206
2.420000,0,FR_foot,0.38370150,-0.29378706,0.02024146
2.420000,0,RL_foot,0.03963353,0.10887864,0.02031112
2.420000,0,RR_foot,-0.09926207,-0.18194215,0.02062152
2.440000,0,FL_foot,0.42599058,0.15386401,0.03276845
2.440000,0,FR_foot,0.38393244,-0.29384014,0.02024147
2.440000,0,RL_foot,0.03992615,0.10882991,0.02032294
2.440000,0,RR_foot,-0.06939333,-0.17646353,0.02280284
2.460000,0,FL_foot,0.46021062,0.15563646,0.03640427
2.460000,0,FR_foot,0.38419494,-0.29388541,0.02023645
2.460000,0,RL_foot,0.04023517,0.10880636,0.02032407
2.460000,0,RR_foot,-0.04349074,-0.17294636,0.02577619
2.480000,0,FL_foot,0.48873445,0.16099657,0.03893778
2.480000,0,FR_foot,0.38447741,-0.29392797,0.02023101
2.480000,0,RL_foot,0.04057723,0.10874750,0.02031554
2.480000,0,RR_foot,-0.02217707,-0.17204128,0.02824729
2.500000,0,FL_foot,0.51136178,0.16734943,0.04031792
2.500000,0,FR_foot,0.38477698,-0.29396674,0.02022986
2.500000,0,RL_foot,0.04096610,0.10863225,0.02032088
2.500000,0,RR_foot,-0.00503813,-0.17357633,0.02974007
2.520000,0,FL_foot,0.52789366,0.17312327,0.04019121
2.520000,0,FR_foot,0.38510132,-0.29399759,0.02022409
2.520000,0,RL_foot,0.04137999,0.10853010,0.02029940
2.520000,0,RR_foot,0.00843728,-0.17755029,0.02986000
2.540000,0,FL_foot,0.53827667,0.17776003,0.03808859
2.540000,0,FR_foot,0.38543063,-0.29401916,0.02022111
2.540000,0,RL_foot,0.04183488,0.10839936,0.02029311
2.540000,0,RR_foot,0.01803713,-0.18416183,0.02824909
2.560000,0,FL_foot,0.54280013,0.18043090,0.03392946
2.560000,0,FR_foot,0.38575947,-0.29402059,0.02021539
2.560000,0,RL_foot,0.04231346,0.10825730,0.02027189
2.560000,0,RR_foot,0.02255676,-0.19343035,0.02490790
2.580000,0,FL_foot,0.54213536,0.18073556,0.02799270
2.580000,0,FR_foot,0.38608176,-0.29400271,0.02020802
2.580000,0,RL_foot,0.04279525,0.10814411,0.02023872
2.580000,0,RR_foot,0.02059325,-0.20480065,0.02045264
2.600000,0,FL_foot,0.53927058,0.17956229,0.02018574
2.600000,0,FR_foot,0.38632473,-0.29397270,0.02014148
2.600000,0,RL_foot,0.04570602,0.10314488,0.02098813
2.600000,0,RR_foot,0.01832042,-0.20899643,0.02010802
2.620000,0,FL_foot,0.53942871,0.17968950,0.02025337
2.620000,0,FR_foot,0.39943659,-0.28651929,0.02110659
2.620000,0,RL_foot,0.05380727,0.08912613,0.03112141
2.620000,0,RR_foot,0.01872538,-0.20883510,0.02016465
2.640000,0,FL_foot,0.53965515,0.17979608,0.02025178
2.640000,0,FR_foot,0.42803738,-0.27679318,0.02165708
2.640000,0,RL_foot,0.06680495,0.06963137,0.04890703
2.640000,0,RR_foot,0.01907779,-0.20868087,0.02015342
2.660000,0,FL_foot,0.53987032,0.17992103,0.02025144
2.660000,0,FR_foot,0.46611312,-0.27302411,0.02169698
2.660000,0,RL_foot,0.08027656,0.05645064,0.06533463
2.660000,0,RR_foot,0.01947301,-0.20850834,0.02015771
2.680000,0,FL_foot,0.54010105,0.18003905,0.02024797
2.680000,0,FR_foot,0.50627899,-0.27328756,0.02180973
2.680000,0,RL_foot,0.09210886,0.04816512,0.07928116
2.680000,0,RR_foot,0.01991414,-0.20835078,0.02016564
2.700000,0,FL_foot,0.54035079,0.18015918,0.02024200
2.700000,0,FR_foot,0.54233974,-0.27516896,0.02176814
2.700000,0,RL_foot,0.10365684,0.04288500,0.09103951
2.700000,0,RR_foot,0.02040219,-0.20821325,0.02016729
2.720000,0,FL_foot,0.54060894,0.18026143,0.02023687
2.720000,0,FR_foot,0.57129580,-0.27741656,0.02083637
2.720000,0,RL_foot,0.11575550,0.03907028,0.10125118
2.720000,0,RR_foot,0.02092452,-0.20810261,0.02016291
2.740000,0,FL_foot,0.54089189,0.18033047,0.02023875
2.740000,0,FR_foot,0.58389401,-0.27882442,0.02028337
2.740000,0,RL_foot,0.12905641,0.03519825,0.10940440
2.740000,0,RR_foot,0.02168951,-0.20874594,0.02024293
2.760000,0,FL_foot,0.54117423,0.18037449,0.02023220
2.760000,0,FR_foot,0.58849621,-0.28163144,0.02028106
2.760000,0,RL_foot,0.14253849,0.03183332,0.11549279
2.760000,0,RR_foot,0.02206881,-0.20854832,0.02015889
2.780000,0,FL_foot,0.54144138,0.18042296,0.02022913
2.780000,0,FR_foot,0.59365976,-0.28454986,0.02027983
2.780000,0,RL_foot,0.15459305,0.02904779,0.12073321
2.780000,0,RR_foot,0.02246286,-0.20837325,0.02015780
2.800000,0,FL_foot,0.54168653,0.18047954,0.02022668
2.800000,0,FR_foot,0.59826851,-0.28689685,0.02027892
2.800000,0,RL_foot,0.16539814,0.02678309,0.12502734
2.800000,0,RR_foot,0.02284647,-0.20819572,0.02015492
2.820000,0,FL_foot,0.54191995,0.18054326,0.02022388
2.820000,0,FR_foot,0.60236639,-0.28886235,0.02027729
2.820000,0,RL_foot,0.17512448,0.02497406,0.12843964
2.820000,0,RR_foot,0.02321170,-0.20803213,0.02014944
2.840000,0,FL_foot,0.54214638,0.18059961,0.02022184
2.840000,0,FR_foot,0.60619104,-0.29055336,0.02027619
2.840000,0,RL_foot,0.18390170,0.02357361,0.13109677
2.840000,0,RR_foot,0.02357513,-0.20785405,0.02015018
2.860000,0,FL_foot,0.54235941,0.18065995,0.02021954
2.860000,0,FR_foot,0.60993946,-0.29203266,0.02027515
2.860000,0,RL_foot,0.19190843,0.02252796,0.13308261
2.860000,0,RR_foot,0.02392408,-0.20769151,0.02014598
2.880000,0,FL_foot,0.54256731,0.18072002,0.02021660
2.880000,0,FR_foot,0.61373276,-0.29333234,0.02027258
2.880000,0,RL_foot,0.19926772,0.02177264,0.13451816
2.880000,0,RR_foot,0.02426885,-0.20753457,0.02014189
2.900000,0,FL_foot,0.54277426,0.18076399,0.02021486
2.900000,0,FR_foot,0.61752594,-0.29442737,0.02027185
2.900000,0,RL_foot,0.20611541,0.02126247,0.13547403
2.900000,0,RR_foot,0.02461135,-0.20736519,0.02014315
2.920000,0,FL_foot,0.54297614,0.18080822,0.02021260
2.920000,0,FR_foot,0.62129688,-0.29535848,0.02027139
2.920000,0,RL_foot,0.21258724,0.02093298,0.13602145
2.920000,0,RR_foot,0.02494417,-0.20721084,0.02013965
2.940000,0,FL_foot,0.54317725,0.18084168,0.02020949
2.940000,0,FR_foot,0.62505108,-0.29614669,0.02027176
2.940000,0,RL_foot,0.21875595,0.02072041,0.13626009
2.940000,0,RR_foot,0.02527477,-0.20706318,0.02013832
2.960000,0,FL_foot,0.54338044,0.18086646,0.02020820
2.960000,0,FR_foot,0.62857383,-0.29678845,0.02027021
2.960000,0,RL_foot,0.22481042,0.02082643,0.13569850
2.960000,0,RR_foot,0.02559890,-0.20689844,0.02013558
2.980000,0,FL_foot,0.54358894,0.18088023,0.02020519
2.980000,0,FR_foot,0.63181961,-0.29731590,0.02026950
2.980000,0,RL_foot,0.23089732,0.02142316,0.13391426
2.980000,0,RR_foot,0.02591713,-0.20675080,0.02012659
3.000000,0,FL_foot,0.54380447,0.18086387,0.02020082
3.000000,0,FR_foot,0.63478446,-0.29771182,0.02027108
3.000000,0,RL_foot,0.23705983,0.02256079,0.13083494
3.000000,0,RR_foot,0.02623556,-0.20661129,0.02012427
3.020000,0,FL_foot,0.54402405,0.18084444,0.02019897
3.020000,0,FR_foot,0.63731551,-0.29799464,0.02026897
3.020000,0,RL_foot,0.24334303,0.02426789,0.12648492
3.020000,0,RR_foot,0.02653760,-0.20643622,0.02012102
3.040000,0,FL_foot,0.54425716,0.18080838,0.02019587
3.040000,0,FR_foot,0.63942796,-0.29821035,0.02026676
3.040000,0,RL_foot,0.24976374,0.02661148,0.12084502
3.040000,0,RR_foot,0.02685021,-0.20629151,0.02011571
3.060000,0,FL_foot,0.54450220,0.18073931,0.02019080
3.060000,0,FR_foot,0.64102912,-0.29835683,0.02026514
3.060000,0,RL_foot,0.25628683,0.02968879,0.11391053
3.060000,0,RR_foot,0.02716520,-0.20614924,0.02011965
3.080000,0,FL_foot,0.54475975,0.18066320,0.02018865
3.080000,0,FR_foot,0.64184451,-0.29846615,0.02026250
3.080000,0,RL_foot,0.26292971,0.03366921,0.10557333
3.080000,0,RR_foot,0.02745865,-0.20596717,0.02011887
3.100000,0,FL_foot,0.54503703,0.18056481,0.02018576
3.100000,0,FR_foot,0.64225709,-0.29856524,0.02025861
3.100000,0,RL_foot,0.26971126,0.03893047,0.09549540
3.100000,0,RR_foot,0.02776882,-0.20581976,0.02011784
3.120000,0,FL_foot,0.54532909,0.18042523,0.02018227
3.120000,0,FR_foot,0.64251894,-0.29867226,0.02025830
3.120000,0,RL_foot,0.27658993,0.04604645,0.08323096
3.120000,0,RR_foot,0.02807536,-0.20568226,0.02012703
3.140000,0,FL_foot,0.54564101,0.18026246,0.02018065
3.140000,0,FR_foot,0.64271528,-0.29878905,0.02025736
3.140000,0,RL_foot,0.28321189,0.05586146,0.06834403
3.140000,0,RR_foot,0.02834705,-0.20552658,0.02012531
3.160000,0,FL_foot,0.54597121,0.18005881,0.02017873
3.160000,0,FR_foot,0.64281875,-0.29898408,0.02025611
3.160000,0,RL_foot,0.28804198,0.06898978,0.05104684
3.160000,0,RR_foot,0.02863875,-0.20543331,0.02012510
3.180000,0,FL_foot,0.54630846,0.17982648,0.02017888
3.180000,0,FR_foot,0.64292771,-0.29919416,0.02025453
3.180000,0,RL_foot,0.28837258,0.08372187,0.03337085
3.180000,0,RR_foot,0.02892859,-0.20537339,0.02013819
3.200000,0,FL_foot,0.54717159,0.17984992,0.02025009
3.200000,0,FR_foot,0.64307505,-0.29938674,0.02023937
3.200000,0,RL_foot,0.28446093,0.09400369,0.01995593
3.200000,0,RR_foot,0.02924445,-0.20537315,0.02020466
3.220000,0,FL_foot,0.56047088,0.17906339,0.02231175
3.220000,0,FR_foot,0.64160341,-0.29835317,0.02024388
3.220000,0,RL_foot,0.28455138,0.09418814,0.02034566
3.220000,0,RR_foot,0.04128595,-0.19775584,0.02012250
3.240000,0,FL_foot,0.58593595,0.17212115,0.02341892
3.240000,0,FR_foot,0.64168352,-0.29840136,0.02025047
3.240000,0,RL_foot,0.28484046,0.09404661,0.02033111
3.240000,0,RR_foot,0.06205060,-0.18748650,0.02008448
3.260000,0,FL_foot,0.61938190,0.16322620,0.02525108
3.260000,0,FR_foot,0.64189094,-0.29850373,0.02024680
3.260000,0,RL_foot,0.28517231,0.09398627,0.02032537
3.260000,0,RR_foot,0.08840727,-0.18037455,0.02007410
3.280000,0,FL_foot,0.65568012,0.15577380,0.02825180
3.280000,0,FR_foot,0.64208651,-0.29861137,0.02024713
3.280000,0,RL_foot,0.28551602,0.09387793,0.02032413
3.280000,0,RR_foot,0.11996640,-0.17667978,0.02022779
3.300000,0,FL_foot,0.69129890,0.15096883,0.03242204
3.300000,0,FR_foot,0.64229017,-0.29870677,0.02024207
3.300000,0,RL_foot,0.28585908,0.09381999,0.02032158
3.300000,0,RR_foot,0.15315624,-0.17497401,0.02139197
3.320000,0,FL_foot,0.72313893,0.14944544,0.03671300
3.320000,0,FR_foot,0.64253783,-0.29879206,0.02023742
3.320000,0,RL_foot,0.28621557,0.09372773,0.02032102
3.320000,0,RR_foot,0.18272720,-0.17455609,0.02379440
3.340000,0,FL_foot,0.74979955,0.15134175,0.03998260
3.340000,0,FR_foot,0.64281160,-0.29887185,0.02023235
3.340000,0,RL_foot,0.28660673,0.09357359,0.02033160
3.340000,0,RR_foot,0.20748080,-0.17574477,0.02628921
3.360000,0,FL_foot,0.77107275,0.15521458,0.04186201
3.360000,0,FR_foot,0.64310741,-0.29894030,0.02022647
3.360000,0,RL_foot,0.28701508,0.09344187,0.02031818
3.360000,0,RR_foot,0.22792351,-0.17843606,0.02827575
3.380000,0,FL_foot,0.78677839,0.15970673,0.04203790
3.380000,0,FR_foot,0.64341396,-0.29901299,0.02022419
3.380000,0,RL_foot,0.28746590,0.09327140,0.02031315
3.380000,0,RR_foot,0.24446726,-0.18282050,0.02924812
3.400000,0,FL_foot,0.79679400,0.16374701,0.04019649
3.400000,0,FR_foot,0.64373046,-0.29907733,0.02021896
3.400000,0,RL_foot,0.28794497,0.09308967,0.02029767
3.400000,0,RR_foot,0.25698772,-0.18926895,0.02869647
3.420000,0,FL_foot,0.80144054,0.16659075,0.03629158
3.420000,0,FR_foot,0.64406079,-0.29911923,0.02021606
3.420000,0,RL_foot,0.28844559,0.09290982,0.02027979
3.420000,0,RR_foot,0.26463988,-0.19799279,0.02643544
3.440000,0,FL_foot,0.80131233,0.16775057,0.03058744
3.440000,0,FR_foot,0.64437807,-0.29913989,0.02020887
3.440000,0,RL_foot,0.28894636,0.09274530,0.02025748
3.440000,0,RR_foot,0.26646408,-0.20866454,0.02288725
3.460000,0,FL_foot,0.79722995,0.16765013,0.02338325
3.460000,0,FR_foot,0.64467412,-0.29914534,0.02020426
3.460000,0,RL_foot,0.28947294,0.09265181,0.02024058
3.460000,0,RR_foot,0.26288444,-0.21850900,0.02006290
3.480000,0,FL_foot,0.79603624,0.16745861,0.02024165
3.480000,0,FR_foot,0.64691287,-0.29856578,0.02027289
3.480000,0,RL_foot,0.29397380,0.08799182,0.02411562
3.480000,0,RR_foot,0.26123977,-0.21983583,0.02014498
3.500000,0,FL_foot,0.79624832,0.16753960,0.02025449
3.500000,0,FR_foot,0.66428673,-0.29161373,0.02085521
3.500000,0,RL_foot,0.30355826,0.07201365,0.03779159
3.500000,0,RR_foot,0.26162228,-0.21965016,0.02015938
3.520000,0,FL_foot,0.79649913,0.16763091,0.02024969
3.520000,0,FR_foot,0.69459254,-0.28673723,0.02105477
3.520000,0,RL_foot,0.31814602,0.05518091,0.05532443
3.520000,0,RR_foot,0.26201248,-0.21947068,0.02014994
3.540000,0,FL_foot,0.79673344,0.16773649,0.02024712
3.540000,0,FR_foot,0.73211533,-0.28668636,0.02090144
3.540000,0,RL_foot,0.33239624,0.04377194,0.07095445
3.540000,0,RR_foot,0.26242638,-0.21933687,0.02015030
3.560000,0,FL_foot,0.79699057,0.16783696,0.02024176
3.560000,0,FR_foot,0.76973039,-0.28919506,0.02073233
3.560000,0,RL_foot,0.34532607,0.03643463,0.08414485
3.560000,0,RR_foot,0.26289597,-0.21919946,0.02015759
3.580000,0,FL_foot,0.79725832,0.16793910,0.02023750
3.580000,0,FR_foot,0.80186027,-0.29206491,0.02020942
3.580000,0,RL_foot,0.35807604,0.03141444,0.09538767
3.580000,0,RR_foot,0.26340812,-0.21909805,0.02018538
3.600000,0,FL_foot,0.79754531,0.16799466,0.02023264
3.600000,0,FR_foot,0.81764251,-0.29393396,0.02027078
3.600000,0,RL_foot,0.37198016,0.02718343,0.10401089
3.600000,0,RR_foot,0.26393276,-0.21909295,0.02017914
3.620000,0,FL_foot,0.79782748,0.16805257,0.02023063
3.620000,0,FR_foot,0.82612026,-0.29764783,0.02027623
3.620000,0,RL_foot,0.38592237,0.02346575,0.11109058
3.620000,0,RR_foot,0.26434591,-0.21891433,0.02015642
3.640000,0,FL_foot,0.79809284,0.16811557,0.02022871
3.640000,0,FR_foot,0.83309007,-0.30121931,0.02027629
3.640000,0,RL_foot,0.39879739,0.02025987,0.11704240
3.640000,0,RR_foot,0.26476073,-0.21874192,0.02015489
3.660000,0,FL_foot,0.79834890,0.16817583,0.02022605
3.660000,0,FR_foot,0.83892024,-0.30405179,0.02027630
3.660000,0,RL_foot,0.41042092,0.01758420,0.12194724
3.660000,0,RR_foot,0.26516506,-0.21856835,0.02015406
3.680000,0,FL_foot,0.79858744,0.16824050,0.02022376
3.680000,0,FR_foot,0.84368217,-0.30625170,0.02027543
3.680000,0,RL_foot,0.42093202,0.01538387,0.12588729
3.680000,0,RR_foot,0.26555797,-0.21839318,0.02015055
3.700000,0,FL_foot,0.79881501,0.16830796,0.02022181
3.700000,0,FR_foot,0.84776616,-0.30802697,0.02027370
3.700000,0,RL_foot,0.43044263,0.01361324,0.12899369
3.700000,0,RR_foot,0.26593870,-0.21821621,0.02014657
3.720000,0,FL_foot,0.79903740,0.16836569,0.02021851
3.720000,0,FR_foot,0.85157311,-0.30952463,0.02027375
3.720000,0,RL_foot,0.43907678,0.01222990,0.13136457
3.720000,0,RR_foot,0.26630220,-0.21805590,0.02014374
3.740000,0,FL_foot,0.79924595,0.16842741,0.02021694
3.740000,0,FR_foot,0.85530567,-0.31079718,0.02027174
3.740000,0,RL_foot,0.44695535,0.01118270,0.13312514
3.740000,0,RR_foot,0.26666281,-0.21788204,0.02014316
3.760000,0,FL_foot,0.79945171,0.16848548,0.02021516
3.760000,0,FR_foot,0.85909140,-0.31188974,0.02027022
3.760000,0,RL_foot,0.45424554,0.01041205,0.13433494
3.760000,0,RR_foot,0.26701087,-0.21772365,0.02013793
3.780000,0,FL_foot,0.79965693,0.16852553,0.02021129
3.780000,0,FR_foot,0.86299384,-0.31282872,0.02027027
3.780000,0,RL_foot,0.46105260,0.00984615,0.13510725
3.780000,0,RR_foot,0.26735562,-0.21757376,0.02013789
3.800000,0,FL_foot,0.79985851,0.16856338,0.02020984
3.800000,0,FR_foot,0.86686671,-0.31360540,0.02026838
3.800000,0,RL_foot,0.46751565,0.00943480,0.13550088
3.800000,0,RR_foot,0.26769605,-0.21741055,0.02013735
3.820000,0,FL_foot,0.80006224,0.16858725,0.02020728
3.820000,0,FR_foot,0.87055999,-0.31426901,0.02026947
3.820000,0,RL_foot,0.47383592,0.00934320,0.13506521
3.820000,0,RR_foot,0.26802936,-0.21726368,0.02013170
3.840000,0,FL_foot,0.80026788,0.16859676,0.02020375
3.840000,0,FR_foot,0.87403595,-0.31481364,0.02026949
3.840000,0,RL_foot,0.48013309,0.00975525,0.13339439
3.840000,0,RR_foot,0.26836029,-0.21712415,0.02012751
3.860000,0,FL_foot,0.80047864,0.16859284,0.02020163
3.860000,0,FR_foot,0.87715846,-0.31522077,0.02026874
3.860000,0,RL_foot,0.48650521,0.01072479,0.13039012
3.860000,0,RR_foot,0.26867637,-0.21695447,0.02012251
3.880000,0,FL_foot,0.80070174,0.16857275,0.02019835
3.880000,0,FR_foot,0.87993580,-0.31553975,0.02026720
3.880000,0,RL_foot,0.49300697,0.01229077,0.12603503
3.880000,0,RR_foot,0.26900220,-0.21682006,0.02011648
3.900000,0,FL_foot,0.80093282,0.16852060,0.02019489
3.900000,0,FR_foot,0.88223308,-0.31576434,0.02026587
3.900000,0,RL_foot,0.49962279,0.01450761,0.12037021
3.900000,0,RR_foot,0.26930949,-0.21664590,0.02011806
3.920000,0,FL_foot,0.80117673,0.16845955,0.02019046
3.920000,0,FR_foot,0.88395023,-0.31593913,0.02026346
3.920000,0,RL_foot,0.50638431,0.01748887,0.11334639
3.920000,0,RR_foot,0.26963538,-0.21650967,0.02011497
3.940000,0,FL_foot,0.80143678,0.16837974,0.02018975
3.940000,0,FR_foot,0.88481665,-0.31606418,0.02026052
3.940000,0,RL_foot,0.51327378,0.02142341,0.10485733
3.940000,0,RR_foot,0.26993793,-0.21633002,0.02011764
3.960000,0,FL_foot,0.80171067,0.16826442,0.02018385
3.960000,0,FR_foot,0.88523412,-0.31617269,0.02025722
3.960000,0,RL_foot,0.52031571,0.02671681,0.09453046
3.960000,0,RR_foot,0.27025774,-0.21618475,0.02011718
3.980000,0,FL_foot,0.80200171,0.16813146,0.02018206
3.980000,0,FR_foot,0.88550347,-0.31628281,0.02025697
3.980000,0,RL_foot,0.52745378,0.03396985,0.08192305
3.980000,0,RR_foot,0.27057168,-0.21605130,0.02012627
4.000000,0,FL_foot,0.80231130,0.16795951,0.02018150
4.000000,0,FR_foot,0.88571244,-0.31641582,0.02025619
4.000000,0,RL_foot,0.53428054,0.04407829,0.06659389
4.000000,0,RR_foot,0.27084863,-0.21590382,0.02012547
4.020000,0,FL_foot,0.80263495,0.16774660,0.02017820
4.020000,0,FR_foot,0.88581473,-0.31661215,0.02025473
4.020000,0,RL_foot,0.53902584,0.05743423,0.04904396
4.020000,0,RR_foot,0.27114546,-0.21581554,0.02012716
4.040000,0,FL_foot,0.80296421,0.16751185,0.02017909
4.040000,0,FR_foot,0.88592350,-0.31682122,0.02025263
4.040000,0,RL_foot,0.53909796,0.07216004,0.03137093
4.040000,0,RR_foot,0.27143875,-0.21576612,0.02014054
4.060000,0,FL_foot,0.80425286,0.16769221,0.02133208
4.060000,0,FR_foot,0.88613623,-0.31700462,0.02021980
4.060000,0,RL_foot,0.53491646,0.08225548,0.01978028
4.060000,0,RR_foot,0.27208251,-0.21533941,0.02020510
4.080000,0,FL_foot,0.81730282,0.16679934,0.02437180
4.080000,0,FR_foot,0.88360441,-0.31569457,0.02025335
4.080000,0,RL_foot,0.53339100,0.08364309,0.02040068
4.080000,0,RR_foot,0.28435922,-0.20757464,0.02012634
4.100000,0,FL_foot,0.84161586,0.15890218,0.02524701
4.100000,0,FR_foot,0.88331997,-0.31560698,0.02024600
4.100000,0,RL_foot,0.53367037,0.08345490,0.02032978
4.100000,0,RR_foot,0.30576104,-0.19772594,0.02008657
4.120000,0,FL_foot,0.87364906,0.14910173,0.02696179
4.120000,0,FR_foot,0.88349849,-0.31570667,0.02023884
4.120000,0,RL_foot,0.53399104,0.08336992,0.02032138
4.120000,0,RR_foot,0.33254179,-0.19088680,0.02007350
4.140000,0,FL_foot,0.90877289,0.14080010,0.02984080
4.140000,0,FR_foot,0.88369244,-0.31581613,0.02023764
4.140000,0,RL_foot,0.53432900,0.08324162,0.02031931
4.140000,0,RR_foot,0.36415812,-0.18759233,0.02021946
4.160000,0,FL_foot,0.94354010,0.13503829,0.03392226
4.160000,0,FR_foot,0.88390362,-0.31591845,0.02024223
4.160000,0,RL_foot,0.53466624,0.08317081,0.02031892
4.160000,0,RR_foot,0.39767128,-0.18640754,0.02134731
4.180000,0,FL_foot,0.97476500,0.13253319,0.03817781
4.180000,0,FR_foot,0.88414222,-0.31600130,0.02023467
4.180000,0,RL_foot,0.53501612,0.08306398,0.02031763
4.180000,0,RR_foot,0.42786360,-0.18648367,0.02374433
4.200000,0,FL_foot,1.00101912,0.13354988,0.04145825
4.200000,0,FR_foot,0.88441813,-0.31608751,0.02023232
4.200000,0,RL_foot,0.53540015,0.08289809,0.02032777
4.200000,0,RR_foot,0.45333722,-0.18806005,0.02628351
4.220000,0,FL_foot,1.02203715,0.13679114,0.04333676
4.220000,0,FR_foot,0.88470978,-0.31616658,0.02022687
4.220000,0,RL_foot,0.53580225,0.08275563,0.02031438
4.220000,0,RR_foot,0.47440502,-0.19102859,0.02834319
4.240000,0,FL_foot,1.03755152,0.14090835,0.04346973
4.240000,0,FR_foot,0.88502264,-0.31623682,0.02022307
4.240000,0,RL_foot,0.53624660,0.08257401,0.02030824
4.240000,0,RR_foot,0.49137905,-0.19566052,0.02934263
4.260000,0,FL_foot,1.04739702,0.14470711,0.04157400
4.260000,0,FR_foot,0.88533872,-0.31630614,0.02021861
4.260000,0,RL_foot,0.53671968,0.08238389,0.02029448
4.260000,0,RR_foot,0.50409794,-0.20233721,0.02873181
4.280000,0,FL_foot,1.05189002,0.14736657,0.03761265
4.280000,0,FR_foot,0.88565809,-0.31635687,0.02021295
4.280000,0,RL_foot,0.53721172,0.08219553,0.02027487
4.280000,0,RR_foot,0.51173347,-0.21125863,0.02635054
4.300000,0,FL_foot,1.05164921,0.14837366,0.03187429
4.300000,0,FR_foot,0.88598412,-0.31637803,0.02020818
4.300000,0,RL_foot,0.53770226,0.08202496,0.02025205
4.300000,0,RR_foot,0.51332498,-0.22208177,0.02264794
4.320000,0,FL_foot,1.04749787,0.14813566,0.02463694
4.320000,0,FR_foot,0.88627428,-0.31638059,0.02020319
4.320000,0,RL_foot,0.53822273,0.08191717,0.02024033
4.320000,0,RR_foot,0.50963801,-0.23130058,0.02012500
4.340000,0,FL_foot,1.04457235,0.14760551,0.02024055
4.340000,0,FR_foot,0.88734400,-0.31612247,0.02036449
4.340000,0,RL_foot,0.54273200,0.07582910,0.02439831
4.340000,0,RR_foot,0.50739676,-0.23383562,0.02013154
4.360000,0,FL_foot,1.04478788,0.14767995,0.02025153
4.360000,0,FR_foot,0.90392035,-0.30893302,0.02064288
4.360000,0,RL_foot,0.55175316,0.05843252,0.03891693
4.360000,0,RR_foot,0.50777328,-0.23370074,0.02014615
4.380000,0,FL_foot,1.04504180,0.14775428,0.02025096
4.380000,0,FR_foot,0.93541700,-0.30420735,0.02037713
4.380000,0,RL_foot,0.56588262,0.04125294,0.05645442
4.380000,0,RR_foot,0.50815636,-0.23353519,0.02014952
4.400000,0,FL_foot,1.04528952,0.14783636,0.02024554
4.400000,0,FR_foot,0.97112310,-0.30489519,0.02017690
4.400000,0,RL_foot,0.58015281,0.02951897,0.07165118
4.400000,0,RR_foot,0.50855803,-0.23341562,0.02013864
4.420000,0,FL_foot,1.04554570,0.14791824,0.02024233
4.420000,0,FR_foot,1.00457561,-0.30872744,0.02018869
4.420000,0,RL_foot,0.59353340,0.02178551,0.08426386
4.420000,0,RR_foot,0.50898564,-0.23327102,0.02014465
4.440000,0,FL_foot,1.04581094,0.14799228,0.02023752
4.440000,0,FR_foot,1.03286672,-0.31277174,0.02022287
4.440000,0,RL_foot,0.60663366,0.01634917,0.09488908
4.440000,0,RR_foot,0.50943625,-0.23315036,0.02016831
4.460000,0,FL_foot,1.04607856,0.14805858,0.02023387
4.460000,0,FR_foot,1.05250812,-0.31631958,0.02025547
4.460000,0,RL_foot,0.61995995,0.01198152,0.10365710
4.460000,0,RR_foot,0.50988442,-0.23304258,0.02017660
4.480000,0,FL_foot,1.04634786,0.14810921,0.02023007
4.480000,0,FR_foot,1.06481731,-0.31994140,0.02027100
4.480000,0,RL_foot,0.63320023,0.00816742,0.11081726
4.480000,0,RR_foot,0.51031035,-0.23291270,0.02016676
4.500000,0,FL_foot,1.04660547,0.14816353,0.02022766
4.500000,0,FR_foot,1.07329488,-0.32341349,0.02027483
4.500000,0,RL_foot,0.64574587,0.00482009,0.11674605
4.500000,0,RR_foot,0.51072007,-0.23276450,0.02015807
4.520000,0,FL_foot,1.04685509,0.14821963,0.02022541
4.520000,0,FR_foot,1.07977009,-0.32630849,0.02027553
4.520000,0,RL_foot,0.65731055,0.00194204,0.12164197
4.520000,0,RR_foot,0.51112068,-0.23260956,0.02015448
4.540000,0,FL_foot,1.04709816,0.14827043,0.02022294
4.540000,0,FR_foot,1.08490670,-0.32859173,0.02027490
4.540000,0,RL_foot,0.66785544,-0.00048620,0.12562044
4.540000,0,RR_foot,0.51150954,-0.23245041,0.02015182
4.560000,0,FL_foot,1.04732573,0.14832361,0.02021999
4.560000,0,FR_foot,1.08919907,-0.33042118,0.02027445
4.560000,0,RL_foot,0.67742711,-0.00248749,0.12878314
4.560000,0,RR_foot,0.51188105,-0.23230469,0.02014712
4.580000,0,FL_foot,1.04754508,0.14837906,0.02021872
4.580000,0,FR_foot,1.09306169,-0.33191994,0.02027158
4.580000,0,RL_foot,0.68610752,-0.00408497,0.13122968
4.580000,0,RR_foot,0.51224846,-0.23213974,0.02014491
4.600000,0,FL_foot,1.04776073,0.14842363,0.02021574
4.600000,0,FR_foot,1.09681785,-0.33320335,0.02027156
4.600000,0,RL_foot,0.69403899,-0.00533108,0.13303736
4.600000,0,RR_foot,0.51260030,-0.23199096,0.02014159
4.620000,0,FL_foot,1.04796600,0.14846811,0.02021279
4.620000,0,FR_foot,1.10063457,-0.33432046,0.02027105
4.620000,0,RL_foot,0.70133919,-0.00629018,0.13432054
4.620000,0,RR_foot,0.51294851,-0.23184764,0.02013931
4.640000,0,FL_foot,1.04816854,0.14850760,0.02021118
4.640000,0,FR_foot,1.10447311,-0.33526638,0.02026887
4.640000,0,RL_foot,0.70815551,-0.00701135,0.13514051
4.640000,0,RR_foot,0.51329303,-0.23168911,0.02013898
4.660000,0,FL_foot,1.04837215,0.14854024,0.02020941
4.660000,0,FR_foot,1.10831845,-0.33608600,0.02026783
4.660000,0,RL_foot,0.71462953,-0.00756496,0.13556407
4.660000,0,RR_foot,0.51362848,-0.23154585,0.02013410
4.680000,0,FL_foot,1.04857671,0.14855856,0.02020639
4.680000,0,FR_foot,1.11208892,-0.33679789,0.02026830
4.680000,0,RL_foot,0.72092074,-0.00779745,0.13519682
4.680000,0,RR_foot,0.51396281,-0.23141077,0.02013079
4.700000,0,FL_foot,1.04878366,0.14856258,0.02020438
4.700000,0,FR_foot,1.11558318,-0.33738050,0.02026751
4.700000,0,RL_foot,0.72719997,-0.00753105,0.13361539
4.700000,0,RR_foot,0.51428699,-0.23125137,0.02012653
4.720000,0,FL_foot,1.04899788,0.14854166,0.02019976
4.720000,0,FR_foot,1.11877131,-0.33785295,0.02026800
4.720000,0,RL_foot,0.73357368,-0.00671297,0.13069610
4.720000,0,RR_foot,0.51461184,-0.23111658,0.02012039
4.740000,0,FL_foot,1.04921734,0.14851382,0.02019636
4.740000,0,FR_foot,1.12161124,-0.33821583,0.02026684
4.740000,0,RL_foot,0.74006271,-0.00531581,0.12647778
4.740000,0,RR_foot,0.51493847,-0.23098713,0.02011910
4.760000,0,FL_foot,1.04944932,0.14847001,0.02019513
4.760000,0,FR_foot,1.12395453,-0.33848435,0.02026480
4.760000,0,RL_foot,0.74669254,-0.00328393,0.12097129
4.760000,0,RR_foot,0.51524764,-0.23081723,0.02011657
4.780000,0,FL_foot,1.04969239,0.14839551,0.02018930
4.780000,0,FR_foot,1.12575305,-0.33869117,0.02026283
4.780000,0,RL_foot,0.75347930,-0.00050471,0.11411743
4.780000,0,RR_foot,0.51557159,-0.23068006,0.02011365
4.800000,0,FL_foot,1.04994822,0.14831127,0.02018620
4.800000,0,FR_foot,1.12677395,-0.33883798,0.02026081
4.800000,0,RL_foot,0.76041955,0.00320036,0.10581838
4.800000,0,RR_foot,0.51589704,-0.23054221,0.02011827
4.820000,0,FL_foot,1.05022264,0.14820415,0.02018572
4.820000,0,FR_foot,1.12720001,-0.33895481,0.02025799
4.820000,0,RL_foot,0.76753485,0.00818491,0.09576453
4.820000,0,RR_foot,0.51619864,-0.23036641,0.02011886
4.840000,0,FL_foot,1.05051136,0.14805922,0.02017997
4.840000,0,FR_foot,1.12751091,-0.33906135,0.02025608
4.840000,0,RL_foot,0.77481562,0.01505619,0.08345509
4.840000,0,RR_foot,0.51651371,-0.23023197,0.02011808
4.860000,0,FL_foot,1.05082142,0.14789087,0.02018001
4.860000,0,FR_foot,1.12768340,-0.33921689,0.02025525
4.860000,0,RL_foot,0.78189957,0.02466813,0.06846619
4.860000,0,RR_foot,0.51682115,-0.23011820,0.02012734
4.880000,0,FL_foot,1.05114222,0.14767635,0.02017825
4.880000,0,FR_foot,1.12778378,-0.33941227,0.02025484
4.880000,0,RL_foot,0.78720659,0.03763265,0.05105816
4.880000,0,RR_foot,0.51709408,-0.23000328,0.02012840
4.900000,0,FL_foot,1.05146635,0.14743461,0.02017920
4.900000,0,FR_foot,1.12788749,-0.33962241,0.02025257
4.900000,0,RL_foot,0.78808433,0.05228347,0.03329327
4.900000,0,RR_foot,0.51738763,-0.22995476,0.02013347
4.920000,0,FL_foot,1.05232203,0.14737724,0.02029950
4.920000,0,FR_foot,1.12803543,-0.33982074,0.02023446
4.920000,0,RL_foot,0.78463078,0.06255212,0.01995384
4.920000,0,RR_foot,0.51776940,-0.22984210,0.02021401
4.940000,0,FL_foot,1.06527698,0.14559624,0.02232569
4.940000,0,FR_foot,1.12665939,-0.33884639,0.02024187
4.940000,0,RL_foot,0.78474110,0.06274914,0.02034567
4.940000,0,RR_foot,0.53028238,-0.22243774,0.02012255
4.960000,0,FL_foot,1.08986962,0.13757133,0.02326896
4.960000,0,FR_foot,1.12662339,-0.33882818,0.02025028
4.960000,0,RL_foot,0.78502464,0.06260014,0.02033176
4.960000,0,RR_foot,0.55149519,-0.21271394,0.02008405
4.980000,0,FL_foot,1.12217820,0.12736739,0.02492278
4.980000,0,FR_foot,1.12680471,-0.33893523,0.02024421
4.980000,0,RL_foot,0.78535795,0.06252726,0.02032393
4.980000,0,RR_foot,0.57818109,-0.20622735,0.02007728
5.000000,0,FL_foot,1.15742779,0.11831715,0.02775323
5.000000,0,FR_foot,1.12700021,-0.33904922,0.02024275
5.000000,0,RL_foot,0.78570342,0.06240514,0.02032258
5.000000,0,RR_foot,0.60971618,-0.20344587,0.02021814
5.020000,0,FL_foot,1.19234312,0.11175752,0.03181749
5.020000,0,FR_foot,1.12721443,-0.33915341,0.02024235
5.020000,0,RL_foot,0.78604949,0.06233737,0.02032104
5.020000,0,RR_foot,0.64303702,-0.20277894,0.02132850
5.040000,0,FL_foot,1.22378719,0.10853565,0.03606979
5.040000,0,FR_foot,1.12745523,-0.33923763,0.02023492
5.040000,0,RL_foot,0.78640723,0.06223415,0.02032048
5.040000,0,RR_foot,0.67300385,-0.20330968,0.02369234
5.060000,0,FL_foot,1.25028825,0.10890125,0.03934485
5.060000,0,FR_foot,1.12773526,-0.33932313,0.02022958
5.060000,0,RL_foot,0.78679806,0.06206897,0.02033117
5.060000,0,RR_foot,0.69823796,-0.20524138,0.02620867
5.080000,0,FL_foot,1.26553082,0.11510204,0.03838952
5.080000,0,FR_foot,1.12802923,-0.33943847,0.02022810
5.080000,0,RL_foot,0.78729689,0.06194884,0.02033828
5.080000,0,RR_foot,0.71580672,-0.21039674,0.02772144
5.100000,0,FL_foot,1.26830888,0.11970653,0.03354421
5.100000,0,FR_foot,1.12833059,-0.33954003,0.02023086
5.100000,0,RL_foot,0.78775001,0.06169811,0.02031026
5.100000,0,RR_foot,0.72408247,-0.21972601,0.02690374
5.120000,0,FL_foot,1.26942348,0.12080081,0.02660579
5.120000,0,FR_foot,1.12857890,-0.33964026,0.02022753
5.120000,0,RL_foot,0.78818589,0.06145440,0.02029408
5.120000,0,RR_foot,0.72493470,-0.23279867,0.02543821
5.140000,0,FL_foot,1.27069044,0.12076121,0.02022781
5.140000,0,FR_foot,1.12878466,-0.33970091,0.02021852
5.140000,0,RL_foot,0.78851771,0.06212841,0.02058801
5.140000,0,RR_foot,0.72137243,-0.24603817,0.02388659
5.160000,0,FL_foot,1.27094352,0.12074897,0.02023671
5.160000,0,FR_foot,1.12895012,-0.33971512,0.02022856
5.160000,0,RL_foot,0.78742373,0.06675872,0.02031008
5.160000,0,RR_foot,0.71860206,-0.25560799,0.02037541
5.180000,0,FL_foot,1.27104163,0.12070883,0.02023619
5.180000,0,FR_foot,1.12900722,-0.33975738,0.02022772
5.180000,0,RL_foot,0.78511667,0.06942037,0.02031482
5.180000,0,RR_foot,0.71904272,-0.25857133,0.02016766
5.200000,0,FL_foot,1.27102423,0.12063254,0.02023843
5.200000,0,FR_foot,1.12892067,-0.33980653,0.02022844
5.200000,0,RL_foot,0.78123808,0.07227394,0.02031536
5.200000,0,RR_foot,0.71918428,-0.26100588,0.02019184
5.220000,0,FL_foot,1.27097201,0.12053873,0.02024011
5.220000,0,FR_foot,1.12877083,-0.33986804,0.02022868
5.220000,0,RL_foot,0.77720511,0.07490381,0.02031604
5.220000,0,RR_foot,0.71869224,-0.26310939,0.02021318
5.240000,0,FL_foot,1.27085888,0.12044059,0.02024194
5.240000,0,FR_foot,1.12855625,-0.33991978,0.02022610
5.240000,0,RL_foot,0.77396446,0.07700033,0.02031186
5.240000,0,RR_foot,0.71806115,-0.26470992,0.02016616
5.260000,0,FL_foot,1.27067888,0.12036058,0.02024800
5.260000,0,FR_foot,1.12828958,-0.33994713,0.02022547
5.260000,0,RL_foot,0.77254641,0.07819498,0.02032226
5.260000,0,RR_foot,0.71735418,-0.26536608,0.02017917
5.280000,0,FL_foot,1.27045894,0.12029208,0.02024881
5.280000,0,FR_foot,1.12797642,-0.33993459,0.02022853
5.280000,0,RL_foot,0.77223921,0.07836384,0.02032082
5.280000,0,RR_foot,0.71706456,-0.26516545,0.02021152
5.300000,0,FL_foot,1.27019477,0.12025871,0.02025736
5.300000,0,FR_foot,1.12767780,-0.33987987,0.02023137
5.300000,0,RL_foot,0.77189106,0.07848827,0.02033270
5.300000,0,RR_foot,0.71650201,-0.26532915,0.02023562
5.320000,0,FL_foot,1.26992071,0.12025368,0.02026224
5.320000,0,FR_foot,1.12741160,-0.33978906,0.02023667
5.320000,0,RL_foot,0.77153689,0.07859428,0.02032899
5.320000,0,RR_foot,0.71538997,-0.26575026,0.02022482
5.340000,0,FL_foot,1.26963043,0.12027083,0.02026882
5.340000,0,FR_foot,1.12715566,-0.33966237,0.02023962
5.340000,0,RL_foot,0.77117527,0.07868995,0.02031808
5.340000,0,RR_foot,0.71350449,-0.26627147,0.02022859
5.360000,0,FL_foot,1.26893723,0.12003343,0.02025619
5.360000,0,FR_foot,1.12692523,-0.33950758,0.02024235
5.360000,0,RL_foot,0.77081245,0.07875881,0.02031837
5.360000,0,RR_foot,0.71036661,-0.26652864,0.02023641
5.380000,0,FL_foot,1.26683009,0.11833178,0.02027253
5.380000,0,FR_foot,1.12673128,-0.33931714,0.02024515
5.380000,0,RL_foot,0.77044773,0.07884080,0.02033083
5.380000,0,RR_foot,0.70524222,-0.26583844,0.02024138
5.400000,0,FL_foot,1.26080835,0.11365443,0.02027648
5.400000,0,FR_foot,1.12653935,-0.33910567,0.02024893
5.400000,0,RL_foot,0.77007240,0.07890970,0.02032213
5.400000,0,RR_foot,0.69732147,-0.26273748,0.02036376
5.420000,0,FL_foot,1.24935198,0.10750749,0.02027793
5.420000,0,FR_foot,1.12634313,-0.33888385,0.02025431
5.420000,0,RL_foot,0.76968539,0.07896744,0.02034188
5.420000,0,RR_foot,0.68610358,-0.25571251,0.02105220
5.440000,0,FL_foot,1.23370242,0.10290907,0.02028292
5.440000,0,FR_foot,1.12614942,-0.33867079,0.02025780
5.440000,0,RL_foot,0.76927769,0.07901751,0.02034558
5.440000,0,RR_foot,0.67125678,-0.24836265,0.02091515
5.460000,0,FL_foot,1.21691787,0.10018738,0.02029645
5.460000,0,FR_foot,1.12591648,-0.33846328,0.02026382
5.460000,0,RL_foot,0.76886564,0.07905372,0.02036222
5.460000,0,RR_foot,0.65629321,-0.24251612,0.02020755
5.480000,0,FL_foot,1.20098948,0.09818791,0.02029942
5.480000,0,FR_foot,1.12574100,-0.33825657,0.02026708
5.480000,0,RL_foot,0.76847082,0.07899426,0.02036336
5.480000,0,RR_foot,0.64430726,-0.23811278,0.02020550
5.500000,0,FL_foot,1.18604434,0.09667685,0.02030950
5.500000,0,FR_foot,1.12560415,-0.33807081,0.02027014
5.500000,0,RL_foot,0.76809382,0.07886959,0.02036036
5.500000,0,RR_foot,0.63287616,-0.23580822,0.02020666
5.520000,0,FL_foot,1.17300928,0.09543845,0.02031436
5.520000,0,FR_foot,1.12548244,-0.33789381,0.02027310
5.520000,0,RL_foot,0.76774544,0.07868689,0.02036992
5.520000,0,RR_foot,0.62207764,-0.23509674,0.02020927
5.540000,0,FL_foot,1.16369927,0.09454828,0.02032315
5.540000,0,FR_foot,1.12595034,-0.33687767,0.02027416
5.540000,0,RL_foot,0.76741445,0.07847379,0.02035746
5.540000,0,RR_foot,0.61352080,-0.23499559,0.02020983
5.560000,0,FL_foot,1.16052485,0.09384490,0.02031378
5.560000,0,FR_foot,1.12947309,-0.32872039,0.02040388
5.560000,0,RL_foot,0.76710624,0.07828278,0.02036286
5.560000,0,RR_foot,0.61139941,-0.23492998,0.02014209
5.580000,0,FL_foot,1.16027188,0.09377426,0.02030469
5.580000,0,FR_foot,1.13834393,-0.31188232,0.02146211
5.580000,0,RL_foot,0.75929910,0.07746156,0.02038914
5.580000,0,RR_foot,0.61119187,-0.23502885,0.02016914
5.600000,0,FL_foot,1.16005290,0.09370054,0.02031357
5.600000,0,FR_foot,1.14395845,-0.28889441,0.02304976
5.600000,0,RL_foot,0.73584783,0.07648177,0.02034572
5.600000,0,RR_foot,0.61106098,-0.23513302,0.02020367
5.620000,0,FL_foot,1.15981507,0.09365837,0.02032443
5.620000,0,FR_foot,1.14024305,-0.26863027,0.02347555
5.620000,0,RL_foot,0.70144200,0.07779086,0.02028181
5.620000,0,RR_foot,0.61095744,-0.23520125,0.02020135
5.640000,0,FL_foot,1.15962708,0.09361618,0.02033146
5.640000,0,FR_foot,1.12997043,-0.25721273,0.02117374
5.640000,0,RL_foot,0.66426241,0.08216738,0.02023945
5.640000,0,RR_foot,0.61090064,-0.23523605,0.02018492
5.660000,0,FL_foot,1.15953076,0.09349176,0.02033457
5.660000,0,FR_foot,1.12450981,-0.25347930,0.02073063
5.660000,0,RL_foot,0.63335103,0.08657324,0.02024889
5.660000,0,RR_foot,0.61122614,-0.23574303,0.02021703
5.680000,0,FL_foot,1.15949738,0.09329903,0.02031447
5.680000,0,FR_foot,1.11945093,-0.25062236,0.02027187
5.680000,0,RL_foot,0.61215752,0.09336126,0.02025782
5.680000,0,RR_foot,0.61108375,-0.23567031,0.02019649
5.700000,0,FL_foot,1.15947139,0.09304050,0.02031369
5.700000,0,FR_foot,1.11900306,-0.25046524,0.02024627
5.700000,0,RL_foot,0.59915692,0.10002984,0.02025016
5.700000,0,RR_foot,0.61125255,-0.23599392,0.02022693
5.720000,0,FL_foot,1.15941846,0.09278065,0.02031588
5.720000,0,FR_foot,1.11882424,-0.25053951,0.02026310
5.720000,0,RL_foot,0.59323621,0.10567314,0.02025568
5.720000,0,RR_foot,0.61124939,-0.23630497,0.02018596
5.740000,0,FL_foot,1.15932226,0.09255116,0.02031703
5.740000,0,FR_foot,1.11864305,-0.25058562,0.02027292
5.740000,0,RL_foot,0.59201777,0.10946323,0.02009668
5.740000,0,RR_foot,0.61096072,-0.23666866,0.02021496
5.760000,0,FL_foot,1.15897501,0.09214531,0.02032939
5.760000,0,FR_foot,1.11847079,-0.25059274,0.02026938
5.760000,0,RL_foot,0.59176075,0.11053302,0.02039299
5.760000,0,RR_foot,0.61060452,-0.23719776,0.02019539
5.780000,0,FL_foot,1.15667367,0.09011525,0.02032485
5.780000,0,FR_foot,1.11831653,-0.25053036,0.02028909
5.780000,0,RL_foot,0.59158337,0.11117078,0.02032911
5.780000,0,RR_foot,0.60935795,-0.23949386,0.02021733
5.800000,0,FL_foot,1.15125048,0.08579373,0.02032875
5.800000,0,FR_foot,1.11849022,-0.25052977,0.02026638
5.800000,0,RL_foot,0.59082216,0.11051026,0.02027062
5.800000,0,RR_foot,0.60554272,-0.24310547,0.02021703
5.820000,0,FL_foot,1.14013863,0.07898817,0.02031356
5.820000,0,FR_foot,1.11873007,-0.25052950,0.02027898
5.820000,0,RL_foot,0.59065014,0.11049557,0.02028840
5.820000,0,RR_foot,0.59466022,-0.24850467,0.02020340
5.840000,0,FL_foot,1.12252927,0.07214261,0.02031513
5.840000,0,FR_foot,1.11886549,-0.25043270,0.02028071
5.840000,0,RL_foot,0.59044492,0.11044560,0.02028102
5.840000,0,RR_foot,0.57515061,-0.25482628,0.02018353
5.860000,0,FL_foot,1.10320771,0.06843726,0.02033602
5.860000,0,FR_foot,1.11886382,-0.25030461,0.02028552
5.860000,0,RL_foot,0.59018594,0.11040875,0.02026685
5.860000,0,RR_foot,0.54869235,-0.26147342,0.02015095
5.880000,0,FL_foot,1.08421433,0.06797326,0.02034053
5.880000,0,FR_foot,1.11861837,-0.25009260,0.02029628
5.880000,0,RL_foot,0.58988082,0.11039474,0.02027651
5.880000,0,RR_foot,0.52002496,-0.26752776,0.02013361
5.900000,0,FL_foot,1.06612325,0.06929042,0.02034067
5.900000,0,FR_foot,1.11831832,-0.24990413,0.02030742
5.900000,0,RL_foot,0.58952641,0.11038116,0.02027916
5.900000,0,RR_foot,0.49478042,-0.27157748,0.02014692
5.920000,0,FL_foot,1.05010784,0.07031733,0.02034012
5.920000,0,FR_foot,1.11800826,-0.24970952,0.02031641
5.920000,0,RL_foot,0.58916384,0.11033874,0.02027312
5.920000,0,RR_foot,0.47919598,-0.27282190,0.02015603
5.940000,0,FL_foot,1.03865647,0.06978767,0.02034169
5.940000,0,FR_foot,1.11784089,-0.24957004,0.02031934
5.940000,0,RL_foot,0.58883244,0.11025161,0.02028280
5.940000,0,RR_foot,0.47737297,-0.27298102,0.02016204
5.960000,0,FL_foot,1.03583801,0.06951871,0.02033699
5.960000,0,FR_foot,1.11761546,-0.24933603,0.02033199
5.960000,0,RL_foot,0.58852655,0.11014908,0.02028405
5.960000,0,RR_foot,0.47709715,-0.27316812,0.02018228
5.980000,0,FL_foot,1.03560495,0.06943398,0.02033619
5.980000,0,FR_foot,1.11672449,-0.24901089,0.02033804
5.980000,0,RL_foot,0.58407927,0.11159094,0.02028623
5.980000,0,RR_foot,0.47688022,-0.27329627,0.02019449
6.000000,0,FL_foot,1.03542614,0.06931353,0.02034575
6.000000,0,FR_foot,1.10759616,-0.24502112,0.02032355
6.000000,0,RL_foot,0.57004035,0.11432427,0.02026223
6.000000,0,RR_foot,0.47667307,-0.27340659,0.02020462
6.020000,0,FL_foot,1.03520858,0.06915575,0.02033982
6.020000,0,FR_foot,1.09077275,-0.24024129,0.02029731
6.020000,0,RL_foot,0.54597664,0.11697260,0.02023354
6.020000,0,RR_foot,0.47643322,-0.27351293,0.02020542
6.040000,0,FL_foot,1.03494036,0.06901756,0.02032442
6.040000,0,FR_foot,1.07143116,-0.23777142,0.02027893
6.040000,0,RL_foot,0.51511949,0.12040970,0.02020412
6.040000,0,RR_foot,0.47617188,-0.27361533,0.02019792
6.060000,0,FL_foot,1.03465760,0.06886309,0.02032403
6.060000,0,FR_foot,1.05275714,-0.23754346,0.02027478
6.060000,0,RL_foot,0.48370841,0.12565905,0.02016380
6.060000,0,RR_foot,0.47587052,-0.27369589,0.02019870
6.080000,0,FL_foot,1.03436232,0.06876858,0.02033105
6.080000,0,FR_foot,1.03698885,-0.23838703,0.02027457
6.080000,0,RL_foot,0.45765394,0.13184355,0.02015935
6.080000,0,RR_foot,0.47555047,-0.27375880,0.02019525
6.100000,0,FL_foot,1.03405678,0.06866664,0.02035742
6.100000,0,FR_foot,1.02638912,-0.23886463,0.02028269
6.100000,0,RL_foot,0.44326156,0.13606697,0.02017296
6.100000,0,RR_foot,0.47524843,-0.27379915,0.02019468
6.120000,0,FL_foot,1.03378940,0.06850048,0.02035181
6.120000,0,FR_foot,1.02301168,-0.23887537,0.02028514
6.120000,0,RL_foot,0.44200936,0.13654932,0.02019048
6.120000,0,RR_foot,0.47496533,-0.27382207,0.02019402
6.140000,0,FL_foot,1.03352523,0.06835252,0.02036333
6.140000,0,FR_foot,1.02268255,-0.23877668,0.02028245
6.140000,0,RL_foot,0.44176418,0.13665085,0.02018975
6.140000,0,RR_foot,0.47471625,-0.27384993,0.02021013
6.160000,0,FL_foot,1.03328097,0.06820927,0.02036449
6.160000,0,FR_foot,1.02243340,-0.23864892,0.02029472
6.160000,0,RL_foot,0.44153571,0.13676703,0.02020634
6.160000,0,RR_foot,0.47449732,-0.27385366,0.02021030
6.180000,0,FL_foot,1.03304470,0.06808626,0.02036585
6.180000,0,FR_foot,1.02220881,-0.23850077,0.02029491
6.180000,0,RL_foot,0.44131753,0.13688226,0.02020979
6.180000,0,RR_foot,0.47428286,-0.27383205,0.02020473
6.200000,0,FL_foot,1.03278553,0.06795543,0.02036602
6.200000,0,FR_foot,1.02199888,-0.23834436,0.02029547
6.200000,0,RL_foot,0.44112036,0.13700071,0.02021016
6.200000,0,RR_foot,0.47408575,-0.27379283,0.02020474
6.220000,0,FL_foot,1.03042746,0.06755714,0.02038138
6.220000,0,FR_foot,1.02180803,-0.23816514,0.02030216
6.220000,0,RL_foot,0.44092229,0.13713501,0.02021447
6.220000,0,RR_foot,0.47389695,-0.27372721,0.02020909
6.240000,0,FL_foot,1.02247941,0.06616422,0.02036627
6.240000,0,FR_foot,1.02162695,-0.23794697,0.02029457
6.240000,0,RL_foot,0.44071361,0.13727017,0.02022235
6.240000,0,RR_foot,0.47215706,-0.27409729,0.02020623
6.260000,0,FL_foot,1.00699508,0.06472526,0.02035066
6.260000,0,FR_foot,1.02143800,-0.23771332,0.02027358
6.260000,0,RL_foot,0.44050029,0.13739178,0.02022435
6.260000,0,RR_foot,0.46186015,-0.27490658,0.02020011
6.280000,0,FL_foot,0.98651052,0.06480567,0.02034272
6.280000,0,FR_foot,1.02122068,-0.23745371,0.02027975
6.280000,0,RL_foot,0.44022247,0.13750172,0.02022767
6.280000,0,RR_foot,0.43989858,-0.27597183,0.02025221
6.300000,0,FL_foot,0.96737880,0.06728932,0.02035177
6.300000,0,FR_foot,1.02094865,-0.23722009,0.02028812
6.300000,0,RL_foot,0.43988070,0.13760510,0.02022379
6.300000,0,RR_foot,0.40971947,-0.27820030,0.02031809
6.320000,0,FL_foot,0.94908577,0.07145448,0.02034538
6.320000,0,FR_foot,1.02060962,-0.23700698,0.02029695
6.320000,0,RL_foot,0.43949378,0.13769943,0.02022263
6.320000,0,RR_foot,0.37786663,-0.28039140,0.02033621
6.340000,0,FL_foot,0.93168038,0.07548667,0.02033719
6.340000,0,FR_foot,1.02022624,-0.23680551,0.02033021
6.340000,0,RL_foot,0.43908167,0.13777243,0.02023159
6.340000,0,RR_foot,0.35330579,-0.28010723,0.02013222
6.360000,0,FL_foot,0.91768718,0.07576325,0.02033322
6.360000,0,FR_foot,1.01988995,-0.23654591,0.02035196
6.360000,0,RL_foot,0.43872610,0.13776112,0.02022997
6.360000,0,RR_foot,0.34697405,-0.27929163,0.02004625
6.380000,0,FL_foot,0.91101664,0.07549620,0.02035463
6.380000,0,FR_foot,1.01964295,-0.23620702,0.02035151
6.380000,0,RL_foot,0.43838984,0.13772570,0.02022639
6.380000,0,RR_foot,0.34672692,-0.27951688,0.02017121
6.400000,0,FL_foot,0.91066402,0.07548665,0.02032060
6.400000,0,FR_foot,1.01850116,-0.23585322,0.02034593
6.400000,0,RL_foot,0.43494859,0.13883160,0.02024926
6.400000,0,RR_foot,0.34648368,-0.27965713,0.02018075
6.420000,0,FL_foot,0.91044021,0.07545155,0.02033733
6.420000,0,FR_foot,1.00957596,-0.23298262,0.02033585
6.420000,0,RL_foot,0.42488295,0.14034894,0.02023933
6.420000,0,RR_foot,0.34625784,-0.27974680,0.02020006
6.440000,0,FL_foot,0.91020817,0.07537926,0.02034785
6.440000,0,FR_foot,0.99151510,-0.22905251,0.02030604
6.440000,0,RL_foot,0.40718284,0.14038180,0.02022165
6.440000,0,RR_foot,0.34602475,-0.27983055,0.02021440
6.460000,0,FL_foot,0.90991473,0.07530808,0.02033901
6.460000,0,FR_foot,0.96883106,-0.22709771,0.02027584
6.460000,0,RL_foot,0.38312161,0.13980177,0.02020894
6.460000,0,RR_foot,0.34571156,-0.27988061,0.02020508
6.480000,0,FL_foot,0.90959871,0.07524677,0.02032904
6.480000,0,FR_foot,0.94600880,-0.22713001,0.02026556
6.480000,0,RL_foot,0.35833949,0.14077556,0.02019786
6.480000,0,RR_foot,0.34538457,-0.27991468,0.02019645
6.500000,0,FL_foot,0.90928745,0.07515553,0.02034145
6.500000,0,FR_foot,0.92591864,-0.22762737,0.02027228
6.500000,0,RL_foot,0.33922625,0.14357261,0.02018862
6.500000,0,RR_foot,0.34506959,-0.27993837,0.02019532
6.520000,0,FL_foot,0.90899396,0.07505289,0.02035728
6.520000,0,FR_foot,0.91104734,-0.22772984,0.02028150
6.520000,0,RL_foot,0.32945904,0.14637378,0.02017956
6.520000,0,RR_foot,0.34475592,-0.27996621,0.02019393
6.540000,0,FL_foot,0.90871769,0.07486691,0.02034963
6.540000,0,FR_foot,0.90315193,-0.22792341,0.02028576
6.540000,0,RL_foot,0.32845297,0.14679766,0.02019140
6.540000,0,RR_foot,0.34446129,-0.27999377,0.02019155
6.560000,0,FL_foot,0.90844166,0.07466654,0.02035812
6.560000,0,FR_foot,0.90007859,-0.22833763,0.02028866
6.560000,0,RL_foot,0.32819703,0.14688784,0.02019713
6.560000,0,RR_foot,0.34419698,-0.28003088,0.02020061
6.580000,0,FL_foot,0.90816909,0.07449352,0.02036083
6.580000,0,FR_foot,0.89948088,-0.22833490,0.02029322
6.580000,0,RL_foot,0.32795206,0.14696017,0.02019750
6.580000,0,RR_foot,0.34395221,-0.28008005,0.02020678
6.600000,0,FL_foot,0.90792149,0.07433303,0.02036030
6.600000,0,FR_foot,0.89923245,-0.22821231,0.02029845
6.600000,0,RL_foot,0.32772622,0.14702359,0.02020420
6.600000,0,RR_foot,0.34373176,-0.28011993,0.02020282
6.620000,0,FL_foot,0.90769160,0.07417755,0.02036021
6.620000,0,FR_foot,0.89899671,-0.22808819,0.02030311
6.620000,0,RL_foot,0.32751831,0.14708096,0.02020773
6.620000,0,RR_foot,0.34354070,-0.28013802,0.02021165
6.640000,0,FL_foot,0.90747404,0.07403287,0.02036118
6.640000,0,FR_foot,0.89877057,-0.22795753,0.02030569
6.640000,0,RL_foot,0.32731748,0.14714602,0.02020874
6.640000,0,RR_foot,0.34335098,-0.28013918,0.02021056
6.660000,0,FL_foot,0.90726274,0.07390001,0.02036366
6.660000,0,FR_foot,0.89856040,-0.22781362,0.02030781
6.660000,0,RL_foot,0.32712674,0.14721940,0.02021373
6.660000,0,RR_foot,0.34317073,-0.28012374,0.02021044
6.680000,0,FL_foot,0.90705264,0.07377259,0.02036252
6.680000,0,FR_foot,0.89836019,-0.22766344,0.02030894
6.680000,0,RL_foot,0.32694635,0.14729147,0.02021417
6.680000,0,RR_foot,0.34299779,-0.28009441,0.02021264
6.700000,0,FL_foot,0.90683836,0.07365935,0.02036864
6.700000,0,FR_foot,0.89817059,-0.22750157,0.02031082
6.700000,0,RL_foot,0.32677248,0.14737572,0.02021890
6.700000,0,RR_foot,0.34283119,-0.28004602,0.02020814
6.720000,0,FL_foot,0.90313631,0.07233129,0.02036565
6.720000,0,FR_foot,0.89799684,-0.22731976,0.02029849
6.720000,0,RL_foot,0.32660744,0.14747092,0.02022601
6.720000,0,RR_foot,0.34266305,-0.27998033,0.02020239
6.740000,0,FL_foot,0.89115292,0.06914934,0.02035916
6.740000,0,FR_foot,0.89782161,-0.22713917,0.02028544
6.740000,0,RL_foot,0.32643557,0.14756224,0.02022871
6.740000,0,RR_foot,0.34078225,-0.27971083,0.02020332
6.760000,0,FL_foot,0.87031752,0.06565303,0.02175748
6.760000,0,FR_foot,0.89762318,-0.22694428,0.02029769
6.760000,0,RL_foot,0.32623655,0.14763211,0.02023455
6.760000,0,RR_foot,0.32834882,-0.27649572,0.02020752
6.780000,0,FL_foot,0.84761918,0.06705458,0.02186881
6.780000,0,FR_foot,0.89739668,-0.22674349,0.02029117
6.780000,0,RL_foot,0.32596016,0.14766535,0.02022810
6.780000,0,RR_foot,0.30291286,-0.27451071,0.02023488
6.800000,0,FL_foot,0.82675743,0.07288293,0.02034497
6.800000,0,FR_foot,0.89711845,-0.22654356,0.02028724
6.800000,0,RL_foot,0.32562348,0.14769627,0.02022651
6.800000,0,RR_foot,0.26921114,-0.27537486,0.02033543
6.820000,0,FL_foot,0.80826336,0.07798094,0.02034727
6.820000,0,FR_foot,0.89677685,-0.22633146,0.02030817
6.820000,0,RL_foot,0.32522896,0.14772107,0.02023099
6.820000,0,RR_foot,0.23529735,-0.27676997,0.02015904
6.840000,0,FL_foot,0.79188615,0.08103956,0.02034071
6.840000,0,FR_foot,0.89638543,-0.22616304,0.02034836
6.840000,0,RL_foot,0.32483795,0.14769897,0.02023120
6.840000,0,RR_foot,0.21479487,-0.27486911,0.02011134
6.860000,0,FL_foot,0.78020531,0.08038891,0.02034247
6.860000,0,FR_foot,0.89595813,-0.22613242,0.02035657
6.860000,0,RL_foot,0.32451963,0.14759368,0.02023696
6.860000,0,RR_foot,0.21293987,-0.27477780,0.02013466
6.880000,0,FL_foot,0.77890170,0.08029877,0.02029450
6.880000,0,FR_foot,0.89557850,-0.22588055,0.02033774
6.880000,0,RL_foot,0.32347527,0.14758337,0.02026756
6.880000,0,RR_foot,0.21267445,-0.27497023,0.02015537
6.900000,0,FL_foot,0.77869505,0.08026852,0.02033344
6.900000,0,FR_foot,0.88913083,-0.22378884,0.02034753
6.900000,0,RL_foot,0.31444240,0.14758593,0.02025327
6.900000,0,RR_foot,0.21248230,-0.27509174,0.02019998
6.920000,0,FL_foot,0.77846903,0.08022272,0.02035335
6.920000,0,FR_foot,0.87181997,-0.21920149,0.02031273
6.920000,0,RL_foot,0.29551497,0.14583334,0.02022677
6.920000,0,RR_foot,0.21224061,-0.27517700,0.02021265
6.940000,0,FL_foot,0.77820224,0.08014602,0.02034727
6.940000,0,FR_foot,0.84832215,-0.21660629,0.02027776
6.940000,0,RL_foot,0.26805580,0.14346051,0.02020780
6.940000,0,RR_foot,0.21194513,-0.27524021,0.02021664
6.960000,0,FL_foot,0.77788723,0.08007567,0.02032901
6.960000,0,FR_foot,0.82421863,-0.21694581,0.02026747
6.960000,0,RL_foot,0.23782438,0.14311178,0.02019636
6.960000,0,RR_foot,0.21163300,-0.27528033,0.02020379
6.980000,0,FL_foot,0.77756870,0.08000996,0.02033318
6.980000,0,FR_foot,0.80217731,-0.21821725,0.02026759
6.980000,0,RL_foot,0.21255285,0.14523633,0.02018704
6.980000,0,RR_foot,0.21129268,-0.27529860,0.02019232
7.000000,0,FL_foot,0.77725643,0.07990759,0.02035250
7.000000,0,FR_foot,0.78430837,-0.21891195,0.02027631
7.000000,0,RL_foot,0.19681323,0.14844038,0.02018135
7.000000,0,RR_foot,0.21096154,-0.27531436,0.02018701
7.020000,0,FL_foot,0.77696586,0.07977591,0.02036962
7.020000,0,FR_foot,0.77321446,-0.21906695,0.02028606
7.020000,0,RL_foot,0.19229981,0.15000281,0.02015302
7.020000,0,RR_foot,0.21066205,-0.27533039,0.02019216
7.040000,0,FL_foot,0.77668929,0.07957242,0.02036138
7.040000,0,FR_foot,0.76877207,-0.21949255,0.02028743
7.040000,0,RL_foot,0.19206434,0.15015700,0.02019446
7.040000,0,RR_foot,0.21037924,-0.27535889,0.02019960
7.060000,0,FL_foot,0.77640426,0.07938668,0.02036485
7.060000,0,FR_foot,0.76765776,-0.21960609,0.02029401
7.060000,0,RL_foot,0.19180626,0.15025163,0.02019687
7.060000,0,RR_foot,0.21011932,-0.27540421,0.02020047
7.080000,0,FL_foot,0.77614230,0.07922071,0.02036763
7.080000,0,FR_foot,0.76738846,-0.21948528,0.02029906
7.080000,0,RL_foot,0.19157085,0.15031675,0.02020311
7.080000,0,RR_foot,0.20990026,-0.27544436,0.02021005
7.100000,0,FL_foot,0.77590418,0.07906295,0.02036683
7.100000,0,FR_foot,0.76714802,-0.21935414,0.02030221
7.100000,0,RL_foot,0.19135106,0.15038653,0.02020659
7.100000,0,RR_foot,0.20968904,-0.27546585,0.02020756
7.120000,0,FL_foot,0.77567625,0.07891132,0.02036507
7.120000,0,FR_foot,0.76692051,-0.21921988,0.02030431
7.120000,0,RL_foot,0.19114414,0.15045960,0.02020778
7.120000,0,RR_foot,0.20949209,-0.27547470,0.02020654
7.140000,0,FL_foot,0.77545840,0.07877115,0.02036712
7.140000,0,FR_foot,0.76670110,-0.21908088,0.02030935
7.140000,0,RL_foot,0.19095102,0.15052940,0.02021177
7.140000,0,RR_foot,0.20930693,-0.27546600,0.02020918
7.160000,0,FL_foot,0.77524620,0.07864311,0.02036970
7.160000,0,FR_foot,0.76649845,-0.21892865,0.02031167
7.160000,0,RL_foot,0.19076285,0.15061057,0.02021501
7.160000,0,RR_foot,0.20913035,-0.27544191,0.02020819
7.180000,0,FL_foot,0.77480263,0.07851625,0.02037688
7.180000,0,FR_foot,0.76630735,-0.21876593,0.02030708
7.180000,0,RL_foot,0.19058271,0.15069547,0.02022026
7.180000,0,RR_foot,0.20896146,-0.27540198,0.02020325
7.200000,0,FL_foot,0.76928580,0.07680734,0.02037892
7.200000,0,FR_foot,0.76612473,-0.21857707,0.02030231
7.200000,0,RL_foot,0.19041432,0.15078597,0.02022422
7.200000,0,RR_foot,0.20878562,-0.27534592,0.02021001
7.220000,0,FL_foot,0.75446439,0.07378358,0.02035877
7.220000,0,FR_foot,0.76592666,-0.21840079,0.02030020
7.220000,0,RL_foot,0.19023409,0.15087584,0.02022871
7.220000,0,RR_foot,0.20435089,-0.27448505,0.02020503
7.240000,0,FL_foot,0.73243219,0.07156024,0.02142318
7.240000,0,FR_foot,0.76571274,-0.21822208,0.02028248
7.240000,0,RL_foot,0.18999487,0.15093327,0.02022183
7.240000,0,RR_foot,0.18788521,-0.27179193,0.02024213
7.260000,0,FL_foot,0.71028286,0.07490180,0.02062138
7.260000,0,FR_foot,0.76546687,-0.21801102,0.02029261
7.260000,0,RL_foot,0.18971281,0.15096764,0.02022842
7.260000,0,RR_foot,0.15941204,-0.27131587,0.02029062
7.280000,0,FL_foot,0.69109839,0.07968332,0.02035179
7.280000,0,FR_foot,0.76516229,-0.21782045,0.02030275
7.280000,0,RL_foot,0.18934283,0.15100311,0.02023098
7.280000,0,RR_foot,0.12522745,-0.27287593,0.02031864
7.300000,0,FL_foot,0.67322677,0.08455689,0.02034407
7.300000,0,FR_foot,0.76478428,-0.21765241,0.02032934
7.300000,0,RL_foot,0.18893607,0.15102091,0.02023495
7.300000,0,RR_foot,0.09506168,-0.27308145,0.02014150
7.320000,0,FL_foot,0.65802586,0.08584744,0.02034279
7.320000,0,FR_foot,0.76441747,-0.21743123,0.02035254
7.320000,0,RL_foot,0.18855971,0.15097745,0.02023065
7.320000,0,RR_foot,0.08238962,-0.27159160,0.02010129
7.340000,0,FL_foot,0.64969003,0.08530850,0.02034512
7.340000,0,FR_foot,0.76401877,-0.21731988,0.02036489
7.340000,0,RL_foot,0.18824202,0.15087663,0.02023933
7.340000,0,RR_foot,0.08206038,-0.27180573,0.02016176
7.360000,0,FL_foot,0.64933109,0.08528578,0.02032063
7.360000,0,FR_foot,0.76272964,-0.21704297,0.02034893
7.360000,0,RL_foot,0.18449163,0.15141837,0.02025671
7.360000,0,RR_foot,0.08181275,-0.27197000,0.02017525
7.380000,0,FL_foot,0.64911354,0.08523382,0.02034128
7.380000,0,FR_foot,0.75264120,-0.21400213,0.02034363
7.380000,0,RL_foot,0.17238596,0.15162972,0.02024160
7.380000,0,RR_foot,0.08159878,-0.27208582,0.02019930
7.400000,0,FL_foot,0.64887667,0.08515646,0.02035787
7.400000,0,FR_foot,0.73238909,-0.21007960,0.02030321
7.400000,0,RL_foot,0.15065660,0.14999427,0.02021779
7.400000,0,RR_foot,0.08133202,-0.27216801,0.02021602
7.420000,0,FL_foot,0.64857340,0.08506703,0.02033626
7.420000,0,FR_foot,0.70807660,-0.20891950,0.02027157
7.420000,0,RL_foot,0.12242211,0.14838679,0.02020526
7.420000,0,RR_foot,0.08104070,-0.27223346,0.02021146
7.440000,0,FL_foot,0.64825535,0.08499338,0.02033138
7.440000,0,FR_foot,0.68422532,-0.20992889,0.02026679
7.440000,0,RL_foot,0.09457961,0.14904881,0.02019509
7.440000,0,RR_foot,0.08069171,-0.27226013,0.02019718
7.460000,0,FL_foot,0.64793622,0.08489209,0.02034238
7.460000,0,FR_foot,0.66323358,-0.21131422,0.02027070
7.460000,0,RL_foot,0.07295001,0.15168115,0.02018138
7.460000,0,RR_foot,0.08034866,-0.27227837,0.02019457
7.480000,0,FL_foot,0.64763230,0.08479029,0.02036141
7.480000,0,FR_foot,0.64779353,-0.21190625,0.02028002
7.480000,0,RL_foot,0.06188038,0.15444519,0.02017747
7.480000,0,RR_foot,0.08003685,-0.27229694,0.02019181
7.500000,0,FL_foot,0.64614153,0.08499273,0.02036251
7.500000,0,FR_foot,0.64196050,-0.21346080,0.02028781
7.500000,0,RL_foot,0.06160031,0.15453903,0.02018093
7.500000,0,RR_foot,0.07974926,-0.27229363,0.02017321
7.520000,0,FL_foot,0.64461964,0.08509214,0.02038881
7.520000,0,FR_foot,0.64017183,-0.21481517,0.02031289
7.520000,0,RL_foot,0.06140755,0.15460426,0.02017830
7.520000,0,RR_foot,0.07954185,-0.27230641,0.02017932
7.540000,0,FL_foot,0.64083362,0.08554710,0.02037598
7.540000,0,FR_foot,0.63990206,-0.21501762,0.02028976
7.540000,0,RL_foot,0.06127784,0.15462482,0.02020779
7.540000,0,RR_foot,0.07939400,-0.27233562,0.02016700
7.560000,0,FL_foot,0.63790673,0.08662810,0.02038419
7.560000,0,FR_foot,0.63985461,-0.21492219,0.02030326
7.560000,0,RL_foot,0.06115575,0.15464395,0.02020246
7.560000,0,RR_foot,0.07930160,-0.27235299,0.02015994
7.580000,0,FL_foot,0.63552827,0.08797134,0.02035332
7.580000,0,FR_foot,0.63980108,-0.21479520,0.02028759
7.580000,0,RL_foot,0.06105009,0.15468389,0.02017391
7.580000,0,RR_foot,0.07922464,-0.27231365,0.02016485
7.600000,0,FL_foot,0.63503522,0.09158211,0.02036423
7.600000,0,FR_foot,0.63977224,-0.21468504,0.02029197
7.600000,0,RL_foot,0.06094422,0.15474738,0.02019087
7.600000,0,RR_foot,0.07433672,-0.26984605,0.02015464
7.620000,0,FL_foot,0.63590300,0.09815180,0.02039644
7.620000,0,FR_foot,0.63974613,-0.21457088,0.02027860
7.620000,0,RL_foot,0.06081172,0.15482396,0.02018963
7.620000,0,RR_foot,0.06367069,-0.26351747,0.02016576
7.640000,0,FL_foot,0.63789570,0.10797561,0.02056960
7.640000,0,FR_foot,0.63969010,-0.21449542,0.02028717
7.640000,0,RL_foot,0.06064360,0.15491773,0.02020911
7.640000,0,RR_foot,0.04974512,-0.25438285,0.02014467
7.660000,0,FL_foot,0.63961065,0.11917710,0.02114997
7.660000,0,FR_foot,0.63964432,-0.21441650,0.02028660
7.660000,0,RL_foot,0.06046184,0.15500528,0.02021188
7.660000,0,RR_foot,0.03656722,-0.24512117,0.02014196
7.680000,0,FL_foot,0.64028764,0.13095219,0.02121951
7.680000,0,FR_foot,0.63962734,-0.21428317,0.02028508
7.680000,0,RL_foot,0.06028205,0.15507634,0.02019804
7.680000,0,RR_foot,0.02779038,-0.23862386,0.02013532
7.700000,0,FL_foot,0.63886368,0.14200874,0.02027941
7.700000,0,FR_foot,0.63964301,-0.21409738,0.02028720
7.700000,0,RL_foot,0.06014151,0.15514390,0.02018802
7.700000,0,RR_foot,0.02431179,-0.23607557,0.02012820
7.720000,0,FL_foot,0.63715875,0.14695793,0.02028104
7.720000,0,FR_foot,0.63969129,-0.21386938,0.02028644
7.720000,0,RL_foot,0.06003270,0.15522860,0.02018940
7.720000,0,RR_foot,0.02432779,-0.23599710,0.02014934
7.740000,0,FL_foot,0.63611120,0.14865816,0.02038674
7.740000,0,FR_foot,0.63973922,-0.21362154,0.02027715
7.740000,0,RL_foot,0.05997829,0.15541895,0.02023756
7.740000,0,RR_foot,0.02435822,-0.23581791,0.02016085
7.760000,0,FL_foot,0.63623172,0.14934452,0.02029993
7.760000,0,FR_foot,0.63975054,-0.21341361,0.02030315
7.760000,0,RL_foot,0.05993439,0.15565898,0.02023473
7.760000,0,RR_foot,0.02441244,-0.23560387,0.02015828
7.780000,0,FL_foot,0.63618577,0.14957650,0.02030486
7.780000,0,FR_foot,0.63979459,-0.21317643,0.02029686
7.780000,0,RL_foot,0.05987731,0.15589367,0.02022558
7.780000,0,RR_foot,0.02448193,-0.23537610,0.02018187
7.800000,0,FL_foot,0.63615245,0.14981334,0.02031108
7.800000,0,FR_foot,0.63983655,-0.21293631,0.02029945
7.800000,0,RL_foot,0.05981761,0.15614533,0.02023015
7.800000,0,RR_foot,0.02455594,-0.23513082,0.02018304
7.820000,0,FL_foot,0.63612092,0.15004864,0.02031715
7.820000,0,FR_foot,0.63986862,-0.21269040,0.02029559
7.820000,0,RL_foot,0.05975535,0.15639272,0.02022691
7.820000,0,RR_foot,0.02461171,-0.23489217,0.02018044
7.840000,0,FL_foot,0.63744503,0.15141883,0.02031274
7.840000,0,FR_foot,0.63990146,-0.21244252,0.02029239
7.840000,0,RL_foot,0.05968677,0.15661320,0.02021801
7.840000,0,RR_foot,0.02465816,-0.23466416,0.02017492
7.860000,0,FL_foot,0.64043045,0.15619412,0.02032440
7.860000,0,FR_foot,0.63994533,-0.21219601,0.02029016
7.860000,0,RL_foot,0.05960905,0.15681905,0.02022546
7.860000,0,RR_foot,0.02430601,-0.23116167,0.02022449
7.880000,0,FL_foot,0.64501041,0.16531117,0.02055151
7.880000,0,FR_foot,0.63997471,-0.21196413,0.02028654
7.880000,0,RL_foot,0.05950943,0.15700507,0.02022819
7.880000,0,RR_foot,0.02382719,-0.22126947,0.02095106
7.900000,0,FL_foot,0.64984250,0.17770289,0.02140988
7.900000,0,FR_foot,0.64000154,-0.21175286,0.02028669
7.900000,0,RL_foot,0.05939364,0.15717690,0.02023678
7.900000,0,RR_foot,0.02362349,-0.20733310,0.02229878
7.920000,0,FL_foot,0.65322107,0.19282562,0.02288015
7.920000,0,FR_foot,0.64003420,-0.21153024,0.02029175
7.920000,0,RL_foot,0.05925438,0.15735780,0.02025089
7.920000,0,RR_foot,0.02386842,-0.19374649,0.02332306
7.940000,0,FL_foot,0.65456402,0.21013479,0.02479194
7.940000,0,FR_foot,0.64007032,-0.21129093,0.02028858
7.940000,0,RL_foot,0.05909242,0.15752876,0.02025327
7.940000,0,RR_foot,0.02476106,-0.18324643,0.02327067
7.960000,0,FL_foot,0.65302551,0.22814852,0.02692838
7.960000,0,FR_foot,0.64010465,-0.21103959,0.02028892
7.960000,0,RL_foot,0.05892806,0.15768121,0.02025284
7.960000,0,RR_foot,0.02666601,-0.17613077,0.02191611
7.980000,0,FL_foot,0.64815575,0.24516699,0.02820504
7.980000,0,FR_foot,0.64012009,-0.21079558,0.02030982
7.980000,0,RL_foot,0.05876418,0.15782517,0.02025383
7.980000,0,RR_foot,0.02835624,-0.17310272,0.02007496
8.000000,0,FL_foot,0.63825464,0.25887269,0.02603037
8.000000,0,FR_foot,0.64021051,-0.21048668,0.02028870
8.000000,0,RL_foot,0.05867856,0.15794761,0.02023670
8.000000,0,RR_foot,0.02844837,-0.17304023,0.02017012
8.020000,0,FL_foot,0.62633109,0.26971915,0.02225205
8.020000,0,FR_foot,0.64024591,-0.21023031,0.02028222
8.020000,0,RL_foot,0.05863217,0.15817858,0.02023123
8.020000,0,RR_foot,0.02851527,-0.17285375,0.02018895
8.040000,0,FL_foot,0.62323523,0.27231935,0.02014559
8.040000,0,FR_foot,0.64001662,-0.21113987,0.02024911
8.040000,0,RL_foot,0.05857663,0.15953401,0.02029840
8.040000,0,RR_foot,0.02856054,-0.17255078,0.02010431
8.060000,0,FL_foot,0.62313128,0.27262491,0.02022432
8.060000,0,FR_foot,0.63967019,-0.21182066,0.02030051
8.060000,0,RL_foot,0.06195354,0.16031653,0.02199022
8.060000,0,RR_foot,0.02868170,-0.17230169,0.02015297
8.080000,0,FL_foot,0.62309623,0.27293107,0.02022928
8.080000,0,FR_foot,0.63975400,-0.21150652,0.02029998
8.080000,0,RL_foot,0.07204475,0.15700468,0.02642926
8.080000,0,RR_foot,0.02880952,-0.17203732,0.02016686
8.100000,0,FL_foot,0.62309444,0.27322716,0.02022672
8.100000,0,FR_foot,0.63970315,-0.21092336,0.02029628
8.100000,0,RL_foot,0.08792996,0.15086637,0.03355522
8.100000,0,RR_foot,0.02894212,-0.17174140,0.02014995
8.120000,0,FL_foot,0.62309754,0.27350572,0.02022813
8.120000,0,FR_foot,0.63907909,-0.20830737,0.02029581
8.120000,0,RL_foot,0.10712378,0.14286941,0.04380039
8.120000,0,RR_foot,0.02908773,-0.17142643,0.02015554
8.140000,0,FL_foot,0.62311000,0.27376983,0.02022991
8.140000,0,FR_foot,0.63821137,-0.20442621,0.02029871
8.140000,0,RL_foot,0.12705605,0.13378488,0.05698062
8.140000,0,RR_foot,0.02922568,-0.17111990,0.02015425
8.160000,0,FL_foot,0.62311828,0.27403617,0.02023100
8.160000,0,FR_foot,0.63714850,-0.20048860,0.02029799
8.160000,0,RL_foot,0.14534268,0.12479959,0.07178026
8.160000,0,RR_foot,0.02936277,-0.17082004,0.02015348
8.180000,0,FL_foot,0.62312955,0.27429104,0.02023291
8.180000,0,FR_foot,0.63597792,-0.19718221,0.02029442
8.180000,0,RL_foot,0.16052930,0.11694121,0.08644591
8.180000,0,RR_foot,0.02950929,-0.17051831,0.02015987
8.200000,0,FL_foot,0.62314904,0.27454031,0.02023360
8.200000,0,FR_foot,0.63478440,-0.19434536,0.02029234
8.200000,0,RL_foot,0.17237422,0.11098672,0.09924369
8.200000,0,RR_foot,0.02965469,-0.17025068,0.02016297
8.220000,0,FL_foot,0.62315863,0.27478766,0.02023508
8.220000,0,FR_foot,0.63368553,-0.19175610,0.02028485
8.220000,0,RL_foot,0.18128894,0.10704617,0.10938001
8.220000,0,RR_foot,0.02979708,-0.17000090,0.02016542
8.240000,0,FL_foot,0.62316924,0.27502492,0.02023725
8.240000,0,FR_foot,0.63269252,-0.18921395,0.02028226
8.240000,0,RL_foot,0.18787438,0.10471576,0.11712252
8.240000,0,RR_foot,0.02994342,-0.16975220,0.02016965
8.260000,0,FL_foot,0.62318826,0.27525514,0.02023832
8.260000,0,FR_foot,0.63170040,-0.18639165,0.02027960
8.260000,0,RL_foot,0.19278362,0.10366987,0.12285298
8.260000,0,RR_foot,0.03008205,-0.16953075,0.02017006
8.280000,0,FL_foot,0.62319708,0.27547958,0.02024051
8.280000,0,FR_foot,0.63073295,-0.18324934,0.02027795
8.280000,0,RL_foot,0.19651957,0.10369404,0.12685627
8.280000,0,RR_foot,0.03022054,-0.16931936,0.02016941
8.300000,0,FL_foot,0.62320745,0.27569750,0.02024262
8.300000,0,FR_foot,0.62981391,-0.17975113,0.02027557
8.300000,0,RL_foot,0.19943477,0.10463593,0.12935512
8.300000,0,RR_foot,0.03036334,-0.16910455,0.02017140
8.320000,0,FL_foot,0.62322778,0.27590734,0.02024409
8.320000,0,FR_foot,0.62899822,-0.17598407,0.02027145
8.320000,0,RL_foot,0.20176691,0.10633162,0.13060334
8.320000,0,RR_foot,0.03049813,-0.16890246,0.02017215
8.340000,0,FL_foot,0.62323701,0.27611819,0.02024666
8.340000,0,FR_foot,0.62829137,-0.17203443,0.02027013
8.340000,0,RL_foot,0.20367150,0.10865705,0.13081042
8.340000,0,RR_foot,0.03063502,-0.16870812,0.02017322
8.360000,0,FL_foot,0.62324637,0.27633059,0.02024852
8.360000,0,FR_foot,0.62767434,-0.16784813,0.02027247
8.360000,0,RL_foot,0.20524473,0.11153930,0.13012169
8.360000,0,RR_foot,0.03077208,-0.16850588,0.02017904
8.380000,0,FL_foot,0.62326598,0.27653441,0.02024982
8.380000,0,FR_foot,0.62721437,-0.16356303,0.02027054
8.380000,0,RL_foot,0.20655464,0.11486554,0.12874323
8.380000,0,RR_foot,0.03089789,-0.16831015,0.02017709
8.400000,0,FL_foot,0.62326771,0.27674443,0.02025193
8.400000,0,FR_foot,0.62689579,-0.15936074,0.02027278
8.400000,0,RL_foot,0.20766634,0.11858239,0.12675893
8.400000,0,RR_foot,0.03102987,-0.16812159,0.02017513
8.420000,0,FL_foot,0.62327093,0.27695265,0.02025507
8.420000,0,FR_foot,0.62664264,-0.15521884,0.02026497
8.420000,0,RL_foot,0.20858185,0.12273944,0.12412848
8.420000,0,RR_foot,0.03116105,-0.16792779,0.02018521
8.440000,0,FL_foot,0.62328190,0.27715072,0.02025021
8.440000,0,FR_foot,0.62609184,-0.14953408,0.02023294
8.440000,0,RL_foot,0.20913906,0.12766148,0.12062764
8.440000,0,RR_foot,0.03128388,-0.16773838,0.02017774
8.460000,0,FL_foot,0.62327665,0.27734235,0.02025521
8.460000,0,FR_foot,0.62585717,-0.14603741,0.02084254
8.460000,0,RL_foot,0.20968796,0.13282108,0.11627755
8.460000,0,RR_foot,0.03138717,-0.16753781,0.02016865
8.480000,0,FL_foot,0.62327051,0.27754757,0.02025546
8.480000,0,FR_foot,0.62603807,-0.13969165,0.02075148
8.480000,0,RL_foot,0.20964742,0.13899773,0.11169288
8.480000,0,RR_foot,0.03151280,-0.16735265,0.02016504
8.500000,0,FL_foot,0.62325472,0.27775669,0.02026748
8.500000,0,FR_foot,0.62659699,-0.13553746,0.02037389
8.500000,0,RL_foot,0.20948730,0.14531910,0.10697873
8.500000,0,RR_foot,0.03168629,-0.16717100,0.02019620
8.520000,0,FL_foot,0.62325805,0.27794361,0.02025832
8.520000,0,FR_foot,0.62647116,-0.13124597,0.02064953
8.520000,0,RL_foot,0.20926799,0.15350184,0.09965944
8.520000,0,RR_foot,0.03173679,-0.16696823,0.02016663
8.540000,0,FL_foot,0.62323886,0.27813488,0.02026476
8.540000,0,FR_foot,0.62659180,-0.12665351,0.02022888
8.540000,0,RL_foot,0.20718235,0.16419700,0.09057866
8.540000,0,RR_foot,0.03187785,-0.16680436,0.02025268
8.560000,0,FL_foot,0.62323016,0.27829146,0.02026036
8.560000,0,FR_foot,0.62609679,-0.12275456,0.02036901
8.560000,0,RL_foot,0.20325936,0.17978042,0.07680068
8.560000,0,RR_foot,0.03193960,-0.16660735,0.02017442
8.580000,0,FL_foot,0.62322026,0.27844369,0.02025642
8.580000,0,FR_foot,0.62572998,-0.12000143,0.02049313
8.580000,0,RL_foot,0.19570033,0.20170273,0.05942420
8.580000,0,RR_foot,0.03201617,-0.16642548,0.02016397
8.600000,0,FL_foot,0.62319463,0.27861813,0.02026462
8.600000,0,FR_foot,0.62454730,-0.11521975,0.02053608
8.600000,0,RL_foot,0.18216337,0.23144154,0.04087278
8.600000,0,RR_foot,0.03207782,-0.16625793,0.02017622
8.620000,0,FL_foot,0.62315387,0.27879953,0.02026294
8.620000,0,FR_foot,0.62359047,-0.11290540,0.02049645
8.620000,0,RL_foot,0.16244124,0.26275316,0.02613787
8.620000,0,RR_foot,0.03216331,-0.16607065,0.02016653
8.640000,0,FL_foot,0.62306368,0.27955115,0.02028910
8.640000,0,FR_foot,0.62278801,-0.11248946,0.02026215
8.640000,0,RL_foot,0.14742011,0.28042352,0.02025153
8.640000,0,RR_foot,0.03274179,-0.16611513,0.02025629
8.660000,0,FL_foot,0.62306297,0.27972940,0.02028223
8.660000,0,FR_foot,0.62279177,-0.11228582,0.02026076
8.660000,0,RL_foot,0.14742506,0.28064856,0.02025465
8.660000,0,RR_foot,0.03338555,-0.16561456,0.02021452
8.680000,0,FL_foot,0.62302572,0.27991736,0.02028892
8.680000,0,FR_foot,0.62280720,-0.11209877,0.02026181
8.680000,0,RL_foot,0.14735915,0.28088179,0.02025957
8.680000,0,RR_foot,0.03402213,-0.16304228,0.02021062
8.700000,0,FL_foot,0.62332785,0.28093076,0.02033200
8.700000,0,FR_foot,0.62285113,-0.11189630,0.02027441
8.700000,0,RL_foot,0.14728919,0.28109264,0.02027022
8.700000,0,RR_foot,0.03579478,-0.15372042,0.02019012
8.720000,0,FL_foot,0.62463379,0.28440452,0.02050610
8.720000,0,FR_foot,0.62289238,-0.11168076,0.02026970
8.720000,0,RL_foot,0.14721516,0.28130677,0.02028404
8.720000,0,RR_foot,0.03893405,-0.13712357,0.02015027
8.740000,0,FL_foot,0.62723374,0.29153028,0.02120824
8.740000,0,FR_foot,0.62293881,-0.11146444,0.02026145
8.740000,0,RL_foot,0.14711973,0.28153244,0.02027596
8.740000,0,RR_foot,0.04375459,-0.11420371,0.02071678
8.760000,0,FL_foot,0.63123184,0.30345970,0.02276653
8.760000,0,FR_foot,0.62297720,-0.11124663,0.02027363
8.760000,0,RL_foot,0.14697643,0.28180781,0.02028885
8.760000,0,RR_foot,0.05061183,-0.09064164,0.02153063
8.780000,0,FL_foot,0.63603359,0.31968480,0.02523435
8.780000,0,FR_foot,0.62301260,-0.11100123,0.02027044
8.780000,0,RL_foot,0.14678727,0.28210843,0.02029904
8.780000,0,RR_foot,0.05748922,-0.07187552,0.02167822
8.800000,0,FL_foot,0.63952130,0.33895645,0.02842728
8.800000,0,FR_foot,0.62304747,-0.11073197,0.02026399
8.800000,0,RL_foot,0.14656234,0.28239888,0.02028642
8.800000,0,RR_foot,0.06350680,-0.05848486,0.02045993
8.820000,0,FL_foot,0.63920361,0.35772619,0.02979586
8.820000,0,FR_foot,0.62309474,-0.11057020,0.02026449
8.820000,0,RL_foot,0.14639823,0.28259167,0.02027866
8.820000,0,RR_foot,0.06491379,-0.05232697,0.02043965
8.840000,0,FL_foot,0.63368744,0.37445405,0.02952623
8.840000,0,FR_foot,0.62317401,-0.11027740,0.02026531
8.840000,0,RL_foot,0.14628686,0.28276211,0.02027405
8.840000,0,RR_foot,0.06559783,-0.05091918,0.02018439
8.860000,0,FL_foot,0.62476015,0.38887212,0.02833970
8.860000,0,FR_foot,0.62327820,-0.10997014,0.02026797
8.860000,0,RL_foot,0.14623128,0.28294057,0.02028313
8.860000,0,RR_foot,0.06569166,-0.05076045,0.02017264
8.880000,0,FL_foot,0.61403626,0.40088844,0.02641927
8.880000,0,FR_foot,0.62337941,-0.10967408,0.02026652
8.880000,0,RL_foot,0.14620289,0.28316650,0.02028285
8.880000,0,RR_foot,0.06580769,-0.05054021,0.02018303
8.900000,0,FL_foot,0.60323411,0.40936652,0.02327861
8.900000,0,FR_foot,0.62347442,-0.10936882,0.02026473
8.900000,0,RL_foot,0.14618970,0.28345448,0.02027622
8.900000,0,RR_foot,0.06594125,-0.05024142,0.02019064
8.920000,0,FL_foot,0.59860641,0.41247711,0.02011791
8.920000,0,FR_foot,0.62365431,-0.10966606,0.02033621
8.920000,0,RL_foot,0.14598864,0.28480464,0.02052938
8.920000,0,RR_foot,0.06608144,-0.04967117,0.01995451
8.940000,0,FL_foot,0.59854507,0.41286856,0.02018194
8.940000,0,FR_foot,0.62455285,-0.11394095,0.02034236
8.940000,0,RL_foot,0.14719620,0.28320509,0.02585086
8.940000,0,RR_foot,0.06627019,-0.04940434,0.02012409
8.960000,0,FL_foot,0.59852922,0.41322356,0.02018951
8.960000,0,FR_foot,0.62479210,-0.11363074,0.02027699
8.960000,0,RL_foot,0.15643884,0.27292567,0.03774481
8.960000,0,RR_foot,0.06645904,-0.04904641,0.02014973
8.980000,0,FL_foot,0.59849346,0.41358283,0.02019491
8.980000,0,FR_foot,0.62551224,-0.11159774,0.02028232
8.980000,0,RL_foot,0.17320627,0.25616279,0.05749946
8.980000,0,RR_foot,0.06661653,-0.04868338,0.02016211
9.000000,0,FL_foot,0.59845185,0.41390845,0.02019745
9.000000,0,FR_foot,0.62639809,-0.10756104,0.02028537
9.000000,0,RL_foot,0.19018051,0.24279349,0.07742770
9.000000,0,RR_foot,0.06675889,-0.04836498,0.02015913
9.020000,0,FL_foot,0.59842795,0.41419736,0.02019818
9.020000,0,FR_foot,0.62710428,-0.10443106,0.02028402
9.020000,0,RL_foot,0.20329665,0.23307441,0.09493510
9.020000,0,RR_foot,0.06689243,-0.04806520,0.02016060
9.040000,0,FL_foot,0.59841841,0.41447026,0.02020052
9.040000,0,FR_foot,0.62731957,-0.10280485,0.02028393
9.040000,0,RL_foot,0.21302308,0.22613461,0.10946754
9.040000,0,RR_foot,0.06702841,-0.04776677,0.02016471
9.060000,0,FL_foot,0.59841573,0.41471556,0.02020197
9.060000,0,FR_foot,0.62742215,-0.10155316,0.02028354
9.060000,0,RL_foot,0.22018127,0.22120719,0.12133537
9.060000,0,RR_foot,0.06716230,-0.04751321,0.02016659
9.080000,0,FL_foot,0.59841490,0.41494301,0.02020296
9.080000,0,FR_foot,0.62751997,-0.10006859,0.02028159
9.080000,0,RL_foot,0.22532350,0.21784166,0.13088726
9.080000,0,RR_foot,0.06728716,-0.04727279,0.02016834
9.100000,0,FL_foot,0.59842044,0.41516909,0.02020526
9.100000,0,FR_foot,0.62761343,-0.09819224,0.02028228
9.100000,0,RL_foot,0.22890076,0.21577159,0.13841815
9.100000,0,RR_foot,0.06741150,-0.04703574,0.02017210
9.120000,0,FL_foot,0.59842187,0.41537046,0.02020675
9.120000,0,FR_foot,0.62769222,-0.09575246,0.02028166
9.120000,0,RL_foot,0.23128392,0.21478157,0.14422898
9.120000,0,RR_foot,0.06752560,-0.04682409,0.02017216
9.140000,0,FL_foot,0.59842330,0.41556245,0.02020805
9.140000,0,FR_foot,0.62776530,-0.09270370,0.02028039
9.140000,0,RL_foot,0.23277433,0.21468444,0.14861318
9.140000,0,RR_foot,0.06763195,-0.04662040,0.02017296
9.160000,0,FL_foot,0.59842318,0.41574708,0.02020978
9.160000,0,FR_foot,0.62786853,-0.08905726,0.02027876
9.160000,0,RL_foot,0.23365718,0.21529135,0.15186454
9.160000,0,RR_foot,0.06774049,-0.04641398,0.02017525
9.180000,0,FL_foot,0.59842318,0.41592762,0.02021108
9.180000,0,FR_foot,0.62802309,-0.08489235,0.02027749
9.180000,0,RL_foot,0.23417518,0.21640553,0.15426572
9.180000,0,RR_foot,0.06784115,-0.04622432,0.02017456
9.200000,0,FL_foot,0.59842050,0.41610473,0.02021174
9.200000,0,FR_foot,0.62822908,-0.08035230,0.02027583
9.200000,0,RL_foot,0.23460345,0.21803290,0.15568657
9.200000,0,RR_foot,0.06794047,-0.04603994,0.02017406
9.220000,0,FL_foot,0.59841651,0.41627961,0.02021268
9.220000,0,FR_foot,0.62850165,-0.07555279,0.02026883
9.220000,0,RL_foot,0.23503666,0.22010532,0.15623055
9.220000,0,RR_foot,0.06803934,-0.04585895,0.02017196
9.240000,0,FL_foot,0.59841192,0.41645306,0.02021402
9.240000,0,FR_foot,0.62884641,-0.07075085,0.02026712
9.240000,0,RL_foot,0.23550458,0.22250812,0.15611616
9.240000,0,RR_foot,0.06813810,-0.04568131,0.02017303
9.260000,0,FL_foot,0.59840846,0.41662517,0.02021502
9.260000,0,FR_foot,0.62923115,-0.06600527,0.02026467
9.260000,0,RL_foot,0.23602699,0.22515157,0.15552276
9.260000,0,RR_foot,0.06823714,-0.04550488,0.02017325
9.280000,0,FL_foot,0.59840465,0.41679639,0.02021612
9.280000,0,FR_foot,0.62963796,-0.06140730,0.02026218
9.280000,0,RL_foot,0.23660974,0.22796498,0.15459390
9.280000,0,RR_foot,0.06833653,-0.04532969,0.02017498
9.300000,0,FL_foot,0.59840190,0.41696626,0.02021720
9.300000,0,FR_foot,0.63005072,-0.05699020,0.02025919
9.300000,0,RL_foot,0.23725337,0.23090546,0.15341483
9.300000,0,RR_foot,0.06843699,-0.04515609,0.02017720
9.320000,0,FL_foot,0.59839952,0.41713512,0.02021839
9.320000,0,FR_foot,0.63045347,-0.05273299,0.02025417
9.320000,0,RL_foot,0.23794895,0.23395869,0.15202129
9.320000,0,RR_foot,0.06854014,-0.04498192,0.02018108
9.340000,0,FL_foot,0.59839737,0.41730252,0.02021985
9.340000,0,FR_foot,0.63082677,-0.04862885,0.02024727
9.340000,0,RL_foot,0.23867801,0.23712896,0.15041524
9.340000,0,RR_foot,0.06864343,-0.04480994,0.02018840
9.360000,0,FL_foot,0.59839517,0.41746739,0.02022054
9.360000,0,FR_foot,0.63111192,-0.04462710,0.02024441
9.360000,0,RL_foot,0.23943225,0.24045198,0.14853272
9.360000,0,RR_foot,0.06874473,-0.04463584,0.02018983
9.380000,0,FL_foot,0.59839392,0.41763040,0.02022146
9.380000,0,FR_foot,0.63138765,-0.04060363,0.02023529
9.380000,0,RL_foot,0.24016507,0.24391499,0.14645450
9.380000,0,RR_foot,0.06883929,-0.04445275,0.02019425
9.400000,0,FL_foot,0.59839344,0.41779125,0.02022157
9.400000,0,FR_foot,0.63158470,-0.03629833,0.02023912
9.400000,0,RL_foot,0.24090095,0.24751700,0.14419223
9.400000,0,RR_foot,0.06892570,-0.04427032,0.02018864
9.420000,0,FL_foot,0.59839088,0.41794968,0.02022288
9.420000,0,FR_foot,0.63165909,-0.03273885,0.02035882
9.420000,0,RL_foot,0.24176423,0.25097781,0.14203858
9.420000,0,RR_foot,0.06899452,-0.04407875,0.02016972
9.440000,0,FL_foot,0.59839195,0.41810793,0.02022009
9.440000,0,FR_foot,0.63197857,-0.02985973,0.02031249
9.440000,0,RL_foot,0.24274243,0.25422931,0.14027631
9.440000,0,RR_foot,0.06908732,-0.04389530,0.02015409
9.460000,0,FL_foot,0.59838277,0.41827723,0.02022989
9.460000,0,FR_foot,0.63226944,-0.02611936,0.02025213
9.460000,0,RL_foot,0.24364597,0.25790891,0.13802817
9.460000,0,RR_foot,0.06918345,-0.04372118,0.02021298
9.480000,0,FL_foot,0.59837991,0.41843256,0.02022553
9.480000,0,FR_foot,0.63234812,-0.02239522,0.02018240
9.480000,0,RL_foot,0.24434005,0.26236495,0.13458626
9.480000,0,RR_foot,0.06927934,-0.04355055,0.02022483
9.500000,0,FL_foot,0.59835821,0.41858712,0.02022655
9.500000,0,FR_foot,0.63210511,-0.01849505,0.02047234
9.500000,0,RL_foot,0.24474917,0.26752418,0.13005620
9.500000,0,RR_foot,0.06932051,-0.04336298,0.02017436
9.520000,0,FL_foot,0.59832811,0.41875985,0.02022937
9.520000,0,FR_foot,0.63255829,-0.01433695,0.02032801
9.520000,0,RL_foot,0.24488418,0.27274334,0.12607980
9.520000,0,RR_foot,0.06939682,-0.04318492,0.02017647
9.540000,0,FL_foot,0.59831506,0.41893572,0.02022747
9.540000,0,FR_foot,0.63323128,-0.00919273,0.02037856
9.540000,0,RL_foot,0.24517699,0.27895042,0.12096058
9.540000,0,RR_foot,0.06948533,-0.04300967,0.02017441
9.560000,0,FL_foot,0.59828568,0.41911107,0.02022628
9.560000,0,FR_foot,0.63385785,-0.00594588,0.02051394
9.560000,0,RL_foot,0.24534902,0.28490552,0.11619572
9.560000,0,RR_foot,0.06958444,-0.04282342,0.02017088
9.580000,0,FL_foot,0.59824979,0.41931048,0.02023016
9.580000,0,FR_foot,0.63485801,-0.00038651,0.02035797
9.580000,0,RL_foot,0.24533474,0.29235476,0.11047696
9.580000,0,RR_foot,0.06967578,-0.04263147,0.02018057
9.600000,0,FL_foot,0.59821761,0.41949388,0.02023145
9.600000,0,FR_foot,0.63524979,0.00217987,0.02049725
9.600000,0,RL_foot,0.24528705,0.29998854,0.10415538
9.600000,0,RR_foot,0.06974354,-0.04243333,0.02018158
9.620000,0,FL_foot,0.59818083,0.41970107,0.02023619
9.620000,0,FR_foot,0.63594019,0.00735050,0.02026966
9.620000,0,RL_foot,0.24442512,0.31020904,0.09617367
9.620000,0,RR_foot,0.06983723,-0.04223491,0.02018656
9.640000,0,FL_foot,0.59815079,0.41985729,0.02023362
9.640000,0,FR_foot,0.63620692,0.01023402,0.02085519
9.640000,0,RL_foot,0.24277975,0.32277307,0.08562173
9.640000,0,RR_foot,0.06990135,-0.04201468,0.02019086
9.660000,0,FL_foot,0.59811115,0.42005157,0.02023772
9.660000,0,FR_foot,0.63675052,0.01568388,0.02081260
9.660000,0,RL_foot,0.23860326,0.34107214,0.07208472
9.660000,0,RR_foot,0.06996811,-0.04183072,0.02019181
9.680000,0,FL_foot,0.59806180,0.42027843,0.02025159
9.680000,0,FR_foot,0.63697761,0.02066630,0.02021939
9.680000,0,RL_foot,0.23003680,0.36630791,0.05593722
9.680000,0,RR_foot,0.07010092,-0.04163808,0.02027651
9.700000,0,FL_foot,0.59802067,0.42045751,0.02024867
9.700000,0,FR_foot,0.63633054,0.02296945,0.02043390
9.700000,0,RL_foot,0.21513624,0.39769372,0.03868848
9.700000,0,RR_foot,0.07012898,-0.04146251,0.02019938
9.720000,0,FL_foot,0.59796339,0.42065069,0.02024111
9.720000,0,FR_foot,0.63575143,0.02379129,0.02026108
9.720000,0,RL_foot,0.19355011,0.42848524,0.02602861
9.720000,0,RR_foot,0.07018716,-0.04125831,0.02019721
9.740000,0,FL_foot,0.59793258,0.42164910,0.02036873
9.740000,0,FR_foot,0.63581902,0.02406938,0.02025859
9.740000,0,RL_foot,0.17599311,0.44723880,0.02001180
9.740000,0,RR_foot,0.07054080,-0.04097017,0.02021762
9.760000,0,FL_foot,0.59747076,0.42313507,0.02063086
9.760000,0,FR_foot,0.63587046,0.02434756,0.02025340
9.760000,0,RL_foot,0.17603269,0.44752169,0.02023665
9.760000,0,RR_foot,0.07276316,-0.03753476,0.02023283
9.780000,0,FL_foot,0.59640044,0.42314053,0.02034958
9.780000,0,FR_foot,0.63593155,0.02457993,0.02026571
9.780000,0,RL_foot,0.17598879,0.44779277,0.02025655
9.780000,0,RR_foot,0.07612479,-0.02741378,0.02021991
9.800000,0,FL_foot,0.59638959,0.42378840,0.02031491
9.800000,0,FR_foot,0.63601893,0.02484244,0.02026148
9.800000,0,RL_foot,0.17595045,0.44804454,0.02025044
9.800000,0,RR_foot,0.07937131,-0.00852569,0.02016954
9.820000,0,FL_foot,0.59848684,0.42834798,0.02081027
9.820000,0,FR_foot,0.63610679,0.02511624,0.02026391
9.820000,0,RL_foot,0.17587572,0.44831911,0.02026360
9.820000,0,RR_foot,0.08453152,0.02073689,0.02052977
9.840000,0,FL_foot,0.60502815,0.43752789,0.02208900
9.840000,0,FR_foot,0.63616711,0.02538231,0.02026881
9.840000,0,RL_foot,0.17573416,0.44863474,0.02027194
9.840000,0,RR_foot,0.09136822,0.05155918,0.02247907
9.860000,0,FL_foot,0.61516935,0.45152399,0.02403464
9.860000,0,FR_foot,0.63623929,0.02569548,0.02026463
9.860000,0,RL_foot,0.17553860,0.44898307,0.02027053
9.860000,0,RR_foot,0.09814664,0.07663794,0.02463529
9.880000,0,FL_foot,0.62572616,0.46991467,0.02656957
9.880000,0,FR_foot,0.63632041,0.02603919,0.02026591
9.880000,0,RL_foot,0.17530671,0.44933784,0.02028137
9.880000,0,RR_foot,0.10358466,0.09498492,0.02557347
9.900000,0,FL_foot,0.63389826,0.49087217,0.02970669
9.900000,0,FR_foot,0.63637310,0.02637516,0.02026522
9.900000,0,RL_foot,0.17506365,0.44967213,0.02027953
9.900000,0,RR_foot,0.10713363,0.10759173,0.02482114
9.920000,0,FL_foot,0.63853240,0.51210701,0.03350734
9.920000,0,FR_foot,0.63640761,0.02669585,0.02026710
9.920000,0,RL_foot,0.17482211,0.44998863,0.02028039
9.920000,0,RR_foot,0.10927264,0.11624538,0.02268552
9.940000,0,FL_foot,0.63988614,0.53208596,0.03748928
9.940000,0,FR_foot,0.63640541,0.02697682,0.02028645
9.940000,0,RL_foot,0.17459728,0.45027623,0.02029183
9.940000,0,RR_foot,0.11043782,0.12205135,0.02002373
9.960000,0,FL_foot,0.63584501,0.54766148,0.03748511
9.960000,0,FR_foot,0.63640338,0.02710226,0.02026621
9.960000,0,RL_foot,0.17449151,0.45042846,0.02026483
9.960000,0,RR_foot,0.11014512,0.12225206,0.02024067
9.980000,0,FL_foot,0.62777460,0.56068587,0.03697249
9.980000,0,FR_foot,0.63650167,0.02740864,0.02026746
9.980000,0,RL_foot,0.17443208,0.45060256,0.02026866
9.980000,0,RR_foot,0.11021784,0.12243065,0.02018041
10.000000,0,FL_foot,0.61800283,0.57098013,0.03548007
10.000000,0,FR_foot,0.63660884,0.02770789,0.02026912
10.000000,0,RL_foot,0.17440259,0.45079821,0.02026897
10.000000,0,RR_foot,0.11032365,0.12266225,0.02019345
10.020000,0,FL_foot,0.60886341,0.57760757,0.03243194
10.020000,0,FR_foot,0.63672173,0.02803163,0.02026688
10.020000,0,RL_foot,0.17438699,0.45109048,0.02025920
10.020000,0,RR_foot,0.11045252,0.12296999,0.02019826
10.040000,0,FL_foot,0.60275441,0.58008993,0.02719486
10.040000,0,FR_foot,0.63683546,0.02841986,0.02026625
10.040000,0,RL_foot,0.17431906,0.45133290,0.02025512
10.040000,0,RR_foot,0.11058630,0.12337100,0.02020797
10.060000,0,FL_foot,0.60096925,0.57965827,0.01996036
10.060000,0,FR_foot,0.63692063,0.02884812,0.02023074
10.060000,0,RL_foot,0.17749409,0.44815773,0.02106960
10.060000,0,RR_foot,0.11055201,0.12382472,0.01965390
10.080000,0,FL_foot,0.60066164,0.57993662,0.02017160
10.080000,0,FR_foot,0.63859004,0.02851142,0.02200230
10.080000,0,RL_foot,0.18583024,0.43844444,0.03280504
10.080000,0,RR_foot,0.11055331,0.12381147,0.02015096
10.100000,0,FL_foot,0.60058552,0.58038831,0.02017502
10.100000,0,FR_foot,0.64176720,0.03643656,0.02204289
10.100000,0,RL_foot,0.20082369,0.42127678,0.05375806
10.100000,0,RR_foot,0.11075412,0.12425752,0.02015262
10.120000,0,FL_foot,0.60049427,0.58083487,0.02017676
10.120000,0,FR_foot,0.64591241,0.04840427,0.02085114
10.120000,0,RL_foot,0.21663648,0.40771312,0.07579970
10.120000,0,RR_foot,0.11096853,0.12460846,0.02014818
10.140000,0,FL_foot,0.60043210,0.58122700,0.02018132
10.140000,0,FR_foot,0.64717275,0.05221324,0.02028366
10.140000,0,RL_foot,0.22920388,0.39755017,0.09477843
10.140000,0,RR_foot,0.11119636,0.12481853,0.02016138
10.160000,0,FL_foot,0.60040647,0.58156508,0.02018655
10.160000,0,FR_foot,0.64710844,0.05421911,0.02028618
10.160000,0,RL_foot,0.23894504,0.39044473,0.11026194
10.160000,0,RR_foot,0.11134757,0.12516211,0.02017179
10.180000,0,FL_foot,0.60039043,0.58187282,0.02018733
10.180000,0,FR_foot,0.64704579,0.05590787,0.02028394
10.180000,0,RL_foot,0.24626368,0.38545349,0.12304503
10.180000,0,RR_foot,0.11151002,0.12548560,0.02017108
10.200000,0,FL_foot,0.60038453,0.58217233,0.02019074
10.200000,0,FR_foot,0.64702278,0.05747357,0.02028404
10.200000,0,RL_foot,0.25164640,0.38210699,0.13342221
10.200000,0,RR_foot,0.11167735,0.12580428,0.02017486
10.220000,0,FL_foot,0.60038388,0.58244085,0.02019262
10.220000,0,FR_foot,0.64700437,0.05923327,0.02028357
10.220000,0,RL_foot,0.25547650,0.38013449,0.14165854
10.220000,0,RR_foot,0.11183403,0.12608528,0.02017535
10.240000,0,FL_foot,0.60038507,0.58268893,0.02019349
10.240000,0,FR_foot,0.64695269,0.06144278,0.02028144
10.240000,0,RL_foot,0.25805691,0.37934348,0.14801666
10.240000,0,RR_foot,0.11198103,0.12635569,0.02017391
10.260000,0,FL_foot,0.60039431,0.58293456,0.02019653
10.260000,0,FR_foot,0.64684445,0.06435209,0.02027947
10.260000,0,RL_foot,0.25968423,0.37954801,0.15276988
10.260000,0,RR_foot,0.11212699,0.12662518,0.02017966
10.280000,0,FL_foot,0.60039711,0.58315378,0.02019795
10.280000,0,FR_foot,0.64670992,0.06793758,0.02027768
10.280000,0,RL_foot,0.26062769,0.38053465,0.15622813
10.280000,0,RR_foot,0.11225729,0.12687016,0.02018018
10.300000,0,FL_foot,0.60039920,0.58336365,0.02019897
10.300000,0,FR_foot,0.64658147,0.07215737,0.02027599
10.300000,0,RL_foot,0.26111615,0.38208526,0.15870865
10.300000,0,RR_foot,0.11237763,0.12710994,0.02017854
10.320000,0,FL_foot,0.60039920,0.58356625,0.02020065
10.320000,0,FR_foot,0.64649045,0.07693943,0.02027331
10.320000,0,RL_foot,0.26139146,0.38408101,0.16033962
10.320000,0,RR_foot,0.11249924,0.12735398,0.02018086
10.340000,0,FL_foot,0.60039651,0.58376443,0.02020109
10.340000,0,FR_foot,0.64644992,0.08209547,0.02027084
10.340000,0,RL_foot,0.26168904,0.38650429,0.16103289
10.340000,0,RR_foot,0.11260968,0.12757671,0.02017923
10.360000,0,FL_foot,0.60039055,0.58395845,0.02020188
10.360000,0,FR_foot,0.64647257,0.08745892,0.02026920
10.360000,0,RL_foot,0.26204747,0.38927308,0.16095090
10.360000,0,RR_foot,0.11271800,0.12779316,0.02017681
10.380000,0,FL_foot,0.60038364,0.58415002,0.02020327
10.380000,0,FR_foot,0.64656341,0.09289850,0.02026575
10.380000,0,RL_foot,0.26247963,0.39229137,0.16030850
10.380000,0,RR_foot,0.11282764,0.12802519,0.02017869
10.400000,0,FL_foot,0.60037619,0.58433992,0.02020404
10.400000,0,FR_foot,0.64670050,0.09825196,0.02026368
10.400000,0,RL_foot,0.26299670,0.39546824,0.15928735
10.400000,0,RR_foot,0.11293369,0.12823357,0.02017928
10.420000,0,FL_foot,0.60036808,0.58452731,0.02020451
10.420000,0,FR_foot,0.64685977,0.10343083,0.02026079
10.420000,0,RL_foot,0.26359588,0.39874944,0.15800768
10.420000,0,RR_foot,0.11304010,0.12844002,0.02017956
10.440000,0,FL_foot,0.60035986,0.58471262,0.02020613
10.440000,0,FR_foot,0.64703572,0.10838085,0.02025583
10.440000,0,RL_foot,0.26427597,0.40210879,0.15653606
10.440000,0,RR_foot,0.11314592,0.12866503,0.02018351
10.460000,0,FL_foot,0.60035247,0.58489579,0.02020727
10.460000,0,FR_foot,0.64720440,0.11304156,0.02025220
10.460000,0,RL_foot,0.26503316,0.40553981,0.15488274
10.460000,0,RR_foot,0.11324932,0.12886842,0.02018775
10.480000,0,FL_foot,0.60034484,0.58507633,0.02020842
10.480000,0,FR_foot,0.64734977,0.11744744,0.02024441
10.480000,0,RL_foot,0.26583529,0.40907598,0.15301451
10.480000,0,RR_foot,0.11335386,0.12906978,0.02019531
10.500000,0,FL_foot,0.60033727,0.58525324,0.02020917
10.500000,0,FR_foot,0.64739615,0.12167186,0.02024232
10.500000,0,RL_foot,0.26667997,0.41280264,0.15078641
10.500000,0,RR_foot,0.11345349,0.12928839,0.02019499
10.520000,0,FL_foot,0.60032964,0.58542746,0.02021035
10.520000,0,FR_foot,0.64743459,0.12573634,0.02024029
10.520000,0,RL_foot,0.26750973,0.41671056,0.14827049
10.520000,0,RR_foot,0.11354614,0.12949345,0.02019683
10.540000,0,FL_foot,0.60032076,0.58559990,0.02021118
10.540000,0,FR_foot,0.64746517,0.12966277,0.02023535
10.540000,0,RL_foot,0.26831949,0.42082366,0.14544873
10.540000,0,RR_foot,0.11364657,0.12968948,0.02020043
10.560000,0,FL_foot,0.60031062,0.58577061,0.02021234
10.560000,0,FR_foot,0.64744300,0.13333590,0.02023214
10.560000,0,RL_foot,0.26909900,0.42522132,0.14220773
10.560000,0,RR_foot,0.11374094,0.12989418,0.02020306
10.580000,0,FL_foot,0.60030186,0.58593994,0.02021308
10.580000,0,FR_foot,0.64732337,0.13736856,0.02019824
10.580000,0,RL_foot,0.26974216,0.43005520,0.13848379
10.580000,0,RR_foot,0.11383312,0.13009165,0.02022482
10.600000,0,FL_foot,0.60028851,0.58610094,0.02021204
10.600000,0,FR_foot,0.64701587,0.14165281,0.02042975
10.600000,0,RL_foot,0.27036902,0.43536717,0.13402060
10.600000,0,RR_foot,0.11390896,0.13029589,0.02018003
10.620000,0,FL_foot,0.60026634,0.58627325,0.02020629
10.620000,0,FR_foot,0.64725870,0.14558078,0.02034613
10.620000,0,RL_foot,0.27086231,0.44057450,0.13014698
10.620000,0,RR_foot,0.11399771,0.13050568,0.02017893
10.640000,0,FL_foot,0.60024363,0.58646679,0.02021209
10.640000,0,FR_foot,0.64766359,0.15106030,0.02020239
10.640000,0,RL_foot,0.27136573,0.44661430,0.12561381
10.640000,0,RR_foot,0.11411013,0.13070191,0.02020797
10.660000,0,FL_foot,0.60021567,0.58664602,0.02021718
10.660000,0,FR_foot,0.64773118,0.15457934,0.02057793
10.660000,0,RL_foot,0.27192417,0.45276651,0.12055729
10.660000,0,RR_foot,0.11419507,0.13091454,0.02018911
10.680000,0,FL_foot,0.60018677,0.58684552,0.02021293
10.680000,0,FR_foot,0.64837921,0.15953164,0.02020895
10.680000,0,RL_foot,0.27191046,0.45989463,0.11540946
10.680000,0,RR_foot,0.11432323,0.13112345,0.02028536
10.700000,0,FL_foot,0.60014951,0.58705217,0.02021778
10.700000,0,FR_foot,0.64868075,0.16339959,0.02035672
10.700000,0,RL_foot,0.27165666,0.46880987,0.10784985
10.700000,0,RR_foot,0.11439455,0.13134754,0.02018913
10.720000,0,FL_foot,0.60010982,0.58725679,0.02021676
10.720000,0,FR_foot,0.64884460,0.16668086,0.02054643
10.720000,0,RL_foot,0.27058762,0.47900763,0.09937593
10.720000,0,RR_foot,0.11448311,0.13157591,0.02018587
10.740000,0,FL_foot,0.60005862,0.58746213,0.02021888
10.740000,0,FR_foot,0.64926374,0.17250758,0.02060308
10.740000,0,RL_foot,0.26841211,0.49241036,0.08894194
10.740000,0,RR_foot,0.11456908,0.13180386,0.02019424
10.760000,0,FL_foot,0.60000467,0.58770949,0.02024194
10.760000,0,FR_foot,0.64964175,0.17630963,0.02029381
10.760000,0,RL_foot,0.26437831,0.50895542,0.07671031
10.760000,0,RR_foot,0.11483349,0.13198516,0.02021295
10.780000,0,FL_foot,0.59997267,0.58790940,0.02022874
10.780000,0,FR_foot,0.64924949,0.18040302,0.02061036
10.780000,0,RL_foot,0.25738573,0.53224927,0.06062664
10.780000,0,RR_foot,0.11470466,0.13224141,0.02020091
10.800000,0,FL_foot,0.59991008,0.58810985,0.02022737
10.800000,0,FR_foot,0.64897621,0.18678123,0.02039778
10.800000,0,RL_foot,0.24408509,0.56233037,0.04453978
10.800000,0,RR_foot,0.11479780,0.13245663,0.02020537
10.820000,0,FL_foot,0.59985662,0.58832484,0.02023057
10.820000,0,FR_foot,0.64876473,0.18739805,0.02036711
10.820000,0,RL_foot,0.22607709,0.59293276,0.03102440
10.820000,0,RR_foot,0.11484691,0.13268189,0.02020422
10.840000,0,FL_foot,0.59978533,0.58859724,0.02023784
10.840000,0,FR_foot,0.64868838,0.18761979,0.02025693
10.840000,0,RL_foot,0.20546460,0.61886650,0.02244276
10.840000,0,RR_foot,0.11491381,0.13293828,0.02021328
10.860000,0,FL_foot,0.59954482,0.59046346,0.02033122
10.860000,0,FR_foot,0.64878279,0.18799253,0.02025553
10.860000,0,RL_foot,0.19625604,0.62701654,0.02023740
10.860000,0,RR_foot,0.11660726,0.13570774,0.02023656
10.880000,0,FL_foot,0.59816396,0.59146100,0.02031996
10.880000,0,FR_foot,0.64887035,0.18830664,0.02025441
10.880000,0,RL_foot,0.19619237,0.62732190,0.02023619
10.880000,0,RR_foot,0.12053841,0.14458750,0.02023008
10.900000,0,FL_foot,0.59728104,0.59252393,0.02040978
10.900000,0,FR_foot,0.64896059,0.18861222,0.02025420
10.900000,0,RL_foot,0.19612464,0.62760127,0.02023104
10.900000,0,RR_foot,0.12413399,0.16312248,0.02018424
10.920000,0,FL_foot,0.59907597,0.59642345,0.02135265
10.920000,0,FR_foot,0.64906669,0.18894616,0.02026162
10.920000,0,RL_foot,0.19602804,0.62791675,0.02025179
10.920000,0,RR_foot,0.12819943,0.19374214,0.02080071
10.940000,0,FL_foot,0.60649806,0.60513294,0.02282864
10.940000,0,FR_foot,0.64914930,0.18929677,0.02025766
10.940000,0,RL_foot,0.19586353,0.62826347,0.02026438
10.940000,0,RR_foot,0.13281828,0.22703747,0.02368958
10.960000,0,FL_foot,0.61857074,0.61901253,0.02457613
10.960000,0,FR_foot,0.64924467,0.18967393,0.02026148
10.960000,0,RL_foot,0.19563828,0.62863392,0.02026028
10.960000,0,RR_foot,0.13746215,0.25445095,0.02717391
10.980000,0,FL_foot,0.63171732,0.63754463,0.02657583
10.980000,0,FR_foot,0.64934659,0.19007169,0.02026273
10.980000,0,RL_foot,0.19538872,0.62901092,0.02027027
10.980000,0,RR_foot,0.14102100,0.27450937,0.02939310
11.000000,0,FL_foot,0.64287919,0.65916085,0.02904499
11.000000,0,FR_foot,0.64942306,0.19045408,0.02026387
11.000000,0,RL_foot,0.19513914,0.62937087,0.02027078
11.000000,0,RR_foot,0.14259225,0.28821597,0.02968122
11.020000,0,FL_foot,0.65059114,0.68151450,0.03228761
11.020000,0,FR_foot,0.64949203,0.19082874,0.02026500
11.020000,0,RL_foot,0.19489752,0.62971199,0.02027697
11.020000,0,RR_foot,0.14248967,0.29774517,0.02853290
11.040000,0,FL_foot,0.65454215,0.70302558,0.03612087
11.040000,0,FR_foot,0.64953059,0.19117539,0.02026715
11.040000,0,RL_foot,0.19467025,0.63003141,0.02027779
11.040000,0,RR_foot,0.14182559,0.30425534,0.02623448
11.060000,0,FL_foot,0.65498388,0.72255015,0.04013178
11.060000,0,FR_foot,0.64955842,0.19149916,0.02027001
11.060000,0,RL_foot,0.19446038,0.63033837,0.02028115
11.060000,0,RR_foot,0.14114879,0.30839106,0.02297401
11.080000,0,FL_foot,0.65269953,0.73917204,0.04331794
11.080000,0,FR_foot,0.64943886,0.19177736,0.02029134
11.080000,0,RL_foot,0.19427551,0.63063192,0.02029613
11.080000,0,RR_foot,0.14044853,0.31040677,0.01995795
11.100000,0,FL_foot,0.64601028,0.74994946,0.04218799
11.100000,0,FR_foot,0.64955920,0.19210576,0.02027218
11.100000,0,RL_foot,0.19419770,0.63076860,0.02026854
11.100000,0,RR_foot,0.14034982,0.31038946,0.02018339
11.120000,0,FL_foot,0.63721794,0.75688261,0.03937769
11.120000,0,FR_foot,0.64966387,0.19243361,0.02027059
11.120000,0,RL_foot,0.19414388,0.63100439,0.02025552
11.120000,0,RR_foot,0.14042701,0.31065530,0.02019330
11.140000,0,FL_foot,0.62982672,0.75964707,0.03410336
11.140000,0,FR_foot,0.64976209,0.19278806,0.02027083
11.140000,0,RL_foot,0.19387083,0.63097847,0.02025260
11.140000,0,RR_foot,0.14052126,0.31100246,0.02021662
11.160000,0,FL_foot,0.62611586,0.75812620,0.02500965
11.160000,0,FR_foot,0.64983791,0.19319986,0.02027711
11.160000,0,RL_foot,0.19590414,0.62674999,0.02064845
11.160000,0,RR_foot,0.14042142,0.31122836,0.02023400
11.180000,0,FL_foot,0.62587082,0.75584763,0.02022372
11.180000,0,FR_foot,0.64992470,0.19359677,0.02213478
11.180000,0,RL_foot,0.20082234,0.62295902,0.02339344
11.180000,0,RR_foot,0.14041826,0.31115913,0.02042379
11.200000,0,FL_foot,0.62526518,0.75564063,0.02019428
11.200000,0,FR_foot,0.65221292,0.19995445,0.02353936
11.200000,0,RL_foot,0.20996810,0.61180073,0.03670224
11.200000,0,RR_foot,0.14035009,0.31004745,0.02011386
11.220000,0,FL_foot,0.62517667,0.75605071,0.02018187
11.220000,0,FR_foot,0.65543222,0.21210745,0.02304611
11.220000,0,RL_foot,0.22381307,0.59590310,0.05826919
11.220000,0,RR_foot,0.14045471,0.31047142,0.02016170
11.240000,0,FL_foot,0.62508404,0.75645626,0.02017971
11.240000,0,FR_foot,0.65658474,0.22411403,0.02204689
11.240000,0,RL_foot,0.23408963,0.58325016,0.07914297
11.240000,0,RR_foot,0.14062232,0.31081593,0.02014810
11.260000,0,FL_foot,0.62504584,0.75679117,0.02017897
11.260000,0,FR_foot,0.65630674,0.22764049,0.02093454
11.260000,0,RL_foot,0.23623490,0.57618833,0.09348561
11.260000,0,RR_foot,0.14078227,0.31110367,0.02012197
11.280000,0,FL_foot,0.62502146,0.75702494,0.02018859
11.280000,0,FR_foot,0.65580952,0.22713481,0.02027695
11.280000,0,RL_foot,0.23487522,0.57395744,0.09996162
11.280000,0,RR_foot,0.14095502,0.31124276,0.02015329
11.300000,0,FL_foot,0.62502831,0.75717604,0.02018858
11.300000,0,FR_foot,0.65590435,0.22650914,0.02027524
11.300000,0,RL_foot,0.23287980,0.57415861,0.10122644
11.300000,0,RR_foot,0.14107783,0.31135157,0.02014230
11.320000,0,FL_foot,0.62505174,0.75725538,0.02018765
11.320000,0,FR_foot,0.65601540,0.22591364,0.02027460
11.320000,0,RL_foot,0.23097493,0.57552975,0.09946162
11.320000,0,RR_foot,0.14118087,0.31141451,0.02014280
11.340000,0,FL_foot,0.62509549,0.75727344,0.02018766
11.340000,0,FR_foot,0.65618157,0.22535697,0.02027476
11.340000,0,RL_foot,0.22939177,0.57763904,0.09546848
11.340000,0,RR_foot,0.14126199,0.31137869,0.02014560
11.360000,0,FL_foot,0.62514830,0.75723791,0.02018676
11.360000,0,FR_foot,0.65637147,0.22464006,0.02027436
11.360000,0,RL_foot,0.22791466,0.58054328,0.08948591
11.360000,0,RR_foot,0.14132038,0.31134465,0.02014498
11.380000,0,FL_foot,0.62521350,0.75715101,0.02018553
11.380000,0,FR_foot,0.65656054,0.22409539,0.02027273
11.380000,0,RL_foot,0.22615555,0.58459377,0.08146624
11.380000,0,RR_foot,0.14135732,0.31129098,0.02014375
11.400000,0,FL_foot,0.62529045,0.75702196,0.02018295
11.400000,0,FR_foot,0.65680194,0.22322495,0.02027140
11.400000,0,RL_foot,0.22356528,0.59051591,0.07106541
11.400000,0,RR_foot,0.14136264,0.31116152,0.02014357
11.420000,0,FL_foot,0.62537432,0.75684106,0.02018027
11.420000,0,FR_foot,0.65697247,0.22237442,0.02027015
11.420000,0,RL_foot,0.21938041,0.59914351,0.05808526
11.420000,0,RR_foot,0.14133815,0.31103948,0.02014385
11.440000,0,FL_foot,0.62546015,0.75659847,0.02017839
11.440000,0,FR_foot,0.65693432,0.22210161,0.02026771
11.440000,0,RL_foot,0.21304429,0.61046374,0.04355657
11.440000,0,RR_foot,0.14127605,0.31091565,0.02014515
11.460000,0,FL_foot,0.62553483,0.75631911,0.02017781
11.460000,0,FR_foot,0.65684891,0.22182164,0.02026767
11.460000,0,RL_foot,0.20443498,0.62309951,0.02946800
11.460000,0,RR_foot,0.14116830,0.31067958,0.02014750
11.480000,0,FL_foot,0.62555039,0.75603443,0.02055850
11.480000,0,FR_foot,0.65681303,0.22152711,0.02024673
11.480000,0,RL_foot,0.19654472,0.63216382,0.01991579
11.480000,0,RR_foot,0.14102900,0.31041864,0.02020115
11.500000,0,FL_foot,0.62653840,0.74682629,0.02130963
11.500000,0,FR_foot,0.65660059,0.22132573,0.02026429
11.500000,0,RL_foot,0.19660473,0.63220483,0.02023828
11.500000,0,RR_foot,0.14138837,0.31092200,0.02114455
11.520000,0,FL_foot,0.62993234,0.72803926,0.02043379
11.520000,0,FR_foot,0.65651554,0.22104734,0.02026489
11.520000,0,RL_foot,0.19667707,0.63192397,0.02026745
11.520000,0,RR_foot,0.14139639,0.31054741,0.02282882
11.540000,0,FL_foot,0.63444549,0.70687664,0.02020567
11.540000,0,FR_foot,0.65643203,0.22073801,0.02026818
11.540000,0,RL_foot,0.19678357,0.63158756,0.02026314
11.540000,0,RR_foot,0.13982008,0.30695838,0.02361925
11.560000,0,FL_foot,0.63925254,0.68480074,0.02101313
11.560000,0,FR_foot,0.65635777,0.22041023,0.02026289
11.560000,0,RL_foot,0.19691703,0.63128918,0.02027479
11.560000,0,RR_foot,0.13531800,0.30053341,0.02380154
11.580000,0,FL_foot,0.64382857,0.66398966,0.02254823
11.580000,0,FR_foot,0.65628880,0.22006078,0.02025960
11.580000,0,RL_foot,0.19708039,0.63094950,0.02026896
11.580000,0,RR_foot,0.12633675,0.29021811,0.02325642
11.600000,0,FL_foot,0.64724803,0.64555079,0.02423566
11.600000,0,FR_foot,0.65622628,0.21969968,0.02025883
11.600000,0,RL_foot,0.19727090,0.63056886,0.02027726
11.600000,0,RR_foot,0.11258058,0.27529225,0.02241562
11.620000,0,FL_foot,0.64902568,0.63063973,0.02529945
11.620000,0,FR_foot,0.65615410,0.21931760,0.02025607
11.620000,0,RL_foot,0.19745980,0.63019741,0.02026684
11.620000,0,RR_foot,0.09591789,0.25569561,0.02218998
11.640000,0,FL_foot,0.64888436,0.61911792,0.02551570
11.640000,0,FR_foot,0.65608096,0.21892779,0.02025774
11.640000,0,RL_foot,0.19765270,0.62979126,0.02027127
11.640000,0,RR_foot,0.07960618,0.23308209,0.02352809
11.660000,0,FL_foot,0.64652866,0.61074638,0.02483259
11.660000,0,FR_foot,0.65600419,0.21852741,0.02025577
11.660000,0,RL_foot,0.19783126,0.62937880,0.02026633
11.660000,0,RR_foot,0.06680575,0.21033314,0.02637415
11.680000,0,FL_foot,0.64160770,0.60583955,0.02303462
11.680000,0,FR_foot,0.65592039,0.21810761,0.02025406
11.680000,0,RL_foot,0.19800323,0.62895203,0.02026104
11.680000,0,RR_foot,0.05910362,0.18978018,0.02965596
11.700000,0,FL_foot,0.63421619,0.60409772,0.02030449
11.700000,0,FR_foot,0.65583128,0.21766680,0.02025257
11.700000,0,RL_foot,0.19816674,0.62850302,0.02025422
11.700000,0,RR_foot,0.05638760,0.17246884,0.03222214
11.720000,0,FL_foot,0.63168257,0.60403007,0.02027357
11.720000,0,FR_foot,0.65574920,0.21724457,0.02024899
11.720000,0,RL_foot,0.19823624,0.62843573,0.02024535
11.720000,0,RR_foot,0.05810020,0.16001022,0.03064779
11.740000,0,FL_foot,0.62904710,0.60616916,0.02025574
11.740000,0,FR_foot,0.65561545,0.21681052,0.02023180
11.740000,0,RL_foot,0.19829984,0.62797958,0.02022069
11.740000,0,RR_foot,0.06447350,0.15655404,0.02533804
11.760000,0,FL_foot,0.62883866,0.60639656,0.02018296
11.760000,0,FR_foot,0.65469545,0.21487512,0.02024396
11.760000,0,RL_foot,0.20422687,0.61312932,0.02218161
11.760000,0,RR_foot,0.06871039,0.15817395,0.02004102
11.780000,0,FL_foot,0.62889415,0.60599995,0.02024519
11.780000,0,FR_foot,0.65409422,0.20831484,0.02026988
11.780000,0,RL_foot,0.21152642,0.57944947,0.03442711
11.780000,0,RR_foot,0.06855673,0.15787908,0.02020359
11.800000,0,FL_foot,0.62899220,0.60563022,0.02024234
11.800000,0,FR_foot,0.65744078,0.19972408,0.02024499
11.800000,0,RL_foot,0.22124280,0.54334009,0.05424184
11.800000,0,RR_foot,0.06837416,0.15761259,0.02019167
11.820000,0,FL_foot,0.62907445,0.60527700,0.02023860
11.820000,0,FR_foot,0.66377318,0.18912446,0.02023845
11.820000,0,RL_foot,0.22888689,0.51693207,0.07318101
11.820000,0,RR_foot,0.06818289,0.15732323,0.02018757
11.840000,0,FL_foot,0.62915796,0.60491544,0.02023600
11.840000,0,FR_foot,0.67069596,0.17694606,0.02024226
11.840000,0,RL_foot,0.23285508,0.49841195,0.08841011
11.840000,0,RR_foot,0.06802530,0.15704143,0.02019326
11.860000,0,FL_foot,0.62923640,0.60457999,0.02023286
11.860000,0,FR_foot,0.67656970,0.16392300,0.02025056
11.860000,0,RL_foot,0.23485634,0.48497197,0.10000477
11.860000,0,RR_foot,0.06786823,0.15676478,0.02019359
11.880000,0,FL_foot,0.62931621,0.60425103,0.02022801
11.880000,0,FR_foot,0.68075764,0.15101497,0.02025852
11.880000,0,RL_foot,0.23608732,0.47465241,0.10883101
11.880000,0,RR_foot,0.06772088,0.15648833,0.02018544
11.900000,0,FL_foot,0.62940282,0.60390770,0.02022584
11.900000,0,FR_foot,0.68312627,0.13974361,0.02027019
11.900000,0,RL_foot,0.23710702,0.46629226,0.11565549
11.900000,0,RR_foot,0.06759400,0.15621658,0.02018782
11.920000,0,FL_foot,0.62948513,0.60358125,0.02022327
11.920000,0,FR_foot,0.68429488,0.13129832,0.02027888
11.920000,0,RL_foot,0.23810418,0.45918497,0.12102311
11.920000,0,RR_foot,0.06746703,0.15594973,0.02018526
11.940000,0,FL_foot,0.62956488,0.60326016,0.02021975
11.940000,0,FR_foot,0.68513912,0.12546964,0.02028365
11.940000,0,RL_foot,0.23905846,0.45293620,0.12525843
11.940000,0,RR_foot,0.06734238,0.15568550,0.02018020
11.960000,0,FL_foot,0.62964159,0.60293430,0.02021746
11.960000,0,FR_foot,0.68603879,0.12129159,0.02028648
11.960000,0,RL_foot,0.23987745,0.44734102,0.12857136
11.960000,0,RR_foot,0.06722514,0.15542622,0.02018127
11.980000,0,FL_foot,0.62970436,0.60263753,0.02021553
11.980000,0,FR_foot,0.68700904,0.11782818,0.02028733
11.980000,0,RL_foot,0.24048297,0.44229734,0.13110419
11.980000,0,RR_foot,0.06710749,0.15517639,0.02017903
12.000000,0,FL_foot,0.62976217,0.60235673,0.02021315
12.000000,0,FR_foot,0.68805832,0.11439329,0.02028726
12.000000,0,RL_foot,0.24085446,0.43774411,0.13296673
12.000000,0,RR_foot,0.06699375,0.15493912,0.02017518
12.020000,0,FL_foot,0.62981737,0.60207707,0.02021122
12.020000,0,FR_foot,0.68918258,0.11072931,0.02028891
12.020000,0,RL_foot,0.24102154,0.43361580,0.13427976
12.020000,0,RR_foot,0.06688321,0.15471110,0.02017410
12.040000,0,FL_foot,0.62986320,0.60182363,0.02020954
12.040000,0,FR_foot,0.69031739,0.10691639,0.02028964
12.040000,0,RL_foot,0.24104246,0.42984283,0.13515188
12.040000,0,RR_foot,0.06677336,0.15449597,0.02017091
12.060000,0,FL_foot,0.62990707,0.60158378,0.02020812
12.060000,0,FR_foot,0.69140732,0.10313002,0.02029062
12.060000,0,RL_foot,0.24097100,0.42636728,0.13567315
12.060000,0,RR_foot,0.06667127,0.15429656,0.02016977
12.080000,0,FL_foot,0.62995100,0.60134399,0.02020615
12.080000,0,FR_foot,0.69242567,0.09952391,0.02029122
12.080000,0,RL_foot,0.24083947,0.42314205,0.13592324
12.080000,0,RR_foot,0.06657289,0.15410453,0.02016763
12.100000,0,FL_foot,0.62998652,0.60112751,0.02020457
12.100000,0,FR_foot,0.69337094,0.09615780,0.02029241
12.100000,0,RL_foot,0.24065621,0.42013201,0.13596289
12.100000,0,RR_foot,0.06647607,0.15392280,0.02016497
12.120000,0,FL_foot,0.63001877,0.60092258,0.02020311
12.120000,0,FR_foot,0.69426131,0.09298275,0.02029306
12.120000,0,RL_foot,0.24041933,0.41731662,0.13583076
12.120000,0,RR_foot,0.06638955,0.15375498,0.02016452
12.140000,0,FL_foot,0.63004774,0.60072947,0.02020165
12.140000,0,FR_foot,0.69510806,0.08996348,0.02029353
12.140000,0,RL_foot,0.24012753,0.41467386,0.13555801
12.140000,0,RR_foot,0.06630244,0.15358980,0.02016294
12.160000,0,FL_foot,0.63007307,0.60054731,0.02020050
12.160000,0,FR_foot,0.69591898,0.08705837,0.02029374
12.160000,0,RL_foot,0.23977725,0.41218406,0.13516839
12.160000,0,RR_foot,0.06621971,0.15343295,0.02016141
12.180000,0,FL_foot,0.63009596,0.60037535,0.02019900
12.180000,0,FR_foot,0.69669235,0.08427827,0.02029425
12.180000,0,RL_foot,0.23937751,0.40982702,0.13468054
12.180000,0,RR_foot,0.06614077,0.15328313,0.02015994
12.200000,0,FL_foot,0.63011503,0.60021269,0.02019763
12.200000,0,FR_foot,0.69741535,0.08170626,0.02029469
12.200000,0,RL_foot,0.23892523,0.40774858,0.13375187
12.200000,0,RR_foot,0.06606495,0.15313955,0.02015705
12.220000,0,FL_foot,0.63013190,0.60005796,0.02019625
12.220000,0,FR_foot,0.69806814,0.07933906,0.02029571
12.220000,0,RL_foot,0.23837397,0.40609473,0.13205495
12.220000,0,RR_foot,0.06599230,0.15300244,0.02015291
12.240000,0,FL_foot,0.63014698,0.59990996,0.02019471
12.240000,0,FR_foot,0.69864386,0.07710980,0.02029617
12.240000,0,RL_foot,0.23768337,0.40493605,0.12943223
12.240000,0,RR_foot,0.06592424,0.15286967,0.02014826
12.260000,0,FL_foot,0.63016176,0.59976661,0.02019351
12.260000,0,FR_foot,0.69913763,0.07502081,0.02029734
12.260000,0,RL_foot,0.23683488,0.40429845,0.12582566
12.260000,0,RR_foot,0.06586093,0.15274084,0.02014411
12.280000,0,FL_foot,0.63017756,0.59962595,0.02019227
12.280000,0,FR_foot,0.69956160,0.07305133,0.02029779
12.280000,0,RL_foot,0.23581135,0.40421420,0.12119176
12.280000,0,RR_foot,0.06580237,0.15261529,0.02014094
12.300000,0,FL_foot,0.63019568,0.59948468,0.02019097
12.300000,0,FR_foot,0.69991809,0.07126263,0.02029799
12.300000,0,RL_foot,0.23457785,0.40475625,0.11544207
12.300000,0,RR_foot,0.06574845,0.15249266,0.02013797
12.320000,0,FL_foot,0.63021857,0.59934109,0.02018946
12.320000,0,FR_foot,0.70021367,0.06965155,0.02029772
12.320000,0,RL_foot,0.23304483,0.40608758,0.10838984
12.320000,0,RR_foot,0.06569955,0.15237148,0.02013601
12.340000,0,FL_foot,0.63024664,0.59919107,0.02018795
12.340000,0,FR_foot,0.70043230,0.06830874,0.02029788
12.340000,0,RL_foot,0.23103915,0.40850616,0.09971200
12.340000,0,RR_foot,0.06565495,0.15225095,0.02013403
12.360000,0,FL_foot,0.63028294,0.59902924,0.02018629
12.360000,0,FR_foot,0.70060724,0.06679675,0.02029812
12.360000,0,RL_foot,0.22826423,0.41247416,0.08900432
12.360000,0,RR_foot,0.06561390,0.15212938,0.02013196
12.380000,0,FL_foot,0.63033020,0.59884614,0.02018421
12.380000,0,FR_foot,0.70068318,0.06560465,0.02029748
12.380000,0,RL_foot,0.22438291,0.41844109,0.07609484
12.380000,0,RR_foot,0.06557490,0.15200387,0.02013111
12.400000,0,FL_foot,0.63038915,0.59863424,0.02018581
12.400000,0,FR_foot,0.70064944,0.06509235,0.02029866
12.400000,0,RL_foot,0.21900497,0.42676887,0.06122924
12.400000,0,RR_foot,0.06552345,0.15186630,0.02013285
12.420000,0,FL_foot,0.63045150,0.59840852,0.02017742
12.420000,0,FR_foot,0.70059824,0.06485265,0.02029535
12.420000,0,RL_foot,0.21224134,0.43659875,0.04614115
12.420000,0,RR_foot,0.06546138,0.15171255,0.02013509
12.440000,0,FL_foot,0.63050115,0.59814876,0.02017732
12.440000,0,FR_foot,0.70054066,0.06457601,0.02029787
12.440000,0,RL_foot,0.20431487,0.44657069,0.03238624
12.440000,0,RR_foot,0.06539029,0.15153788,0.02013722
12.460000,0,FL_foot,0.63054526,0.59789050,0.02017953
12.460000,0,FR_foot,0.70048249,0.06428938,0.02029847
12.460000,0,RL_foot,0.19534814,0.45576832,0.02045930
12.460000,0,RR_foot,0.06531393,0.15135239,0.02014987
12.480000,0,FL_foot,0.62834191,0.59294188,0.02089326
12.480000,0,FR_foot,0.70042348,0.06400552,0.02030153
12.480000,0,RL_foot,0.19545035,0.45555142,0.02032457
12.480000,0,RR_foot,0.06665910,0.15157862,0.02015560
12.500000,0,FL_foot,0.62888211,0.57863224,0.02020822
12.500000,0,FR_foot,0.70037597,0.06373912,0.02029994
12.500000,0,RL_foot,0.19556329,0.45533925,0.02029927
12.500000,0,RR_foot,0.07191017,0.15419538,0.02076926
12.520000,0,FL_foot,0.63376606,0.55803788,0.02031838
12.520000,0,FR_foot,0.70034915,0.06349347,0.02029527
12.520000,0,RL_foot,0.19567083,0.45511377,0.02029393
12.520000,0,RR_foot,0.07769670,0.15640171,0.02181311
12.540000,0,FL_foot,0.64151347,0.53419268,0.02125415
12.540000,0,FR_foot,0.70031458,0.06323227,0.02029279
12.540000,0,RL_foot,0.19578935,0.45485508,0.02028850
12.540000,0,RR_foot,0.08205748,0.15296265,0.02180122
12.560000,0,FL_foot,0.64927566,0.51134384,0.02310790
12.560000,0,FR_foot,0.70026898,0.06294026,0.02029063
12.560000,0,RL_foot,0.19595674,0.45453441,0.02029252
12.560000,0,RR_foot,0.08263820,0.14566436,0.02170912
12.580000,0,FL_foot,0.65580642,0.49090475,0.02517345
12.580000,0,FR_foot,0.70022690,0.06262167,0.02028729
12.580000,0,RL_foot,0.19613788,0.45422554,0.02029487
12.580000,0,RR_foot,0.07789157,0.13390388,0.02152039
12.600000,0,FL_foot,0.66025716,0.47338313,0.02675309
12.600000,0,FR_foot,0.70018142,0.06228645,0.02028311
12.600000,0,RL_foot,0.19633316,0.45387056,0.02028435
12.600000,0,RR_foot,0.06854466,0.11743321,0.02157716
12.620000,0,FL_foot,0.66229934,0.45858055,0.02772579
12.620000,0,FR_foot,0.70012110,0.06193174,0.02028578
12.620000,0,RL_foot,0.19653836,0.45347980,0.02028890
12.620000,0,RR_foot,0.05690177,0.09671072,0.02239091
12.640000,0,FL_foot,0.66182309,0.44636348,0.02817502
12.640000,0,FR_foot,0.70005912,0.06157953,0.02028698
12.640000,0,RL_foot,0.19672596,0.45308876,0.02028652
12.640000,0,RR_foot,0.04598751,0.07300502,0.02422006
12.660000,0,FL_foot,0.65881765,0.43719855,0.02797120
12.660000,0,FR_foot,0.69999099,0.06122343,0.02028715
12.660000,0,RL_foot,0.19689104,0.45269141,0.02028318
12.660000,0,RR_foot,0.03856443,0.04865823,0.02665492
12.680000,0,FL_foot,0.65365380,0.43190616,0.02668842
12.680000,0,FR_foot,0.69991487,0.06085048,0.02028500
12.680000,0,RL_foot,0.19703440,0.45227993,0.02027356
12.680000,0,RR_foot,0.03642752,0.02644947,0.02855645
12.700000,0,FL_foot,0.64609027,0.43043908,0.02424576
12.700000,0,FR_foot,0.69982994,0.06045505,0.02027888
12.700000,0,RL_foot,0.19715902,0.45186362,0.02026043
12.700000,0,RR_foot,0.03986607,0.00804361,0.02869928
12.720000,0,FL_foot,0.63695061,0.43197244,0.02120478
12.720000,0,FR_foot,0.69972903,0.06002577,0.02027690
12.720000,0,RL_foot,0.19727260,0.45141599,0.02025256
12.720000,0,RR_foot,0.04753926,-0.00558850,0.02668273
12.740000,0,FL_foot,0.63347065,0.43336397,0.02027592
12.740000,0,FR_foot,0.69961315,0.05957470,0.02027250
12.740000,0,RL_foot,0.19734232,0.45093659,0.02023815
12.740000,0,RR_foot,0.05753637,-0.01314681,0.02150047
12.760000,0,FL_foot,0.63354242,0.43321624,0.02027248
12.760000,0,FR_foot,0.69777143,0.05777925,0.02025497
12.760000,0,RL_foot,0.19670063,0.44944152,0.02099225
12.760000,0,RR_foot,0.05768058,-0.01355010,0.02022699
12.780000,0,FL_foot,0.63369316,0.43276232,0.02026441
12.780000,0,FR_foot,0.69334084,0.05320526,0.02025312
12.780000,0,RL_foot,0.19671424,0.43297303,0.02591775
12.780000,0,RR_foot,0.05755491,-0.01389083,0.02021847
12.800000,0,FL_foot,0.63384360,0.43232253,0.02025907
12.800000,0,FR_foot,0.68989640,0.04575250,0.02027162
12.800000,0,RL_foot,0.20272292,0.40279683,0.03757990
12.800000,0,RR_foot,0.05740236,-0.01418985,0.02021343
12.820000,0,FL_foot,0.63396657,0.43191841,0.02024723
12.820000,0,FR_foot,0.69059289,0.03493246,0.02025948
12.820000,0,RL_foot,0.21406846,0.36976269,0.05593904
12.820000,0,RR_foot,0.05720256,-0.01445044,0.02019492
12.840000,0,FL_foot,0.63407952,0.43151677,0.02024750
12.840000,0,FR_foot,0.69463336,0.02123661,0.02025188
12.840000,0,RL_foot,0.22405268,0.34502685,0.07344334
12.840000,0,RR_foot,0.05699787,-0.01471576,0.02020017
12.860000,0,FL_foot,0.63418943,0.43112466,0.02024228
12.860000,0,FR_foot,0.69894284,0.00588986,0.02025943
12.860000,0,RL_foot,0.23029484,0.32720369,0.08771394
12.860000,0,RR_foot,0.05680986,-0.01498699,0.02019739
12.880000,0,FL_foot,0.63429606,0.43075657,0.02023816
12.880000,0,FR_foot,0.70187086,-0.00959373,0.02026506
12.880000,0,RL_foot,0.23413523,0.31404746,0.09878547
12.880000,0,RR_foot,0.05665109,-0.01524558,0.02019508
12.900000,0,FL_foot,0.63440436,0.43039289,0.02023166
12.900000,0,FR_foot,0.70290118,-0.02320314,0.02027575
12.900000,0,RL_foot,0.23677941,0.30384764,0.10735695
12.900000,0,RR_foot,0.05650132,-0.01550212,0.02018841
12.920000,0,FL_foot,0.63451660,0.43001658,0.02022959
12.920000,0,FR_foot,0.70275360,-0.03361114,0.02028732
12.920000,0,RL_foot,0.23884340,0.29550791,0.11408085
12.920000,0,RR_foot,0.05636133,-0.01576654,0.02019002
12.940000,0,FL_foot,0.63461429,0.42966378,0.02022634
12.940000,0,FR_foot,0.70252025,-0.04083087,0.02029331
12.940000,0,RL_foot,0.24055646,0.28837615,0.11942013
12.940000,0,RR_foot,0.05623019,-0.01602524,0.02018672
12.960000,0,FL_foot,0.63470441,0.42932492,0.02022231
12.960000,0,FR_foot,0.70273238,-0.04570828,0.02029467
12.960000,0,RL_foot,0.24194738,0.28210700,0.12364893
12.960000,0,RR_foot,0.05610169,-0.01628285,0.02018118
12.980000,0,FL_foot,0.63478780,0.42898914,0.02022020
12.980000,0,FR_foot,0.70334518,-0.04927454,0.02029650
12.980000,0,RL_foot,0.24298002,0.27653259,0.12694979
12.980000,0,RR_foot,0.05597921,-0.01653888,0.02018345
13.000000,0,FL_foot,0.63485438,0.42868891,0.02021795
13.000000,0,FR_foot,0.70420462,-0.05252212,0.02029664
13.000000,0,RL_foot,0.24364364,0.27157193,0.12945811
13.000000,0,RR_foot,0.05586292,-0.01678136,0.02018106
13.020000,0,FL_foot,0.63491374,0.42840928,0.02021533
13.020000,0,FR_foot,0.70526725,-0.05610379,0.02029659
13.020000,0,RL_foot,0.24399441,0.26715285,0.13129453
13.020000,0,RR_foot,0.05574738,-0.01700975,0.02017538
13.040000,0,FL_foot,0.63496989,0.42813328,0.02021370
13.040000,0,FR_foot,0.70645064,-0.06010806,0.02029797
13.040000,0,RL_foot,0.24413066,0.26318571,0.13259187
13.040000,0,RR_foot,0.05563885,-0.01722473,0.02017475
13.060000,0,FL_foot,0.63500476,0.42794561,0.02021125
13.060000,0,FR_foot,0.70640886,-0.06029795,0.02028728
13.060000,0,RL_foot,0.24914642,0.25909275,0.13446139
13.060000,0,RR_foot,0.05555282,-0.01737757,0.02016608
13.080000,0,FL_foot,0.63504237,0.42778960,0.02021385
13.080000,0,FR_foot,0.70633227,-0.06043560,0.02028800
13.080000,0,RL_foot,0.25565869,0.25474089,0.13828510
13.080000,0,RR_foot,0.05544729,-0.01746511,0.02016030
13.100000,0,FL_foot,0.63504708,0.42769009,0.02021138
13.100000,0,FR_foot,0.70625401,-0.06051266,0.02029018
13.100000,0,RL_foot,0.26119676,0.25065520,0.14266606
13.100000,0,RR_foot,0.05535458,-0.01751547,0.02015374
13.120000,0,FL_foot,0.63503212,0.42764381,0.02021122
13.120000,0,FR_foot,0.70618051,-0.06053888,0.02029440
13.120000,0,RL_foot,0.26516989,0.24728660,0.14670447
13.120000,0,RR_foot,0.05527962,-0.01755269,0.02015629
13.140000,0,FL_foot,0.63499731,0.42763019,0.02021144
13.140000,0,FR_foot,0.70613122,-0.06052373,0.02029702
13.140000,0,RL_foot,0.26773724,0.24483661,0.15001708
13.140000,0,RR_foot,0.05521636,-0.01755315,0.02015899
13.160000,0,FL_foot,0.63496006,0.42764920,0.02021158
13.160000,0,FR_foot,0.70609480,-0.06047750,0.02029895
13.160000,0,RL_foot,0.26926285,0.24331255,0.15253460
13.160000,0,RR_foot,0.05517527,-0.01754633,0.02015893
13.180000,0,FL_foot,0.63492608,0.42769146,0.02021264
13.180000,0,FR_foot,0.70607513,-0.06041863,0.02030083
13.180000,0,RL_foot,0.27010843,0.24260756,0.15433539
13.180000,0,RR_foot,0.05515222,-0.01750910,0.02016153
13.200000,0,FL_foot,0.63490117,0.42776018,0.02021294
13.200000,0,FR_foot,0.70606601,-0.06034410,0.02030166
13.200000,0,RL_foot,0.27055082,0.24256310,0.15555526
13.200000,0,RR_foot,0.05514948,-0.01746472,0.02016140
13.220000,0,FL_foot,0.63488597,0.42779815,0.02021459
13.220000,0,FR_foot,0.70486826,-0.05930751,0.02030148
13.220000,0,RL_foot,0.26879758,0.24387540,0.15517251
13.220000,0,RR_foot,0.05514824,-0.01742536,0.02016715
13.240000,0,FL_foot,0.63488156,0.42783096,0.02021541
13.240000,0,FR_foot,0.70353246,-0.05845813,0.02030086
13.240000,0,RL_foot,0.26640546,0.24585688,0.15350480
13.240000,0,RR_foot,0.05517146,-0.01739644,0.02017830
13.260000,0,FL_foot,0.63489389,0.42785206,0.02021516
13.260000,0,FR_foot,0.70249557,-0.05793253,0.02029948
13.260000,0,RL_foot,0.26440978,0.24770227,0.15166864
13.260000,0,RR_foot,0.05519908,-0.01736748,0.02017567
13.280000,0,FL_foot,0.63491619,0.42786571,0.02021495
13.280000,0,FR_foot,0.70202732,-0.05776919,0.02030677
13.280000,0,RL_foot,0.26313591,0.24908622,0.15014632
13.280000,0,RR_foot,0.05523103,-0.01733790,0.02017672
13.300000,0,FL_foot,0.63494843,0.42787030,0.02021433
13.300000,0,FR_foot,0.70189828,-0.05774438,0.02030536
13.300000,0,RL_foot,0.26264989,0.24996926,0.14900261
13.300000,0,RR_foot,0.05527708,-0.01731522,0.02017423
13.320000,0,FL_foot,0.63496161,0.42789379,0.02021114
13.320000,0,FR_foot,0.70103329,-0.05761158,0.02028915
13.320000,0,RL_foot,0.26340488,0.25021768,0.14790888
13.320000,0,RR_foot,0.05532150,-0.01727706,0.02014013
13.340000,0,FL_foot,0.63501501,0.42793581,0.02020989
13.340000,0,FR_foot,0.70113784,-0.05762919,0.02029133
13.340000,0,RL_foot,0.26586047,0.25003561,0.14689210
13.340000,0,RR_foot,0.05543784,-0.01723924,0.02015094
13.360000,0,FL_foot,0.63509470,0.42798713,0.02020904
13.360000,0,FR_foot,0.70127279,-0.05764699,0.02028650
13.360000,0,RL_foot,0.26939625,0.24972519,0.14600463
13.360000,0,RR_foot,0.05559106,-0.01717746,0.02015226
13.380000,0,FL_foot,0.63519704,0.42804849,0.02020998
13.380000,0,FR_foot,0.70142490,-0.05766401,0.02028264
13.380000,0,RL_foot,0.27361497,0.24946034,0.14513719
13.380000,0,RR_foot,0.05576023,-0.01708473,0.02015074
13.400000,0,FL_foot,0.63530374,0.42811018,0.02020781
13.400000,0,FR_foot,0.70158696,-0.05767492,0.02027865
13.400000,0,RL_foot,0.27826810,0.24930094,0.14425045
13.400000,0,RR_foot,0.05596327,-0.01697899,0.02014925
13.420000,0,FL_foot,0.63542026,0.42817819,0.02020664
13.420000,0,FR_foot,0.70191145,-0.05773550,0.02027514
13.420000,0,RL_foot,0.28316692,0.24926458,0.14334834
13.420000,0,RR_foot,0.05618442,-0.01685833,0.02015270
13.440000,0,FL_foot,0.63554204,0.42824864,0.02020577
13.440000,0,FR_foot,0.70262015,-0.05791059,0.02027246
13.440000,0,RL_foot,0.28822717,0.24933743,0.14241089
13.440000,0,RR_foot,0.05640347,-0.01672191,0.02015023
13.460000,0,FL_foot,0.63566840,0.42831767,0.02020435
13.460000,0,FR_foot,0.70368516,-0.05821634,0.02027338
13.460000,0,RL_foot,0.29350117,0.24969621,0.14091648
13.460000,0,RR_foot,0.05664568,-0.01658442,0.02014575
13.480000,0,FL_foot,0.63579863,0.42838189,0.02020313
13.480000,0,FR_foot,0.70512575,-0.05865928,0.02027181
13.480000,0,RL_foot,0.29897818,0.25044447,0.13860089
13.480000,0,RR_foot,0.05689898,-0.01644679,0.02014579
13.500000,0,FL_foot,0.63593316,0.42843711,0.02020156
13.500000,0,FR_foot,0.70680600,-0.05904509,0.02026970
13.500000,0,RL_foot,0.30469003,0.25160420,0.13535918
13.500000,0,RR_foot,0.05712781,-0.01629916,0.02014135
13.520000,0,FL_foot,0.63607538,0.42848080,0.02019982
13.520000,0,FR_foot,0.70856524,-0.05936321,0.02026806
13.520000,0,RL_foot,0.31064025,0.25323209,0.13109015
13.520000,0,RR_foot,0.05738884,-0.01616122,0.02013787
13.540000,0,FL_foot,0.63622487,0.42851034,0.02019817
13.540000,0,FR_foot,0.71033633,-0.05959832,0.02026697
13.540000,0,RL_foot,0.31679294,0.25540966,0.12573794
13.540000,0,RR_foot,0.05765770,-0.01602459,0.02014144
13.560000,0,FL_foot,0.63638413,0.42852324,0.02019602
13.560000,0,FR_foot,0.71198767,-0.05976092,0.02026395
13.560000,0,RL_foot,0.32316297,0.25826153,0.11917180
13.560000,0,RR_foot,0.05788929,-0.01587595,0.02013994
13.580000,0,FL_foot,0.63655621,0.42851725,0.02019354
13.580000,0,FR_foot,0.71346682,-0.05985712,0.02026269
13.580000,0,RL_foot,0.32974941,0.26201111,0.11118604
13.580000,0,RR_foot,0.05816372,-0.01573698,0.02013854
13.600000,0,FL_foot,0.63674277,0.42848971,0.02019057
13.600000,0,FR_foot,0.71466970,-0.05988228,0.02025981
13.600000,0,RL_foot,0.33651033,0.26692390,0.10161874
13.600000,0,RR_foot,0.05844348,-0.01559675,0.02014507
13.620000,0,FL_foot,0.63695055,0.42843840,0.02019096
13.620000,0,FR_foot,0.71542597,-0.05988487,0.02025696
13.620000,0,RL_foot,0.34344384,0.27338979,0.09020004
13.620000,0,RR_foot,0.05868505,-0.01545017,0.02014863
13.640000,0,FL_foot,0.63717055,0.42835158,0.02018566
13.640000,0,FR_foot,0.71613318,-0.05978567,0.02025341
13.640000,0,RL_foot,0.35047787,0.28213665,0.07648720
13.640000,0,RR_foot,0.05897135,-0.01532087,0.02015432
13.660000,0,FL_foot,0.63741702,0.42822668,0.02018352
13.660000,0,FR_foot,0.71698332,-0.05941325,0.02025030
13.660000,0,RL_foot,0.35710332,0.29417881,0.06013012
13.660000,0,RR_foot,0.05925053,-0.01520992,0.02016533
13.680000,0,FL_foot,0.63769162,0.42805296,0.02018326
13.680000,0,FR_foot,0.71719515,-0.05946786,0.02025103
13.680000,0,RL_foot,0.36180776,0.30980355,0.04180111
13.680000,0,RR_foot,0.05955566,-0.01502562,0.02017060
13.700000,0,FL_foot,0.63797230,0.42785484,0.02018056
13.700000,0,FR_foot,0.71731055,-0.05966106,0.02025314
13.700000,0,RL_foot,0.36175936,0.32650939,0.02394868
13.700000,0,RR_foot,0.05980875,-0.01499694,0.02018299
13.720000,0,FL_foot,0.63934839,0.42744508,0.02252657
13.720000,0,FR_foot,0.71715337,-0.05944118,0.02026051
13.720000,0,RL_foot,0.36066148,0.33036861,0.02043034
13.720000,0,RR_foot,0.06332899,-0.01145460,0.02020382
13.740000,0,FL_foot,0.64635915,0.42321184,0.02311659
13.740000,0,FR_foot,0.71710497,-0.05948027,0.02025068
13.740000,0,RL_foot,0.36093670,0.33025271,0.02034822
13.740000,0,RR_foot,0.07499362,-0.00089231,0.02015649
13.760000,0,FL_foot,0.66172141,0.41631833,0.02300515
13.760000,0,FR_foot,0.71715039,-0.05953017,0.02024441
13.760000,0,RL_foot,0.36128676,0.33014825,0.02033350
13.760000,0,RR_foot,0.09338515,0.01275676,0.02009211
13.780000,0,FL_foot,0.68518370,0.40701693,0.02344831
13.780000,0,FR_foot,0.71720058,-0.05956126,0.02024044
13.780000,0,RL_foot,0.36168346,0.33008361,0.02033370
13.780000,0,RR_foot,0.11773259,0.02598916,0.02005675
13.800000,0,FL_foot,0.71386731,0.39789674,0.02466330
13.800000,0,FR_foot,0.71744835,-0.05967459,0.02023540
13.800000,0,RL_foot,0.36210972,0.32999805,0.02031995
13.800000,0,RR_foot,0.14699358,0.03534620,0.02004870
13.820000,0,FL_foot,0.74481905,0.39011389,0.02692959
13.820000,0,FR_foot,0.71770090,-0.05976602,0.02022910
13.820000,0,RL_foot,0.36253774,0.32991928,0.02030989
13.820000,0,RR_foot,0.18104804,0.04126389,0.02016296
13.840000,0,FL_foot,0.77611679,0.38422433,0.03025205
13.840000,0,FR_foot,0.71799177,-0.05984465,0.02022654
13.840000,0,RL_foot,0.36295962,0.32983285,0.02031044
13.840000,0,RR_foot,0.21691115,0.04463484,0.02119068
13.860000,0,FL_foot,0.80508661,0.38099578,0.03377714
13.860000,0,FR_foot,0.71831548,-0.05989931,0.02022724
13.860000,0,RL_foot,0.36339089,0.32972613,0.02032186
13.860000,0,RR_foot,0.24994253,0.04612251,0.02346681
13.880000,0,FL_foot,0.83025521,0.38094887,0.03646644
13.880000,0,FR_foot,0.71867239,-0.05993367,0.02022337
13.880000,0,RL_foot,0.36384165,0.32960650,0.02032271
13.880000,0,RR_foot,0.27851075,0.04583685,0.02607312
13.900000,0,FL_foot,0.85105866,0.38356611,0.03774045
13.900000,0,FR_foot,0.71905142,-0.05996726,0.02022131
13.900000,0,RL_foot,0.36432046,0.32947212,0.02031947
13.900000,0,RR_foot,0.30241254,0.04389777,0.02828543
13.920000,0,FL_foot,0.86674243,0.38754001,0.03721859
13.920000,0,FR_foot,0.71945482,-0.05999235,0.02021993
13.920000,0,RL_foot,0.36483142,0.32932377,0.02030947
13.920000,0,RR_foot,0.32165208,0.03999663,0.02938023
13.940000,0,FL_foot,0.87686789,0.39136791,0.03464679
13.940000,0,FR_foot,0.71985453,-0.06000918,0.02021469
13.940000,0,RL_foot,0.36537245,0.32916665,0.02029432
13.940000,0,RR_foot,0.33589870,0.03371834,0.02885026
13.960000,0,FL_foot,0.88146043,0.39411640,0.02995905
13.960000,0,FR_foot,0.72026765,-0.06000785,0.02021061
13.960000,0,RL_foot,0.36593172,0.32901028,0.02027204
13.960000,0,RR_foot,0.34428436,0.02481697,0.02660543
13.980000,0,FL_foot,0.88087678,0.39511406,0.02343201
13.980000,0,FR_foot,0.72066313,-0.05997833,0.02020311
13.980000,0,RL_foot,0.36649868,0.32886276,0.02024024
13.980000,0,RR_foot,0.34563676,0.01390889,0.02322461
14.000000,0,FL_foot,0.88038588,0.39515305,0.02022475
14.000000,0,FR_foot,0.72193313,-0.05981642,0.02025491
14.000000,0,RL_foot,0.37086272,0.32538995,0.02183412
14.000000,0,RR_foot,0.34321299,0.00778597,0.02001167
14.020000,0,FL_foot,0.88059175,0.39528102,0.02025921
14.020000,0,FR_foot,0.73915243,-0.05227005,0.02105710
14.020000,0,RL_foot,0.37941852,0.31030419,0.03281677
14.020000,0,RR_foot,0.34361425,0.00788203,0.02013941
14.040000,0,FL_foot,0.88086402,0.39537942,0.02025996
14.040000,0,FR_foot,0.77122253,-0.04546357,0.02125086
14.040000,0,RL_foot,0.39444363,0.29090381,0.05052481
14.040000,0,RR_foot,0.34403303,0.00807442,0.02014921
14.060000,0,FL_foot,0.88112265,0.39548403,0.02025718
14.060000,0,FR_foot,0.81160110,-0.04465312,0.02066178
14.060000,0,RL_foot,0.41029426,0.27767184,0.06686084
14.060000,0,RR_foot,0.34447458,0.00822908,0.02015308
14.080000,0,FL_foot,0.88139915,0.39557800,0.02025393
14.080000,0,FR_foot,0.85172707,-0.04687571,0.02016642
14.080000,0,RL_foot,0.42457739,0.26918632,0.08074253
14.080000,0,RR_foot,0.34495488,0.00836351,0.02016396
14.100000,0,FL_foot,0.88169473,0.39565691,0.02024746
14.100000,0,FR_foot,0.88078982,-0.04958909,0.02021944
14.100000,0,RL_foot,0.43874535,0.26340216,0.09197523
14.100000,0,RR_foot,0.34544381,0.00846492,0.02018601
14.120000,0,FL_foot,0.88199395,0.39570785,0.02024186
14.120000,0,FR_foot,0.89955020,-0.05339640,0.02025633
14.120000,0,RL_foot,0.45336848,0.25891510,0.10103560
14.120000,0,RR_foot,0.34589672,0.00860312,0.02017452
14.140000,0,FL_foot,0.88228053,0.39576045,0.02023842
14.140000,0,FR_foot,0.91235077,-0.05770265,0.02026780
14.140000,0,RL_foot,0.46762609,0.25504571,0.10852407
14.140000,0,RR_foot,0.34632787,0.00875891,0.02016260
14.160000,0,FL_foot,0.88255304,0.39581445,0.02023563
14.160000,0,FR_foot,0.92193806,-0.06175781,0.02027450
14.160000,0,RL_foot,0.48089984,0.25169873,0.11471659
14.160000,0,RR_foot,0.34674492,0.00892126,0.02015628
14.180000,0,FL_foot,0.88281876,0.39586076,0.02023295
14.180000,0,FR_foot,0.92949522,-0.06518023,0.02027716
14.180000,0,RL_foot,0.49302575,0.24883588,0.11978941
14.180000,0,RR_foot,0.34715027,0.00908427,0.02015545
14.200000,0,FL_foot,0.88306785,0.39591205,0.02023037
14.200000,0,FR_foot,0.93548709,-0.06789812,0.02027757
14.200000,0,RL_foot,0.50405204,0.24641649,0.12387922
14.200000,0,RR_foot,0.34754318,0.00924956,0.02015228
14.220000,0,FL_foot,0.88330591,0.39596570,0.02022719
14.220000,0,FR_foot,0.94047016,-0.07011624,0.02027612
14.220000,0,RL_foot,0.51403135,0.24441524,0.12711120
14.220000,0,RR_foot,0.34791806,0.00940216,0.02014704
14.240000,0,FL_foot,0.88353801,0.39600727,0.02022540
14.240000,0,FR_foot,0.94488847,-0.07195690,0.02027586
14.240000,0,RL_foot,0.52304679,0.24281166,0.12959173
14.240000,0,RR_foot,0.34828636,0.00956980,0.02014796
14.260000,0,FL_foot,0.88375700,0.39605263,0.02022272
14.260000,0,FR_foot,0.94902587,-0.07352356,0.02027402
14.260000,0,RL_foot,0.53125399,0.24156596,0.13140276
14.260000,0,RR_foot,0.34863961,0.00972543,0.02014323
14.280000,0,FL_foot,0.88397098,0.39609659,0.02021984
14.280000,0,FR_foot,0.95306802,-0.07486416,0.02027239
14.280000,0,RL_foot,0.53877139,0.24061786,0.13266458
14.280000,0,RR_foot,0.34898791,0.00987498,0.02014055
14.300000,0,FL_foot,0.88418430,0.39612225,0.02021769
14.300000,0,FR_foot,0.95700771,-0.07596802,0.02027178
14.300000,0,RL_foot,0.54574507,0.23992172,0.13344690
14.300000,0,RR_foot,0.34933093,0.01003656,0.02014149
14.320000,0,FL_foot,0.88439155,0.39614838,0.02021517
14.320000,0,FR_foot,0.96082425,-0.07688428,0.02027113
14.320000,0,RL_foot,0.55233586,0.23943146,0.13377270
14.320000,0,RR_foot,0.34966454,0.01018574,0.02013682
14.340000,0,FL_foot,0.88460094,0.39616632,0.02021202
14.340000,0,FR_foot,0.96442312,-0.07764471,0.02027039
14.340000,0,RL_foot,0.55875641,0.23944634,0.13293473
14.340000,0,RR_foot,0.34999546,0.01032714,0.02013187
14.360000,0,FL_foot,0.88481194,0.39616713,0.02020994
14.360000,0,FR_foot,0.96769112,-0.07821658,0.02026964
14.360000,0,RL_foot,0.56513309,0.24008203,0.13068013
14.360000,0,RR_foot,0.35031244,0.01049339,0.02012635
14.380000,0,FL_foot,0.88503206,0.39613923,0.02020550
14.380000,0,FR_foot,0.97060579,-0.07864919,0.02027010
14.380000,0,RL_foot,0.57157362,0.24136142,0.12697321
14.380000,0,RR_foot,0.35063359,0.01063353,0.02012094
14.400000,0,FL_foot,0.88525635,0.39610824,0.02020220
14.400000,0,FR_foot,0.97310382,-0.07895322,0.02026914
14.400000,0,RL_foot,0.57808673,0.24331847,0.12187995
14.400000,0,RR_foot,0.35095698,0.01076962,0.02012136
14.420000,0,FL_foot,0.88549483,0.39606062,0.02020036
14.420000,0,FR_foot,0.97498840,-0.07916276,0.02026606
14.420000,0,RL_foot,0.58468395,0.24604163,0.11539677
14.420000,0,RR_foot,0.35125825,0.01094559,0.02011869
14.440000,0,FL_foot,0.88574666,0.39597836,0.02019483
14.440000,0,FR_foot,0.97614121,-0.07931356,0.02026383
14.440000,0,RL_foot,0.59136009,0.24968867,0.10743957
14.440000,0,RR_foot,0.35157838,0.01109012,0.02011698
14.460000,0,FL_foot,0.88601136,0.39588913,0.02019183
14.460000,0,FR_foot,0.97658628,-0.07942942,0.02026071
14.460000,0,RL_foot,0.59808451,0.25453615,0.09782900
14.460000,0,RR_foot,0.35189834,0.01123442,0.02012366
14.480000,0,FL_foot,0.88629407,0.39577433,0.02019119
14.480000,0,FR_foot,0.97691202,-0.07952811,0.02025908
14.480000,0,RL_foot,0.60483307,0.26112974,0.08611084
14.480000,0,RR_foot,0.35218793,0.01140977,0.02012331
14.500000,0,FL_foot,0.88663185,0.39567536,0.02020730
14.500000,0,FR_foot,0.97703654,-0.07965068,0.02026182
14.500000,0,RL_foot,0.61113024,0.26476738,0.07991611
14.500000,0,RR_foot,0.35251817,0.01146552,0.02017955
14.520000,0,FL_foot,0.88684881,0.39557534,0.02020204
14.520000,0,FR_foot,0.97706854,-0.07975519,0.02026153
14.520000,0,RL_foot,0.61709738,0.26683104,0.07672298
14.520000,0,RR_foot,0.35269281,0.01156824,0.02017362
14.540000,0,FL_foot,0.88701159,0.39548928,0.02020096
14.540000,0,FR_foot,0.97707194,-0.07986268,0.02026135
14.540000,0,RL_foot,0.62189984,0.26885578,0.07406302
14.540000,0,RR_foot,0.35279408,0.01164355,0.02016731
14.560000,0,FL_foot,0.88712424,0.39541534,0.02020156
14.560000,0,FR_foot,0.97703785,-0.07995553,0.02026166
14.560000,0,RL_foot,0.62502563,0.27118754,0.07134062
14.560000,0,RR_foot,0.35283241,0.01169195,0.02016150
14.580000,0,FL_foot,0.88719195,0.39535123,0.02019890
14.580000,0,FR_foot,0.97700113,-0.08003838,0.02026093
14.580000,0,RL_foot,0.62643743,0.27361140,0.06871609
14.580000,0,RR_foot,0.35282332,0.01171253,0.02015709
14.600000,0,FL_foot,0.88721198,0.39529142,0.02019522
14.600000,0,FR_foot,0.97695285,-0.08011159,0.02025980
14.600000,0,RL_foot,0.62629175,0.27574125,0.06655774
14.600000,0,RR_foot,0.35277846,0.01171090,0.02015293
14.620000,0,FL_foot,0.88721824,0.39524728,0.02019391
14.620000,0,FR_foot,0.97688341,-0.08017687,0.02026004
14.620000,0,RL_foot,0.62488931,0.27724499,0.06516730
14.620000,0,RR_foot,0.35270765,0.01169099,0.02014882
14.640000,0,FL_foot,0.88719243,0.39521042,0.02019219
14.640000,0,FR_foot,0.97682315,-0.08022615,0.02025999
14.640000,0,RL_foot,0.62263960,0.27790678,0.06472839
14.640000,0,RR_foot,0.35261270,0.01166878,0.02014418
14.660000,0,FL_foot,0.88715768,0.39518845,0.02019152
14.660000,0,FR_foot,0.97676808,-0.08026050,0.02025951
14.660000,0,RL_foot,0.61989951,0.27760169,0.06537294
14.660000,0,RR_foot,0.35250872,0.01163620,0.02014172
14.680000,0,FL_foot,0.88709974,0.39517626,0.02019000
14.680000,0,FR_foot,0.97669899,-0.08028321,0.02026021
14.680000,0,RL_foot,0.61697686,0.27628836,0.06717516
14.680000,0,RR_foot,0.35240316,0.01158789,0.02014049
14.700000,0,FL_foot,0.88703620,0.39517835,0.02018733
14.700000,0,FR_foot,0.97664768,-0.08028673,0.02026051
14.700000,0,RL_foot,0.61407471,0.27402881,0.07015232
14.700000,0,RR_foot,0.35228753,0.01155105,0.02014011
14.720000,0,FL_foot,0.88695800,0.39519370,0.02018706
14.720000,0,FR_foot,0.97658759,-0.08027560,0.02026111
14.720000,0,RL_foot,0.61130232,0.27097043,0.07424658
14.720000,0,RR_foot,0.35216829,0.01151842,0.02013747
14.740000,0,FL_foot,0.88687664,0.39522082,0.02018731
14.740000,0,FR_foot,0.97654051,-0.08024435,0.02026165
14.740000,0,RL_foot,0.60866016,0.26732641,0.07933035
14.740000,0,RR_foot,0.35204896,0.01149045,0.02013450
14.760000,0,FL_foot,0.88678259,0.39526439,0.02018995
14.760000,0,FR_foot,0.97649217,-0.08020104,0.02026265
14.760000,0,RL_foot,0.60608882,0.26335162,0.08520156
14.760000,0,RR_foot,0.35193494,0.01146069,0.02013435
14.780000,0,FL_foot,0.88668466,0.39531705,0.02018980
14.780000,0,FR_foot,0.97645634,-0.08013762,0.02026354
14.780000,0,RL_foot,0.60351485,0.25931901,0.09158267
14.780000,0,RR_foot,0.35182846,0.01141977,0.02013640
14.800000,0,FL_foot,0.88658035,0.39538130,0.02019165
14.800000,0,FR_foot,0.97641641,-0.08006505,0.02026470
14.800000,0,RL_foot,0.60085505,0.25547415,0.09817740
14.800000,0,RR_foot,0.35171705,0.01139773,0.02013665
14.820000,0,FL_foot,0.88646960,0.39545470,0.02019366
14.820000,0,FR_foot,0.97638947,-0.07997549,0.02026606
14.820000,0,RL_foot,0.59807181,0.25198439,0.10472681
14.820000,0,RR_foot,0.35160387,0.01137881,0.02013646
14.840000,0,FL_foot,0.88635337,0.39553556,0.02019459
14.840000,0,FR_foot,0.97636694,-0.07987420,0.02026640
14.840000,0,RL_foot,0.59516948,0.24892870,0.11104616
14.840000,0,RR_foot,0.35148993,0.01136169,0.02013460
14.860000,0,FL_foot,0.88623154,0.39562258,0.02019715
14.860000,0,FR_foot,0.97633100,-0.07977322,0.02026944
14.860000,0,RL_foot,0.59218270,0.24636653,0.11693495
14.860000,0,RR_foot,0.35137835,0.01133926,0.02013722
14.880000,0,FL_foot,0.88610661,0.39571092,0.02019834
14.880000,0,FR_foot,0.97630459,-0.07965942,0.02026987
14.880000,0,RL_foot,0.58930117,0.24459477,0.12166951
14.880000,0,RR_foot,0.35126796,0.01130415,0.02013815
14.900000,0,FL_foot,0.88597929,0.39579889,0.02020039
14.900000,0,FR_foot,0.97627759,-0.07954640,0.02027139
14.900000,0,RL_foot,0.58646572,0.24342984,0.12542927
14.900000,0,RR_foot,0.35115114,0.01128285,0.02013778
14.920000,0,FL_foot,0.88585275,0.39588311,0.02020227
14.920000,0,FR_foot,0.97624838,-0.07944186,0.02027316
14.920000,0,RL_foot,0.58370340,0.24266766,0.12845477
14.920000,0,RR_foot,0.35103223,0.01126082,0.02013743
14.940000,0,FL_foot,0.88572824,0.39596152,0.02020335
14.940000,0,FR_foot,0.97621435,-0.07933351,0.02027391
14.940000,0,RL_foot,0.58103985,0.24217588,0.13090228
14.940000,0,RR_foot,0.35091272,0.01123783,0.02013463
14.960000,0,FL_foot,0.88560724,0.39603338,0.02020628
14.960000,0,FR_foot,0.97616613,-0.07923763,0.02027781
14.960000,0,RL_foot,0.57845259,0.24185452,0.13291900
14.960000,0,RR_foot,0.35079369,0.01121142,0.02013697
14.980000,0,FL_foot,0.88549143,0.39609554,0.02020675
14.980000,0,FR_foot,0.97612965,-0.07914825,0.02027810
14.980000,0,RL_foot,0.57595271,0.24164678,0.13457632
14.980000,0,RR_foot,0.35067913,0.01116874,0.02013847
15.000000,0,FL_foot,0.88538092,0.39614856,0.02020906
15.000000,0,FR_foot,0.97608858,-0.07907024,0.02027993
15.000000,0,RL_foot,0.57352912,0.24150954,0.13594495
15.000000,0,RR_foot,0.35056275,0.01113921,0.02013971
15.020000,0,FL_foot,0.88527822,0.39618978,0.02021022
15.020000,0,FR_foot,0.97604346,-0.07900447,0.02028136
15.020000,0,RL_foot,0.57118332,0.24140108,0.13708484
15.020000,0,RR_foot,0.35044625,0.01110943,0.02013892
15.040000,0,FL_foot,0.88518339,0.39621997,0.02021185
15.040000,0,FR_foot,0.97598988,-0.07894652,0.02028337
15.040000,0,RL_foot,0.56892741,0.24129483,0.13802965
15.040000,0,RR_foot,0.35033253,0.01107618,0.02013847
15.060000,0,FL_foot,0.88509643,0.39623779,0.02021332
15.060000,0,FR_foot,0.97594064,-0.07890445,0.02028492
15.060000,0,RL_foot,0.56675130,0.24116942,0.13882761
15.060000,0,RR_foot,0.35022122,0.01103999,0.02014083
15.080000,0,FL_foot,0.88501132,0.39625314,0.02021490
15.080000,0,FR_foot,0.97588545,-0.07887114,0.02028655
15.080000,0,RL_foot,0.56466460,0.24101858,0.13949190
15.080000,0,RR_foot,0.35011262,0.01100261,0.02014122
15.100000,0,FL_foot,0.88494003,0.39624691,0.02021511
15.100000,0,FR_foot,0.97583121,-0.07885339,0.02028758
15.100000,0,RL_foot,0.56266105,0.24083483,0.14004295
15.100000,0,RR_foot,0.35000604,0.01094873,0.02014224
15.120000,0,FL_foot,0.88487214,0.39624056,0.02021780
15.120000,0,FR_foot,0.97577447,-0.07884359,0.02028837
15.120000,0,RL_foot,0.56074035,0.24062243,0.14049713
15.120000,0,RR_foot,0.34990412,0.01090793,0.02014304
15.140000,0,FL_foot,0.88481605,0.39621264,0.02021747
15.140000,0,FR_foot,0.97571874,-0.07884829,0.02028986
15.140000,0,RL_foot,0.55890417,0.24037062,0.14087372
15.140000,0,RR_foot,0.34980375,0.01086671,0.02014422
15.160000,0,FL_foot,0.88476318,0.39618623,0.02021897
15.160000,0,FR_foot,0.97566140,-0.07885882,0.02029035
15.160000,0,RL_foot,0.55715436,0.24008837,0.14117688
15.160000,0,RR_foot,0.34970796,0.01082425,0.02014339
15.180000,0,FL_foot,0.88472098,0.39614245,0.02021891
15.180000,0,FR_foot,0.97560668,-0.07888151,0.02029190
15.180000,0,RL_foot,0.55548060,0.23977660,0.14142182
15.180000,0,RR_foot,0.34961665,0.01077955,0.02014581
15.200000,0,FL_foot,0.88468057,0.39610136,0.02021923
15.200000,0,FR_foot,0.97554982,-0.07890750,0.02029200
15.200000,0,RL_foot,0.55388725,0.23944856,0.14160585
15.200000,0,RR_foot,0.34952542,0.01072229,0.02014387
15.220000,0,FL_foot,0.88464999,0.39604694,0.02021915
15.220000,0,FR_foot,0.97549790,-0.07894184,0.02029330
15.220000,0,RL_foot,0.55236745,0.23911424,0.14173616
15.220000,0,RR_foot,0.34944421,0.01067794,0.02014806
15.240000,0,FL_foot,0.88461930,0.39599723,0.02021924
15.240000,0,FR_foot,0.97544438,-0.07897742,0.02029384
15.240000,0,RL_foot,0.55092716,0.23877631,0.14182664
15.240000,0,RR_foot,0.34936509,0.01063700,0.02014802
15.260000,0,FL_foot,0.88459855,0.39593887,0.02021925
15.260000,0,FR_foot,0.97539562,-0.07901833,0.02029449
15.260000,0,RL_foot,0.54956549,0.23844229,0.14187838
15.260000,0,RR_foot,0.34929132,0.01059701,0.02014856
15.280000,0,FL_foot,0.88457537,0.39588571,0.02021858
15.280000,0,FR_foot,0.97534698,-0.07905851,0.02029470
15.280000,0,RL_foot,0.54827839,0.23811720,0.14190264
15.280000,0,RR_foot,0.34921774,0.01054603,0.02014732
15.300000,0,FL_foot,0.88456124,0.39582756,0.02021937
15.300000,0,FR_foot,0.97530305,-0.07910083,0.02029555
15.300000,0,RL_foot,0.54706639,0.23781325,0.14190006
15.300000,0,RR_foot,0.34915614,0.01050916,0.02015042
15.320000,0,FL_foot,0.88454485,0.39577639,0.02021939
15.320000,0,FR_foot,0.97525913,-0.07914094,0.02029585
15.320000,0,RL_foot,0.54593378,0.23752820,0.14188063
15.320000,0,RR_foot,0.34909740,0.01047734,0.02015020
15.340000,0,FL_foot,0.88453567,0.39572176,0.02021914
15.340000,0,FR_foot,0.97522092,-0.07918118,0.02029616
15.340000,0,RL_foot,0.54487520,0.23726512,0.14184955
15.340000,0,RR_foot,0.34904000,0.01043349,0.02015069
15.360000,0,FL_foot,0.88452363,0.39567500,0.02021901
15.360000,0,FR_foot,0.97518337,-0.07921723,0.02029650
15.360000,0,RL_foot,0.54388654,0.23703100,0.14181149
15.360000,0,RR_foot,0.34899130,0.01040806,0.02015084
15.380000,0,FL_foot,0.88451332,0.39563194,0.02022032
15.380000,0,FR_foot,0.97515136,-0.07925203,0.02029668
15.380000,0,RL_foot,0.54296881,0.23682702,0.14176556
15.380000,0,RR_foot,0.34894320,0.01037144,0.02015094
15.400000,0,FL_foot,0.88450915,0.39558572,0.02021908
15.400000,0,FR_foot,0.97511804,-0.07928462,0.02029734
15.400000,0,RL_foot,0.54211688,0.23665413,0.14171748
15.400000,0,RR_foot,0.34890381,0.01035269,0.02015151
15.420000,0,FL_foot,0.88450116,0.39554894,0.02021897
15.420000,0,FR_foot,0.97508848,-0.07931404,0.02029767
15.420000,0,RL_foot,0.54133368,0.23651141,0.14166892
15.420000,0,RR_foot,0.34886402,0.01032376,0.02015184
15.440000,0,FL_foot,0.88449508,0.39551651,0.02021994
15.440000,0,FR_foot,0.97506380,-0.07934047,0.02029791
15.440000,0,RL_foot,0.54061639,0.23640166,0.14162149
15.440000,0,RR_foot,0.34883404,0.01031247,0.02015131
15.460000,0,FL_foot,0.88449395,0.39548188,0.02021879
15.460000,0,FR_foot,0.97504008,-0.07936383,0.02029818
15.460000,0,RL_foot,0.53996181,0.23631997,0.14157839
15.460000,0,RR_foot,0.34880283,0.01029047,0.02015223
15.480000,0,FL_foot,0.88448912,0.39545608,0.02021867
15.480000,0,FR_foot,0.97501844,-0.07938404,0.02029840
15.480000,0,RL_foot,0.53936845,0.23626615,0.14153971
15.480000,0,RR_foot,0.34877545,0.01027209,0.02015233
15.500000,0,FL_foot,0.88448524,0.39543375,0.02021859
15.500000,0,FR_foot,0.97500092,-0.07940159,0.02029866
15.500000,0,RL_foot,0.53883553,0.23624192,0.14150618
15.500000,0,RR_foot,0.34875676,0.01027133,0.02015207
15.520000,0,FL_foot,0.88448220,0.39541528,0.02021851
15.520000,0,FR_foot,0.97498429,-0.07941601,0.02029877
15.520000,0,RL_foot,0.53836060,0.23624276,0.14148034
15.520000,0,RR_foot,0.34873641,0.01025977,0.02015250
15.540000,0,FL_foot,0.88448441,0.39539534,0.02021862
15.540000,0,FR_foot,0.97497004,-0.07942751,0.02029927
15.540000,0,RL_foot,0.53793985,0.23626511,0.14145952
15.540000,0,RR_foot,0.34871963,0.01025079,0.02015220
15.560000,0,FL_foot,0.88448244,0.39538273,0.02021858
15.560000,0,FR_foot,0.97495759,-0.07943684,0.02029927
15.560000,0,RL_foot,0.53757060,0.23630685,0.14144589
15.560000,0,RR_foot,0.34870514,0.01024463,0.02015265
15.580000,0,FL_foot,0.88448131,0.39537299,0.02021855
15.580000,0,FR_foot,0.97494733,-0.07944397,0.02029943
15.580000,0,RL_foot,0.53725070,0.23636642,0.14143854
15.580000,0,RR_foot,0.34869403,0.01024120,0.02015272
15.600000,0,FL_foot,0.88448042,0.39536521,0.02021852
15.600000,0,FR_foot,0.97493851,-0.07944939,0.02029947
15.600000,0,RL_foot,0.53697771,0.23644137,0.14143740
15.600000,0,RR_foot,0.34868503,0.01023979,0.02015276
15.620000,0,FL_foot,0.88448054,0.39535978,0.02021865
15.620000,0,FR_foot,0.97493148,-0.07945294,0.02029965
15.620000,0,RL_foot,0.53674901,0.23652928,0.14144203
15.620000,0,RR_foot,0.34867841,0.01024056,0.02015287
15.640000,0,FL_foot,0.88448125,0.39535615,0.02021860
15.640000,0,FR_foot,0.97492552,-0.07945533,0.02029990
15.640000,0,RL_foot,0.53656095,0.23663083,0.14145492
15.640000,0,RR_foot,0.34867936,0.01025744,0.02015252
15.660000,0,FL_foot,0.88448250,0.39535397,0.02021846
15.660000,0,FR_foot,0.97492206,-0.07945652,0.02029982
15.660000,0,RL_foot,0.53641307,0.23673996,0.14147265
15.660000,0,RR_foot,0.34867689,0.01026196,0.02015266
15.680000,0,FL_foot,0.88448441,0.39535320,0.02021853
15.680000,0,FR_foot,0.97491848,-0.07945661,0.02029981
15.680000,0,RL_foot,0.53629929,0.23685463,0.14149462
15.680000,0,RR_foot,0.34867600,0.01026782,0.02015268
15.700000,0,FL_foot,0.88448662,0.39535344,0.02021860
15.700000,0,FR_foot,0.97491598,-0.07945621,0.02029984
15.700000,0,RL_foot,0.53621668,0.23697340,0.14152071
15.700000,0,RR_foot,0.34867644,0.01027461,0.02015297
15.720000,0,FL_foot,0.88448918,0.39535439,0.02021869
15.720000,0,FR_foot,0.97491395,-0.07945533,0.02030011
15.720000,0,RL_foot,0.53616315,0.23709483,0.14154971
15.720000,0,RR_foot,0.34867826,0.01028257,0.02015289
15.740000,0,FL_foot,0.88449275,0.39535588,0.02021866
15.740000,0,FR_foot,0.97491300,-0.07945435,0.02030001
15.740000,0,RL_foot,0.53613555,0.23721729,0.14158268
15.740000,0,RR_foot,0.34868118,0.01029123,0.02015287
15.760000,0,FL_foot,0.88449657,0.39535776,0.02021849
15.760000,0,FR_foot,0.97491235,-0.07945298,0.02029999
15.760000,0,RL_foot,0.53613168,0.23733935,0.14161861
15.760000,0,RR_foot,0.34868494,0.01030048,0.02015295
15.780000,0,FL_foot,0.88450056,0.39535975,0.02021850
15.780000,0,FR_foot,0.97491205,-0.07945170,0.02029990
15.780000,0,RL_foot,0.53614855,0.23746000,0.14165689
15.780000,0,RR_foot,0.34868917,0.01031020,0.02015310
15.800000,0,FL_foot,0.88450527,0.39536211,0.02021863
15.800000,0,FR_foot,0.97491241,-0.07945053,0.02030010
15.800000,0,RL_foot,0.53618348,0.23757876,0.14169779
15.800000,0,RR_foot,0.34869441,0.01032029,0.02015328
15.820000,0,FL_foot,0.88451010,0.39536425,0.02021841
15.820000,0,FR_foot,0.97491270,-0.07944933,0.02030004
15.820000,0,RL_foot,0.53623384,0.23769456,0.14174041
15.820000,0,RR_foot,0.34870020,0.01033081,0.02015330
15.840000,0,FL_foot,0.88451535,0.39536646,0.02021841
15.840000,0,FR_foot,0.97491360,-0.07944864,0.02030005
15.840000,0,RL_foot,0.53629792,0.23780723,0.14178409
15.840000,0,RR_foot,0.34870610,0.01034129,0.02015321
15.860000,0,FL_foot,0.88452089,0.39536822,0.02021843
15.860000,0,FR_foot,0.97491407,-0.07944819,0.02030000
15.860000,0,RL_foot,0.53637236,0.23791644,0.14182907
15.860000,0,RR_foot,0.34871247,0.01035191,0.02015349
15.880000,0,FL_foot,0.88452703,0.39537019,0.02021843
15.880000,0,FR_foot,0.97491515,-0.07944784,0.02030020
15.880000,0,RL_foot,0.53645617,0.23802522,0.14187633
15.880000,0,RR_foot,0.34872407,0.01037721,0.02015307
15.900000,0,FL_foot,0.88453323,0.39537168,0.02021839
15.900000,0,FR_foot,0.97491598,-0.07944786,0.02030010
15.900000,0,RL_foot,0.53654909,0.23812926,0.14192335
15.900000,0,RR_foot,0.34873077,0.01038802,0.02015332
15.920000,0,FL_foot,0.88453943,0.39537320,0.02021822
15.920000,0,FR_foot,0.97491693,-0.07944816,0.02030008
15.920000,0,RL_foot,0.53664649,0.23822834,0.14196999
15.920000,0,RR_foot,0.34873793,0.01039876,0.02015346
15.940000,0,FL_foot,0.88454556,0.39537436,0.02021817
15.940000,0,FR_foot,0.97491795,-0.07944874,0.02029997
15.940000,0,RL_foot,0.53674734,0.23832393,0.14201581
15.940000,0,RR_foot,0.34874418,0.01040936,0.02015355
15.960000,0,FL_foot,0.88455194,0.39537537,0.02021812
15.960000,0,FR_foot,0.97491878,-0.07944947,0.02029984
15.960000,0,RL_foot,0.53685123,0.23841548,0.14206147
15.960000,0,RR_foot,0.34875134,0.01041955,0.02015358
15.980000,0,FL_foot,0.88455862,0.39537609,0.02021795
15.980000,0,FR_foot,0.97492021,-0.07945026,0.02029992
15.980000,0,RL_foot,0.53695697,0.23850313,0.14210646
15.980000,0,RR_foot,0.34875816,0.01042965,0.02015372
16.000000,0,FL_foot,0.88456482,0.39537653,0.02021801
16.000000,0,FR_foot,0.97492087,-0.07945161,0.02029980
16.000000,0,RL_foot,0.53706366,0.23858719,0.14215122
16.000000,0,RR_foot,0.34876513,0.01043936,0.02015352
16.020000,0,FL_foot,0.88457179,0.39537683,0.02021799
16.020000,0,FR_foot,0.97492182,-0.07945326,0.02029970
16.020000,0,RL_foot,0.53717071,0.23866785,0.14219582
16.020000,0,RR_foot,0.34877157,0.01044910,0.02015378
16.040000,0,FL_foot,0.88457769,0.39537680,0.02021789
16.040000,0,FR_foot,0.97492218,-0.07945508,0.02029985
16.040000,0,RL_foot,0.53727651,0.23874609,0.14224167
16.040000,0,RR_foot,0.34878343,0.01047241,0.02015396
16.060000,0,FL_foot,0.88458443,0.39537728,0.02021842
16.060000,0,FR_foot,0.97492290,-0.07945687,0.02029934
16.060000,0,RL_foot,0.53738391,0.23882392,0.14228565
16.060000,0,RR_foot,0.34878880,0.01048242,0.02015328
16.080000,0,FL_foot,0.88459551,0.39537138,0.02021770
16.080000,0,FR_foot,0.97492349,-0.07945915,0.02029977
16.080000,0,RL_foot,0.53748727,0.23889621,0.14232847
16.080000,0,RR_foot,0.34879512,0.01049113,0.02015381
16.100000,0,FL_foot,0.88460183,0.39537087,0.02021777
16.100000,0,FR_foot,0.97492385,-0.07946127,0.02029962
16.100000,0,RL_foot,0.53758806,0.23896542,0.14237078
16.100000,0,RR_foot,0.34880108,0.01049974,0.02015375
16.120000,0,FL_foot,0.88460821,0.39537019,0.02021752
16.120000,0,FR_foot,0.97492433,-0.07946352,0.02029958
16.120000,0,RL_foot,0.53768682,0.23903239,0.14241154
16.120000,0,RR_foot,0.34880680,0.01050799,0.02015375
16.140000,0,FL_foot,0.88461387,0.39536938,0.02021775
16.140000,0,FR_foot,0.97492462,-0.07946598,0.02029983
16.140000,0,RL_foot,0.53778321,0.23909788,0.14245152
16.140000,0,RR_foot,0.34881234,0.01051658,0.02015393
16.160000,0,FL_foot,0.88462007,0.39536855,0.02021747
16.160000,0,FR_foot,0.97492492,-0.07946826,0.02029960
16.160000,0,RL_foot,0.53787708,0.23916160,0.14249068
16.160000,0,RR_foot,0.34881791,0.01052459,0.02015391
16.180000,0,FL_foot,0.88462603,0.39536759,0.02021744
16.180000,0,FR_foot,0.97492504,-0.07947062,0.02029976
16.180000,0,RL_foot,0.53796852,0.23922393,0.14252928
16.180000,0,RR_foot,0.34882313,0.01053260,0.02015411
16.200000,0,FL_foot,0.88463199,0.39536697,0.02021727
16.200000,0,FR_foot,0.97492546,-0.07947277,0.02029956
16.200000,0,RL_foot,0.53805763,0.23928513,0.14256698
16.200000,0,RR_foot,0.34882808,0.01054014,0.02015414
16.220000,0,FL_foot,0.88463712,0.39536595,0.02021733
16.220000,0,FR_foot,0.97492516,-0.07947520,0.02029950
16.220000,0,RL_foot,0.53814381,0.23934548,0.14260404
16.220000,0,RR_foot,0.34883305,0.01054794,0.02015405
16.240000,0,FL_foot,0.88464254,0.39536458,0.02021654
16.240000,0,FR_foot,0.97492540,-0.07947771,0.02029942
16.240000,0,RL_foot,0.53822780,0.23940422,0.14264087
16.240000,0,RR_foot,0.34883597,0.01055682,0.02015147
16.260000,0,FL_foot,0.88464862,0.39536440,0.02021706
16.260000,0,FR_foot,0.97492564,-0.07947960,0.02029950
16.260000,0,RL_foot,0.53830832,0.23946951,0.14267690
16.260000,0,RR_foot,0.34884769,0.01057688,0.02015395
16.280000,0,FL_foot,0.88465357,0.39536357,0.02021714
16.280000,0,FR_foot,0.97492564,-0.07948161,0.02029943
16.280000,0,RL_foot,0.53839171,0.23953046,0.14271307
16.280000,0,RR_foot,0.34885246,0.01058452,0.02015419
16.300000,0,FL_foot,0.88465887,0.39536297,0.02021700
16.300000,0,FR_foot,0.97492599,-0.07948349,0.02029959
16.300000,0,RL_foot,0.53847152,0.23958917,0.14274871
16.300000,0,RR_foot,0.34885710,0.01059160,0.02015425
16.320000,0,FL_foot,0.88466400,0.39536238,0.02021687
16.320000,0,FR_foot,0.97492599,-0.07948532,0.02029945
16.320000,0,RL_foot,0.53854817,0.23964697,0.14278316
16.320000,0,RR_foot,0.34886169,0.01059869,0.02015423
16.340000,0,FL_foot,0.88466877,0.39536187,0.02021689
16.340000,0,FR_foot,0.97492599,-0.07948720,0.02029933
16.340000,0,RL_foot,0.53862244,0.23970392,0.14281647
16.340000,0,RR_foot,0.34886599,0.01060580,0.02015421
16.360000,0,FL_foot,0.88467366,0.39536119,0.02021688
16.360000,0,FR_foot,0.97492623,-0.07948913,0.02029938
16.360000,0,RL_foot,0.53869462,0.23975967,0.14284913
16.360000,0,RR_foot,0.34887034,0.01061268,0.02015424
16.380000,0,FL_foot,0.88467836,0.39536050,0.02021674
16.380000,0,FR_foot,0.97492617,-0.07949074,0.02029924
16.380000,0,RL_foot,0.53876519,0.23981419,0.14288116
16.380000,0,RR_foot,0.34887469,0.01061916,0.02015419
16.400000,0,FL_foot,0.88468301,0.39535996,0.02021676
16.400000,0,FR_foot,0.97492641,-0.07949259,0.02029934
16.400000,0,RL_foot,0.53883410,0.23986779,0.14291263
16.400000,0,RR_foot,0.34887895,0.01062578,0.02015419
16.420000,0,FL_foot,0.88468760,0.39535949,0.02021669
16.420000,0,FR_foot,0.97492641,-0.07949428,0.02029937
16.420000,0,RL_foot,0.53890151,0.23992038,0.14294374
16.420000,0,RR_foot,0.34888300,0.01063209,0.02015420
16.440000,0,FL_foot,0.88469714,0.39535388,0.02021665
16.440000,0,FR_foot,0.97492605,-0.07949626,0.02029934
16.440000,0,RL_foot,0.53896737,0.23997144,0.14297375
16.440000,0,RR_foot,0.34888661,0.01063847,0.02015411
16.460000,0,FL_foot,0.88470191,0.39535290,0.02021665
16.460000,0,FR_foot,0.97492629,-0.07949813,0.02029929
16.460000,0,RL_foot,0.53903145,0.24002109,0.14300400
16.460000,0,RR_foot,0.34889093,0.01064459,0.02015408
16.480000,0,FL_foot,0.88470614,0.39535233,0.02021652
16.480000,0,FR_foot,0.97492605,-0.07949994,0.02029933
16.480000,0,RL_foot,0.53909385,0.24006975,0.14303364
16.480000,0,RR_foot,0.34889406,0.01065037,0.02015441
16.500000,0,FL_foot,0.88471007,0.39535168,0.02021652
16.500000,0,FR_foot,0.97492635,-0.07950170,0.02029930
16.500000,0,RL_foot,0.53915393,0.24011853,0.14306456
16.500000,0,RR_foot,0.34890321,0.01067013,0.02015433
16.520000,0,FL_foot,0.88471478,0.39535084,0.02021652
16.520000,0,FR_foot,0.97492594,-0.07950352,0.02029929
16.520000,0,RL_foot,0.53921527,0.24016894,0.14309317
16.520000,0,RR_foot,0.34890595,0.01067616,0.02015430
16.540000,0,FL_foot,0.88471878,0.39535031,0.02021654
16.540000,0,FR_foot,0.97492594,-0.07950497,0.02029940
16.540000,0,RL_foot,0.53927320,0.24021816,0.14312103
16.540000,0,RR_foot,0.34890968,0.01068198,0.02015432
16.560000,0,FL_foot,0.88472265,0.39534956,0.02021625
16.560000,0,FR_foot,0.97492594,-0.07950669,0.02029923
16.560000,0,RL_foot,0.53932953,0.24026668,0.14314748
16.560000,0,RR_foot,0.34891322,0.01068764,0.02015426
16.580000,0,FL_foot,0.88472664,0.39534917,0.02021629
16.580000,0,FR_foot,0.97492564,-0.07950802,0.02029921
16.580000,0,RL_foot,0.53938544,0.24031407,0.14317362
16.580000,0,RR_foot,0.34891662,0.01069328,0.02015450
16.600000,0,FL_foot,0.88473034,0.39534861,0.02021604
16.600000,0,FR_foot,0.97492558,-0.07950954,0.02029924
16.600000,0,RL_foot,0.53944027,0.24036056,0.14319931
16.600000,0,RR_foot,0.34891975,0.01069870,0.02015448
16.620000,0,FL_foot,0.88473439,0.39534807,0.02021617
16.620000,0,FR_foot,0.97492552,-0.07951090,0.02029928
16.620000,0,RL_foot,0.53949434,0.24040604,0.14322498
16.620000,0,RR_foot,0.34892336,0.01070394,0.02015453
16.640000,0,FL_foot,0.88473827,0.39534763,0.02021625
16.640000,0,FR_foot,0.97492594,-0.07951239,0.02029922
16.640000,0,RL_foot,0.53954816,0.24045075,0.14325011
16.640000,0,RR_foot,0.34892663,0.01070934,0.02015459
16.660000,0,FL_foot,0.88474178,0.39534700,0.02021617
16.660000,0,FR_foot,0.97492558,-0.07951389,0.02029924
16.660000,0,RL_foot,0.53960103,0.24049477,0.14327450
16.660000,0,RR_foot,0.34892985,0.01071462,0.02015456
16.680000,0,FL_foot,0.88474536,0.39534637,0.02021613
16.680000,0,FR_foot,0.97492540,-0.07951527,0.02029918
16.680000,0,RL_foot,0.53965318,0.24053784,0.14329906
16.680000,0,RR_foot,0.34893313,0.01071974,0.02015482
16.700000,0,FL_foot,0.88474882,0.39534587,0.02021616
16.700000,0,FR_foot,0.97492564,-0.07951660,0.02029910
16.700000,0,RL_foot,0.53970462,0.24058026,0.14332339
16.700000,0,RR_foot,0.34893608,0.01072489,0.02015472
16.720000,0,FL_foot,0.88475275,0.39534542,0.02021587
16.720000,0,FR_foot,0.97492540,-0.07951798,0.02029912
16.720000,0,RL_foot,0.53975534,0.24062197,0.14334741
16.720000,0,RR_foot,0.34893921,0.01072994,0.02015476
16.740000,0,FL_foot,0.88475615,0.39534482,0.02021591
16.740000,0,FR_foot,0.97492534,-0.07951955,0.02029912
16.740000,0,RL_foot,0.53980511,0.24066304,0.14337103
16.740000,0,RR_foot,0.34894240,0.01073491,0.02015476
16.760000,0,FL_foot,0.88475960,0.39534441,0.02021584
16.760000,0,FR_foot,0.97492552,-0.07952083,0.02029915
16.760000,0,RL_foot,0.53985411,0.24070358,0.14339435
16.760000,0,RR_foot,0.34894556,0.01073974,0.02015481
16.780000,0,FL_foot,0.88476288,0.39534369,0.02021574
16.780000,0,FR_foot,0.97492516,-0.07952217,0.02029906
16.780000,0,RL_foot,0.53990239,0.24074356,0.14341685
16.780000,0,RR_foot,0.34894827,0.01074456,0.02015469
16.800000,0,FL_foot,0.88476610,0.39534342,0.02021589
16.800000,0,FR_foot,0.97492522,-0.07952328,0.02029913
16.800000,0,RL_foot,0.53994912,0.24078271,0.14343968
16.800000,0,RR_foot,0.34895089,0.01074914,0.02015494
16.820000,0,FL_foot,0.88476938,0.39534268,0.02021570
16.820000,0,FR_foot,0.97492486,-0.07952476,0.02029914
16.820000,0,RL_foot,0.53999645,0.24082379,0.14346182
16.820000,0,RR_foot,0.34895822,0.01076770,0.02015461
16.840000,0,FL_foot,0.88477254,0.39534235,0.02021572
16.840000,0,FR_foot,0.97492480,-0.07952595,0.02029909
16.840000,0,RL_foot,0.54004335,0.24086434,0.14348513
16.840000,0,RR_foot,0.34896117,0.01077238,0.02015485
16.860000,0,FL_foot,0.88477588,0.39534193,0.02021570
16.860000,0,FR_foot,0.97492474,-0.07952704,0.02029918
16.860000,0,RL_foot,0.54008907,0.24090347,0.14350736
16.860000,0,RR_foot,0.34896401,0.01077721,0.02015485
16.880000,0,FL_foot,0.88477910,0.39534169,0.02021569
16.880000,0,FR_foot,0.97492486,-0.07952799,0.02029886
16.880000,0,RL_foot,0.54013330,0.24094243,0.14352871
16.880000,0,RR_foot,0.34896684,0.01078169,0.02015474
16.900000,0,FL_foot,0.88478184,0.39534134,0.02021554
16.900000,0,FR_foot,0.97492480,-0.07952922,0.02029916
16.900000,0,RL_foot,0.54017639,0.24098030,0.14354935
16.900000,0,RR_foot,0.34896937,0.01078612,0.02015508
16.920000,0,FL_foot,0.88478512,0.39534098,0.02021536
16.920000,0,FR_foot,0.97492468,-0.07953034,0.02029901
16.920000,0,RL_foot,0.54021889,0.24101776,0.14356944
16.920000,0,RR_foot,0.34897187,0.01079039,0.02015494
16.940000,0,FL_foot,0.88478827,0.39534059,0.02021549
16.940000,0,FR_foot,0.97492439,-0.07953137,0.02029898
16.940000,0,RL_foot,0.54026121,0.24105427,0.14358896
16.940000,0,RR_foot,0.34897476,0.01079485,0.02015486
16.960000,0,FL_foot,0.88476616,0.39535606,0.02020738
16.960000,0,FR_foot,0.97492570,-0.07952872,0.02029808
16.960000,0,RL_foot,0.54099059,0.24071388,0.14337549
16.960000,0,RR_foot,0.34899068,0.01080706,0.02012529
16.980000,0,FL_foot,0.88479596,0.39539233,0.02020912
16.980000,0,FR_foot,0.97501773,-0.07951073,0.02029152
16.980000,0,RL_foot,0.54303432,0.24004468,0.14293079
16.980000,0,RR_foot,0.34907982,0.01079763,0.02012989
17.000000,0,FL_foot,0.88483936,0.39542618,0.02020808
17.000000,0,FR_foot,0.97512925,-0.07949115,0.02028830
17.000000,0,RL_foot,0.54578626,0.23942807,0.14244509
17.000000,0,RR_foot,0.34920484,0.01083351,0.02013762
17.020000,0,FL_foot,0.88491088,0.39547771,0.02020997
17.020000,0,FR_foot,0.97525758,-0.07946881,0.02028471
17.020000,0,RL_foot,0.54900503,0.23898663,0.14188449
17.020000,0,RR_foot,0.34936029,0.01089434,0.02013702
17.040000,0,FL_foot,0.88499308,0.39552256,0.02020735
17.040000,0,FR_foot,0.97540468,-0.07944345,0.02028054
17.040000,0,RL_foot,0.55256271,0.23873509,0.14125699
17.040000,0,RR_foot,0.34954134,0.01097510,0.02013698
17.060000,0,FL_foot,0.88512838,0.39556721,0.02021602
17.060000,0,FR_foot,0.97551304,-0.07942032,0.02028031
17.060000,0,RL_foot,0.55609232,0.23881732,0.14094047
17.060000,0,RR_foot,0.34972864,0.01104475,0.02017263
17.080000,0,FL_foot,0.88520360,0.39560115,0.02021637
17.080000,0,FR_foot,0.97556549,-0.07941142,0.02028386
17.080000,0,RL_foot,0.55829859,0.23934305,0.14105153
17.080000,0,RR_foot,0.34984705,0.01114993,0.02016668
17.100000,0,FL_foot,0.88526541,0.39562792,0.02021659
17.100000,0,FR_foot,0.97559661,-0.07939439,0.02028588
17.100000,0,RL_foot,0.55966824,0.24002922,0.14119355
17.100000,0,RR_foot,0.34993166,0.01124403,0.02015939
17.120000,0,FL_foot,0.88528842,0.39566475,0.02021613
17.120000,0,FR_foot,0.97561336,-0.07936598,0.02028717
17.120000,0,RL_foot,0.56041253,0.24070667,0.14139210
17.120000,0,RR_foot,0.34998423,0.01132351,0.02015597
17.140000,0,FL_foot,0.88529861,0.39569885,0.02021594
17.140000,0,FR_foot,0.97562671,-0.07932439,0.02028702
17.140000,0,RL_foot,0.56067961,0.24132004,0.14163175
17.140000,0,RR_foot,0.35000920,0.01137738,0.02015344
17.160000,0,FL_foot,0.88528496,0.39573833,0.02021566
17.160000,0,FR_foot,0.97562683,-0.07928265,0.02028752
17.160000,0,RL_foot,0.56058812,0.24185318,0.14189322
17.160000,0,RR_foot,0.35001591,0.01142603,0.02015118
17.180000,0,FL_foot,0.88526040,0.39577657,0.02021607
17.180000,0,FR_foot,0.97562766,-0.07923943,0.02028693
17.180000,0,RL_foot,0.56023312,0.24229698,0.14217132
17.180000,0,RR_foot,0.35000575,0.01145155,0.02014887
17.200000,0,FL_foot,0.88523710,0.39580029,0.02021476
17.200000,0,FR_foot,0.97561198,-0.07920068,0.02028904
17.200000,0,RL_foot,0.55969048,0.24264507,0.14245217
17.200000,0,RR_foot,0.34998411,0.01146372,0.02014985
17.220000,0,FL_foot,0.88520277,0.39582610,0.02021478
17.220000,0,FR_foot,0.97559321,-0.07916803,0.02028981
17.220000,0,RL_foot,0.55901450,0.24290450,0.14272785
17.220000,0,RR_foot,0.34995276,0.01146704,0.02014984
17.240000,0,FL_foot,0.88517445,0.39583632,0.02021510
17.240000,0,FR_foot,0.97557437,-0.07914165,0.02029086
17.240000,0,RL_foot,0.55824143,0.24308091,0.14299123
17.240000,0,RR_foot,0.34991559,0.01147579,0.02014982
17.260000,0,FL_foot,0.88513839,0.39584756,0.02021540
17.260000,0,FR_foot,0.97554833,-0.07912104,0.02029164
17.260000,0,RL_foot,0.55740547,0.24318558,0.14322829
17.260000,0,RR_foot,0.34987298,0.01146423,0.02014993
17.280000,0,FL_foot,0.88510513,0.39585042,0.02021555
17.280000,0,FR_foot,0.97552067,-0.07910793,0.02029225
17.280000,0,RL_foot,0.55652660,0.24322367,0.14343677
17.280000,0,RR_foot,0.34982768,0.01144662,0.02014999
17.300000,0,FL_foot,0.88507420,0.39584661,0.02021617
17.300000,0,FR_foot,0.97549391,-0.07910451,0.02029200
17.300000,0,RL_foot,0.55562574,0.24320593,0.14361663
17.300000,0,RR_foot,0.34978011,0.01143936,0.02014904
17.320000,0,FL_foot,0.88505179,0.39582598,0.02021587
17.320000,0,FR_foot,0.97546256,-0.07910659,0.02029362
17.320000,0,RL_foot,0.55472106,0.24313377,0.14376402
17.320000,0,RR_foot,0.34973189,0.01141244,0.02015072
17.340000,0,FL_foot,0.88502681,0.39580736,0.02021592
17.340000,0,FR_foot,0.97543049,-0.07911553,0.02029390
17.340000,0,RL_foot,0.55382252,0.24301961,0.14388002
17.340000,0,RR_foot,0.34968349,0.01139764,0.02015056
17.360000,0,FL_foot,0.88500470,0.39578378,0.02021602
17.360000,0,FR_foot,0.97539824,-0.07912995,0.02029439
17.360000,0,RL_foot,0.55293483,0.24287042,0.14396979
17.360000,0,RR_foot,0.34963495,0.01136606,0.02015142
17.380000,0,FL_foot,0.88499105,0.39574835,0.02021609
17.380000,0,FR_foot,0.97536749,-0.07915106,0.02029463
17.380000,0,RL_foot,0.55206418,0.24269630,0.14403038
17.380000,0,RR_foot,0.34958819,0.01134761,0.02015142
17.400000,0,FL_foot,0.88497430,0.39571661,0.02021603
17.400000,0,FR_foot,0.97533590,-0.07917431,0.02029530
17.400000,0,RL_foot,0.55121511,0.24250272,0.14406924
17.400000,0,RR_foot,0.34954146,0.01131310,0.02015243
17.420000,0,FL_foot,0.88495952,0.39568231,0.02021601
17.420000,0,FR_foot,0.97530454,-0.07920007,0.02029545
17.420000,0,RL_foot,0.55039167,0.24229930,0.14408615
17.420000,0,RR_foot,0.34949747,0.01129312,0.02015244
17.440000,0,FL_foot,0.88495326,0.39564016,0.02021588
17.440000,0,FR_foot,0.97527593,-0.07922827,0.02029538
17.440000,0,RL_foot,0.54959655,0.24208972,0.14408764
17.440000,0,RR_foot,0.34945339,0.01125891,0.02015308
17.460000,0,FL_foot,0.88494128,0.39560449,0.02021605
17.460000,0,FR_foot,0.97524559,-0.07925740,0.02029580
17.460000,0,RL_foot,0.54883182,0.24188173,0.14407469
17.460000,0,RR_foot,0.34941378,0.01123935,0.02015294
17.480000,0,FL_foot,0.88493150,0.39556852,0.02021595
17.480000,0,FR_foot,0.97521961,-0.07928637,0.02029590
17.480000,0,RL_foot,0.54809874,0.24167863,0.14405249
17.480000,0,RR_foot,0.34937382,0.01120676,0.02015340
17.500000,0,FL_foot,0.88492882,0.39552698,0.02021585
17.500000,0,FR_foot,0.97519177,-0.07931495,0.02029609
17.500000,0,RL_foot,0.54739732,0.24148300,0.14402404
17.500000,0,RR_foot,0.34933925,0.01118912,0.02015386
17.520000,0,FL_foot,0.88492042,0.39549381,0.02021556
17.520000,0,FR_foot,0.97516608,-0.07934254,0.02029645
17.520000,0,RL_foot,0.54673308,0.24130103,0.14398712
17.520000,0,RR_foot,0.34930286,0.01115962,0.02015371
17.540000,0,FL_foot,0.88491327,0.39546186,0.02021553
17.540000,0,FR_foot,0.97514224,-0.07936859,0.02029680
17.540000,0,RL_foot,0.54610080,0.24113370,0.14394660
17.540000,0,RR_foot,0.34926942,0.01113179,0.02015412
17.560000,0,FL_foot,0.88490635,0.39543208,0.02021533
17.560000,0,FR_foot,0.97511959,-0.07939284,0.02029685
17.560000,0,RL_foot,0.54550254,0.24098668,0.14390467
17.560000,0,RR_foot,0.34924144,0.01112012,0.02015370
17.580000,0,FL_foot,0.88490540,0.39539900,0.02021528
17.580000,0,FR_foot,0.97509849,-0.07941506,0.02029721
17.580000,0,RL_foot,0.54494256,0.24085613,0.14386097
17.580000,0,RR_foot,0.34921250,0.01109661,0.02015408
17.600000,0,FL_foot,0.88489968,0.39537442,0.02021523
17.600000,0,FR_foot,0.97507983,-0.07943475,0.02029762
17.600000,0,RL_foot,0.54441899,0.24074283,0.14381874
17.600000,0,RR_foot,0.34918645,0.01107501,0.02015424
17.620000,0,FL_foot,0.88489377,0.39535215,0.02021531
17.620000,0,FR_foot,0.97506315,-0.07945211,0.02029765
17.620000,0,RL_foot,0.54392952,0.24065171,0.14378020
17.620000,0,RR_foot,0.34916601,0.01106947,0.02015388
17.640000,0,FL_foot,0.88488883,0.39533278,0.02021521
17.640000,0,FR_foot,0.97504723,-0.07946735,0.02029787
17.640000,0,RL_foot,0.54347670,0.24057943,0.14374217
17.640000,0,RR_foot,0.34914425,0.01105263,0.02015410
17.660000,0,FL_foot,0.88488942,0.39531031,0.02021497
17.660000,0,FR_foot,0.97503299,-0.07948009,0.02029769
17.660000,0,RL_foot,0.54305750,0.24052459,0.14370641
17.660000,0,RR_foot,0.34912449,0.01103773,0.02015441
17.680000,0,FL_foot,0.88488394,0.39529639,0.02021502
17.680000,0,FR_foot,0.97502059,-0.07949092,0.02029816
17.680000,0,RL_foot,0.54267281,0.24048652,0.14367388
17.680000,0,RR_foot,0.34910709,0.01102489,0.02015417
17.700000,0,FL_foot,0.88487935,0.39528424,0.02021520
17.700000,0,FR_foot,0.97500890,-0.07949971,0.02029838
17.700000,0,RL_foot,0.54232109,0.24046685,0.14364545
17.700000,0,RR_foot,0.34909546,0.01102815,0.02015409
17.720000,0,FL_foot,0.88487548,0.39527437,0.02021520
17.720000,0,FR_foot,0.97499973,-0.07950637,0.02029821
17.720000,0,RL_foot,0.54200321,0.24046203,0.14362216
17.720000,0,RR_foot,0.34908187,0.01101936,0.02015452
17.740000,0,FL_foot,0.88487160,0.39526653,0.02021510
17.740000,0,FR_foot,0.97499156,-0.07951140,0.02029857
17.740000,0,RL_foot,0.54171693,0.24046971,0.14360152
17.740000,0,RR_foot,0.34907070,0.01101222,0.02015416
17.760000,0,FL_foot,0.88486803,0.39526045,0.02021515
17.760000,0,FR_foot,0.97498411,-0.07951508,0.02029871
17.760000,0,RL_foot,0.54146093,0.24048893,0.14358442
17.760000,0,RR_foot,0.34906077,0.01100677,0.02015448
17.780000,0,FL_foot,0.88486540,0.39525598,0.02021511
17.780000,0,FR_foot,0.97497803,-0.07951758,0.02029884
17.780000,0,RL_foot,0.54123479,0.24051774,0.14357027
17.780000,0,RR_foot,0.34905240,0.01100256,0.02015428
17.800000,0,FL_foot,0.88486236,0.39525265,0.02021512
17.800000,0,FR_foot,0.97497290,-0.07951887,0.02029902
17.800000,0,RL_foot,0.54103732,0.24055450,0.14355980
17.800000,0,RR_foot,0.34904566,0.01099973,0.02015440
17.820000,0,FL_foot,0.88486034,0.39525059,0.02021522
17.820000,0,FR_foot,0.97496849,-0.07951943,0.02029899
17.820000,0,RL_foot,0.54086721,0.24059764,0.14355259
17.820000,0,RR_foot,0.34904024,0.01099814,0.02015442
17.840000,0,FL_foot,0.88485831,0.39524937,0.02021527
17.840000,0,FR_foot,0.97496510,-0.07951943,0.02029902
17.840000,0,RL_foot,0.54072255,0.24064589,0.14354844
17.840000,0,RR_foot,0.34903613,0.01099780,0.02015440
17.860000,0,FL_foot,0.88485694,0.39524883,0.02021522
17.860000,0,FR_foot,0.97496229,-0.07951890,0.02029894
17.860000,0,RL_foot,0.54060179,0.24069797,0.14354698
17.860000,0,RR_foot,0.34903276,0.01099820,0.02015439
17.880000,0,FL_foot,0.88485605,0.39524910,0.02021524
17.880000,0,FR_foot,0.97495985,-0.07951780,0.02029914
17.880000,0,RL_foot,0.54050320,0.24075238,0.14354831
17.880000,0,RR_foot,0.34903067,0.01099940,0.02015448
17.900000,0,FL_foot,0.88485533,0.39524966,0.02021528
17.900000,0,FR_foot,0.97495842,-0.07951669,0.02029908
17.900000,0,RL_foot,0.54042464,0.24080844,0.14355212
17.900000,0,RR_foot,0.34902951,0.01100127,0.02015448
17.920000,0,FL_foot,0.88485509,0.39525053,0.02021530
17.920000,0,FR_foot,0.97495717,-0.07951546,0.02029928
17.920000,0,RL_foot,0.54036462,0.24086533,0.14355808
17.920000,0,RR_foot,0.34902903,0.01100359,0.02015465
17.940000,0,FL_foot,0.88485557,0.39525178,0.02021542
17.940000,0,FR_foot,0.97495610,-0.07951409,0.02029918
17.940000,0,RL_foot,0.54032117,0.24092229,0.14356567
17.940000,0,RR_foot,0.34902900,0.01100675,0.02015448
17.960000,0,FL_foot,0.88485587,0.39525312,0.02021531
17.960000,0,FR_foot,0.97495562,-0.07951266,0.02029936
17.960000,0,RL_foot,0.54029238,0.24097848,0.14357522
17.960000,0,RR_foot,0.34902960,0.01101010,0.02015468
17.980000,0,FL_foot,0.88485688,0.39525440,0.02021534
17.980000,0,FR_foot,0.97495514,-0.07951146,0.02029937
17.980000,0,RL_foot,0.54027665,0.24103357,0.14358610
17.980000,0,RR_foot,0.34903118,0.01101350,0.02015467
18.000000,0,FL_foot,0.88485861,0.39525568,0.02021533
18.000000,0,FR_foot,0.97495538,-0.07951041,0.02029942
18.000000,0,RL_foot,0.54027265,0.24108739,0.14359820
18.000000,0,RR_foot,0.34903294,0.01101751,0.02015474
18.020000,0,FL_foot,0.88485956,0.39525715,0.02021536
18.020000,0,FR_foot,0.97495514,-0.07950930,0.02029948
18.020000,0,RL_foot,0.54027826,0.24113949,0.14361121
18.020000,0,RR_foot,0.34903482,0.01102165,0.02015468
18.040000,0,FL_foot,0.88486159,0.39525822,0.02021531
18.040000,0,FR_foot,0.97495544,-0.07950852,0.02029928
18.040000,0,RL_foot,0.54029250,0.24118976,0.14362517
18.040000,0,RR_foot,0.34903690,0.01102592,0.02015483
18.060000,0,FL_foot,0.88486362,0.39525950,0.02021542
18.060000,0,FR_foot,0.97495562,-0.07950795,0.02029937
18.060000,0,RL_foot,0.54031450,0.24123806,0.14363968
18.060000,0,RR_foot,0.34903944,0.01103022,0.02015473
18.080000,0,FL_foot,0.88486558,0.39526030,0.02021521
18.080000,0,FR_foot,0.97495610,-0.07950760,0.02029952
18.080000,0,RL_foot,0.54034215,0.24128410,0.14365532
18.080000,0,RR_foot,0.34904203,0.01103449,0.02015482
18.100000,0,FL_foot,0.88486779,0.39526111,0.02021545
18.100000,0,FR_foot,0.97495639,-0.07950742,0.02029935
18.100000,0,RL_foot,0.54037458,0.24132825,0.14367138
18.100000,0,RR_foot,0.34904465,0.01103907,0.02015503
18.120000,0,FL_foot,0.88487047,0.39526191,0.02021538
18.120000,0,FR_foot,0.97495681,-0.07950725,0.02029932
18.120000,0,RL_foot,0.54041064,0.24137074,0.14368765
18.120000,0,RR_foot,0.34904754,0.01104346,0.02015483
18.140000,0,FL_foot,0.88487256,0.39526245,0.02021533
18.140000,0,FR_foot,0.97495723,-0.07950746,0.02029925
18.140000,0,RL_foot,0.54045022,0.24141103,0.14370428
18.140000,0,RR_foot,0.34905016,0.01104787,0.02015496
18.160000,0,FL_foot,0.88487536,0.39526284,0.02021521
18.160000,0,FR_foot,0.97495782,-0.07950770,0.02029935
18.160000,0,RL_foot,0.54049182,0.24144930,0.14372112
18.160000,0,RR_foot,0.34905306,0.01105194,0.02015504
18.180000,0,FL_foot,0.88487798,0.39526314,0.02021519
18.180000,0,FR_foot,0.97495806,-0.07950801,0.02029920
18.180000,0,RL_foot,0.54053533,0.24148619,0.14373793
18.180000,0,RR_foot,0.34905601,0.01105639,0.02015504
18.200000,0,FL_foot,0.88488060,0.39526337,0.02021521
18.200000,0,FR_foot,0.97495812,-0.07950854,0.02029936
18.200000,0,RL_foot,0.54057944,0.24152148,0.14375490
18.200000,0,RR_foot,0.34905869,0.01106029,0.02015509
18.220000,0,FL_foot,0.88488346,0.39526364,0.02021529
18.220000,0,FR_foot,0.97495860,-0.07950922,0.02029922
18.220000,0,RL_foot,0.54062414,0.24155547,0.14377180
18.220000,0,RR_foot,0.34906140,0.01106446,0.02015500
18.240000,0,FL_foot,0.88488591,0.39526355,0.02021524
18.240000,0,FR_foot,0.97495884,-0.07950974,0.02029919
18.240000,0,RL_foot,0.54066908,0.24158822,0.14378837
18.240000,0,RR_foot,0.34906432,0.01106836,0.02015508
18.260000,0,FL_foot,0.88488847,0.39526343,0.02021511
18.260000,0,FR_foot,0.97495925,-0.07951063,0.02029939
18.260000,0,RL_foot,0.54071367,0.24161963,0.14380497
18.260000,0,RR_foot,0.34906703,0.01107206,0.02015515
18.280000,0,FL_foot,0.88489133,0.39526349,0.02021508
18.280000,0,FR_foot,0.97495961,-0.07951133,0.02029928
18.280000,0,RL_foot,0.54075801,0.24165022,0.14382136
18.280000,0,RR_foot,0.34906957,0.01107624,0.02015498
18.300000,0,FL_foot,0.88489389,0.39526314,0.02021513
18.300000,0,FR_foot,0.97495973,-0.07951214,0.02029927
18.300000,0,RL_foot,0.54080164,0.24167965,0.14383774
18.300000,0,RR_foot,0.34907243,0.01107970,0.02015506
18.320000,0,FL_foot,0.88489634,0.39526302,0.02021504
18.320000,0,FR_foot,0.97495973,-0.07951319,0.02029920
18.320000,0,RL_foot,0.54084420,0.24170840,0.14385410
18.320000,0,RR_foot,0.34907442,0.01108345,0.02015518
18.340000,0,FL_foot,0.88489908,0.39526293,0.02021503
18.340000,0,FR_foot,0.97496003,-0.07951395,0.02029920
18.340000,0,RL_foot,0.54088533,0.24173647,0.14387015
18.340000,0,RR_foot,0.34907675,0.01108714,0.02015527
18.360000,0,FL_foot,0.88490152,0.39526260,0.02021502
18.360000,0,FR_foot,0.97496015,-0.07951488,0.02029905
18.360000,0,RL_foot,0.54092598,0.24176405,0.14388588
18.360000,0,RR_foot,0.34907919,0.01109064,0.02015529
18.380000,0,FL_foot,0.88490397,0.39526233,0.02021505
18.380000,0,FR_foot,0.97496027,-0.07951573,0.02029931
18.380000,0,RL_foot,0.54096520,0.24179116,0.14390144
18.380000,0,RR_foot,0.34908152,0.01109408,0.02015531
18.400000,0,FL_foot,0.88490677,0.39526212,0.02021496
18.400000,0,FR_foot,0.97496057,-0.07951669,0.02029908
18.400000,0,RL_foot,0.54100364,0.24181764,0.14391679
18.400000,0,RR_foot,0.34908393,0.01109748,0.02015526
18.420000,0,FL_foot,0.88490880,0.39526168,0.02021502
18.420000,0,FR_foot,0.97496045,-0.07951766,0.02029902
18.420000,0,RL_foot,0.54104114,0.24184385,0.14393191
18.420000,0,RR_foot,0.34908605,0.01110078,0.02015523
18.440000,0,FL_foot,0.88491100,0.39526138,0.02021487
18.440000,0,FR_foot,0.97496057,-0.07951850,0.02029922
18.440000,0,RL_foot,0.54107732,0.24186932,0.14394693
18.440000,0,RR_foot,0.34908831,0.01110389,0.02015528
18.460000,0,FL_foot,0.88491338,0.39526111,0.02021482
18.460000,0,FR_foot,0.97496039,-0.07951937,0.02029908
18.460000,0,RL_foot,0.54111236,0.24189459,0.14396155
18.460000,0,RR_foot,0.34909025,0.01110718,0.02015524
18.480000,0,FL_foot,0.88491541,0.39526072,0.02021485
18.480000,0,FR_foot,0.97496068,-0.07952026,0.02029921
18.480000,0,RL_foot,0.54114652,0.24191950,0.14397591
18.480000,0,RR_foot,0.34909233,0.01111019,0.02015518
18.500000,0,FL_foot,0.88491797,0.39526039,0.02021488
18.500000,0,FR_foot,0.97496074,-0.07952102,0.02029929
18.500000,0,RL_foot,0.54117990,0.24194394,0.14399007
18.500000,0,RR_foot,0.34909424,0.01111337,0.02015524
18.520000,0,FL_foot,0.88491982,0.39526013,0.02021485
18.520000,0,FR_foot,0.97496068,-0.07952180,0.02029904
18.520000,0,RL_foot,0.54121184,0.24196838,0.14400403
18.520000,0,RR_foot,0.34909606,0.01111653,0.02015527
18.540000,0,FL_foot,0.88492209,0.39525995,0.02021477
18.540000,0,FR_foot,0.97496063,-0.07952258,0.02029903
18.540000,0,RL_foot,0.54124308,0.24199231,0.14401795
18.540000,0,RR_foot,0.34909794,0.01111925,0.02015540
18.560000,0,FL_foot,0.88492388,0.39525971,0.02021487
18.560000,0,FR_foot,0.97496057,-0.07952350,0.02029892
18.560000,0,RL_foot,0.54127347,0.24201617,0.14403170
18.560000,0,RR_foot,0.34909952,0.01112248,0.02015539
18.580000,0,FL_foot,0.88492590,0.39525944,0.02021471
18.580000,0,FR_foot,0.97496057,-0.07952415,0.02029906
18.580000,0,RL_foot,0.54130346,0.24203944,0.14404500
18.580000,0,RR_foot,0.34910145,0.01112513,0.02015536
18.600000,0,FL_foot,0.88492823,0.39525911,0.02021465
18.600000,0,FR_foot,0.97496063,-0.07952500,0.02029915
18.600000,0,RL_foot,0.54133278,0.24206261,0.14405805
18.600000,0,RR_foot,0.34910339,0.01112783,0.02015525
18.620000,0,FL_foot,0.88492990,0.39525884,0.02021474
18.620000,0,FR_foot,0.97496063,-0.07952566,0.02029902
18.620000,0,RL_foot,0.54136115,0.24208553,0.14407086
18.620000,0,RR_foot,0.34910494,0.01113084,0.02015524
18.640000,0,FL_foot,0.88493150,0.39525798,0.02021410
18.640000,0,FR_foot,0.97496027,-0.07952681,0.02029914
18.640000,0,RL_foot,0.54138839,0.24210785,0.14408404
18.640000,0,RR_foot,0.34910458,0.01113494,0.02015311
18.660000,0,FL_foot,0.88493401,0.39525834,0.02021467
18.660000,0,FR_foot,0.97496021,-0.07952726,0.02029900
18.660000,0,RL_foot,0.54141456,0.24213699,0.14409652
18.660000,0,RR_foot,0.34911245,0.01115030,0.02015544
18.680000,0,FL_foot,0.88493580,0.39525813,0.02021457
18.680000,0,FR_foot,0.97496051,-0.07952773,0.02029910
18.680000,0,RL_foot,0.54144478,0.24216235,0.14410932
18.680000,0,RR_foot,0.34911391,0.01115323,0.02015545
18.700000,0,FL_foot,0.88493741,0.39525822,0.02021457
18.700000,0,FR_foot,0.97496051,-0.07952821,0.02029886
18.700000,0,RL_foot,0.54147339,0.24218602,0.14412256
18.700000,0,RR_foot,0.34911558,0.01115592,0.02015545
18.720000,0,FL_foot,0.88493937,0.39525816,0.02021447
18.720000,0,FR_foot,0.97496045,-0.07952874,0.02029888
18.720000,0,RL_foot,0.54150116,0.24220943,0.14413445
18.720000,0,RR_foot,0.34911776,0.01115885,0.02015522
18.740000,0,FL_foot,0.88494098,0.39525804,0.02021450
18.740000,0,FR_foot,0.97496057,-0.07952933,0.02029894
18.740000,0,RL_foot,0.54152781,0.24223216,0.14414652
18.740000,0,RR_foot,0.34911886,0.01116167,0.02015549
18.760000,0,FL_foot,0.88494259,0.39525795,0.02021461
18.760000,0,FR_foot,0.97496057,-0.07952978,0.02029892
18.760000,0,RL_foot,0.54155362,0.24225436,0.14415850
18.760000,0,RR_foot,0.34912053,0.01116409,0.02015557
18.780000,0,FL_foot,0.88494474,0.39525780,0.02021446
18.780000,0,FR_foot,0.97496033,-0.07953040,0.02029902
18.780000,0,RL_foot,0.54157931,0.24227577,0.14416999
18.780000,0,RR_foot,0.34912217,0.01116675,0.02015569
18.800000,0,FL_foot,0.88494611,0.39525759,0.02021459
18.800000,0,FR_foot,0.97496039,-0.07953101,0.02029921
18.800000,0,RL_foot,0.54160422,0.24229668,0.14418113
18.800000,0,RR_foot,0.34912392,0.01116920,0.02015549
18.820000,0,FL_foot,0.88494790,0.39525744,0.02021444
18.820000,0,FR_foot,0.97496027,-0.07953164,0.02029906
18.820000,0,RL_foot,0.54162854,0.24231720,0.14419226
18.820000,0,RR_foot,0.34912527,0.01117157,0.02015541
18.840000,0,FL_foot,0.88494974,0.39525720,0.02021443
18.840000,0,FR_foot,0.97496027,-0.07953211,0.02029901
18.840000,0,RL_foot,0.54165250,0.24233684,0.14420310
18.840000,0,RR_foot,0.34912702,0.01117386,0.02015553
18.860000,0,FL_foot,0.88495100,0.39525694,0.02021437
18.860000,0,FR_foot,0.97496039,-0.07953279,0.02029897
18.860000,0,RL_foot,0.54167587,0.24235640,0.14421377
18.860000,0,RR_foot,0.34912837,0.01117618,0.02015547
18.880000,0,FL_foot,0.88495272,0.39525664,0.02021442
18.880000,0,FR_foot,0.97496033,-0.07953342,0.02029898
18.880000,0,RL_foot,0.54169929,0.24237555,0.14422427
18.880000,0,RR_foot,0.34912938,0.01117868,0.02015560
18.900000,0,FL_foot,0.88495439,0.39525646,0.02021444
18.900000,0,FR_foot,0.97496003,-0.07953410,0.02029898
18.900000,0,RL_foot,0.54172188,0.24239430,0.14423482
18.900000,0,RR_foot,0.34913093,0.01118102,0.02015565
18.920000,0,FL_foot,0.88495594,0.39525619,0.02021443
18.920000,0,FR_foot,0.97496027,-0.07953481,0.02029908
18.920000,0,RL_foot,0.54174429,0.24241267,0.14424515
18.920000,0,RR_foot,0.34913239,0.01118298,0.02015547
18.940000,0,FL_foot,0.88495755,0.39525586,0.02021443
18.940000,0,FR_foot,0.97496009,-0.07953543,0.02029897
18.940000,0,RL_foot,0.54176623,0.24243061,0.14425533
18.940000,0,RR_foot,0.34913358,0.01118542,0.02015549
18.960000,0,FL_foot,0.88495910,0.39525566,0.02021446
18.960000,0,FR_foot,0.97495997,-0.07953605,0.02029912
18.960000,0,RL_foot,0.54178768,0.24244848,0.14426529
18.960000,0,RR_foot,0.34913507,0.01118748,0.02015548
18.980000,0,FL_foot,0.88496089,0.39525545,0.02021442
18.980000,0,FR_foot,0.97496021,-0.07953663,0.02029888
18.980000,0,RL_foot,0.54180866,0.24246608,0.14427523
18.980000,0,RR_foot,0.34913647,0.01118960,0.02015561
19.000000,0,FL_foot,0.88496184,0.39525506,0.02021437
19.000000,0,FR_foot,0.97495967,-0.07953731,0.02029888
19.000000,0,RL_foot,0.54182917,0.24248351,0.14428493
19.000000,0,RR_foot,0.34913746,0.01119162,0.02015560
19.020000,0,FL_foot,0.88496339,0.39525467,0.02021438
19.020000,0,FR_foot,0.97495985,-0.07953796,0.02029900
19.020000,0,RL_foot,0.54185015,0.24250039,0.14429466
19.020000,0,RR_foot,0.34913883,0.01119381,0.02015560
19.040000,0,FL_foot,0.88496506,0.39525446,0.02021443
19.040000,0,FR_foot,0.97495997,-0.07953852,0.02029898
19.040000,0,RL_foot,0.54187030,0.24251729,0.14430438
19.040000,0,RR_foot,0.34914011,0.01119592,0.02015563
19.060000,0,FL_foot,0.88496614,0.39525419,0.02021424
19.060000,0,FR_foot,0.97495979,-0.07953906,0.02029910
19.060000,0,RL_foot,0.54188997,0.24253373,0.14431371
19.060000,0,RR_foot,0.34914136,0.01119771,0.02015566
19.080000,0,FL_foot,0.88496757,0.39525405,0.02021411
19.080000,0,FR_foot,0.97495943,-0.07953962,0.02029887
19.080000,0,RL_foot,0.54190868,0.24255037,0.14432281
19.080000,0,RR_foot,0.34914249,0.01119968,0.02015566
19.100000,0,FL_foot,0.88496894,0.39525387,0.02021421
19.100000,0,FR_foot,0.97495943,-0.07954007,0.02029885
19.100000,0,RL_foot,0.54192740,0.24256685,0.14433193
19.100000,0,RR_foot,0.34914353,0.01120171,0.02015563
19.120000,0,FL_foot,0.88497543,0.39524826,0.02021428
19.120000,0,FR_foot,0.97495955,-0.07954077,0.02029901
19.120000,0,RL_foot,0.54194605,0.24258278,0.14434054
19.120000,0,RR_foot,0.34914473,0.01120347,0.02015551
19.140000,0,FL_foot,0.88497698,0.39524785,0.02021427
19.140000,0,FR_foot,0.97495955,-0.07954149,0.02029898
19.140000,0,RL_foot,0.54196417,0.24259777,0.14434944
19.140000,0,RR_foot,0.34914598,0.01120548,0.02015562
19.160000,0,FL_foot,0.88497829,0.39524758,0.02021432
19.160000,0,FR_foot,0.97495914,-0.07954209,0.02029897
19.160000,0,RL_foot,0.54198200,0.24261288,0.14435804
19.160000,0,RR_foot,0.34914684,0.01120746,0.02015559
19.180000,0,FL_foot,0.88497984,0.39524746,0.02021417
19.180000,0,FR_foot,0.97495949,-0.07954268,0.02029919
19.180000,0,RL_foot,0.54199934,0.24262777,0.14436658
19.180000,0,RR_foot,0.34914780,0.01120907,0.02015593
19.200000,0,FL_foot,0.88498116,0.39524707,0.02021419
19.200000,0,FR_foot,0.97495931,-0.07954324,0.02029878
19.200000,0,RL_foot,0.54201651,0.24264301,0.14437477
19.200000,0,RR_foot,0.34914911,0.01121098,0.02015561
19.220000,0,FL_foot,0.88498199,0.39524683,0.02021415
19.220000,0,FR_foot,0.97495914,-0.07954366,0.02029889
19.220000,0,RL_foot,0.54203367,0.24265788,0.14438280
19.220000,0,RR_foot,0.34915000,0.01121262,0.02015570
19.240000,0,FL_foot,0.88498324,0.39524668,0.02021410
19.240000,0,FR_foot,0.97495896,-0.07954414,0.02029894
19.240000,0,RL_foot,0.54205072,0.24267264,0.14439070
19.240000,0,RR_foot,0.34915096,0.01121438,0.02015571
19.260000,0,FL_foot,0.88498455,0.39524648,0.02021407
19.260000,0,FR_foot,0.97495914,-0.07954466,0.02029898
19.260000,0,RL_foot,0.54206747,0.24268743,0.14439881
19.260000,0,RR_foot,0.34915239,0.01121607,0.02015568
19.280000,0,FL_foot,0.88498580,0.39524627,0.02021403
19.280000,0,FR_foot,0.97495896,-0.07954513,0.02029882
19.280000,0,RL_foot,0.54208398,0.24270229,0.14440671
19.280000,0,RR_foot,0.34915346,0.01121785,0.02015560
19.300000,0,FL_foot,0.88498700,0.39524621,0.02021410
19.300000,0,FR_foot,0.97495884,-0.07954556,0.02029882
19.300000,0,RL_foot,0.54210049,0.24271718,0.14441481
19.300000,0,RR_foot,0.34915447,0.01121987,0.02015576
19.320000,0,FL_foot,0.88498813,0.39524603,0.02021402
19.320000,0,FR_foot,0.97495902,-0.07954607,0.02029893
19.320000,0,RL_foot,0.54211694,0.24273172,0.14442264
19.320000,0,RR_foot,0.34915546,0.01122127,0.02015569
19.340000,0,FL_foot,0.88498950,0.39524588,0.02021413
19.340000,0,FR_foot,0.97495884,-0.07954652,0.02029892
19.340000,0,RL_foot,0.54213309,0.24274646,0.14443046
19.340000,0,RR_foot,0.34915644,0.01122317,0.02015570
19.360000,0,FL_foot,0.88499051,0.39524570,0.02021397
19.360000,0,FR_foot,0.97495854,-0.07954685,0.02029860
19.360000,0,RL_foot,0.54214931,0.24276088,0.14443801
19.360000,0,RR_foot,0.34915745,0.01122487,0.02015559
19.380000,0,FL_foot,0.88499171,0.39524555,0.02021399
19.380000,0,FR_foot,0.97495884,-0.07954732,0.02029884
19.380000,0,RL_foot,0.54216552,0.24277496,0.14444567
19.380000,0,RR_foot,0.34915856,0.01122657,0.02015564
19.400000,0,FL_foot,0.88499290,0.39524537,0.02021392
19.400000,0,FR_foot,0.97495866,-0.07954770,0.02029899
19.400000,0,RL_foot,0.54218119,0.24278903,0.14445312
19.400000,0,RR_foot,0.34915927,0.01122818,0.02015571
19.420000,0,FL_foot,0.88499361,0.39524534,0.02021409
19.420000,0,FR_foot,0.97495866,-0.07954805,0.02029904
19.420000,0,RL_foot,0.54219681,0.24280296,0.14446045
19.420000,0,RR_foot,0.34916055,0.01122972,0.02015570
19.440000,0,FL_foot,0.88499480,0.39524519,0.02021403
19.440000,0,FR_foot,0.97495860,-0.07954847,0.02029897
19.440000,0,RL_foot,0.54221225,0.24281666,0.14446761
19.440000,0,RR_foot,0.34916130,0.01123127,0.02015584
19.460000,0,FL_foot,0.88499564,0.39524451,0.02021339
19.460000,0,FR_foot,0.97495818,-0.07954910,0.02029889
19.460000,0,RL_foot,0.54222727,0.24282983,0.14447510
19.460000,0,RR_foot,0.34916013,0.01123439,0.02015370
19.480000,0,FL_foot,0.88499719,0.39524493,0.02021405
19.480000,0,FR_foot,0.97495836,-0.07954931,0.02029888
19.480000,0,RL_foot,0.54224199,0.24284981,0.14448209
19.480000,0,RR_foot,0.34916672,0.01124860,0.02015591
19.500000,0,FL_foot,0.88499820,0.39524496,0.02021394
19.500000,0,FR_foot,0.97495884,-0.07954957,0.02029899
19.500000,0,RL_foot,0.54226035,0.24286620,0.14448971
19.500000,0,RR_foot,0.34916800,0.01125037,0.02015577
19.520000,0,FL_foot,0.88499939,0.39524511,0.02021397
19.520000,0,FR_foot,0.97495842,-0.07954971,0.02029892
19.520000,0,RL_foot,0.54227769,0.24288109,0.14449759
19.520000,0,RR_foot,0.34916902,0.01125210,0.02015585
19.540000,0,FL_foot,0.88500059,0.39524508,0.02021391
19.540000,0,FR_foot,0.97495848,-0.07954995,0.02029886
19.540000,0,RL_foot,0.54229391,0.24289586,0.14450474
19.540000,0,RR_foot,0.34917012,0.01125374,0.02015569
19.560000,0,FL_foot,0.88500172,0.39524519,0.02021396
19.560000,0,FR_foot,0.97495890,-0.07955007,0.02029896
19.560000,0,RL_foot,0.54230964,0.24291019,0.14451163
19.560000,0,RR_foot,0.34917119,0.01125546,0.02015571
19.580000,0,FL_foot,0.88500243,0.39524502,0.02021403
19.580000,0,FR_foot,0.97495836,-0.07955031,0.02029888
19.580000,0,RL_foot,0.54232526,0.24292403,0.14451817
19.580000,0,RR_foot,0.34917197,0.01125705,0.02015588
19.600000,0,FL_foot,0.88500321,0.39524505,0.02021390
19.600000,0,FR_foot,0.97495860,-0.07955068,0.02029888
19.600000,0,RL_foot,0.54234046,0.24293718,0.14452457
19.600000,0,RR_foot,0.34917307,0.01125851,0.02015574
19.620000,0,FL_foot,0.88500458,0.39524502,0.02021383
19.620000,0,FR_foot,0.97495866,-0.07955100,0.02029874
19.620000,0,RL_foot,0.54235548,0.24294992,0.14453109
19.620000,0,RR_foot,0.34917414,0.01126002,0.02015569
19.640000,0,FL_foot,0.88500541,0.39524493,0.02021398
19.640000,0,FR_foot,0.97495884,-0.07955139,0.02029896
19.640000,0,RL_foot,0.54237032,0.24296226,0.14453766
19.640000,0,RR_foot,0.34917471,0.01126168,0.02015586
19.660000,0,FL_foot,0.88500643,0.39524472,0.02021393
19.660000,0,FR_foot,0.97495866,-0.07955170,0.02029874
19.660000,0,RL_foot,0.54238498,0.24297428,0.14454408
19.660000,0,RR_foot,0.34917578,0.01126323,0.02015574
19.680000,0,FL_foot,0.88500738,0.39524469,0.02021398
19.680000,0,FR_foot,0.97495854,-0.07955203,0.02029891
19.680000,0,RL_foot,0.54239929,0.24298584,0.14455041
19.680000,0,RR_foot,0.34917638,0.01126458,0.02015588
19.700000,0,FL_foot,0.88500845,0.39524445,0.02021395
19.700000,0,FR_foot,0.97495854,-0.07955256,0.02029891
19.700000,0,RL_foot,0.54241306,0.24299727,0.14455669
19.700000,0,RR_foot,0.34917733,0.01126587,0.02015583
19.720000,0,FL_foot,0.88500953,0.39524427,0.02021394
19.720000,0,FR_foot,0.97495842,-0.07955296,0.02029890
19.720000,0,RL_foot,0.54242706,0.24300823,0.14456294
19.720000,0,RR_foot,0.34917817,0.01126723,0.02015586
19.740000,0,FL_foot,0.88501018,0.39524427,0.02021393
19.740000,0,FR_foot,0.97495848,-0.07955325,0.02029896
19.740000,0,RL_foot,0.54244047,0.24301906,0.14456904
19.740000,0,RR_foot,0.34917909,0.01126844,0.02015594
19.760000,0,FL_foot,0.88501126,0.39524403,0.02021369
19.760000,0,FR_foot,0.97495866,-0.07955365,0.02029890
19.760000,0,RL_foot,0.54245353,0.24302962,0.14457496
19.760000,0,RR_foot,0.34917989,0.01126970,0.02015588
19.780000,0,FL_foot,0.88501191,0.39524382,0.02021386
19.780000,0,FR_foot,0.97495830,-0.07955395,0.02029898
19.780000,0,RL_foot,0.54246628,0.24304010,0.14458084
19.780000,0,RR_foot,0.34918061,0.01127092,0.02015596
19.800000,0,FL_foot,0.88501298,0.39524376,0.02021382
19.800000,0,FR_foot,0.97495794,-0.07955439,0.02029882
19.800000,0,RL_foot,0.54247874,0.24305041,0.14458649
19.800000,0,RR_foot,0.34918126,0.01127237,0.02015582
19.820000,0,FL_foot,0.88501394,0.39524344,0.02021383
19.820000,0,FR_foot,0.97495854,-0.07955478,0.02029879
19.820000,0,RL_foot,0.54249102,0.24306063,0.14459226
19.820000,0,RR_foot,0.34918231,0.01127366,0.02015586
19.840000,0,FL_foot,0.88501447,0.39524329,0.02021376
19.840000,0,FR_foot,0.97495812,-0.07955514,0.02029889
19.840000,0,RL_foot,0.54250294,0.24307071,0.14459769
19.840000,0,RR_foot,0.34918284,0.01127464,0.02015585
19.860000,0,FL_foot,0.88501561,0.39524326,0.02021388
19.860000,0,FR_foot,0.97495830,-0.07955542,0.02029883
19.860000,0,RL_foot,0.54251510,0.24308053,0.14460315
19.860000,0,RR_foot,0.34918356,0.01127597,0.02015594
19.880000,0,FL_foot,0.88501638,0.39524302,0.02021383
19.880000,0,FR_foot,0.97495818,-0.07955591,0.02029893
19.880000,0,RL_foot,0.54252678,0.24309032,0.14460863
19.880000,0,RR_foot,0.34918416,0.01127719,0.02015588
19.900000,0,FL_foot,0.88501722,0.39524299,0.02021371
19.900000,0,FR_foot,0.97495794,-0.07955607,0.02029880
19.900000,0,RL_foot,0.54253829,0.24309999,0.14461409
19.900000,0,RR_foot,0.34918484,0.01127829,0.02015580
19.920000,0,FL_foot,0.88501787,0.39524275,0.02021384
19.920000,0,FR_foot,0.97495830,-0.07955663,0.02029888
19.920000,0,RL_foot,0.54254943,0.24310969,0.14461963
19.920000,0,RR_foot,0.34918585,0.01127956,0.02015590
19.940000,0,FL_foot,0.88501900,0.39524248,0.02021390
19.940000,0,FR_foot,0.97495812,-0.07955699,0.02029873
19.940000,0,RL_foot,0.54256070,0.24311936,0.14462483
19.940000,0,RR_foot,0.34918654,0.01128073,0.02015587
19.960000,0,FL_foot,0.88501966,0.39524233,0.02021386
19.960000,0,FR_foot,0.97495776,-0.07955725,0.02029880
19.960000,0,RL_foot,0.54257160,0.24312897,0.14463010
19.960000,0,RR_foot,0.34918684,0.01128209,0.02015589
19.980000,0,FL_foot,0.88502061,0.39524227,0.02021367
19.980000,0,FR_foot,0.97495800,-0.07955761,0.02029893
19.980000,0,RL_foot,0.54258245,0.24313818,0.14463536
19.980000,0,RR_foot,0.34918764,0.01128282,0.02015585
20.000000,0,FL_foot,0.88502127,0.39524221,0.02021366
20.000000,0,FR_foot,0.97495770,-0.07955790,0.02029870
20.000000,0,RL_foot,0.54259324,0.24314752,0.14464071
20.000000,0,RR_foot,0.34918833,0.01128394,0.02015610
20.020000,0,FL_foot,0.88502204,0.39524183,0.02021365
20.020000,0,FR_foot,0.97495776,-0.07955826,0.02029888
20.020000,0,RL_foot,0.54260355,0.24315681,0.14464565
20.020000,0,RR_foot,0.34918898,0.01128519,0.02015591
20.040000,0,FL_foot,0.88502264,0.39524201,0.02021366
20.040000,0,FR_foot,0.97495764,-0.07955845,0.02029884
20.040000,0,RL_foot,0.54261404,0.24316585,0.14465074
20.040000,0,RR_foot,0.34918976,0.01128625,0.02015583
20.060000,0,FL_foot,0.88502342,0.39524177,0.02021364
20.060000,0,FR_foot,0.97495782,-0.07955878,0.02029890
20.060000,0,RL_foot,0.54262400,0.24317503,0.14465569
20.060000,0,RR_foot,0.34919038,0.01128717,0.02015597
20.080000,0,FL_foot,0.88500482,0.39529598,0.02022074
20.080000,0,FR_foot,0.97501010,-0.07951158,0.02029473
20.080000,0,RL_foot,0.54074168,0.24353935,0.14364836
20.080000,0,RR_foot,0.34917295,0.01124943,0.02014568
20.100000,0,FL_foot,0.88491476,0.39538437,0.02022330
20.100000,0,FR_foot,0.97509384,-0.07941734,0.02029208
20.100000,0,RL_foot,0.53738618,0.24422547,0.14121689
20.100000,0,RR_foot,0.34918371,0.01113998,0.02015948
20.120000,0,FL_foot,0.88480753,0.39549479,0.02022308
20.120000,0,FR_foot,0.97519398,-0.07929251,0.02029080
20.120000,0,RL_foot,0.53311270,0.24496350,0.13811620
20.120000,0,RR_foot,0.34918466,0.01103298,0.02016160
20.140000,0,FL_foot,0.88468915,0.39561421,0.02022447
20.140000,0,FR_foot,0.97534430,-0.07875194,0.02028986
20.140000,0,RL_foot,0.52864617,0.24541022,0.13485268
20.140000,0,RR_foot,0.34918466,0.01091431,0.02016079
20.160000,0,FL_foot,0.88456488,0.39573547,0.02022553
20.160000,0,FR_foot,0.97553205,-0.07795483,0.02028813
20.160000,0,RL_foot,0.52436638,0.24546942,0.13156882
20.160000,0,RR_foot,0.34918380,0.01078738,0.02015856
20.180000,0,FL_foot,0.88443959,0.39584813,0.02022632
20.180000,0,FR_foot,0.97572541,-0.07727969,0.02028517
20.180000,0,RL_foot,0.52030760,0.24559397,0.12731032
20.180000,0,RR_foot,0.34917811,0.01065511,0.02014852
20.200000,0,FL_foot,0.88431823,0.39594314,0.02022772
20.200000,0,FR_foot,0.97606176,-0.07617736,0.02028579
20.200000,0,RL_foot,0.51607335,0.24606794,0.12161786
20.200000,0,RR_foot,0.34916908,0.01051555,0.02014096
20.220000,0,FL_foot,0.88420826,0.39601684,0.02022866
20.220000,0,FR_foot,0.97650433,-0.07476261,0.02028681
20.220000,0,RL_foot,0.51122719,0.24710527,0.11414237
20.220000,0,RR_foot,0.34915695,0.01036776,0.02013153
20.240000,0,FL_foot,0.88410467,0.39606699,0.02022852
20.240000,0,FR_foot,0.97704178,-0.07310165,0.02028636
20.240000,0,RL_foot,0.50521249,0.24904105,0.10439299
20.240000,0,RR_foot,0.34914201,0.01020919,0.02012334
20.260000,0,FL_foot,0.88400912,0.39609158,0.02022999
20.260000,0,FR_foot,0.97755665,-0.07147450,0.02028509
20.260000,0,RL_foot,0.49727926,0.25233421,0.09191134
20.260000,0,RR_foot,0.34912479,0.01003793,0.02011929
20.280000,0,FL_foot,0.88391387,0.39609879,0.02023276
20.280000,0,FR_foot,0.97820646,-0.06974420,0.02028231
20.280000,0,RL_foot,0.48672763,0.25746715,0.07670846
20.280000,0,RR_foot,0.34910443,0.00984925,0.02012622
20.300000,0,FL_foot,0.88382000,0.39608181,0.02023529
20.300000,0,FR_foot,0.97849625,-0.06916790,0.02027761
20.300000,0,RL_foot,0.47314131,0.26510179,0.05903909
20.300000,0,RR_foot,0.34906963,0.00964695,0.02013365
20.320000,0,FL_foot,0.88373148,0.39604670,0.02024011
20.320000,0,FR_foot,0.97850132,-0.06920749,0.02028678
20.320000,0,RL_foot,0.45718545,0.27558339,0.04038446
20.320000,0,RR_foot,0.34902439,0.00942907,0.02014194
20.340000,0,FL_foot,0.88360363,0.39603677,0.02024454
20.340000,0,FR_foot,0.97851050,-0.06919269,0.02029484
20.340000,0,RL_foot,0.44067517,0.28676474,0.02387737
20.340000,0,RR_foot,0.34895268,0.00923358,0.02015457
20.360000,0,FL_foot,0.88578373,0.39875335,0.02150596
20.360000,0,FR_foot,0.97848934,-0.06912767,0.02030970
20.360000,0,RL_foot,0.43699783,0.28935921,0.02024964
20.360000,0,RR_foot,0.34871861,0.00880082,0.02015680
20.380000,0,FL_foot,0.89517313,0.40637177,0.02279373
20.380000,0,FR_foot,0.97833353,-0.06901259,0.02030116
20.380000,0,RL_foot,0.43694496,0.28875017,0.02033417
20.380000,0,RR_foot,0.35097155,0.00798245,0.02157330
20.400000,0,FL_foot,0.90253055,0.41650632,0.02370053
20.400000,0,FR_foot,0.97840083,-0.06879540,0.02029789
20.400000,0,RL_foot,0.43684119,0.28850392,0.02031030
20.400000,0,RR_foot,0.36191374,0.00563679,0.02222971
20.420000,0,FL_foot,0.90501285,0.42825785,0.02437378
20.420000,0,FR_foot,0.97848314,-0.06855628,0.02029832
20.420000,0,RL_foot,0.43676862,0.28825772,0.02029748
20.420000,0,RR_foot,0.37997508,0.00357206,0.02266126
20.440000,0,FL_foot,0.90415549,0.44109258,0.02524465
20.440000,0,FR_foot,0.97859418,-0.06830835,0.02029772
20.440000,0,RL_foot,0.43673170,0.28797913,0.02029847
20.440000,0,RR_foot,0.40052912,0.00168040,0.02338355
20.460000,0,FL_foot,0.90071088,0.45442012,0.02641158
20.460000,0,FR_foot,0.97872543,-0.06804498,0.02029464
20.460000,0,RL_foot,0.43669203,0.28772360,0.02029499
20.460000,0,RR_foot,0.42094648,-0.00011386,0.02450675
20.480000,0,FL_foot,0.89493155,0.46744269,0.02766500
20.480000,0,FR_foot,0.97886944,-0.06777395,0.02029077
20.480000,0,RL_foot,0.43667445,0.28745815,0.02028790
20.480000,0,RR_foot,0.43971676,-0.00202019,0.02593157
20.500000,0,FL_foot,0.88708615,0.47913590,0.02863958
20.500000,0,FR_foot,0.97902274,-0.06749941,0.02028946
20.500000,0,RL_foot,0.43669003,0.28716794,0.02029025
20.500000,0,RR_foot,0.45581833,-0.00458490,0.02730050
20.520000,0,FL_foot,0.87762415,0.48836631,0.02889386
20.520000,0,FR_foot,0.97917777,-0.06722380,0.02028735
20.520000,0,RL_foot,0.43670499,0.28692025,0.02028821
20.520000,0,RR_foot,0.46882397,-0.00845972,0.02813800
20.540000,0,FL_foot,0.86721116,0.49460721,0.02812071
20.540000,0,FR_foot,0.97934270,-0.06694433,0.02028564
20.540000,0,RL_foot,0.43673673,0.28666827,0.02028055
20.540000,0,RR_foot,0.47884727,-0.01387087,0.02831997
20.560000,0,FL_foot,0.85640562,0.49826580,0.02636624
20.560000,0,FR_foot,0.97950023,-0.06665258,0.02028719
20.560000,0,RL_foot,0.43679452,0.28640088,0.02028249
20.560000,0,RR_foot,0.48625970,-0.02082654,0.02794306
20.580000,0,FL_foot,0.84559381,0.49996144,0.02384834
20.580000,0,FR_foot,0.97966659,-0.06635313,0.02028659
20.580000,0,RL_foot,0.43685251,0.28617480,0.02028099
20.580000,0,RR_foot,0.49142909,-0.02925892,0.02718808
20.600000,0,FL_foot,0.83499300,0.50024766,0.02078992
20.600000,0,FR_foot,0.97984409,-0.06604996,0.02028535
20.600000,0,RL_foot,0.43692514,0.28594655,0.02027526
20.600000,0,RR_foot,0.49466750,-0.03910035,0.02626729
20.620000,0,FL_foot,0.83311993,0.50058341,0.02018169
20.620000,0,FR_foot,0.98000467,-0.06574770,0.02028929
20.620000,0,RL_foot,0.43688577,0.28614283,0.02028749
20.620000,0,RR_foot,0.49700820,-0.04916761,0.02333237
20.640000,0,FL_foot,0.82953578,0.50035477,0.02018473
20.640000,0,FR_foot,0.98014611,-0.06550366,0.02028639
20.640000,0,RL_foot,0.43692282,0.28589651,0.02028904
20.640000,0,RR_foot,0.49864185,-0.05773678,0.02057739
20.660000,0,FL_foot,0.82753390,0.50003815,0.02017773
20.660000,0,FR_foot,0.98028028,-0.06527804,0.02028609
20.660000,0,RL_foot,0.43695205,0.28568348,0.02029183
20.660000,0,RR_foot,0.49948883,-0.06149099,0.02023572
20.680000,0,FL_foot,0.82614195,0.49955902,0.02019510
20.680000,0,FR_foot,0.98039538,-0.06506702,0.02028725
20.680000,0,RL_foot,0.43697307,0.28550267,0.02028261
20.680000,0,RR_foot,0.49982038,-0.06317863,0.02018270
20.700000,0,FL_foot,0.82554108,0.50012428,0.02020408
20.700000,0,FR_foot,0.98049903,-0.06483534,0.02027473
20.700000,0,RL_foot,0.43698081,0.28540000,0.02028100
20.700000,0,RR_foot,0.49975646,-0.06346861,0.02018587
20.720000,0,FL_foot,0.82536799,0.50034434,0.02018524
20.720000,0,FR_foot,0.98066837,-0.06076159,0.02027564
20.720000,0,RL_foot,0.44536161,0.28110605,0.02281968
20.720000,0,RR_foot,0.49991962,-0.06336617,0.02019655
20.740000,0,FL_foot,0.82516986,0.50054175,0.02018781
20.740000,0,FR_foot,0.98279148,-0.05073107,0.02027704
20.740000,0,RL_foot,0.45890975,0.26679802,0.03130187
20.740000,0,RR_foot,0.49994540,-0.06341162,0.02020416
20.760000,0,FL_foot,0.82494360,0.50072259,0.02019000
20.760000,0,FR_foot,0.98487002,-0.03654865,0.02026124
20.760000,0,RL_foot,0.47047997,0.24802688,0.04467121
20.760000,0,RR_foot,0.49997878,-0.06348096,0.02021774
20.780000,0,FL_foot,0.82469946,0.50092900,0.02020115
20.780000,0,FR_foot,0.98629296,-0.02027565,0.02024751
20.780000,0,RL_foot,0.47777727,0.22900672,0.06172442
20.780000,0,RR_foot,0.50003648,-0.06353853,0.02022178
20.800000,0,FL_foot,0.82445800,0.50115860,0.02020052
20.800000,0,FR_foot,0.98803812,-0.00669179,0.02025950
20.800000,0,RL_foot,0.48154727,0.21497360,0.07745366
20.800000,0,RR_foot,0.50012249,-0.06355374,0.02022311
20.820000,0,FL_foot,0.82423389,0.50139910,0.02020028
20.820000,0,FR_foot,0.98945063,0.00191714,0.02027152
20.820000,0,RL_foot,0.48331681,0.20571993,0.08953805
20.820000,0,RR_foot,0.50023222,-0.06356972,0.02021526
20.840000,0,FL_foot,0.82402170,0.50164068,0.02020247
20.840000,0,FR_foot,0.99024266,0.00692278,0.02027899
20.840000,0,RL_foot,0.48441288,0.19950382,0.09858015
20.840000,0,RR_foot,0.50032920,-0.06358640,0.02020814
20.860000,0,FL_foot,0.82382166,0.50186193,0.02020536
20.860000,0,FR_foot,0.99068546,0.01052414,0.02027688
20.860000,0,RL_foot,0.48526827,0.19512352,0.10545234
20.860000,0,RR_foot,0.50042027,-0.06359413,0.02020055
20.880000,0,FL_foot,0.82362396,0.50206929,0.02020664
20.880000,0,FR_foot,0.99112999,0.01425767,0.02027422
20.880000,0,RL_foot,0.48583788,0.19183105,0.11069909
20.880000,0,RR_foot,0.50049841,-0.06360237,0.02019644
20.900000,0,FL_foot,0.82342207,0.50227749,0.02021028
20.900000,0,FR_foot,0.99170238,0.01880861,0.02027422
20.900000,0,RL_foot,0.48597801,0.18917835,0.11465394
20.900000,0,RR_foot,0.50057507,-0.06364234,0.02020116
20.920000,0,FL_foot,0.82322019,0.50246185,0.02021360
20.920000,0,FR_foot,0.99243134,0.02405830,0.02027220
20.920000,0,RL_foot,0.48557913,0.18699785,0.11735538
20.920000,0,RR_foot,0.50065202,-0.06368173,0.02019260
20.940000,0,FL_foot,0.82301849,0.50263602,0.02021601
20.940000,0,FR_foot,0.99340975,0.02970441,0.02027059
20.940000,0,RL_foot,0.48463178,0.18515339,0.11887064
20.940000,0,RR_foot,0.50072116,-0.06372487,0.02018680
20.960000,0,FL_foot,0.82281142,0.50281173,0.02022006
20.960000,0,FR_foot,0.99451756,0.03542049,0.02026288
20.960000,0,RL_foot,0.48314533,0.18358418,0.11919841
20.960000,0,RR_foot,0.50079447,-0.06378831,0.02019383
20.980000,0,FL_foot,0.82261002,0.50296634,0.02022234
20.980000,0,FR_foot,0.99552083,0.04083514,0.02026605
20.980000,0,RL_foot,0.48111826,0.18230256,0.11821535
20.980000,0,RR_foot,0.50085479,-0.06386777,0.02018002
21.000000,0,FL_foot,0.82240915,0.50310969,0.02022523
21.000000,0,FR_foot,0.99661028,0.04588014,0.02026670
21.000000,0,RL_foot,0.47856322,0.18111537,0.11632682
21.000000,0,RR_foot,0.50091565,-0.06393948,0.02016768
21.020000,0,FL_foot,0.82220489,0.50325203,0.02022939
21.020000,0,FR_foot,0.99770445,0.05004859,0.02026477
21.020000,0,RL_foot,0.47560671,0.17997357,0.11361249
21.020000,0,RR_foot,0.50097251,-0.06402905,0.02017615
21.040000,0,FL_foot,0.82200593,0.50337559,0.02023259
21.040000,0,FR_foot,0.99854374,0.05356939,0.02026417
21.040000,0,RL_foot,0.47209376,0.17905664,0.10967148
21.040000,0,RR_foot,0.50101942,-0.06412764,0.02017633
21.060000,0,FL_foot,0.82181054,0.50348765,0.02023485
21.060000,0,FR_foot,0.99934572,0.05724717,0.02026731
21.060000,0,RL_foot,0.46774375,0.17824973,0.10464725
21.060000,0,RR_foot,0.50105870,-0.06422979,0.02016458
21.080000,0,FL_foot,0.82160878,0.50359827,0.02023856
21.080000,0,FR_foot,1.00037646,0.06102370,0.02026612
21.080000,0,RL_foot,0.46236202,0.17740788,0.09865028
21.080000,0,RR_foot,0.50110054,-0.06435180,0.02016707
21.100000,0,FL_foot,0.82140988,0.50369322,0.02024139
21.100000,0,FR_foot,1.00140035,0.06459311,0.02026844
21.100000,0,RL_foot,0.45557410,0.17673421,0.09109558
21.100000,0,RR_foot,0.50113612,-0.06447852,0.02015854
21.120000,0,FL_foot,0.82121021,0.50377959,0.02024469
21.120000,0,FR_foot,1.00270844,0.06881798,0.02027040
21.120000,0,RL_foot,0.44701055,0.17610979,0.08219043
21.120000,0,RR_foot,0.50117445,-0.06462172,0.02015565
21.140000,0,FL_foot,0.82100534,0.50386351,0.02024793
21.140000,0,FR_foot,1.00446749,0.07362356,0.02027085
21.140000,0,RL_foot,0.43654627,0.17544970,0.07220361
21.140000,0,RR_foot,0.50121832,-0.06477720,0.02015303
21.160000,0,FL_foot,0.82079828,0.50393689,0.02025189
21.160000,0,FR_foot,1.00668991,0.07888228,0.02027263
21.160000,0,RL_foot,0.42410067,0.17475937,0.06141271
21.160000,0,RR_foot,0.50126868,-0.06494692,0.02015167
21.180000,0,FL_foot,0.82059842,0.50400269,0.02025408
21.180000,0,FR_foot,1.00908947,0.08371924,0.02028207
21.180000,0,RL_foot,0.40956065,0.17428695,0.04982829
21.180000,0,RR_foot,0.50131464,-0.06511795,0.02013832
21.200000,0,FL_foot,0.82039487,0.50405836,0.02025944
21.200000,0,FR_foot,1.01135695,0.08785504,0.02027586
21.200000,0,RL_foot,0.39244938,0.17454892,0.03737232
21.200000,0,RR_foot,0.50135815,-0.06526152,0.02014856
21.220000,0,FL_foot,0.82020044,0.50410432,0.02026151
21.220000,0,FR_foot,1.01197028,0.08884984,0.02027427
21.220000,0,RL_foot,0.37367937,0.17612442,0.02432803
21.220000,0,RR_foot,0.50139183,-0.06549184,0.02015726
21.240000,0,FL_foot,0.81843013,0.50328863,0.02031854
21.240000,0,FR_foot,1.01193643,0.08898755,0.02029450
21.240000,0,RL_foot,0.36875278,0.17760447,0.02043254
21.240000,0,RR_foot,0.50118786,-0.06619395,0.02020531
21.260000,0,FL_foot,0.81820816,0.50375921,0.02026918
21.260000,0,FR_foot,1.01189232,0.08917289,0.02028177
21.260000,0,RL_foot,0.36872962,0.17757915,0.02030038
21.260000,0,RR_foot,0.49721739,-0.07312477,0.02019001
21.280000,0,FL_foot,0.81552976,0.50731856,0.02026114
21.280000,0,FR_foot,1.01186132,0.08941158,0.02028470
21.280000,0,RL_foot,0.36872411,0.17738704,0.02030569
21.280000,0,RR_foot,0.49515906,-0.07893682,0.02126804
21.300000,0,FL_foot,0.81046486,0.51394504,0.02025519
21.300000,0,FR_foot,1.01186466,0.08965893,0.02028167
21.300000,0,RL_foot,0.36875606,0.17717974,0.02029005
21.300000,0,RR_foot,0.49826220,-0.07999384,0.02340809
21.320000,0,FL_foot,0.80309927,0.52252918,0.02024062
21.320000,0,FR_foot,1.01187587,0.08991151,0.02028148
21.320000,0,RL_foot,0.36882618,0.17696138,0.02028757
21.320000,0,RR_foot,0.50574809,-0.07860072,0.02563701
21.340000,0,FL_foot,0.79360640,0.53128672,0.02023031
21.340000,0,FR_foot,1.01188660,0.09018511,0.02028007
21.340000,0,RL_foot,0.36888430,0.17675085,0.02028464
21.340000,0,RR_foot,0.51572526,-0.07641008,0.02764501
21.360000,0,FL_foot,0.78297102,0.53874338,0.02022458
21.360000,0,FR_foot,1.01190770,0.09046298,0.02027754
21.360000,0,RL_foot,0.36896053,0.17652522,0.02027353
21.360000,0,RR_foot,0.52657485,-0.07439460,0.02935028
21.380000,0,FL_foot,0.77234989,0.54418367,0.02022157
21.380000,0,FR_foot,1.01192749,0.09074530,0.02027643
21.380000,0,RL_foot,0.36906374,0.17628783,0.02027975
21.380000,0,RR_foot,0.53725845,-0.07320623,0.03056947
21.400000,0,FL_foot,0.76231945,0.54758179,0.02022032
21.400000,0,FR_foot,1.01194811,0.09103768,0.02027511
21.400000,0,RL_foot,0.36914828,0.17607120,0.02028219
21.400000,0,RR_foot,0.54727709,-0.07305107,0.03117357
21.420000,0,FL_foot,0.75271600,0.54957700,0.02021753
21.420000,0,FR_foot,1.01196802,0.09131229,0.02027422
21.420000,0,RL_foot,0.36924881,0.17584176,0.02027033
21.420000,0,RR_foot,0.55643815,-0.07376148,0.03130461
21.440000,0,FL_foot,0.74319655,0.55062473,0.02021287
21.440000,0,FR_foot,1.01199162,0.09157947,0.02027478
21.440000,0,RL_foot,0.36937249,0.17560646,0.02027698
21.440000,0,RR_foot,0.56480443,-0.07522845,0.03107981
21.460000,0,FL_foot,0.73371118,0.55088216,0.02020945
21.460000,0,FR_foot,1.01201928,0.09185062,0.02027413
21.460000,0,RL_foot,0.36948267,0.17538679,0.02027737
21.460000,0,RR_foot,0.57254654,-0.07738022,0.03056019
21.480000,0,FL_foot,0.72429031,0.55047673,0.02020630
21.480000,0,FR_foot,1.01204598,0.09210845,0.02027321
21.480000,0,RL_foot,0.36960697,0.17515594,0.02026391
21.480000,0,RR_foot,0.57984531,-0.08010373,0.02982274
21.500000,0,FL_foot,0.71488386,0.54945308,0.02020223
21.500000,0,FR_foot,1.01207638,0.09236408,0.02027358
21.500000,0,RL_foot,0.36975390,0.17491689,0.02027065
21.500000,0,RR_foot,0.58686006,-0.08331657,0.02892813
21.520000,0,FL_foot,0.70557672,0.54782808,0.02019909
21.520000,0,FR_foot,1.01211238,0.09262723,0.02027293
21.520000,0,RL_foot,0.36988783,0.17469092,0.02027010
21.520000,0,RR_foot,0.59374493,-0.08700009,0.02788128
21.540000,0,FL_foot,0.69649434,0.54565614,0.02019792
21.540000,0,FR_foot,1.01214683,0.09288159,0.02027156
21.540000,0,RL_foot,0.37003732,0.17445266,0.02025589
21.540000,0,RR_foot,0.60059428,-0.09115933,0.02669889
21.560000,0,FL_foot,0.68761235,0.54291588,0.02019347
21.560000,0,FR_foot,1.01218665,0.09313626,0.02027194
21.560000,0,RL_foot,0.37021098,0.17420450,0.02026434
21.560000,0,RR_foot,0.60744077,-0.09587026,0.02541124
21.580000,0,FL_foot,0.67899448,0.53965807,0.02019110
21.580000,0,FR_foot,1.01223540,0.09339621,0.02027153
21.580000,0,RL_foot,0.37037843,0.17396669,0.02026425
21.580000,0,RR_foot,0.61425847,-0.10129140,0.02403596
21.600000,0,FL_foot,0.67052472,0.53588933,0.02019162
21.600000,0,FR_foot,1.01228845,0.09364830,0.02026946
21.600000,0,RL_foot,0.37056869,0.17371279,0.02024598
21.600000,0,RR_foot,0.62099081,-0.10761200,0.02254875
21.620000,0,FL_foot,0.66201544,0.53156358,0.02018698
21.620000,0,FR_foot,1.01234519,0.09389476,0.02026931
21.620000,0,RL_foot,0.37078831,0.17344597,0.02024615
21.620000,0,RR_foot,0.62747765,-0.11503694,0.02095237
21.640000,0,FL_foot,0.65480554,0.52744740,0.02019181
21.640000,0,FR_foot,1.01240158,0.09413816,0.02026834
21.640000,0,RL_foot,0.37098610,0.17319655,0.02024442
21.640000,0,RR_foot,0.63210869,-0.12096016,0.02023134
21.660000,0,FL_foot,0.65052533,0.52436215,0.02019724
21.660000,0,FR_foot,1.01244581,0.09437842,0.02026692
21.660000,0,RL_foot,0.37117243,0.17295073,0.02024122
21.660000,0,RR_foot,0.63470137,-0.12460794,0.02022657
21.680000,0,FL_foot,0.64855123,0.52237487,0.02019878
21.680000,0,FR_foot,1.01246965,0.09462477,0.02026605
21.680000,0,RL_foot,0.37135300,0.17273295,0.02023541
21.680000,0,RR_foot,0.63604188,-0.12735830,0.02024282
21.700000,0,FL_foot,0.64772624,0.52109033,0.02017882
21.700000,0,FR_foot,1.01248014,0.09486107,0.02026434
21.700000,0,RL_foot,0.37145713,0.17254809,0.02021797
21.700000,0,RR_foot,0.63630372,-0.12872671,0.02023507
21.720000,0,FL_foot,0.64764088,0.52171040,0.02018942
21.720000,0,FR_foot,1.00893068,0.09931029,0.02026196
21.720000,0,RL_foot,0.38571942,0.16898024,0.02337434
21.720000,0,RR_foot,0.63638616,-0.12880294,0.02021826
21.740000,0,FL_foot,0.64735419,0.52176285,0.02019011
21.740000,0,FR_foot,1.00238895,0.11193770,0.02023556
21.740000,0,RL_foot,0.40981477,0.15866204,0.03278881
21.740000,0,RR_foot,0.63644135,-0.12887616,0.02020116
21.760000,0,FL_foot,0.64703530,0.52181470,0.02019573
21.760000,0,FR_foot,0.99566752,0.13020334,0.02070344
21.760000,0,RL_foot,0.43227616,0.14357717,0.04802375
21.760000,0,RR_foot,0.63651913,-0.12894425,0.02021125
21.780000,0,FL_foot,0.64670199,0.52186751,0.02020016
21.780000,0,FR_foot,0.99185324,0.14924450,0.02181338
21.780000,0,RL_foot,0.44963259,0.12822042,0.06637286
21.780000,0,RR_foot,0.63661736,-0.12899017,0.02020901
21.800000,0,FL_foot,0.64636195,0.52194178,0.02020186
21.800000,0,FR_foot,0.99096543,0.16663608,0.02271382
21.800000,0,RL_foot,0.46116015,0.11647039,0.08325923
21.800000,0,RR_foot,0.63674670,-0.12901358,0.02020476
21.820000,0,FL_foot,0.64601946,0.52203190,0.02020526
21.820000,0,FR_foot,0.99135023,0.18168165,0.02292562
21.820000,0,RL_foot,0.46812892,0.10805778,0.09682123
21.820000,0,RR_foot,0.63690388,-0.12901621,0.02020127
21.840000,0,FL_foot,0.64570010,0.52212667,0.02020969
21.840000,0,FR_foot,0.99174744,0.19416912,0.02239577
21.840000,0,RL_foot,0.47242391,0.10179855,0.10748024
21.840000,0,RR_foot,0.63708043,-0.12900192,0.02019662
21.860000,0,FL_foot,0.64540148,0.52223492,0.02021185
21.860000,0,FR_foot,0.99178630,0.20429473,0.02118692
21.860000,0,RL_foot,0.47526234,0.09701111,0.11581550
21.860000,0,RR_foot,0.63727266,-0.12897554,0.02018914
21.880000,0,FL_foot,0.64511329,0.52231467,0.02022801
21.880000,0,FR_foot,0.99170357,0.20887217,0.02026226
21.880000,0,RL_foot,0.47790384,0.09343681,0.12161635
21.880000,0,RR_foot,0.63880241,-0.12918110,0.02000503
21.900000,0,FL_foot,0.64490277,0.52240515,0.02021955
21.900000,0,FR_foot,0.99147159,0.21037169,0.02046027
21.900000,0,RL_foot,0.48075372,0.09132136,0.12342102
21.900000,0,RR_foot,0.63821375,-0.12875657,0.02019029
21.920000,0,FL_foot,0.64467430,0.52246445,0.02022318
21.920000,0,FR_foot,0.99136305,0.21367103,0.02022693
21.920000,0,RL_foot,0.48231873,0.08907092,0.12498064
21.920000,0,RR_foot,0.63839632,-0.12881327,0.02027975
21.940000,0,FL_foot,0.64446926,0.52252036,0.02022413
21.940000,0,FR_foot,0.99136466,0.21412280,0.02025395
21.940000,0,RL_foot,0.48345965,0.08758601,0.12455759
21.940000,0,RR_foot,0.63850969,-0.12886818,0.02020056
21.960000,0,FL_foot,0.64426696,0.52255332,0.02022574
21.960000,0,FR_foot,0.99127829,0.21465370,0.02025963
21.960000,0,RL_foot,0.48416039,0.08615096,0.12366957
21.960000,0,RR_foot,0.63860387,-0.12892468,0.02017275
21.980000,0,FL_foot,0.64406043,0.52257663,0.02022937
21.980000,0,FR_foot,0.99108452,0.21604545,0.02024740
21.980000,0,RL_foot,0.48469117,0.08459882,0.12274843
21.980000,0,RR_foot,0.63871241,-0.12899764,0.02019452
22.000000,0,FL_foot,0.64385837,0.52259344,0.02023020
22.000000,0,FR_foot,0.99054551,0.21799891,0.02027637
22.000000,0,RL_foot,0.48480126,0.08307530,0.12109484
22.000000,0,RR_foot,0.63879377,-0.12906183,0.02015815
22.020000,0,FL_foot,0.64363766,0.52260381,0.02023404
22.020000,0,FR_foot,0.98918080,0.22365983,0.02023393
22.020000,0,RL_foot,0.48445371,0.08087415,0.12009420
22.020000,0,RR_foot,0.63892007,-0.12913845,0.02021018
22.040000,0,FL_foot,0.64343584,0.52261043,0.02023538
22.040000,0,FR_foot,0.98876458,0.22543041,0.02037448
22.040000,0,RL_foot,0.48401591,0.07874484,0.11787974
22.040000,0,RR_foot,0.63899857,-0.12920660,0.02014959
22.060000,0,FL_foot,0.64321768,0.52260715,0.02023979
22.060000,0,FR_foot,0.98776382,0.23084436,0.02037866
22.060000,0,RL_foot,0.48274976,0.07637657,0.11541782
22.060000,0,RR_foot,0.63910043,-0.12928893,0.02015589
22.080000,0,FL_foot,0.64298624,0.52260125,0.02025029
22.080000,0,FR_foot,0.98706436,0.23537995,0.02024248
22.080000,0,RL_foot,0.48139626,0.07338822,0.11312150
22.080000,0,RR_foot,0.63928103,-0.12939842,0.02025374
22.100000,0,FL_foot,0.64278889,0.52260059,0.02024713
22.100000,0,FR_foot,0.98709548,0.23645642,0.02024818
22.100000,0,RL_foot,0.47916558,0.07115275,0.10794452
22.100000,0,RR_foot,0.63930237,-0.12944174,0.02017938
22.120000,0,FL_foot,0.64258546,0.52258670,0.02024736
22.120000,0,FR_foot,0.98662835,0.23813485,0.02028488
22.120000,0,RL_foot,0.47557977,0.06838824,0.10166319
22.120000,0,RR_foot,0.63936144,-0.12952295,0.02013560
22.140000,0,FL_foot,0.64236319,0.52256596,0.02025217
22.140000,0,FR_foot,0.98531997,0.24331526,0.02024396
22.140000,0,RL_foot,0.47049132,0.06469931,0.09484865
22.140000,0,RR_foot,0.63948482,-0.12963419,0.02016531
22.160000,0,FL_foot,0.64215922,0.52254295,0.02025452
22.160000,0,FR_foot,0.98510689,0.24529934,0.02029769
22.160000,0,RL_foot,0.46402991,0.06023744,0.08622870
22.160000,0,RR_foot,0.63958061,-0.12973705,0.02013246
22.180000,0,FL_foot,0.64194769,0.52251357,0.02025847
22.180000,0,FR_foot,0.98456806,0.24993861,0.02024568
22.180000,0,RL_foot,0.45497438,0.05488436,0.07600887
22.180000,0,RR_foot,0.63970447,-0.12986244,0.02016572
22.200000,0,FL_foot,0.64174432,0.52248061,0.02026078
22.200000,0,FR_foot,0.98441511,0.25279376,0.02031161
22.200000,0,RL_foot,0.44324848,0.04820897,0.06384349
22.200000,0,RR_foot,0.63982689,-0.12999396,0.02012847
22.220000,0,FL_foot,0.64153898,0.52244008,0.02026601
22.220000,0,FR_foot,0.98389572,0.25891110,0.02038958
22.220000,0,RL_foot,0.42784971,0.04012725,0.05065453
22.220000,0,RR_foot,0.63995826,-0.13013124,0.02014890
22.240000,0,FL_foot,0.64132214,0.52238387,0.02027222
22.240000,0,FR_foot,0.98357189,0.26685572,0.02026740
22.240000,0,RL_foot,0.40915713,0.03006134,0.03785460
22.240000,0,RR_foot,0.64009631,-0.13023154,0.02015851
22.260000,0,FL_foot,0.64112794,0.52233255,0.02027540
22.260000,0,FR_foot,0.98422641,0.26893654,0.02027658
22.260000,0,RL_foot,0.38930508,0.01965154,0.02535985
22.260000,0,RR_foot,0.64030951,-0.13043319,0.02014254
22.280000,0,FL_foot,0.63936019,0.52100754,0.02093690
22.280000,0,FR_foot,0.98412442,0.26910484,0.02031171
22.280000,0,RL_foot,0.37911549,0.01668170,0.02034925
22.280000,0,RR_foot,0.64046890,-0.13109376,0.02021035
22.300000,0,FL_foot,0.63505089,0.52164853,0.02040322
22.300000,0,FR_foot,0.98410904,0.26902851,0.02029032
22.300000,0,RL_foot,0.37878439,0.01688103,0.02020545
22.300000,0,RR_foot,0.64034832,-0.14068489,0.02018810
22.320000,0,FL_foot,0.63002127,0.52177984,0.02026812
22.320000,0,FR_foot,0.98396879,0.26927507,0.02027436
22.320000,0,RL_foot,0.37887457,0.01662678,0.02028647
22.320000,0,RR_foot,0.64193201,-0.14840607,0.02119214
22.340000,0,FL_foot,0.62149519,0.52274841,0.02026311
22.340000,0,FR_foot,0.98383194,0.26951280,0.02027434
22.340000,0,RL_foot,0.37901503,0.01646335,0.02028285
22.340000,0,RR_foot,0.64514214,-0.14918633,0.02273388
22.360000,0,FL_foot,0.60981548,0.52427089,0.02025263
22.360000,0,FR_foot,0.98369944,0.26976210,0.02027136
22.360000,0,RL_foot,0.37916765,0.01629044,0.02027205
22.360000,0,RR_foot,0.65052122,-0.14504260,0.02428291
22.380000,0,FL_foot,0.59573120,0.52547091,0.02023629
22.380000,0,FR_foot,0.98356432,0.27001122,0.02026938
22.380000,0,RL_foot,0.37934473,0.01611270,0.02026625
22.380000,0,RR_foot,0.65765887,-0.13812485,0.02576986
22.400000,0,FL_foot,0.58026731,0.52529001,0.02022135
22.400000,0,FR_foot,0.98341709,0.27027455,0.02026878
22.400000,0,RL_foot,0.37950990,0.01593463,0.02026319
22.400000,0,RR_foot,0.66589195,-0.13029040,0.02712967
22.420000,0,FL_foot,0.56493306,0.52315027,0.02021314
22.420000,0,FR_foot,0.98326886,0.27053297,0.02026694
22.420000,0,RL_foot,0.37969062,0.01575068,0.02024548
22.420000,0,RR_foot,0.67469454,-0.12286025,0.02822182
22.440000,0,FL_foot,0.55073178,0.51922232,0.02020842
22.440000,0,FR_foot,0.98311394,0.27079603,0.02026657
22.440000,0,RL_foot,0.37989277,0.01556663,0.02024782
22.440000,0,RR_foot,0.68364787,-0.11641072,0.02897413
22.460000,0,FL_foot,0.53788674,0.51390165,0.02020493
22.460000,0,FR_foot,0.98294920,0.27107558,0.02026604
22.460000,0,RL_foot,0.38007098,0.01539502,0.02024984
22.460000,0,RR_foot,0.69251543,-0.11111428,0.02931960
22.480000,0,FL_foot,0.52635580,0.50764638,0.02020445
22.480000,0,FR_foot,0.98278797,0.27134448,0.02026516
22.480000,0,RL_foot,0.38026270,0.01522106,0.02023745
22.480000,0,RR_foot,0.70124376,-0.10702188,0.02923036
22.500000,0,FL_foot,0.51583517,0.50071257,0.02019851
22.500000,0,FR_foot,0.98262888,0.27161333,0.02026582
22.500000,0,RL_foot,0.38047364,0.01505103,0.02024337
22.500000,0,RR_foot,0.70986629,-0.10417200,0.02874894
22.520000,0,FL_foot,0.50613278,0.49319077,0.02019398
22.520000,0,FR_foot,0.98246741,0.27189469,0.02026559
22.520000,0,RL_foot,0.38066387,0.01489619,0.02024573
22.520000,0,RR_foot,0.71847039,-0.10254834,0.02791429
22.540000,0,FL_foot,0.49712738,0.48531014,0.02019478
22.540000,0,FR_foot,0.98231179,0.27216405,0.02026452
22.540000,0,RL_foot,0.38087296,0.01474002,0.02023320
22.540000,0,RR_foot,0.72713476,-0.10208676,0.02683141
22.560000,0,FL_foot,0.48870820,0.47712362,0.02018626
22.560000,0,FR_foot,0.98216319,0.27243492,0.02026585
22.560000,0,RL_foot,0.38111037,0.01458828,0.02024025
22.560000,0,RR_foot,0.73596138,-0.10272428,0.02562691
22.580000,0,FL_foot,0.48084578,0.46866199,0.02018517
22.580000,0,FR_foot,0.98201847,0.27271587,0.02026524
22.580000,0,RL_foot,0.38134044,0.01444813,0.02023851
22.580000,0,RR_foot,0.74507141,-0.10440835,0.02433376
22.600000,0,FL_foot,0.47340134,0.46000025,0.02018754
22.600000,0,FR_foot,0.98188245,0.27298352,0.02026433
22.600000,0,RL_foot,0.38159427,0.01430636,0.02022356
22.600000,0,RR_foot,0.75447947,-0.10711174,0.02301927
22.620000,0,FL_foot,0.46679702,0.45162570,0.02018330
22.620000,0,FR_foot,0.98174995,0.27325094,0.02026428
22.620000,0,RL_foot,0.38187513,0.01416830,0.02022569
22.620000,0,RR_foot,0.76412004,-0.11092740,0.02172596
22.640000,0,FL_foot,0.46129060,0.44371468,0.02018460
22.640000,0,FR_foot,0.98161536,0.27352658,0.02026389
22.640000,0,RL_foot,0.38213328,0.01403803,0.02021950
22.640000,0,RR_foot,0.77380902,-0.11593870,0.02044754
22.660000,0,FL_foot,0.45990843,0.44115037,0.02019871
22.660000,0,FR_foot,0.98148173,0.27378497,0.02026117
22.660000,0,RL_foot,0.38238716,0.01389453,0.02021312
22.660000,0,RR_foot,0.77883840,-0.11850178,0.02023654
22.680000,0,FL_foot,0.45936120,0.43912020,0.02019935
22.680000,0,FR_foot,0.98134387,0.27402434,0.02026227
22.680000,0,RL_foot,0.38260710,0.01379316,0.02022373
22.680000,0,RR_foot,0.78131163,-0.12002750,0.02024327
22.700000,0,FL_foot,0.45925343,0.43819565,0.02019296
22.700000,0,FR_foot,0.98119819,0.27425584,0.02026116
22.700000,0,RL_foot,0.38278756,0.01368766,0.02020719
22.700000,0,RR_foot,0.78209853,-0.12086986,0.02024274
22.720000,0,FL_foot,0.45895076,0.43812355,0.02018058
22.720000,0,FR_foot,0.97545636,0.27535105,0.02025865
22.720000,0,RL_foot,0.39632100,0.01894714,0.02271566
22.720000,0,RR_foot,0.78220266,-0.12086260,0.02021025
22.740000,0,FL_foot,0.45862448,0.43804523,0.02018426
22.740000,0,FR_foot,0.96403468,0.28065002,0.02027093
22.740000,0,RL_foot,0.42559841,0.02355343,0.03265341
22.740000,0,RR_foot,0.78228551,-0.12085944,0.02020672
22.760000,0,FL_foot,0.45830846,0.43792769,0.02019200
22.760000,0,FR_foot,0.95062166,0.28991485,0.02103515
22.760000,0,RL_foot,0.45969287,0.02300370,0.05123709
22.760000,0,RR_foot,0.78236592,-0.12084430,0.02020968
22.780000,0,FL_foot,0.45798248,0.43781015,0.02019208
22.780000,0,FR_foot,0.94043767,0.30187592,0.02214347
22.780000,0,RL_foot,0.48606107,0.02025864,0.07209481
22.780000,0,RR_foot,0.78247255,-0.12082271,0.02020474
22.800000,0,FL_foot,0.45764992,0.43771204,0.02019455
22.800000,0,FR_foot,0.93343210,0.31512955,0.02281555
22.800000,0,RL_foot,0.50261068,0.01690879,0.08945882
22.800000,0,RR_foot,0.78260612,-0.12076882,0.02020324
22.820000,0,FL_foot,0.45733821,0.43762717,0.02019710
22.820000,0,FR_foot,0.92790711,0.32800189,0.02285428
22.820000,0,RL_foot,0.51295817,0.01328927,0.10299129
22.820000,0,RR_foot,0.78275418,-0.12068958,0.02019751
22.840000,0,FL_foot,0.45703340,0.43755698,0.02020034
22.840000,0,FR_foot,0.92309451,0.33941984,0.02222561
22.840000,0,RL_foot,0.51983631,0.00999663,0.11347499
22.840000,0,RR_foot,0.78291923,-0.12058892,0.02019130
22.860000,0,FL_foot,0.45673522,0.43749455,0.02020318
22.860000,0,FR_foot,0.91875994,0.34913304,0.02095674
22.860000,0,RL_foot,0.52475244,0.00724973,0.12164986
22.860000,0,RR_foot,0.78309834,-0.12047098,0.02018675
22.880000,0,FL_foot,0.45648634,0.43743995,0.02021166
22.880000,0,FR_foot,0.91697496,0.35267854,0.02025991
22.880000,0,RL_foot,0.52921242,0.00560839,0.12724493
22.880000,0,RR_foot,0.78407520,-0.12027814,0.02022606
22.900000,0,FL_foot,0.45628512,0.43740076,0.02021223
22.900000,0,FR_foot,0.91685647,0.35288000,0.02025484
22.900000,0,RL_foot,0.53307974,0.00492358,0.13052094
22.900000,0,RR_foot,0.78419977,-0.12026279,0.02020353
22.920000,0,FL_foot,0.45608473,0.43734303,0.02021407
22.920000,0,FR_foot,0.91673344,0.35305330,0.02025775
22.920000,0,RL_foot,0.53622562,0.00427573,0.13289267
22.920000,0,RR_foot,0.78432828,-0.12025880,0.02019443
22.940000,0,FL_foot,0.45589483,0.43726599,0.02021617
22.940000,0,FR_foot,0.91661072,0.35320738,0.02025655
22.940000,0,RL_foot,0.53896034,0.00360863,0.13456099
22.940000,0,RR_foot,0.78445619,-0.12026770,0.02019002
22.960000,0,FL_foot,0.45571011,0.43717766,0.02021818
22.960000,0,FR_foot,0.91629934,0.35377273,0.02024990
22.960000,0,RL_foot,0.54136980,0.00276830,0.13568625
22.960000,0,RR_foot,0.78458512,-0.12028840,0.02018713
22.980000,0,FL_foot,0.45552066,0.43708286,0.02022026
22.980000,0,FR_foot,0.91442049,0.35645741,0.02024414
22.980000,0,RL_foot,0.54343051,0.00150255,0.13653444
22.980000,0,RR_foot,0.78471804,-0.12031172,0.02018887
23.000000,0,FL_foot,0.45533344,0.43697181,0.02022267
23.000000,0,FR_foot,0.91116244,0.36079800,0.02024683
23.000000,0,RL_foot,0.54522592,-0.00019938,0.13707159
23.000000,0,RR_foot,0.78486717,-0.12032905,0.02017948
23.020000,0,FL_foot,0.45515031,0.43686032,0.02022555
23.020000,0,FR_foot,0.90821004,0.36511606,0.02025449
23.020000,0,RL_foot,0.54688883,-0.00211333,0.13714753
23.020000,0,RR_foot,0.78503615,-0.12034857,0.02017470
23.040000,0,FL_foot,0.45497036,0.43675062,0.02022982
23.040000,0,FR_foot,0.90607572,0.36857826,0.02023691
23.040000,0,RL_foot,0.54848856,-0.00403932,0.13681728
23.040000,0,RR_foot,0.78520960,-0.12036402,0.02020310
23.060000,0,FL_foot,0.45480946,0.43664503,0.02023105
23.060000,0,FR_foot,0.90541553,0.36958465,0.02025702
23.060000,0,RL_foot,0.54976565,-0.00575602,0.13523734
23.060000,0,RR_foot,0.78534824,-0.12040938,0.02016263
23.080000,0,FL_foot,0.45464215,0.43652374,0.02023536
23.080000,0,FR_foot,0.90349585,0.37215436,0.02023788
23.080000,0,RL_foot,0.55075932,-0.00790212,0.13355897
23.080000,0,RR_foot,0.78552711,-0.12045489,0.02020197
23.100000,0,FL_foot,0.45448834,0.43640757,0.02023555
23.100000,0,FR_foot,0.90222549,0.37351158,0.02028404
23.100000,0,RL_foot,0.55132157,-0.01010399,0.13062796
23.100000,0,RR_foot,0.78565145,-0.12050483,0.02014654
23.120000,0,FL_foot,0.45431897,0.43627855,0.02023854
23.120000,0,FR_foot,0.89795923,0.37815341,0.02024278
23.120000,0,RL_foot,0.55164176,-0.01313654,0.12813720
23.120000,0,RR_foot,0.78583312,-0.12054162,0.02017301
23.140000,0,FL_foot,0.45416096,0.43615067,0.02024113
23.140000,0,FR_foot,0.89654166,0.38031152,0.02028032
23.140000,0,RL_foot,0.55199260,-0.01622596,0.12483786
23.140000,0,RR_foot,0.78599602,-0.12058549,0.02013249
23.160000,0,FL_foot,0.45399806,0.43602121,0.02024809
23.160000,0,FR_foot,0.89476329,0.38300905,0.02022903
23.160000,0,RL_foot,0.55181533,-0.01971708,0.12076602
23.160000,0,RR_foot,0.78617525,-0.12062275,0.02022734
23.180000,0,FL_foot,0.45385167,0.43589830,0.02024750
23.180000,0,FR_foot,0.89351290,0.38441738,0.02030617
23.180000,0,RL_foot,0.55065095,-0.02346293,0.11450185
23.180000,0,RR_foot,0.78626996,-0.12068266,0.02014538
23.200000,0,FL_foot,0.45368534,0.43575707,0.02025414
23.200000,0,FR_foot,0.89086282,0.38748178,0.02024119
23.200000,0,RL_foot,0.54910946,-0.02854327,0.10818985
23.200000,0,RR_foot,0.78646421,-0.12073032,0.02020843
23.220000,0,FL_foot,0.45354038,0.43562973,0.02025468
23.220000,0,FR_foot,0.88975644,0.38906598,0.02028729
23.220000,0,RL_foot,0.54632562,-0.03451803,0.09939349
23.220000,0,RR_foot,0.78653508,-0.12077332,0.02013755
23.240000,0,FL_foot,0.45337686,0.43548000,0.02025958
23.240000,0,FR_foot,0.88692719,0.39263600,0.02024332
23.240000,0,RL_foot,0.54259598,-0.04258488,0.08989505
23.240000,0,RR_foot,0.78673899,-0.12082951,0.02019545
23.260000,0,FL_foot,0.45323187,0.43534866,0.02025938
23.260000,0,FR_foot,0.88605398,0.39420065,0.02033555
23.260000,0,RL_foot,0.53706938,-0.05252923,0.07757293
23.260000,0,RR_foot,0.78688228,-0.12089221,0.02013079
23.280000,0,FL_foot,0.45307538,0.43519473,0.02026627
23.280000,0,FR_foot,0.88221347,0.39909768,0.02037955
23.280000,0,RL_foot,0.52958143,-0.06576387,0.06442647
23.280000,0,RR_foot,0.78699970,-0.12092779,0.02014048
23.300000,0,FL_foot,0.45291853,0.43503261,0.02026794
23.300000,0,FR_foot,0.87737113,0.40574461,0.02025991
23.300000,0,RL_foot,0.52061558,-0.08254348,0.05120276
23.300000,0,RR_foot,0.78722638,-0.12095653,0.02015913
23.320000,0,FL_foot,0.45277882,0.43488878,0.02026990
23.320000,0,FR_foot,0.87555069,0.40965906,0.02030344
23.320000,0,RL_foot,0.50957602,-0.10217126,0.03704408
23.320000,0,RR_foot,0.78743714,-0.12099977,0.02012889
23.340000,0,FL_foot,0.45263344,0.43473071,0.02027706
23.340000,0,FR_foot,0.87498713,0.41202813,0.02027222
23.340000,0,RL_foot,0.49764040,-0.12121765,0.02433183
23.340000,0,RR_foot,0.78763050,-0.12106478,0.02017026
23.360000,0,FL_foot,0.45160699,0.43267450,0.02040305
23.360000,0,FR_foot,0.87481421,0.41207755,0.02030016
23.360000,0,RL_foot,0.49407142,-0.12524843,0.02039423
23.360000,0,RR_foot,0.78818613,-0.12157299,0.02019332
23.380000,0,FL_foot,0.44783306,0.43256268,0.02028037
23.380000,0,FR_foot,0.87463123,0.41212699,0.02028384
23.380000,0,RL_foot,0.49415559,-0.12530074,0.02031070
23.380000,0,RR_foot,0.79236621,-0.12804773,0.02020020
23.400000,0,FL_foot,0.44143131,0.43116513,0.02026962
23.400000,0,FR_foot,0.87439609,0.41223422,0.02028200
23.400000,0,RL_foot,0.49432984,-0.12539446,0.02029194
23.400000,0,RR_foot,0.79688531,-0.13295025,0.02081889
23.420000,0,FL_foot,0.43145493,0.42863935,0.02025920
23.420000,0,FR_foot,0.87414783,0.41236746,0.02027942
23.420000,0,RL_foot,0.49452665,-0.12546964,0.02028528
23.420000,0,RR_foot,0.79942572,-0.13115659,0.02242108
23.440000,0,FL_foot,0.41915828,0.42475677,0.02024366
23.440000,0,FR_foot,0.87388903,0.41251031,0.02027387
23.440000,0,RL_foot,0.49474519,-0.12554576,0.02026924
23.440000,0,RR_foot,0.80165946,-0.12371916,0.02411132
23.460000,0,FL_foot,0.40538478,0.41911054,0.02022762
23.460000,0,FR_foot,0.87361491,0.41265690,0.02027507
23.460000,0,RL_foot,0.49498248,-0.12560578,0.02026999
23.460000,0,RR_foot,0.80410552,-0.11302049,0.02579070
23.480000,0,FL_foot,0.39161494,0.41147712,0.02021761
23.480000,0,FR_foot,0.87334442,0.41280770,0.02027368
23.480000,0,RL_foot,0.49521130,-0.12567036,0.02026401
23.480000,0,RR_foot,0.80695695,-0.10119740,0.02743707
23.500000,0,FL_foot,0.37946096,0.40236080,0.02021299
23.500000,0,FR_foot,0.87306345,0.41295737,0.02027089
23.500000,0,RL_foot,0.49545416,-0.12572861,0.02024733
23.500000,0,RR_foot,0.81043583,-0.08973298,0.02883050
23.520000,0,FL_foot,0.36957198,0.39250290,0.02021055
23.520000,0,FR_foot,0.87276733,0.41311476,0.02027061
23.520000,0,RL_foot,0.49571174,-0.12577307,0.02025612
23.520000,0,RR_foot,0.81459165,-0.07932122,0.02975629
23.540000,0,FL_foot,0.36168453,0.38235345,0.02020648
23.540000,0,FR_foot,0.87248278,0.41326407,0.02027030
23.540000,0,RL_foot,0.49594611,-0.12581880,0.02025458
23.540000,0,RR_foot,0.81924033,-0.07012003,0.03019823
23.560000,0,FL_foot,0.35534751,0.37211907,0.02020540
23.560000,0,FR_foot,0.87219965,0.41341358,0.02026944
23.560000,0,RL_foot,0.49619189,-0.12585790,0.02024287
23.560000,0,RR_foot,0.82430136,-0.06210962,0.03017986
23.580000,0,FL_foot,0.35005781,0.36165676,0.02019841
23.580000,0,FR_foot,0.87191272,0.41357043,0.02026967
23.580000,0,RL_foot,0.49644926,-0.12588218,0.02025290
23.580000,0,RR_foot,0.82980442,-0.05521831,0.02977539
23.600000,0,FL_foot,0.34568888,0.35110781,0.02019682
23.600000,0,FR_foot,0.87163985,0.41371855,0.02026970
23.600000,0,RL_foot,0.49668646,-0.12590514,0.02025138
23.600000,0,RR_foot,0.83586454,-0.04928367,0.02900288
23.620000,0,FL_foot,0.34209377,0.34051391,0.02019417
23.620000,0,FR_foot,0.87137020,0.41387013,0.02026890
23.620000,0,RL_foot,0.49693769,-0.12592021,0.02023936
23.620000,0,RR_foot,0.84250492,-0.04414881,0.02794690
23.640000,0,FL_foot,0.33913532,0.32981738,0.02018833
23.640000,0,FR_foot,0.87109727,0.41403145,0.02026947
23.640000,0,RL_foot,0.49720722,-0.12591824,0.02024795
23.640000,0,RR_foot,0.84973997,-0.03971299,0.02673080
23.660000,0,FL_foot,0.33673683,0.31909165,0.02018540
23.660000,0,FR_foot,0.87083685,0.41418710,0.02026943
23.660000,0,RL_foot,0.49746376,-0.12591131,0.02024747
23.660000,0,RR_foot,0.85765225,-0.03589498,0.02542771
23.680000,0,FL_foot,0.33487040,0.30841994,0.02018750
23.680000,0,FR_foot,0.87058276,0.41434866,0.02026808
23.680000,0,RL_foot,0.49774387,-0.12589136,0.02023300
23.680000,0,RR_foot,0.86629790,-0.03265574,0.02408582
23.700000,0,FL_foot,0.33352697,0.29788822,0.02018173
23.700000,0,FR_foot,0.87033206,0.41451871,0.02026829
23.700000,0,RL_foot,0.49805045,-0.12585060,0.02023454
23.700000,0,RR_foot,0.87572789,-0.03004936,0.02273929
23.720000,0,FL_foot,0.33279672,0.28801462,0.02018296
23.720000,0,FR_foot,0.87008512,0.41468087,0.02026786
23.720000,0,RL_foot,0.49833950,-0.12581155,0.02022836
23.720000,0,RR_foot,0.88592792,-0.02827677,0.02136857
23.740000,0,FL_foot,0.33265489,0.27955380,0.02018258
23.740000,0,FR_foot,0.86983907,0.41484460,0.02026805
23.740000,0,RL_foot,0.49863291,-0.12577465,0.02023378
23.740000,0,RR_foot,0.89589065,-0.02762900,0.02024159
23.760000,0,FL_foot,0.33328807,0.27657306,0.02020654
23.760000,0,FR_foot,0.86959296,0.41500175,0.02026438
23.760000,0,RL_foot,0.49892092,-0.12574241,0.02023192
23.760000,0,RR_foot,0.90000015,-0.02726737,0.02023311
23.780000,0,FL_foot,0.33400801,0.27467412,0.02017724
23.780000,0,FR_foot,0.86934298,0.41513473,0.02026417
23.780000,0,RL_foot,0.49915195,-0.12574100,0.02022021
23.780000,0,RR_foot,0.90221751,-0.02727213,0.02024234
23.800000,0,FL_foot,0.33381027,0.27444622,0.02017415
23.800000,0,FR_foot,0.86603785,0.41370985,0.02026312
23.800000,0,RL_foot,0.50450832,-0.11673090,0.02143991
23.800000,0,RR_foot,0.90234232,-0.02720236,0.02020887
23.820000,0,FL_foot,0.33362049,0.27423000,0.02018029
23.820000,0,FR_foot,0.85705012,0.41302744,0.02025266
23.820000,0,RL_foot,0.52248704,-0.09931804,0.02862948
23.820000,0,RR_foot,0.90245396,-0.02716595,0.02020416
23.840000,0,FL_foot,0.33344626,0.27399227,0.02018313
23.840000,0,FR_foot,0.84213436,0.41324896,0.02048546
23.840000,0,RL_foot,0.54921108,-0.08143338,0.04400142
23.840000,0,RR_foot,0.90255445,-0.02712132,0.02020584
23.860000,0,FL_foot,0.33324566,0.27373195,0.02018822
23.860000,0,FR_foot,0.82660806,0.41623905,0.02123117
23.860000,0,RL_foot,0.57556051,-0.06784797,0.06517134
23.860000,0,RR_foot,0.90265244,-0.02705795,0.02020979
23.880000,0,FL_foot,0.33304766,0.27348489,0.02018918
23.880000,0,FR_foot,0.81317121,0.42217726,0.02168277
23.880000,0,RL_foot,0.59341437,-0.06010326,0.08380681
23.880000,0,RR_foot,0.90275753,-0.02695059,0.02020645
23.900000,0,FL_foot,0.33284104,0.27325884,0.02019090
23.900000,0,FR_foot,0.80140591,0.42919213,0.02151314
23.900000,0,RL_foot,0.60537946,-0.05671522,0.09849731
23.900000,0,RR_foot,0.90285683,-0.02680528,0.02019810
23.920000,0,FL_foot,0.33262560,0.27304217,0.02019410
23.920000,0,FR_foot,0.79116160,0.43582919,0.02061931
23.920000,0,RL_foot,0.61373264,-0.05540287,0.10991766
23.920000,0,RR_foot,0.90292615,-0.02663382,0.02019243
23.940000,0,FL_foot,0.33245093,0.27286682,0.02020080
23.940000,0,FR_foot,0.78864920,0.43759027,0.02025962
23.940000,0,RL_foot,0.62025273,-0.05376395,0.11772753
23.940000,0,RR_foot,0.90371656,-0.02596195,0.02019225
23.960000,0,FL_foot,0.33230183,0.27270818,0.02020282
23.960000,0,FR_foot,0.78842616,0.43770909,0.02025672
23.960000,0,RL_foot,0.62508237,-0.05215929,0.12299652
23.960000,0,RR_foot,0.90385580,-0.02586980,0.02020516
23.980000,0,FL_foot,0.33215672,0.27254257,0.02020471
23.980000,0,FR_foot,0.78823119,0.43779513,0.02025442
23.980000,0,RL_foot,0.62886757,-0.05097284,0.12693867
23.980000,0,RR_foot,0.90396339,-0.02580649,0.02020107
24.000000,0,FL_foot,0.33203188,0.27236918,0.02020702
24.000000,0,FR_foot,0.78805041,0.43785730,0.02025412
24.000000,0,RL_foot,0.63206607,-0.05010081,0.12986985
24.000000,0,RR_foot,0.90407431,-0.02575299,0.02019875
24.020000,0,FL_foot,0.33191434,0.27218801,0.02020866
24.020000,0,FR_foot,0.78607887,0.43884847,0.02024926
24.020000,0,RL_foot,0.63490111,-0.04973697,0.13211645
24.020000,0,RR_foot,0.90417814,-0.02570887,0.02019058
24.040000,0,FL_foot,0.33180130,0.27199963,0.02021137
24.040000,0,FR_foot,0.78138691,0.44091976,0.02024758
24.040000,0,RL_foot,0.63757265,-0.04996748,0.13388272
24.040000,0,RR_foot,0.90430254,-0.02564840,0.02019781
24.060000,0,FL_foot,0.33168277,0.27180743,0.02021395
24.060000,0,FR_foot,0.77617037,0.44320095,0.02025536
24.060000,0,RL_foot,0.64009053,-0.05056092,0.13496543
24.060000,0,RR_foot,0.90442836,-0.02558492,0.02017851
24.080000,0,FL_foot,0.33157712,0.27161053,0.02021857
24.080000,0,FR_foot,0.77138519,0.44542670,0.02024196
24.080000,0,RL_foot,0.64254874,-0.05139212,0.13558157
24.080000,0,RR_foot,0.90459174,-0.02550332,0.02021228
24.100000,0,FL_foot,0.33147824,0.27143177,0.02021967
24.100000,0,FR_foot,0.76878661,0.44663098,0.02025385
24.100000,0,RL_foot,0.64479506,-0.05211957,0.13542394
24.100000,0,RR_foot,0.90471476,-0.02545688,0.02017857
24.120000,0,FL_foot,0.33137691,0.27123937,0.02022393
24.120000,0,FR_foot,0.76527041,0.44813541,0.02024103
24.120000,0,RL_foot,0.64704549,-0.05307146,0.13522135
24.120000,0,RR_foot,0.90487468,-0.02539373,0.02020635
24.140000,0,FL_foot,0.33129045,0.27105913,0.02022500
24.140000,0,FR_foot,0.76355422,0.44876340,0.02026226
24.140000,0,RL_foot,0.64888757,-0.05407749,0.13375138
24.140000,0,RR_foot,0.90499711,-0.02536219,0.02015927
24.160000,0,FL_foot,0.33120573,0.27086619,0.02022968
24.160000,0,FR_foot,0.75981915,0.45003352,0.02023708
24.160000,0,RL_foot,0.65083629,-0.05554837,0.13241979
24.160000,0,RR_foot,0.90517431,-0.02529972,0.02021711
24.180000,0,FL_foot,0.33112648,0.27068451,0.02022998
24.180000,0,FR_foot,0.75757736,0.45057037,0.02028722
24.180000,0,RL_foot,0.65231252,-0.05722203,0.12957765
24.180000,0,RR_foot,0.90528929,-0.02527773,0.02015539
24.200000,0,FL_foot,0.33103815,0.27048111,0.02023415
24.200000,0,FR_foot,0.75173199,0.45223862,0.02022602
24.200000,0,RL_foot,0.65410686,-0.05967072,0.12729554
24.200000,0,RR_foot,0.90546745,-0.02520645,0.02020881
24.220000,0,FL_foot,0.33096626,0.27029660,0.02023537
24.220000,0,FR_foot,0.75029367,0.45258817,0.02036423
24.220000,0,RL_foot,0.65559542,-0.06211813,0.12346798
24.220000,0,RR_foot,0.90560883,-0.02517089,0.02014610
24.240000,0,FL_foot,0.33088925,0.27009493,0.02023903
24.240000,0,FR_foot,0.74490452,0.45433745,0.02026085
24.240000,0,RL_foot,0.65702397,-0.06544232,0.11965387
24.240000,0,RR_foot,0.90575004,-0.02512569,0.02015144
24.260000,0,FL_foot,0.33081895,0.26990432,0.02024216
24.260000,0,FR_foot,0.74352741,0.45492941,0.02027904
24.260000,0,RL_foot,0.65869617,-0.06871438,0.11535719
24.260000,0,RR_foot,0.90587717,-0.02508671,0.02012332
24.280000,0,FL_foot,0.33075121,0.26970989,0.02025038
24.280000,0,FR_foot,0.74191290,0.45572597,0.02025781
24.280000,0,RL_foot,0.65989292,-0.07270505,0.10977391
24.280000,0,RR_foot,0.90605843,-0.02504767,0.02021642
24.300000,0,FL_foot,0.33068526,0.26952076,0.02024833
24.300000,0,FR_foot,0.73987591,0.45620739,0.02030576
24.300000,0,RL_foot,0.66054320,-0.07792255,0.10229759
24.300000,0,RR_foot,0.90618968,-0.02503413,0.02014928
24.320000,0,FL_foot,0.33061585,0.26930481,0.02025310
24.320000,0,FR_foot,0.73558372,0.45744523,0.02024580
24.320000,0,RL_foot,0.66164798,-0.08501916,0.09443355
24.320000,0,RR_foot,0.90636837,-0.02498014,0.02019756
24.340000,0,FL_foot,0.33055601,0.26911512,0.02025153
24.340000,0,FR_foot,0.73400325,0.45804128,0.02033562
24.340000,0,RL_foot,0.66225183,-0.09418057,0.08387709
24.340000,0,RR_foot,0.90649194,-0.02497222,0.02013027
24.360000,0,FL_foot,0.33049530,0.26889709,0.02025955
24.360000,0,FR_foot,0.72813201,0.45988685,0.02033021
24.360000,0,RL_foot,0.66294301,-0.10650689,0.07245556
24.360000,0,RR_foot,0.90659344,-0.02494577,0.02014162
24.380000,0,FL_foot,0.33043334,0.26866990,0.02026596
24.380000,0,FR_foot,0.72245646,0.46220219,0.02025103
24.380000,0,RL_foot,0.66438478,-0.12166736,0.06055389
24.380000,0,RR_foot,0.90680623,-0.02485763,0.02019810
24.400000,0,FL_foot,0.33038244,0.26848674,0.02026214
24.400000,0,FR_foot,0.72100979,0.46323460,0.02033606
24.400000,0,RL_foot,0.66452116,-0.14008844,0.04589138
24.400000,0,RR_foot,0.90697002,-0.02482868,0.02012814
24.420000,0,FL_foot,0.33033976,0.26826483,0.02027003
24.420000,0,FR_foot,0.71578217,0.46580607,0.02041410
24.420000,0,RL_foot,0.66419035,-0.16140480,0.03227383
24.420000,0,RR_foot,0.90710831,-0.02480266,0.02014558
24.440000,0,FL_foot,0.33029744,0.26802248,0.02027465
24.440000,0,FR_foot,0.71448839,0.46695122,0.02027585
24.440000,0,RL_foot,0.66313809,-0.18297142,0.01949122
24.440000,0,RR_foot,0.90735662,-0.02474492,0.02015276
24.460000,0,FL_foot,0.33047503,0.26459390,0.02069732
24.460000,0,FR_foot,0.71435475,0.46690774,0.02028105
24.460000,0,RL_foot,0.66286719,-0.18306667,0.02043825
24.460000,0,RR_foot,0.91026634,-0.02598187,0.02019219
24.480000,0,FL_foot,0.32867217,0.26212481,0.02026609
24.480000,0,FR_foot,0.71415132,0.46685359,0.02028121
24.480000,0,RL_foot,0.66304833,-0.18309772,0.02031851
24.480000,0,RR_foot,0.91813260,-0.02899010,0.02039528
24.500000,0,FL_foot,0.32466859,0.25745103,0.02026789
24.500000,0,FR_foot,0.71389729,0.46681947,0.02028028
24.500000,0,RL_foot,0.66324252,-0.18308219,0.02029246
24.500000,0,RR_foot,0.92319894,-0.03025103,0.02151757
24.520000,0,FL_foot,0.31759170,0.24984308,0.02025628
24.520000,0,FR_foot,0.71364015,0.46680653,0.02027972
24.520000,0,RL_foot,0.66345125,-0.18303317,0.02028828
24.520000,0,RR_foot,0.92378199,-0.02723508,0.02331154
24.540000,0,FL_foot,0.30912083,0.23974811,0.02024154
24.540000,0,FR_foot,0.71336633,0.46679506,0.02027453
24.540000,0,RL_foot,0.66367233,-0.18298896,0.02027952
24.540000,0,RR_foot,0.92183137,-0.02006273,0.02505901
24.560000,0,FL_foot,0.30057517,0.22737567,0.02022676
24.560000,0,FR_foot,0.71307063,0.46677816,0.02027223
24.560000,0,RL_foot,0.66390216,-0.18293345,0.02026513
24.560000,0,RR_foot,0.91875267,-0.01034441,0.02672138
24.580000,0,FL_foot,0.29332173,0.21354109,0.02021516
24.580000,0,FR_foot,0.71278048,0.46676710,0.02027235
24.580000,0,RL_foot,0.66414404,-0.18285255,0.02026569
24.580000,0,RR_foot,0.91569996,0.00032663,0.02827938
24.600000,0,FL_foot,0.28841656,0.19964360,0.02021060
24.600000,0,FR_foot,0.71247637,0.46674809,0.02027097
24.600000,0,RL_foot,0.66437119,-0.18278818,0.02026303
24.600000,0,RR_foot,0.91350234,0.01103234,0.02943689
24.620000,0,FL_foot,0.28573421,0.18653974,0.02021103
24.620000,0,FR_foot,0.71215045,0.46672577,0.02026908
24.620000,0,RL_foot,0.66460598,-0.18271483,0.02025414
24.620000,0,RR_foot,0.91225654,0.02123918,0.03011717
24.640000,0,FL_foot,0.28461635,0.17409700,0.02020729
24.640000,0,FR_foot,0.71184081,0.46670535,0.02026984
24.640000,0,RL_foot,0.66484463,-0.18262215,0.02025950
24.640000,0,RR_foot,0.91187382,0.03071925,0.03037568
24.660000,0,FL_foot,0.28469318,0.16219164,0.02020285
24.660000,0,FR_foot,0.71153063,0.46668416,0.02026986
24.660000,0,RL_foot,0.66506183,-0.18254405,0.02025886
24.660000,0,RR_foot,0.91236532,0.03946238,0.03021553
24.680000,0,FL_foot,0.28567931,0.15075755,0.02020066
24.680000,0,FR_foot,0.71120960,0.46666512,0.02026895
24.680000,0,RL_foot,0.66528428,-0.18245527,0.02025038
24.680000,0,RR_foot,0.91372973,0.04754413,0.02968139
24.700000,0,FL_foot,0.28741446,0.13966455,0.02019484
24.700000,0,FR_foot,0.71090436,0.46664840,0.02026959
24.700000,0,RL_foot,0.66551238,-0.18234541,0.02025649
24.700000,0,RR_foot,0.91594189,0.05512893,0.02884394
24.720000,0,FL_foot,0.28980759,0.12896748,0.02019147
24.720000,0,FR_foot,0.71059841,0.46663350,0.02026997
24.720000,0,RL_foot,0.66572195,-0.18224750,0.02025588
24.720000,0,RR_foot,0.91899014,0.06240486,0.02772625
24.740000,0,FL_foot,0.29272771,0.11864351,0.02019167
24.740000,0,FR_foot,0.71028334,0.46662411,0.02026880
24.740000,0,RL_foot,0.66593981,-0.18213448,0.02024630
24.740000,0,RR_foot,0.92283994,0.06945068,0.02641144
24.760000,0,FL_foot,0.29614335,0.10858609,0.02018687
24.760000,0,FR_foot,0.70998079,0.46661767,0.02026955
24.760000,0,RL_foot,0.66616637,-0.18199465,0.02025352
24.760000,0,RR_foot,0.92751306,0.07632668,0.02500964
24.780000,0,FL_foot,0.29996297,0.09894766,0.02018509
24.780000,0,FR_foot,0.70967972,0.46661732,0.02026936
24.780000,0,RL_foot,0.66638041,-0.18185660,0.02025430
24.780000,0,RR_foot,0.93315595,0.08310545,0.02355189
24.800000,0,FL_foot,0.30414444,0.08980815,0.02018690
24.800000,0,FR_foot,0.70937538,0.46662715,0.02026825
24.800000,0,RL_foot,0.66661048,-0.18169415,0.02023871
24.800000,0,RR_foot,0.93985903,0.08976311,0.02202979
24.820000,0,FL_foot,0.30856705,0.08145475,0.02018221
24.820000,0,FR_foot,0.70908225,0.46664169,0.02026804
24.820000,0,RL_foot,0.66685241,-0.18150377,0.02023924
24.820000,0,RR_foot,0.94774646,0.09611854,0.02046607
24.840000,0,FL_foot,0.31138092,0.07755737,0.02021318
24.840000,0,FR_foot,0.70879036,0.46664476,0.02026542
24.840000,0,RL_foot,0.66706973,-0.18135248,0.02025049
24.840000,0,RR_foot,0.95187235,0.09959702,0.02022345
24.860000,0,FL_foot,0.31359422,0.07536460,0.02020590
24.860000,0,FR_foot,0.70851123,0.46664765,0.02026611
24.860000,0,RL_foot,0.66728055,-0.18121123,0.02024276
24.860000,0,RR_foot,0.95421803,0.10154835,0.02024146
24.880000,0,FL_foot,0.31482145,0.07420370,0.02018695
24.880000,0,FR_foot,0.70823270,0.46662620,0.02026968
24.880000,0,RL_foot,0.66745162,-0.18110424,0.02023700
24.880000,0,RR_foot,0.95572543,0.10233235,0.02025826
24.900000,0,FL_foot,0.31475049,0.07392341,0.02017906
24.900000,0,FR_foot,0.70573002,0.46351498,0.02026645
24.900000,0,RL_foot,0.66645408,-0.17170863,0.02120983
24.900000,0,RR_foot,0.95578200,0.10244914,0.02020909
24.920000,0,FL_foot,0.31468660,0.07364714,0.02018509
24.920000,0,FR_foot,0.69753772,0.45866126,0.02025439
24.920000,0,RL_foot,0.67196900,-0.14939882,0.02807557
24.920000,0,RR_foot,0.95584619,0.10253362,0.02020693
24.940000,0,FL_foot,0.31464991,0.07335521,0.02018813
24.940000,0,FR_foot,0.68319470,0.45138234,0.02043630
24.940000,0,RL_foot,0.68472028,-0.12324165,0.04211191
24.940000,0,RR_foot,0.95589131,0.10261872,0.02020713
24.960000,0,FL_foot,0.31460357,0.07303017,0.02019351
24.960000,0,FR_foot,0.66676861,0.44556361,0.02121757
24.960000,0,RL_foot,0.70054203,-0.10035801,0.06185048
24.960000,0,RR_foot,0.95592439,0.10272222,0.02021006
24.980000,0,FL_foot,0.31455150,0.07270609,0.02019535
24.980000,0,FR_foot,0.65102309,0.44312277,0.02185018
24.980000,0,RL_foot,0.71287233,-0.08523439,0.08039788
24.980000,0,RR_foot,0.95594275,0.10286111,0.02020683
25.000000,0,FL_foot,0.31448126,0.07239313,0.02019710
25.000000,0,FR_foot,0.63663352,0.44265306,0.02183980
25.000000,0,RL_foot,0.72186995,-0.07639377,0.09523804
25.000000,0,RR_foot,0.95593828,0.10302892,0.02020045
25.020000,0,FL_foot,0.31440187,0.07208408,0.02019858
25.020000,0,FR_foot,0.62411922,0.44275284,0.02106493
25.020000,0,RL_foot,0.72857642,-0.07108121,0.10683927
25.020000,0,RR_foot,0.95591474,0.10321795,0.02019281
25.040000,0,FL_foot,0.31433532,0.07180918,0.02021182
25.040000,0,FR_foot,0.61806673,0.44278947,0.02026138
25.040000,0,RL_foot,0.73351848,-0.06694154,0.11532423
25.040000,0,RR_foot,0.95626509,0.10437936,0.02017177
25.060000,0,FL_foot,0.31426984,0.07159750,0.02020682
25.060000,0,FR_foot,0.61781901,0.44277295,0.02025522
25.060000,0,RL_foot,0.73682576,-0.06282020,0.12069584
25.060000,0,RR_foot,0.95630229,0.10453662,0.02020449
25.080000,0,FL_foot,0.31422168,0.07137974,0.02020964
25.080000,0,FR_foot,0.61760682,0.44274205,0.02025562
25.080000,0,RL_foot,0.73937052,-0.05964554,0.12470482
25.080000,0,RR_foot,0.95635176,0.10465714,0.02020392
25.100000,0,FL_foot,0.31419420,0.07116871,0.02021239
25.100000,0,FR_foot,0.61741406,0.44270381,0.02025674
25.100000,0,RL_foot,0.74148703,-0.05709653,0.12767574
25.100000,0,RR_foot,0.95640844,0.10476395,0.02020000
25.120000,0,FL_foot,0.31417701,0.07095854,0.02021353
25.120000,0,FR_foot,0.61611795,0.44260183,0.02025354
25.120000,0,RL_foot,0.74347258,-0.05509926,0.12988949
25.120000,0,RR_foot,0.95646590,0.10485587,0.02018254
25.140000,0,FL_foot,0.31416252,0.07073452,0.02021659
25.140000,0,FR_foot,0.61188942,0.44197327,0.02024778
25.140000,0,RL_foot,0.74564219,-0.05372163,0.13168290
25.140000,0,RR_foot,0.95653379,0.10496774,0.02019288
25.160000,0,FL_foot,0.31416252,0.07051168,0.02021918
25.160000,0,FR_foot,0.60639238,0.44104603,0.02025346
25.160000,0,RL_foot,0.74795127,-0.05282268,0.13286279
25.160000,0,RR_foot,0.95660090,0.10508719,0.02017919
25.180000,0,FL_foot,0.31416461,0.07029018,0.02022303
25.180000,0,FR_foot,0.60131276,0.44036278,0.02024705
25.180000,0,RL_foot,0.75036812,-0.05222057,0.13348491
25.180000,0,RR_foot,0.95668149,0.10522552,0.02019807
25.200000,0,FL_foot,0.31416282,0.07007814,0.02022503
25.200000,0,FR_foot,0.59814441,0.43997630,0.02025486
25.200000,0,RL_foot,0.75250179,-0.05191208,0.13287435
25.200000,0,RR_foot,0.95676059,0.10534014,0.02017578
25.220000,0,FL_foot,0.31417486,0.06986620,0.02022855
25.220000,0,FR_foot,0.59452718,0.43940258,0.02024693
25.220000,0,RL_foot,0.75469637,-0.05197691,0.13174780
25.220000,0,RR_foot,0.95685148,0.10546551,0.02019191
25.240000,0,FL_foot,0.31418842,0.06966618,0.02023011
25.240000,0,FR_foot,0.59209335,0.43891901,0.02026529
25.240000,0,RL_foot,0.75671887,-0.05241248,0.12949121
25.240000,0,RR_foot,0.95693439,0.10556476,0.02015679
25.260000,0,FL_foot,0.31420800,0.06945631,0.02023514
25.260000,0,FR_foot,0.58820933,0.43802226,0.02023839
25.260000,0,RL_foot,0.75907797,-0.05323721,0.12717688
25.260000,0,RR_foot,0.95704168,0.10570423,0.02021321
25.280000,0,FL_foot,0.31422731,0.06926156,0.02023571
25.280000,0,FR_foot,0.58595490,0.43727279,0.02032938
25.280000,0,RL_foot,0.76120424,-0.05455255,0.12334875
25.280000,0,RR_foot,0.95713329,0.10580293,0.02015674
25.300000,0,FL_foot,0.31425095,0.06904217,0.02023823
25.300000,0,FR_foot,0.57969266,0.43549865,0.02024036
25.300000,0,RL_foot,0.76405871,-0.05650409,0.12004016
25.300000,0,RR_foot,0.95722651,0.10593839,0.02017949
25.320000,0,FL_foot,0.31428230,0.06884426,0.02023955
25.320000,0,FR_foot,0.57812870,0.43527144,0.02031649
25.320000,0,RL_foot,0.76692915,-0.05844114,0.11570851
25.320000,0,RR_foot,0.95731235,0.10603993,0.02013136
25.340000,0,FL_foot,0.31431097,0.06863627,0.02024375
25.340000,0,FR_foot,0.57416117,0.43464285,0.02022773
25.340000,0,RL_foot,0.76999116,-0.06131117,0.11065733
25.340000,0,RR_foot,0.95742565,0.10617359,0.02019597
25.360000,0,FL_foot,0.31434479,0.06844378,0.02024548
25.360000,0,FR_foot,0.57263231,0.43422633,0.02032496
25.360000,0,RL_foot,0.77318609,-0.06507835,0.10374967
25.360000,0,RR_foot,0.95752579,0.10626979,0.02013585
25.380000,0,FL_foot,0.31438383,0.06823535,0.02025225
25.380000,0,FR_foot,0.56829756,0.43328026,0.02023435
25.380000,0,RL_foot,0.77732438,-0.07025826,0.09627908
25.380000,0,RR_foot,0.95765018,0.10641978,0.02020587
25.400000,0,FL_foot,0.31442273,0.06804690,0.02025121
25.400000,0,FR_foot,0.56650513,0.43301839,0.02032428
25.400000,0,RL_foot,0.78200948,-0.07720574,0.08630521
25.400000,0,RR_foot,0.95776290,0.10653778,0.02013569
25.420000,0,FL_foot,0.31447238,0.06782959,0.02025652
25.420000,0,FR_foot,0.56115383,0.43209410,0.02024512
25.420000,0,RL_foot,0.78825593,-0.08645457,0.07565752
25.420000,0,RR_foot,0.95787728,0.10666556,0.02017522
25.440000,0,FL_foot,0.31452090,0.06763637,0.02025915
25.440000,0,FR_foot,0.55944473,0.43209648,0.02030782
25.440000,0,RL_foot,0.79579163,-0.09798483,0.06304525
25.440000,0,RR_foot,0.95795506,0.10674235,0.02012265
25.460000,0,FL_foot,0.31457609,0.06743941,0.02026297
25.460000,0,FR_foot,0.55407649,0.43163857,0.02037602
25.460000,0,RL_foot,0.80452651,-0.11285318,0.04954781
25.460000,0,RR_foot,0.95810056,0.10687801,0.02014080
25.480000,0,FL_foot,0.31465113,0.06722504,0.02026787
25.480000,0,FR_foot,0.54613501,0.43094039,0.02027733
25.480000,0,RL_foot,0.81534755,-0.13040154,0.03682583
25.480000,0,RR_foot,0.95823240,0.10704164,0.02015078
25.500000,0,FL_foot,0.31472158,0.06702653,0.02027058
25.500000,0,FR_foot,0.54400939,0.43139565,0.02027749
25.500000,0,RL_foot,0.82667875,-0.14928439,0.02429751
25.500000,0,RR_foot,0.95836556,0.10718162,0.02013880
25.520000,0,FL_foot,0.31639513,0.06544421,0.02035023
25.520000,0,FR_foot,0.54385263,0.43134344,0.02027928
25.520000,0,RL_foot,0.82951927,-0.15486087,0.02034087
25.520000,0,RR_foot,0.95922017,0.10754602,0.02020724
25.540000,0,FL_foot,0.31521702,0.06251103,0.02027479
25.540000,0,FR_foot,0.54375440,0.43119732,0.02027937
25.540000,0,RL_foot,0.82962614,-0.15476848,0.02030764
25.540000,0,RR_foot,0.96756399,0.10794173,0.02019684
25.560000,0,FL_foot,0.31387985,0.05643553,0.02026043
25.560000,0,FR_foot,0.54355085,0.43104264,0.02028381
25.560000,0,RL_foot,0.82979763,-0.15465869,0.02029468
25.560000,0,RR_foot,0.97468245,0.10912191,0.02087100
25.580000,0,FL_foot,0.31168774,0.04651731,0.02025739
25.580000,0,FR_foot,0.54332173,0.43089819,0.02027642
25.580000,0,RL_foot,0.82995379,-0.15451807,0.02029175
25.580000,0,RR_foot,0.97503716,0.11173838,0.02254917
25.600000,0,FL_foot,0.30947310,0.03398896,0.02024257
25.600000,0,FR_foot,0.54308152,0.43074793,0.02027124
25.600000,0,RL_foot,0.83011967,-0.15435979,0.02027297
25.600000,0,RR_foot,0.97032499,0.11680918,0.02436270
25.620000,0,FL_foot,0.30813786,0.01949629,0.02022751
25.620000,0,FR_foot,0.54282957,0.43058419,0.02027259
25.620000,0,RL_foot,0.83028275,-0.15417731,0.02027176
25.620000,0,RR_foot,0.96292096,0.12362160,0.02615069
25.640000,0,FL_foot,0.30856383,0.00433998,0.02021878
25.640000,0,FR_foot,0.54257655,0.43042421,0.02027169
25.640000,0,RL_foot,0.83044481,-0.15400992,0.02026785
25.640000,0,RR_foot,0.95479155,0.13134588,0.02782378
25.660000,0,FL_foot,0.31095305,-0.00983130,0.02021306
25.660000,0,FR_foot,0.54231870,0.43025339,0.02026841
25.660000,0,RL_foot,0.83061075,-0.15382722,0.02025209
25.660000,0,RR_foot,0.94724959,0.13952400,0.02912121
25.680000,0,FL_foot,0.31488740,-0.02242280,0.02020970
25.680000,0,FR_foot,0.54204649,0.43007195,0.02026848
25.680000,0,RL_foot,0.83077157,-0.15362698,0.02026089
25.680000,0,RR_foot,0.94080198,0.14777648,0.02993635
25.700000,0,FL_foot,0.31989446,-0.03357632,0.02020866
25.700000,0,FR_foot,0.54178739,0.42989710,0.02026871
25.700000,0,RL_foot,0.83092320,-0.15344946,0.02026032
25.700000,0,RR_foot,0.93551135,0.15586656,0.03028660
25.720000,0,FL_foot,0.32565591,-0.04364323,0.02020578
25.720000,0,FR_foot,0.54152834,0.42972279,0.02026745
25.720000,0,RL_foot,0.83107471,-0.15325895,0.02024836
25.720000,0,RR_foot,0.93135142,0.16374542,0.03021024
25.740000,0,FL_foot,0.33206606,-0.05299088,0.02020054
25.740000,0,FR_foot,0.54126036,0.42954728,0.02026812
25.740000,0,RL_foot,0.83121943,-0.15305161,0.02025757
25.740000,0,RR_foot,0.92827737,0.17147578,0.02977780
25.760000,0,FL_foot,0.33897856,-0.06165706,0.02019564
25.760000,0,FR_foot,0.54100496,0.42937890,0.02026823
25.760000,0,RL_foot,0.83135498,-0.15286295,0.02025679
25.760000,0,RR_foot,0.92618871,0.17922568,0.02901150
25.780000,0,FL_foot,0.34624520,-0.06964707,0.02019606
25.780000,0,FR_foot,0.54074794,0.42921335,0.02026737
25.780000,0,RL_foot,0.83149105,-0.15265892,0.02024506
25.780000,0,RR_foot,0.92495906,0.18709582,0.02796533
25.800000,0,FL_foot,0.35392568,-0.07716226,0.02019162
25.800000,0,FR_foot,0.54048043,0.42904800,0.02026809
25.800000,0,RL_foot,0.83162159,-0.15243295,0.02025416
25.800000,0,RR_foot,0.92450726,0.19514629,0.02674650
25.820000,0,FL_foot,0.36188930,-0.08420663,0.02018747
25.820000,0,FR_foot,0.54022390,0.42889011,0.02026816
25.820000,0,RL_foot,0.83174294,-0.15221816,0.02025256
25.820000,0,RR_foot,0.92483056,0.20346923,0.02541893
25.840000,0,FL_foot,0.36999696,-0.09072199,0.02018674
25.840000,0,FR_foot,0.53996426,0.42873847,0.02026673
25.840000,0,RL_foot,0.83186263,-0.15197971,0.02024203
25.840000,0,RR_foot,0.92597485,0.21215884,0.02403003
25.860000,0,FL_foot,0.37839812,-0.09680599,0.02018338
25.860000,0,FR_foot,0.53969693,0.42859432,0.02026752
25.860000,0,RL_foot,0.83197820,-0.15170455,0.02024439
25.860000,0,RR_foot,0.92800903,0.22126696,0.02261832
25.880000,0,FL_foot,0.38676286,-0.10221967,0.02018413
25.880000,0,FR_foot,0.53943712,0.42845273,0.02026692
25.880000,0,RL_foot,0.83208746,-0.15143877,0.02023660
25.880000,0,RR_foot,0.93111289,0.23076315,0.02115731
25.900000,0,FL_foot,0.39403847,-0.10641701,0.02018544
25.900000,0,FR_foot,0.53918195,0.42831320,0.02026562
25.900000,0,RL_foot,0.83220053,-0.15117347,0.02024852
25.900000,0,RR_foot,0.93452406,0.23876852,0.02022025
25.920000,0,FL_foot,0.39722359,-0.10735183,0.02020889
25.920000,0,FR_foot,0.53893071,0.42817459,0.02026380
25.920000,0,RL_foot,0.83230865,-0.15090993,0.02024149
25.920000,0,RR_foot,0.93587357,0.24232717,0.02023324
25.940000,0,FL_foot,0.39946818,-0.10785019,0.02019427
25.940000,0,FR_foot,0.53869420,0.42802095,0.02026708
25.940000,0,RL_foot,0.83239782,-0.15070470,0.02022979
25.940000,0,RR_foot,0.93689847,0.24428327,0.02028163
25.960000,0,FL_foot,0.40038872,-0.10790808,0.02019323
25.960000,0,FR_foot,0.53847283,0.42784342,0.02026348
25.960000,0,RL_foot,0.83251572,-0.15055551,0.02022243
25.960000,0,RR_foot,0.93725663,0.24478313,0.02025269
25.980000,0,FL_foot,0.40047619,-0.10821499,0.02018168
25.980000,0,FR_foot,0.53668988,0.42159230,0.02025780
25.980000,0,RL_foot,0.82717884,-0.13663097,0.02341631
25.980000,0,RR_foot,0.93723881,0.24486236,0.02020787
26.000000,0,FL_foot,0.40059012,-0.10852742,0.02018724
26.000000,0,FR_foot,0.53049898,0.40847376,0.02025565
26.000000,0,RL_foot,0.82173157,-0.10873108,0.03394839
26.000000,0,RR_foot,0.93724120,0.24494110,0.02020606
26.020000,0,FL_foot,0.40073472,-0.10884026,0.02019367
26.020000,0,FR_foot,0.52068835,0.39353701,0.02099539
26.020000,0,RL_foot,0.82105124,-0.07802477,0.05176878
26.020000,0,RR_foot,0.93723178,0.24501900,0.02020834
26.040000,0,FL_foot,0.40087402,-0.10918276,0.02019505
26.040000,0,FR_foot,0.50858116,0.38170171,0.02216522
26.040000,0,RL_foot,0.82301235,-0.05354435,0.07189871
26.040000,0,RR_foot,0.93720102,0.24511389,0.02020857
26.060000,0,FL_foot,0.40100634,-0.10943246,0.02020067
26.060000,0,FR_foot,0.49644059,0.37404647,0.02263178
26.060000,0,RL_foot,0.82427877,-0.03889208,0.08864080
26.060000,0,RR_foot,0.93708122,0.24518369,0.02022389
26.080000,0,FL_foot,0.40102664,-0.10961102,0.02019989
26.080000,0,FR_foot,0.48643044,0.37061280,0.02281771
26.080000,0,RL_foot,0.82444066,-0.02999934,0.10123411
26.080000,0,RR_foot,0.93700284,0.24517694,0.02020214
26.100000,0,FL_foot,0.40100694,-0.10975252,0.02020000
26.100000,0,FR_foot,0.47873074,0.37146688,0.02317186
26.100000,0,RL_foot,0.82335001,-0.02289034,0.11166672
26.100000,0,RR_foot,0.93688369,0.24514861,0.02019895
26.120000,0,FL_foot,0.40094510,-0.10987017,0.02019913
26.120000,0,FR_foot,0.47268254,0.37393954,0.02374692
26.120000,0,RL_foot,0.82078767,-0.01736841,0.11962163
26.120000,0,RR_foot,0.93674552,0.24511968,0.02019433
26.140000,0,FL_foot,0.40085337,-0.10996313,0.02019948
26.140000,0,FR_foot,0.46758485,0.37654617,0.02450020
26.140000,0,RL_foot,0.81705397,-0.01287981,0.12575720
26.140000,0,RR_foot,0.93658978,0.24509151,0.02019174
26.160000,0,FL_foot,0.40074486,-0.11004329,0.02019764
26.160000,0,FR_foot,0.46291521,0.37900046,0.02525539
26.160000,0,RL_foot,0.81233525,-0.00906860,0.13053113
26.160000,0,RR_foot,0.93641257,0.24506414,0.02018655
26.180000,0,FL_foot,0.40061080,-0.11010868,0.02019645
26.180000,0,FR_foot,0.45829508,0.38129303,0.02587690
26.180000,0,RL_foot,0.80691433,-0.00566100,0.13444179
26.180000,0,RR_foot,0.93621546,0.24504116,0.02018250
26.200000,0,FL_foot,0.40045640,-0.11016018,0.02019515
26.200000,0,FR_foot,0.45347974,0.38344222,0.02625169
26.200000,0,RL_foot,0.80104405,-0.00244586,0.13795081
26.200000,0,RR_foot,0.93599534,0.24502355,0.02017899
26.220000,0,FL_foot,0.40028545,-0.11019892,0.02019277
26.220000,0,FR_foot,0.44832203,0.38544315,0.02625948
26.220000,0,RL_foot,0.79487085,0.00055124,0.14104848
26.220000,0,RR_foot,0.93575114,0.24501376,0.02017441
26.240000,0,FL_foot,0.40010428,-0.11021933,0.02019087
26.240000,0,FR_foot,0.44273847,0.38731906,0.02580451
26.240000,0,RL_foot,0.78850418,0.00336036,0.14380530
26.240000,0,RR_foot,0.93547344,0.24498020,0.02016884
26.260000,0,FL_foot,0.39990026,-0.11022384,0.02018888
26.260000,0,FR_foot,0.43672571,0.38911179,0.02481795
26.260000,0,RL_foot,0.78199023,0.00605366,0.14630468
26.260000,0,RR_foot,0.93518108,0.24499346,0.02016440
26.280000,0,FL_foot,0.39968342,-0.11020998,0.02018582
26.280000,0,FR_foot,0.43030551,0.39083517,0.02320040
26.280000,0,RL_foot,0.77537084,0.00867866,0.14862646
26.280000,0,RR_foot,0.93486172,0.24502257,0.02015957
26.300000,0,FL_foot,0.39944834,-0.11017760,0.02018451
26.300000,0,FR_foot,0.42351273,0.39250186,0.02083750
26.300000,0,RL_foot,0.76865578,0.01126069,0.15080194
26.300000,0,RR_foot,0.93450940,0.24503414,0.02015342
26.320000,0,FL_foot,0.39919230,-0.11008459,0.02018687
26.320000,0,FR_foot,0.42259875,0.39275974,0.02026330
26.320000,0,RL_foot,0.76106215,0.01463460,0.15196961
26.320000,0,RR_foot,0.93421322,0.24586543,0.02017913
26.340000,0,FL_foot,0.39893937,-0.10998879,0.02018232
26.340000,0,FR_foot,0.42148778,0.39359325,0.02026235
26.340000,0,RL_foot,0.75379705,0.01742657,0.15246007
26.340000,0,RR_foot,0.93394554,0.24585710,0.02017645
26.360000,0,FL_foot,0.39870074,-0.10990757,0.02018079
26.360000,0,FR_foot,0.41980439,0.39485157,0.02026229
26.360000,0,RL_foot,0.74705100,0.01964442,0.15268058
26.360000,0,RR_foot,0.93366754,0.24580620,0.02017128
26.380000,0,FL_foot,0.39847174,-0.10984766,0.02017708
26.380000,0,FR_foot,0.41744539,0.39672706,0.02026145
26.380000,0,RL_foot,0.74069446,0.02148104,0.15271205
26.380000,0,RR_foot,0.93339235,0.24575591,0.02016566
26.400000,0,FL_foot,0.39825827,-0.10979502,0.02017397
26.400000,0,FR_foot,0.41454723,0.39899498,0.02026139
26.400000,0,RL_foot,0.73465204,0.02304948,0.15260263
26.400000,0,RR_foot,0.93311691,0.24570100,0.02016299
26.420000,0,FL_foot,0.39805138,-0.10975208,0.02017316
26.420000,0,FR_foot,0.41136804,0.40131775,0.02026048
26.420000,0,RL_foot,0.72882915,0.02442459,0.15235636
26.420000,0,RR_foot,0.93284100,0.24562168,0.02016094
26.440000,0,FL_foot,0.39785010,-0.10971389,0.02017039
26.440000,0,FR_foot,0.40809059,0.40357471,0.02026041
26.440000,0,RL_foot,0.72314656,0.02568044,0.15199256
26.440000,0,RR_foot,0.93256640,0.24555518,0.02015796
26.460000,0,FL_foot,0.39765397,-0.10967916,0.02016737
26.460000,0,FR_foot,0.40484977,0.40567556,0.02026005
26.460000,0,RL_foot,0.71756375,0.02684491,0.15150905
26.460000,0,RR_foot,0.93229192,0.24548824,0.02015732
26.480000,0,FL_foot,0.39746237,-0.10965200,0.02016398
26.480000,0,FR_foot,0.40190613,0.40748343,0.02025994
26.480000,0,RL_foot,0.71188462,0.02776766,0.15041460
26.480000,0,RR_foot,0.93202198,0.24539725,0.02015395
26.500000,0,FL_foot,0.39727479,-0.10961799,0.02016019
26.500000,0,FR_foot,0.39922556,0.40906394,0.02025862
26.500000,0,RL_foot,0.70603222,0.02837211,0.14850351
26.500000,0,RR_foot,0.93175197,0.24532229,0.02014824
26.520000,0,FL_foot,0.39708844,-0.10958013,0.02015684
26.520000,0,FR_foot,0.39680490,0.41038948,0.02025875
26.520000,0,RL_foot,0.70000255,0.02866239,0.14580446
26.520000,0,RR_foot,0.93148148,0.24524948,0.02014755
26.540000,0,FL_foot,0.39690194,-0.10953730,0.02015456
26.540000,0,FR_foot,0.39477408,0.41142079,0.02025771
26.540000,0,RL_foot,0.69375676,0.02862850,0.14229555
26.540000,0,RR_foot,0.93122208,0.24514286,0.02014408
26.560000,0,FL_foot,0.39671385,-0.10948826,0.02015077
26.560000,0,FR_foot,0.39308614,0.41222575,0.02025681
26.560000,0,RL_foot,0.68726552,0.02820986,0.13789485
26.560000,0,RR_foot,0.93095547,0.24506029,0.02014054
26.580000,0,FL_foot,0.39651814,-0.10942781,0.02014856
26.580000,0,FR_foot,0.39174145,0.41280264,0.02025574
26.580000,0,RL_foot,0.68053061,0.02735125,0.13257834
26.580000,0,RR_foot,0.93068761,0.24497871,0.02014241
26.600000,0,FL_foot,0.39631635,-0.10935631,0.02014808
26.600000,0,FR_foot,0.39080870,0.41316468,0.02025472
26.600000,0,RL_foot,0.67349064,0.02598175,0.12624839
26.600000,0,RR_foot,0.93043691,0.24486271,0.02013948
26.620000,0,FL_foot,0.39611635,-0.10928233,0.02014053
26.620000,0,FR_foot,0.39019912,0.41338763,0.02025152
26.620000,0,RL_foot,0.66603351,0.02393354,0.11866389
26.620000,0,RR_foot,0.93017459,0.24477358,0.02013719
26.640000,0,FL_foot,0.39589825,-0.10917497,0.02013882
26.640000,0,FR_foot,0.38974500,0.41355756,0.02025056
26.640000,0,RL_foot,0.65806788,0.02098401,0.10962872
26.640000,0,RR_foot,0.92991388,0.24468762,0.02014103
26.660000,0,FL_foot,0.39566830,-0.10904245,0.02013820
26.660000,0,FR_foot,0.38928324,0.41373253,0.02024942
26.660000,0,RL_foot,0.64948612,0.01683595,0.09891824
26.660000,0,RR_foot,0.92967880,0.24457198,0.02013690
26.680000,0,FL_foot,0.39543435,-0.10889352,0.02012849
26.680000,0,FR_foot,0.38886571,0.41390479,0.02024720
26.680000,0,RL_foot,0.64012945,0.01091278,0.08611013
26.680000,0,RR_foot,0.92943084,0.24449490,0.02013571
26.700000,0,FL_foot,0.39516750,-0.10868467,0.02012771
26.700000,0,FR_foot,0.38854402,0.41407984,0.02024717
26.700000,0,RL_foot,0.62996495,0.00214390,0.07065429
26.700000,0,RR_foot,0.92918789,0.24442828,0.02014254
26.720000,0,FL_foot,0.39489195,-0.10844165,0.02012477
26.720000,0,FR_foot,0.38828999,0.41427496,0.02024751
26.720000,0,RL_foot,0.61986685,-0.01118794,0.05201450
26.720000,0,RR_foot,0.92899042,0.24419644,0.02015334
26.740000,0,FL_foot,0.39458874,-0.10814050,0.02012786
26.740000,0,FR_foot,0.38821968,0.41446385,0.02024498
26.740000,0,RL_foot,0.61364633,-0.02872293,0.03205560
26.740000,0,RR_foot,0.92861933,0.24365631,0.02016240
26.760000,0,FL_foot,0.39300576,-0.10702288,0.02148669
26.760000,0,FR_foot,0.38796428,0.41465461,0.02020326
26.760000,0,RL_foot,0.61408788,-0.04171745,0.01966438
26.760000,0,RR_foot,0.92807704,0.24319848,0.02025614
26.780000,0,FL_foot,0.38223642,-0.09924847,0.02489808
26.780000,0,FR_foot,0.38856548,0.41340053,0.02024082
26.780000,0,RL_foot,0.61742634,-0.04649519,0.02036719
26.780000,0,RR_foot,0.91740292,0.23584181,0.02015872
26.800000,0,FL_foot,0.36353657,-0.08477434,0.02370791
26.800000,0,FR_foot,0.38844788,0.41339383,0.02023051
26.800000,0,RL_foot,0.61799157,-0.04672285,0.02030735
26.800000,0,RR_foot,0.89948773,0.22647476,0.02011939
26.820000,0,FL_foot,0.33622816,-0.06584564,0.02273584
26.820000,0,FR_foot,0.38822457,0.41350463,0.02022762
26.820000,0,RL_foot,0.61772573,-0.04661868,0.02032212
26.820000,0,RR_foot,0.87551004,0.21842711,0.02009316
26.840000,0,FL_foot,0.30194852,-0.04730696,0.02307453
26.840000,0,FR_foot,0.38799024,0.41361940,0.02022594
26.840000,0,RL_foot,0.61739749,-0.04654652,0.02030960
26.840000,0,RR_foot,0.84706938,0.21475154,0.02015162
26.860000,0,FL_foot,0.26427832,-0.03084863,0.02540910
26.860000,0,FR_foot,0.38775790,0.41373152,0.02023329
26.860000,0,RL_foot,0.61708701,-0.04647680,0.02030807
26.860000,0,RR_foot,0.81465346,0.21429276,0.02097078
26.880000,0,FL_foot,0.22790201,-0.01839573,0.02904406
26.880000,0,FR_foot,0.38749990,0.41382745,0.02022993
26.880000,0,RL_foot,0.61677390,-0.04634520,0.02031984
26.880000,0,RR_foot,0.78371549,0.21535674,0.02333924
26.900000,0,FL_foot,0.19546355,-0.01128977,0.03246496
26.900000,0,FR_foot,0.38719699,0.41392013,0.02022713
26.900000,0,RL_foot,0.61643344,-0.04623740,0.02032065
26.900000,0,RR_foot,0.75698930,0.21768017,0.02633036
26.920000,0,FL_foot,0.16788352,-0.00901799,0.03459303
26.920000,0,FR_foot,0.38687134,0.41401255,0.02022315
26.920000,0,RL_foot,0.61606479,-0.04609124,0.02031007
26.920000,0,RR_foot,0.73535579,0.22170043,0.02865860
26.940000,0,FL_foot,0.14620070,-0.00949425,0.03510872
26.940000,0,FR_foot,0.38650912,0.41410714,0.02022184
26.940000,0,RL_foot,0.61565948,-0.04588078,0.02030893
26.940000,0,RR_foot,0.71877891,0.22741124,0.02964083
26.960000,0,FL_foot,0.13126683,-0.01114988,0.03355647
26.960000,0,FR_foot,0.38614687,0.41418430,0.02021788
26.960000,0,RL_foot,0.61521661,-0.04565560,0.02029397
26.960000,0,RR_foot,0.70765901,0.23517492,0.02855743
26.980000,0,FL_foot,0.12349338,-0.01241335,0.02973416
26.980000,0,FR_foot,0.38576910,0.41424674,0.02021239
26.980000,0,RL_foot,0.61475462,-0.04543029,0.02026946
26.980000,0,RR_foot,0.70337796,0.24509056,0.02513059
27.000000,0,FL_foot,0.12267728,-0.01191353,0.02395131
27.000000,0,FR_foot,0.38541162,0.41427514,0.02020416
27.000000,0,RL_foot,0.61425990,-0.04521854,0.02023751
27.000000,0,RR_foot,0.70744157,0.25597319,0.02016404
27.020000,0,FL_foot,0.12409563,-0.01135899,0.02024451
27.020000,0,FR_foot,0.38330889,0.41399643,0.02025959
27.020000,0,RL_foot,0.61242527,-0.03796927,0.02509942
27.020000,0,RR_foot,0.70944715,0.25765783,0.02014025
27.040000,0,FL_foot,0.12382247,-0.01139023,0.02025677
27.040000,0,FR_foot,0.36858749,0.40905219,0.02019347
27.040000,0,RL_foot,0.60913330,-0.01901435,0.03956696
27.040000,0,RR_foot,0.70900768,0.25759989,0.02015790
27.060000,0,FL_foot,0.12351492,-0.01137475,0.02025130
27.060000,0,FR_foot,0.34252936,0.40562063,0.02014845
27.060000,0,RL_foot,0.59999168,0.00071964,0.05616763
27.060000,0,RR_foot,0.70861202,0.25750443,0.02013026
27.080000,0,FL_foot,0.12323517,-0.01137224,0.02024810
27.080000,0,FR_foot,0.31122923,0.40819263,0.02015272
27.080000,0,RL_foot,0.58892596,0.01527401,0.07042979
27.080000,0,RR_foot,0.70821881,0.25739086,0.02012486
27.100000,0,FL_foot,0.12296726,-0.01137633,0.02024334
27.100000,0,FR_foot,0.27742723,0.41582739,0.02017050
27.100000,0,RL_foot,0.57843101,0.02558487,0.08232854
27.100000,0,RR_foot,0.70783305,0.25730100,0.02011503
27.120000,0,FL_foot,0.12270971,-0.01139011,0.02023870
27.120000,0,FR_foot,0.24263161,0.42602554,0.02020570
27.120000,0,RL_foot,0.56841528,0.03310081,0.09232628
27.120000,0,RR_foot,0.70740426,0.25720069,0.02012883
27.140000,0,FL_foot,0.12245597,-0.01141776,0.02023865
27.140000,0,FR_foot,0.20979106,0.43598723,0.02019212
27.140000,0,RL_foot,0.55842078,0.03908058,0.10099319
27.140000,0,RR_foot,0.70694828,0.25715637,0.02014311
27.160000,0,FL_foot,0.12219561,-0.01142243,0.02023495
27.160000,0,FR_foot,0.18656014,0.44318077,0.02024824
27.160000,0,RL_foot,0.54771620,0.04458275,0.10827690
27.160000,0,RR_foot,0.70650530,0.25718936,0.02018818
27.180000,0,FL_foot,0.12193144,-0.01141575,0.02023177
27.180000,0,FR_foot,0.17367317,0.44912934,0.02027053
27.180000,0,RL_foot,0.53640926,0.04996822,0.11417790
27.180000,0,RR_foot,0.70607466,0.25715920,0.02017155
27.200000,0,FL_foot,0.12167154,-0.01140488,0.02022923
27.200000,0,FR_foot,0.16549523,0.45433640,0.02027517
27.200000,0,RL_foot,0.52539045,0.05504230,0.11910790
27.200000,0,RR_foot,0.70565671,0.25710276,0.02015946
27.220000,0,FL_foot,0.12141602,-0.01138634,0.02022615
27.220000,0,FR_foot,0.15941708,0.45854965,0.02027625
27.220000,0,RL_foot,0.51510507,0.05962669,0.12321030
27.220000,0,RR_foot,0.70524639,0.25703761,0.02015659
27.240000,0,FL_foot,0.12117431,-0.01137685,0.02022383
27.240000,0,FR_foot,0.15463005,0.46186861,0.02027657
27.240000,0,RL_foot,0.50568086,0.06365940,0.12654544
27.240000,0,RR_foot,0.70485735,0.25697410,0.02015308
27.260000,0,FL_foot,0.12094196,-0.01137085,0.02022142
27.260000,0,FR_foot,0.15060073,0.46458057,0.02027321
27.260000,0,RL_foot,0.49711409,0.06713269,0.12918401
27.260000,0,RR_foot,0.70446700,0.25689390,0.02014854
27.280000,0,FL_foot,0.12071480,-0.01135493,0.02021888
27.280000,0,FR_foot,0.14695583,0.46688768,0.02027407
27.280000,0,RL_foot,0.48930636,0.07007647,0.13117357
27.280000,0,RR_foot,0.70409608,0.25682190,0.02014648
27.300000,0,FL_foot,0.12050067,-0.01134509,0.02021535
27.300000,0,FR_foot,0.14345708,0.46891600,0.02027283
27.300000,0,RL_foot,0.48215348,0.07256079,0.13261569
27.300000,0,RR_foot,0.70373076,0.25675097,0.02014225
27.320000,0,FL_foot,0.12028963,-0.01133503,0.02021438
27.320000,0,FR_foot,0.14007659,0.47066426,0.02027092
27.320000,0,RL_foot,0.47552094,0.07465962,0.13357677
27.320000,0,RR_foot,0.70336604,0.25666428,0.02014174
27.340000,0,FL_foot,0.12007923,-0.01130704,0.02021110
27.340000,0,FR_foot,0.13674124,0.47223017,0.02027024
27.340000,0,RL_foot,0.46926576,0.07645269,0.13407886
27.340000,0,RR_foot,0.70301467,0.25658914,0.02013843
27.360000,0,FL_foot,0.11987446,-0.01127769,0.02020754
27.360000,0,FR_foot,0.13357246,0.47361034,0.02027162
27.360000,0,RL_foot,0.46310484,0.07771997,0.13345800
27.360000,0,RR_foot,0.70266736,0.25651884,0.02013266
27.380000,0,FL_foot,0.11966984,-0.01123650,0.02020553
27.380000,0,FR_foot,0.13065325,0.47476134,0.02027058
27.380000,0,RL_foot,0.45688179,0.07839092,0.13148332
27.380000,0,RR_foot,0.70232409,0.25642145,0.02012728
27.400000,0,FL_foot,0.11946152,-0.01118090,0.02020207
27.400000,0,FR_foot,0.12801854,0.47571182,0.02027069
27.400000,0,RL_foot,0.45048478,0.07848029,0.12812909
27.400000,0,RR_foot,0.70198625,0.25634921,0.02012073
27.420000,0,FL_foot,0.11924574,-0.01110881,0.02019865
27.420000,0,FR_foot,0.12569110,0.47648284,0.02026890
27.420000,0,RL_foot,0.44388717,0.07796770,0.12344781
27.420000,0,RR_foot,0.70164710,0.25628114,0.02011843
27.440000,0,FL_foot,0.11902479,-0.01100305,0.02019544
27.440000,0,FR_foot,0.12385874,0.47706154,0.02026729
27.440000,0,RL_foot,0.43705806,0.07680673,0.11747112
27.440000,0,RR_foot,0.70131397,0.25617158,0.02011830
27.460000,0,FL_foot,0.11879258,-0.01088827,0.02019161
27.460000,0,FR_foot,0.12263963,0.47745961,0.02026520
27.460000,0,RL_foot,0.42994595,0.07489220,0.11014901
27.460000,0,RR_foot,0.70097470,0.25609601,0.02011513
27.480000,0,FL_foot,0.11854780,-0.01075022,0.02018938
27.480000,0,FR_foot,0.12213349,0.47768095,0.02026199
27.480000,0,RL_foot,0.42250854,0.07199536,0.10130764
27.480000,0,RR_foot,0.70063418,0.25602046,0.02011931
27.500000,0,FL_foot,0.11829542,-0.01057216,0.02018618
27.500000,0,FR_foot,0.12184117,0.47785157,0.02026055
27.500000,0,RL_foot,0.41469789,0.06770038,0.09061491
27.500000,0,RR_foot,0.70030773,0.25590640,0.02012105
27.520000,0,FL_foot,0.11802763,-0.01037171,0.02018257
27.520000,0,FR_foot,0.12161414,0.47801065,0.02025864
27.520000,0,RL_foot,0.40644425,0.06136040,0.07759041
27.520000,0,RR_foot,0.69997901,0.25583783,0.02011921
27.540000,0,FL_foot,0.11775105,-0.01012990,0.02018191
27.540000,0,FR_foot,0.12153909,0.47820672,0.02025751
27.540000,0,RL_foot,0.39819884,0.05189202,0.06179403
27.540000,0,RR_foot,0.69966358,0.25579038,0.02012756
27.560000,0,FL_foot,0.11746738,-0.00984885,0.02018206
27.560000,0,FR_foot,0.12147932,0.47842407,0.02025739
27.560000,0,RL_foot,0.39228380,0.03907887,0.04428733
27.560000,0,RR_foot,0.69937217,0.25574356,0.02012916
27.580000,0,FL_foot,0.11718190,-0.00954877,0.02018277
27.580000,0,FR_foot,0.12141251,0.47865146,0.02025492
27.580000,0,RL_foot,0.39114866,0.02440310,0.02690862
27.580000,0,RR_foot,0.69906795,0.25576878,0.02013602
27.600000,0,FL_foot,0.11323481,-0.01019670,0.02263737
27.600000,0,FR_foot,0.12135172,0.47877875,0.02027303
27.600000,0,RL_foot,0.39341471,0.01713214,0.02062357
27.600000,0,RR_foot,0.69604367,0.25398919,0.02047934
27.620000,0,FL_foot,0.09616635,-0.00489219,0.02412713
27.620000,0,FR_foot,0.12399331,0.47613481,0.02025643
27.620000,0,RL_foot,0.39454794,0.01618600,0.02034408
27.620000,0,RR_foot,0.67689413,0.24865302,0.02007079
27.640000,0,FL_foot,0.06982291,0.00917119,0.02559209
27.640000,0,FR_foot,0.12383873,0.47624841,0.02024676
27.640000,0,RL_foot,0.39430460,0.01631880,0.02033098
27.640000,0,RR_foot,0.65282661,0.24453236,0.02007781
27.660000,0,FL_foot,0.03738280,0.02467461,0.02792154
27.660000,0,FR_foot,0.12367560,0.47637513,0.02024131
27.660000,0,RL_foot,0.39402261,0.01648648,0.02031989
27.660000,0,RR_foot,0.62523508,0.24522546,0.02008859
27.680000,0,FL_foot,0.00293947,0.03847412,0.03161902
27.680000,0,FR_foot,0.12351152,0.47650734,0.02024422
27.680000,0,RL_foot,0.39373338,0.01661706,0.02031456
27.680000,0,RR_foot,0.59321618,0.24942164,0.02051825
27.700000,0,FL_foot,-0.03007158,0.04876367,0.03611981
27.700000,0,FR_foot,0.12332529,0.47663692,0.02024206
27.700000,0,RL_foot,0.39343739,0.01681281,0.02032677
27.700000,0,RR_foot,0.56237429,0.25490201,0.02223811
27.720000,0,FL_foot,-0.05923223,0.05460311,0.04022730
27.720000,0,FR_foot,0.12310331,0.47677079,0.02023899
27.720000,0,RL_foot,0.39312258,0.01697537,0.02032639
27.720000,0,RR_foot,0.53605461,0.26085281,0.02467045
27.740000,0,FL_foot,-0.08371817,0.05659553,0.04314091
27.740000,0,FR_foot,0.12285905,0.47690091,0.02023211
27.740000,0,RL_foot,0.39278680,0.01717761,0.02032056
27.740000,0,RR_foot,0.51448518,0.26733342,0.02693043
27.760000,0,FL_foot,-0.10310321,0.05618706,0.04457422
27.760000,0,FR_foot,0.12260301,0.47703731,0.02022815
27.760000,0,RL_foot,0.39242208,0.01743704,0.02032520
27.760000,0,RR_foot,0.49713588,0.27439171,0.02853317
27.780000,0,FL_foot,-0.11696590,0.05455169,0.04417839
27.780000,0,FR_foot,0.12233488,0.47717020,0.02022489
27.780000,0,RL_foot,0.39202589,0.01770800,0.02031508
27.780000,0,RR_foot,0.48386151,0.28245968,0.02888008
27.800000,0,FL_foot,-0.12521842,0.05259938,0.04171916
27.800000,0,FR_foot,0.12204614,0.47729671,0.02022235
27.800000,0,RL_foot,0.39160460,0.01799210,0.02029955
27.800000,0,RR_foot,0.47513309,0.29175246,0.02758862
27.820000,0,FL_foot,-0.12819572,0.05104798,0.03729372
27.820000,0,FR_foot,0.12176106,0.47740179,0.02021681
27.820000,0,RL_foot,0.39116922,0.01827413,0.02027974
27.820000,0,RR_foot,0.47182435,0.30208650,0.02468472
27.840000,0,FL_foot,-0.12664884,0.05008641,0.03122973
27.840000,0,FR_foot,0.12147367,0.47748476,0.02020993
27.840000,0,RL_foot,0.39073959,0.01852731,0.02025392
27.840000,0,RR_foot,0.47455788,0.31278181,0.02079100
27.860000,0,FL_foot,-0.12143005,0.04970118,0.02273141
27.860000,0,FR_foot,0.12121926,0.47754270,0.02018590
27.860000,0,RL_foot,0.39023262,0.02043769,0.02012017
27.860000,0,RR_foot,0.47872424,0.31856483,0.02017179
27.880000,0,FL_foot,-0.11985902,0.04967411,0.02024901
27.880000,0,FR_foot,0.11849164,0.47727984,0.02041421
27.880000,0,RL_foot,0.38621706,0.02636236,0.02479850
27.880000,0,RR_foot,0.47996137,0.31957290,0.02020163
27.900000,0,FL_foot,-0.12009426,0.04963152,0.02025246
27.900000,0,FR_foot,0.10011709,0.47431058,0.02099806
27.900000,0,RL_foot,0.37949905,0.04497096,0.03940203
27.900000,0,RR_foot,0.47955170,0.31945330,0.02016218
27.920000,0,FL_foot,-0.12036206,0.04958805,0.02024829
27.920000,0,FR_foot,0.06957109,0.47654304,0.02116282
27.920000,0,RL_foot,0.36847132,0.06385869,0.05682155
27.920000,0,RR_foot,0.47913992,0.31935307,0.02015141
27.940000,0,FL_foot,-0.12061382,0.04952908,0.02024442
27.940000,0,FR_foot,0.03317605,0.48453832,0.02110086
27.940000,0,RL_foot,0.35702366,0.07738909,0.07219042
27.940000,0,RR_foot,0.47871315,0.31930003,0.02015401
27.960000,0,FL_foot,-0.12087563,0.04947434,0.02023937
27.960000,0,FR_foot,-0.00245840,0.49467969,0.02105833
27.960000,0,RL_foot,0.34595889,0.08686386,0.08514202
27.960000,0,RR_foot,0.47822988,0.31925532,0.02015700
27.980000,0,FL_foot,-0.12115119,0.04942692,0.02023483
27.980000,0,FR_foot,-0.03289935,0.50405711,0.02056565
27.980000,0,RL_foot,0.33457759,0.09416063,0.09622933
27.980000,0,RR_foot,0.47771275,0.31924957,0.02015754
28.000000,0,FL_foot,-0.12143552,0.04940661,0.02023288
28.000000,0,FR_foot,-0.04962642,0.50895083,0.02027000
28.000000,0,RL_foot,0.32219490,0.10107833,0.10514268
28.000000,0,RR_foot,0.47711340,0.31957868,0.02020264
28.020000,0,FL_foot,-0.12171814,0.04941241,0.02022925
28.020000,0,FR_foot,-0.05580518,0.51346427,0.02027872
28.020000,0,RL_foot,0.30932525,0.10771033,0.11194731
28.020000,0,RR_foot,0.47667679,0.31950641,0.02015905
28.040000,0,FL_foot,-0.12198856,0.04940746,0.02022658
28.040000,0,FR_foot,-0.06117740,0.51803541,0.02027640
28.040000,0,RL_foot,0.29750034,0.11347950,0.11776993
28.040000,0,RR_foot,0.47624278,0.31942490,0.02015675
28.060000,0,FL_foot,-0.12224574,0.04939491,0.02022456
28.060000,0,FR_foot,-0.06582677,0.52173430,0.02027774
28.060000,0,RL_foot,0.28679156,0.11843473,0.12259437
28.060000,0,RR_foot,0.47581595,0.31933779,0.02015411
28.080000,0,FL_foot,-0.12249493,0.04938495,0.02022116
28.080000,0,FR_foot,-0.06975304,0.52472824,0.02027585
28.080000,0,RL_foot,0.27707273,0.12268094,0.12647316
28.080000,0,RR_foot,0.47541112,0.31925985,0.02014959
28.100000,0,FL_foot,-0.12272749,0.04936456,0.02022003
28.100000,0,FR_foot,-0.07318106,0.52719450,0.02027489
28.100000,0,RL_foot,0.26824647,0.12629248,0.12954329
28.100000,0,RR_foot,0.47500497,0.31916371,0.02014877
28.120000,0,FL_foot,-0.12295288,0.04934184,0.02021799
28.120000,0,FR_foot,-0.07644694,0.52936298,0.02027195
28.120000,0,RL_foot,0.26017600,0.12934715,0.13189037
28.120000,0,RR_foot,0.47461903,0.31907734,0.02014351
28.140000,0,FL_foot,-0.12317167,0.04932968,0.02021490
28.140000,0,FR_foot,-0.07978310,0.53134829,0.02027172
28.140000,0,RL_foot,0.25276059,0.13193223,0.13363543
28.140000,0,RR_foot,0.47423929,0.31899679,0.02014162
28.160000,0,FL_foot,-0.12338173,0.04931521,0.02021301
28.160000,0,FR_foot,-0.08318631,0.53313613,0.02027094
28.160000,0,RL_foot,0.24586357,0.13412526,0.13485213
28.160000,0,RR_foot,0.47386038,0.31890202,0.02014169
28.180000,0,FL_foot,-0.12358768,0.04930793,0.02021085
28.180000,0,FR_foot,-0.08667842,0.53479642,0.02026996
28.180000,0,RL_foot,0.23935312,0.13602127,0.13560760
28.180000,0,RR_foot,0.47349483,0.31882036,0.02013681
28.200000,0,FL_foot,-0.12379310,0.04930782,0.02020853
28.200000,0,FR_foot,-0.09025209,0.53633314,0.02026983
28.200000,0,RL_foot,0.23315530,0.13770939,0.13600904
28.200000,0,RR_foot,0.47313267,0.31874657,0.02013529
28.220000,0,FL_foot,-0.12399586,0.04932197,0.02020695
28.220000,0,FR_foot,-0.09374483,0.53772479,0.02026641
28.220000,0,RL_foot,0.22707623,0.13909526,0.13571748
28.220000,0,RR_foot,0.47277406,0.31865454,0.02013254
28.240000,0,FL_foot,-0.12420019,0.04935033,0.02020419
28.240000,0,FR_foot,-0.09699395,0.53895807,0.02026898
28.240000,0,RL_foot,0.22089352,0.14002495,0.13423072
28.240000,0,RR_foot,0.47242433,0.31858096,0.02012626
28.260000,0,FL_foot,-0.12440547,0.04940578,0.02019994
28.260000,0,FR_foot,-0.10003516,0.54003030,0.02026838
28.260000,0,RL_foot,0.21453692,0.14043891,0.13143441
28.260000,0,RR_foot,0.47207627,0.31851390,0.02012313
28.280000,0,FL_foot,-0.12461449,0.04946838,0.02019773
28.280000,0,FR_foot,-0.10269093,0.54090679,0.02026704
28.280000,0,RL_foot,0.20794205,0.14033094,0.12734680
28.280000,0,RR_foot,0.47173724,0.31840917,0.02011977
28.300000,0,FL_foot,-0.12483040,0.04955241,0.02019385
28.300000,0,FR_foot,-0.10494189,0.54162431,0.02026613
28.300000,0,RL_foot,0.20107140,0.13964500,0.12195373
28.300000,0,RR_foot,0.47139406,0.31833678,0.02011497
28.320000,0,FL_foot,-0.12505692,0.04965620,0.02019160
28.320000,0,FR_foot,-0.10668536,0.54216868,0.02026336
28.320000,0,RL_foot,0.19392756,0.13827813,0.11525033
28.320000,0,RR_foot,0.47104871,0.31826702,0.02011756
28.340000,0,FL_foot,-0.12528828,0.04979353,0.02018713
28.340000,0,FR_foot,-0.10770703,0.54251522,0.02026085
28.340000,0,RL_foot,0.18646704,0.13607250,0.10713099
28.340000,0,RR_foot,0.47071677,0.31815240,0.02011763
28.360000,0,FL_foot,-0.12553380,0.04994743,0.02018300
28.360000,0,FR_foot,-0.10811228,0.54271311,0.02025819
28.360000,0,RL_foot,0.17857631,0.13270903,0.09729100
28.360000,0,RR_foot,0.47037420,0.31807515,0.02011591
28.380000,0,FL_foot,-0.12579130,0.05013113,0.02018266
28.380000,0,FR_foot,-0.10837343,0.54288644,0.02025712
28.380000,0,RL_foot,0.17017227,0.12763155,0.08529601
28.380000,0,RR_foot,0.47003797,0.31800589,0.02012485
28.400000,0,FL_foot,-0.12605442,0.05036008,0.02017872
28.400000,0,FR_foot,-0.10855618,0.54304463,0.02025586
28.400000,0,RL_foot,0.16136782,0.11999393,0.07068837
28.400000,0,RR_foot,0.46973249,0.31791109,0.02012423
28.420000,0,FL_foot,-0.12633190,0.05062474,0.02017760
28.420000,0,FR_foot,-0.10861810,0.54325342,0.02025450
28.420000,0,RL_foot,0.15325226,0.10875382,0.05349913
28.420000,0,RR_foot,0.46942231,0.31788042,0.02012529
28.440000,0,FL_foot,-0.12660877,0.05092133,0.02017749
28.440000,0,FR_foot,-0.10867853,0.54348052,0.02025304
28.440000,0,RL_foot,0.14887701,0.09480691,0.03573389
28.440000,0,RR_foot,0.46912456,0.31788054,0.02013873
28.460000,0,FL_foot,-0.12687775,0.05123268,0.02018009
28.460000,0,FR_foot,-0.10875314,0.54370373,0.02025109
28.460000,0,RL_foot,0.15031740,0.07995260,0.01881007
28.460000,0,RR_foot,0.46886730,0.31795201,0.02016094
28.480000,0,FL_foot,-0.13809706,0.05303901,0.02402206
28.480000,0,FR_foot,-0.10691608,0.54055649,0.02023818
28.480000,0,RL_foot,0.15055527,0.07877240,0.02047194
28.480000,0,RR_foot,0.45683187,0.31279221,0.02012671
28.500000,0,FL_foot,-0.15883642,0.06457677,0.02490347
28.500000,0,FR_foot,-0.10636635,0.54016548,0.02024384
28.500000,0,RL_foot,0.15101440,0.07881038,0.02033592
28.500000,0,RR_foot,0.43705657,0.30761337,0.02010871
28.520000,0,FL_foot,-0.18697478,0.08038780,0.02661529
28.520000,0,FR_foot,-0.10652392,0.54028308,0.02023892
28.520000,0,RL_foot,0.15075265,0.07898820,0.02032987
28.520000,0,RR_foot,0.41100708,0.30494910,0.02007706
28.540000,0,FL_foot,-0.21918221,0.09573764,0.02922699
28.540000,0,FR_foot,-0.10670725,0.54042190,0.02023583
28.540000,0,RL_foot,0.15044118,0.07912259,0.02031521
28.540000,0,RR_foot,0.38147151,0.30732927,0.02012050
28.560000,0,FL_foot,-0.25219166,0.10919915,0.03312144
28.560000,0,FR_foot,-0.10688977,0.54055613,0.02023583
28.560000,0,RL_foot,0.15013956,0.07926466,0.02031473
28.560000,0,RR_foot,0.34850881,0.31276646,0.02084778
28.580000,0,FL_foot,-0.28292152,0.11905938,0.03746968
28.580000,0,FR_foot,-0.10709731,0.54067737,0.02023149
28.580000,0,RL_foot,0.14983077,0.07947513,0.02032669
28.580000,0,RR_foot,0.31805179,0.31906280,0.02291379
28.600000,0,FL_foot,-0.30966103,0.12449303,0.04108844
28.600000,0,FR_foot,-0.10734730,0.54080999,0.02023244
28.600000,0,RL_foot,0.14950177,0.07965215,0.02032564
28.600000,0,RR_foot,0.29230693,0.32580605,0.02538383
28.620000,0,FL_foot,-0.33190274,0.12637985,0.04337789
28.620000,0,FR_foot,-0.10761213,0.54094058,0.02022746
28.620000,0,RL_foot,0.14915086,0.07986777,0.02031754
28.620000,0,RR_foot,0.27122289,0.33292243,0.02755374
28.640000,0,FL_foot,-0.34914401,0.12590145,0.04400326
28.640000,0,FR_foot,-0.10789983,0.54107028,0.02022520
28.640000,0,RL_foot,0.14877042,0.08013539,0.02032218
28.640000,0,RR_foot,0.25448599,0.34066290,0.02884703
28.660000,0,FL_foot,-0.36084685,0.12426675,0.04264128
28.660000,0,FR_foot,-0.10819083,0.54119962,0.02022157
28.660000,0,RL_foot,0.14836022,0.08041634,0.02030824
28.660000,0,RR_foot,0.24223298,0.34947601,0.02861978
28.680000,0,FL_foot,-0.36702433,0.12242962,0.03918423
28.680000,0,FR_foot,-0.10848957,0.54131329,0.02021670
28.680000,0,RL_foot,0.14792719,0.08070343,0.02028953
28.680000,0,RR_foot,0.23524633,0.35947844,0.02660183
28.700000,0,FL_foot,-0.36803365,0.12117919,0.03386585
28.700000,0,FR_foot,-0.10880376,0.54140514,0.02021231
28.700000,0,RL_foot,0.14748862,0.08097991,0.02026527
28.700000,0,RR_foot,0.23448397,0.37028092,0.02306680
28.720000,0,FL_foot,-0.36462522,0.12051876,0.02698586
28.720000,0,FR_foot,-0.10909091,0.54146534,0.02020302
28.720000,0,RL_foot,0.14703999,0.08120457,0.02025774
28.720000,0,RR_foot,0.23907897,0.37932143,0.02004715
28.740000,0,FL_foot,-0.36029512,0.12049267,0.02020914
28.740000,0,FR_foot,-0.10935110,0.54151106,0.02031718
28.740000,0,RL_foot,0.14483309,0.08710718,0.02236639
28.740000,0,RR_foot,0.24286713,0.38226378,0.01984072
28.760000,0,FL_foot,-0.36046210,0.12043285,0.02024996
28.760000,0,FR_foot,-0.12493441,0.53928119,0.02056151
28.760000,0,RL_foot,0.14088336,0.10497903,0.03601600
28.760000,0,RR_foot,0.24248712,0.38241947,0.02013057
28.780000,0,FL_foot,-0.36069712,0.12040143,0.02025182
28.780000,0,FR_foot,-0.15587571,0.54014605,0.02030021
28.780000,0,RL_foot,0.13152513,0.12522972,0.05374975
28.780000,0,RR_foot,0.24210121,0.38237640,0.02014096
28.800000,0,FL_foot,-0.36095488,0.12037720,0.02024765
28.800000,0,FR_foot,-0.18881978,0.54759616,0.02018698
28.800000,0,RL_foot,0.12042102,0.14006527,0.06914240
28.800000,0,RR_foot,0.24168372,0.38232240,0.02013529
28.820000,0,FL_foot,-0.36122483,0.12035668,0.02024300
28.820000,0,FR_foot,-0.22102475,0.55820245,0.02020512
28.820000,0,RL_foot,0.10924859,0.15054561,0.08199947
28.820000,0,RR_foot,0.24124478,0.38225487,0.02013862
28.840000,0,FL_foot,-0.36149293,0.12033649,0.02023926
28.840000,0,FR_foot,-0.25027198,0.56833625,0.02020949
28.840000,0,RL_foot,0.09797455,0.15854594,0.09294987
28.840000,0,RR_foot,0.24077779,0.38222209,0.02015773
28.860000,0,FL_foot,-0.36176664,0.12032968,0.02023555
28.860000,0,FR_foot,-0.27067158,0.57573199,0.02025302
28.860000,0,RL_foot,0.08619907,0.16547668,0.10203368
28.860000,0,RR_foot,0.24031231,0.38223204,0.02018741
28.880000,0,FL_foot,-0.36204097,0.12033150,0.02023118
28.880000,0,FR_foot,-0.28237274,0.58162218,0.02026836
28.880000,0,RL_foot,0.07409972,0.17190082,0.10937236
28.880000,0,RR_foot,0.23988609,0.38220662,0.02016509
28.900000,0,FL_foot,-0.36230993,0.12033978,0.02022867
28.900000,0,FR_foot,-0.28996494,0.58671921,0.02027483
28.900000,0,RL_foot,0.06247068,0.17775887,0.11546053
28.900000,0,RR_foot,0.23945503,0.38215172,0.02015823
28.920000,0,FL_foot,-0.36256760,0.12033929,0.02022627
28.920000,0,FR_foot,-0.29576251,0.59093386,0.02027577
28.920000,0,RL_foot,0.05167367,0.18296154,0.12051622
28.920000,0,RR_foot,0.23902741,0.38208356,0.02015497
28.940000,0,FL_foot,-0.36281574,0.12033358,0.02022433
28.940000,0,FR_foot,-0.30037773,0.59426785,0.02027345
28.940000,0,RL_foot,0.04176633,0.18751490,0.12464571
28.940000,0,RR_foot,0.23860945,0.38200778,0.02015103
28.960000,0,FL_foot,-0.36305705,0.12033226,0.02022094
28.960000,0,FR_foot,-0.30423430,0.59696639,0.02027381
28.960000,0,RL_foot,0.03271483,0.19145443,0.12794562
28.960000,0,RR_foot,0.23821200,0.38194108,0.02014667
28.980000,0,FL_foot,-0.36328408,0.12032248,0.02021955
28.980000,0,FR_foot,-0.30769452,0.59923059,0.02027211
28.980000,0,RL_foot,0.02445561,0.19481847,0.13052437
28.980000,0,RR_foot,0.23781441,0.38185471,0.02014611
29.000000,0,FL_foot,-0.36350414,0.12031529,0.02021633
29.000000,0,FR_foot,-0.31107685,0.60125816,0.02027142
29.000000,0,RL_foot,0.01686428,0.19768155,0.13245571
29.000000,0,RR_foot,0.23743503,0.38178059,0.02014188
29.020000,0,FL_foot,-0.36371794,0.12030771,0.02021539
29.020000,0,FR_foot,-0.31452054,0.60310811,0.02026984
29.020000,0,RL_foot,0.00984727,0.20011696,0.13385144
29.020000,0,RR_foot,0.23705414,0.38169399,0.02014110
29.040000,0,FL_foot,-0.36392829,0.12031583,0.02021151
29.040000,0,FR_foot,-0.31810212,0.60485053,0.02026880
29.040000,0,RL_foot,0.00325998,0.20221727,0.13475862
29.040000,0,RR_foot,0.23668700,0.38162088,0.02013743
29.060000,0,FL_foot,-0.36413357,0.12032329,0.02020996
29.060000,0,FR_foot,-0.32174265,0.60645723,0.02026835
29.060000,0,RL_foot,-0.00298649,0.20407152,0.13528901
29.060000,0,RR_foot,0.23631838,0.38153812,0.02013783
29.080000,0,FL_foot,-0.36433789,0.12034295,0.02020744
29.080000,0,FR_foot,-0.32535121,0.60794568,0.02026848
29.080000,0,RL_foot,-0.00906891,0.20567513,0.13525902
29.080000,0,RR_foot,0.23596039,0.38146877,0.02013263
29.100000,0,FL_foot,-0.36454126,0.12037576,0.02020420
29.100000,0,FR_foot,-0.32881191,0.60930526,0.02026816
29.100000,0,RL_foot,-0.01519929,0.20683125,0.13411519
29.100000,0,RR_foot,0.23560590,0.38140637,0.02012808
29.120000,0,FL_foot,-0.36474586,0.12042376,0.02020210
29.120000,0,FR_foot,-0.33197841,0.61046690,0.02026815
29.120000,0,RL_foot,-0.02149833,0.20748283,0.13168345
29.120000,0,RR_foot,0.23525621,0.38131419,0.02012370
29.140000,0,FL_foot,-0.36495540,0.12048922,0.02019878
29.140000,0,FR_foot,-0.33483255,0.61145949,0.02026735
29.140000,0,RL_foot,-0.02804463,0.20761333,0.12792750
29.140000,0,RR_foot,0.23490874,0.38124901,0.02011700
29.160000,0,FL_foot,-0.36517322,0.12057214,0.02019631
29.160000,0,FR_foot,-0.33731768,0.61227614,0.02026662
29.160000,0,RL_foot,-0.03484340,0.20717762,0.12288343
29.160000,0,RR_foot,0.23455966,0.38118860,0.02011689
29.180000,0,FL_foot,-0.36539394,0.12068709,0.02019208
29.180000,0,FR_foot,-0.33924648,0.61289954,0.02026412
29.180000,0,RL_foot,-0.04192736,0.20609681,0.11653815
29.180000,0,RR_foot,0.23421897,0.38108429,0.02011617
29.200000,0,FL_foot,-0.36562678,0.12081531,0.02018773
29.200000,0,FR_foot,-0.34049711,0.61333179,0.02026218
29.200000,0,RL_foot,-0.04935506,0.20422828,0.10879607
29.200000,0,RR_foot,0.23386839,0.38102126,0.02011408
29.220000,0,FL_foot,-0.36587197,0.12096693,0.02018719
29.220000,0,FR_foot,-0.34096369,0.61355621,0.02025874
29.220000,0,RL_foot,-0.05718436,0.20129392,0.09942773
29.220000,0,RR_foot,0.23353072,0.38091186,0.02011715
29.240000,0,FL_foot,-0.36612308,0.12115723,0.02018104
29.240000,0,FR_foot,-0.34128401,0.61373937,0.02025555
29.240000,0,RL_foot,-0.06552146,0.19678269,0.08798609
29.240000,0,RR_foot,0.23318727,0.38084668,0.02011886
29.260000,0,FL_foot,-0.36638695,0.12137365,0.02018051
29.260000,0,FR_foot,-0.34148058,0.61391217,0.02025591
29.260000,0,RL_foot,-0.07432182,0.18993989,0.07401916
29.260000,0,RR_foot,0.23287135,0.38075152,0.02012196
29.280000,0,FL_foot,-0.36665943,0.12163379,0.02017839
29.280000,0,FR_foot,-0.34154525,0.61411667,0.02025452
29.280000,0,RL_foot,-0.08288068,0.17962253,0.05727647
29.280000,0,RR_foot,0.23255621,0.38071990,0.02012407
29.300000,0,FL_foot,-0.36693305,0.12192781,0.02017874
29.300000,0,FR_foot,-0.34160447,0.61434257,0.02025355
29.300000,0,RL_foot,-0.08828672,0.16630115,0.03955259
29.300000,0,RR_foot,0.23226608,0.38069558,0.02013229
29.320000,0,FL_foot,-0.36720291,0.12223691,0.02018056
29.320000,0,FR_foot,-0.34166798,0.61456370,0.02025112
29.320000,0,RL_foot,-0.08841599,0.15153937,0.02236449
29.320000,0,RR_foot,0.23197745,0.38074985,0.02014544
29.340000,0,FL_foot,-0.37438643,0.12242237,0.02397056
29.340000,0,FR_foot,-0.34085351,0.61233222,0.02024080
29.340000,0,RL_foot,-0.08699664,0.14667740,0.02046850
29.340000,0,RR_foot,0.22361065,0.37679401,0.02042219
29.360000,0,FL_foot,-0.39357799,0.13212708,0.02529974
29.360000,0,FR_foot,-0.33942109,0.61132830,0.02024520
29.360000,0,RL_foot,-0.08600348,0.14590149,0.02033244
29.360000,0,RR_foot,0.20312597,0.37150049,0.02010021
29.380000,0,FL_foot,-0.42041993,0.14808524,0.02682568
29.380000,0,FR_foot,-0.33959568,0.61142021,0.02023995
29.380000,0,RL_foot,-0.08624833,0.14605254,0.02032272
29.380000,0,RR_foot,0.17827965,0.36883116,0.02007878
29.400000,0,FL_foot,-0.45177647,0.16406333,0.02929375
29.400000,0,FR_foot,-0.33977714,0.61155003,0.02023635
29.400000,0,RL_foot,-0.08654043,0.14619300,0.02031359
29.400000,0,RR_foot,0.14984287,0.37095231,0.02009734
29.420000,0,FL_foot,-0.48460415,0.17818686,0.03303640
29.420000,0,FR_foot,-0.33995143,0.61168128,0.02024355
29.420000,0,RL_foot,-0.08682681,0.14638115,0.02032272
29.420000,0,RR_foot,0.11735112,0.37641609,0.02065849
29.440000,0,FL_foot,-0.51570308,0.18882713,0.03742493
29.440000,0,FR_foot,-0.34015471,0.61180735,0.02023968
29.440000,0,RL_foot,-0.08712821,0.14653097,0.02032110
29.440000,0,RR_foot,0.08662363,0.38302693,0.02249170
29.460000,0,FL_foot,-0.54301864,0.19513200,0.04125717
29.460000,0,FR_foot,-0.34038746,0.61193132,0.02023223
29.460000,0,RL_foot,-0.08744261,0.14671689,0.02031883
29.460000,0,RR_foot,0.06039428,0.38997501,0.02494338
29.480000,0,FL_foot,-0.56595165,0.19761246,0.04381937
29.480000,0,FR_foot,-0.34064341,0.61206657,0.02023008
29.480000,0,RL_foot,-0.08778154,0.14696535,0.02032620
29.480000,0,RR_foot,0.03885815,0.39724410,0.02718142
29.500000,0,FL_foot,-0.58395755,0.19755940,0.04478792
29.500000,0,FR_foot,-0.34091222,0.61219949,0.02022518
29.500000,0,RL_foot,-0.08814570,0.14719307,0.02031235
29.500000,0,RR_foot,0.02167382,0.40500623,0.02863573
29.520000,0,FL_foot,-0.59651363,0.19613998,0.04381225
29.520000,0,FR_foot,-0.34120178,0.61232817,0.02022171
29.520000,0,RL_foot,-0.08854248,0.14746648,0.02030118
29.520000,0,RR_foot,0.00890332,0.41371456,0.02867521
29.540000,0,FL_foot,-0.60352170,0.19433242,0.04072205
29.540000,0,FR_foot,-0.34149081,0.61245006,0.02021671
29.540000,0,RL_foot,-0.08896301,0.14774828,0.02028532
29.540000,0,RR_foot,0.00121858,0.42356399,0.02695219
29.560000,0,FL_foot,-0.60527867,0.19300613,0.03570582
29.560000,0,FR_foot,-0.34178695,0.61254913,0.02021040
29.560000,0,RL_foot,-0.08939341,0.14802523,0.02026317
29.560000,0,RR_foot,-0.00043865,0.43425727,0.02362400
29.580000,0,FL_foot,-0.60254669,0.19227907,0.02911645
29.580000,0,FR_foot,-0.34208602,0.61261845,0.02020707
29.580000,0,RL_foot,-0.08982954,0.14829162,0.02025495
29.580000,0,RR_foot,0.00395979,0.44390106,0.02021455
29.600000,0,FL_foot,-0.59598219,0.19199990,0.01885016
29.600000,0,FR_foot,-0.34229711,0.61269939,0.02021758
29.600000,0,RL_foot,-0.09098454,0.15516399,0.02140653
29.600000,0,RR_foot,0.00909182,0.44847897,0.02016237
29.620000,0,FL_foot,-0.59623110,0.19185437,0.02025488
29.620000,0,FR_foot,-0.35135123,0.61273265,0.02047053
29.620000,0,RL_foot,-0.09546199,0.16227604,0.02724715
29.620000,0,RR_foot,0.00922451,0.44924381,0.02021033
29.640000,0,FL_foot,-0.59645671,0.19182666,0.02025339
29.640000,0,FR_foot,-0.37671739,0.61064595,0.02034354
29.640000,0,RL_foot,-0.10014842,0.18157744,0.04214304
29.640000,0,RR_foot,0.00880235,0.44916639,0.02016975
29.660000,0,FL_foot,-0.59669036,0.19178917,0.02024929
29.660000,0,FR_foot,-0.40798560,0.61554158,0.02017395
29.660000,0,RL_foot,-0.10983559,0.19985358,0.05883348
29.660000,0,RR_foot,0.00841398,0.44914928,0.02013307
29.680000,0,FL_foot,-0.59695083,0.19176996,0.02024509
29.680000,0,FR_foot,-0.43964854,0.62519354,0.02020235
29.680000,0,RL_foot,-0.12098309,0.21305706,0.07319308
29.680000,0,RR_foot,0.00798879,0.44908759,0.02013544
29.700000,0,FL_foot,-0.59722257,0.19175148,0.02024140
29.700000,0,FR_foot,-0.47110423,0.63649189,0.02020618
29.700000,0,RL_foot,-0.13227469,0.22265430,0.08543348
29.700000,0,RR_foot,0.00755739,0.44908071,0.02014105
29.720000,0,FL_foot,-0.59749198,0.19174129,0.02023718
29.720000,0,FR_foot,-0.49661383,0.64548612,0.02023713
29.720000,0,RL_foot,-0.14388040,0.23040535,0.09581564
29.720000,0,RR_foot,0.00708472,0.44909123,0.02018242
29.740000,0,FL_foot,-0.59776664,0.19174668,0.02023234
29.740000,0,FR_foot,-0.51198423,0.65205580,0.02026431
29.740000,0,RL_foot,-0.15604898,0.23738058,0.10420237
29.740000,0,RR_foot,0.00662615,0.44908682,0.02017711
29.760000,0,FL_foot,-0.59803802,0.19175424,0.02022960
29.760000,0,FR_foot,-0.52101231,0.65758008,0.02027245
29.760000,0,RL_foot,-0.16809787,0.24378009,0.11107893
29.760000,0,RR_foot,0.00618456,0.44904047,0.02016062
29.780000,0,FL_foot,-0.59830356,0.19176258,0.02022653
29.780000,0,FR_foot,-0.52735674,0.66218650,0.02027467
29.780000,0,RL_foot,-0.17942616,0.24950631,0.11679365
29.780000,0,RR_foot,0.00575026,0.44897795,0.02015550
29.800000,0,FL_foot,-0.59855533,0.19176221,0.02022422
29.800000,0,FR_foot,-0.53224659,0.66581655,0.02027549
29.800000,0,RL_foot,-0.18983863,0.25453284,0.12150149
29.800000,0,RR_foot,0.00532415,0.44890678,0.02015270
29.820000,0,FL_foot,-0.59879816,0.19175479,0.02022145
29.820000,0,FR_foot,-0.53618622,0.66868597,0.02027450
29.820000,0,RL_foot,-0.19934739,0.25889236,0.12530513
29.820000,0,RR_foot,0.00491844,0.44884235,0.02014654
29.840000,0,FL_foot,-0.59903234,0.19175063,0.02021966
29.840000,0,FR_foot,-0.53959864,0.67102426,0.02027192
29.840000,0,RL_foot,-0.20800218,0.26262403,0.12831736
29.840000,0,RR_foot,0.00451309,0.44875729,0.02014621
29.860000,0,FL_foot,-0.59925324,0.19174069,0.02021744
29.860000,0,FR_foot,-0.54281873,0.67304415,0.02027176
29.860000,0,RL_foot,-0.21591787,0.26579973,0.13062449
29.860000,0,RR_foot,0.00412727,0.44868281,0.02014178
29.880000,0,FL_foot,-0.59946853,0.19173004,0.02021489
29.880000,0,FR_foot,-0.54610813,0.67489290,0.02027020
29.880000,0,RL_foot,-0.22318801,0.26849893,0.13233919
29.880000,0,RR_foot,0.00374748,0.44861236,0.02013791
29.900000,0,FL_foot,-0.59967846,0.19173245,0.02021286
29.900000,0,FR_foot,-0.54951239,0.67658263,0.02026914
29.900000,0,RL_foot,-0.22994694,0.27080163,0.13352722
29.900000,0,RR_foot,0.00336832,0.44852728,0.02013899
29.920000,0,FL_foot,-0.59988356,0.19173737,0.02021046
29.920000,0,FR_foot,-0.55301076,0.67816627,0.02026796
29.920000,0,RL_foot,-0.23634265,0.27281496,0.13425502
29.920000,0,RR_foot,0.00300223,0.44845590,0.02013454
29.940000,0,FL_foot,-0.60008633,0.19175214,0.02020727
29.940000,0,FR_foot,-0.55655903,0.67964596,0.02026823
29.940000,0,RL_foot,-0.24249838,0.27455091,0.13443580
29.940000,0,RR_foot,0.00263960,0.44839102,0.02013228
29.960000,0,FL_foot,-0.60028887,0.19178015,0.02020560
29.960000,0,FR_foot,-0.55992436,0.68096805,0.02026846
29.960000,0,RL_foot,-0.24867943,0.27581763,0.13347930
29.960000,0,RR_foot,0.00228013,0.44830438,0.02012875
29.980000,0,FL_foot,-0.60049301,0.19182590,0.02020225
29.980000,0,FR_foot,-0.56308937,0.68213576,0.02026849
29.980000,0,RL_foot,-0.25502351,0.27655903,0.13117649
29.980000,0,RR_foot,0.00192753,0.44823933,0.02012088
30.000000,0,FL_foot,-0.60070026,0.19188823,0.02019889
30.000000,0,FR_foot,-0.56600505,0.68313336,0.02026818
30.000000,0,RL_foot,-0.26157698,0.27676550,0.12754732
30.000000,0,RR_foot,0.00157471,0.44818178,0.02011860
30.020000,0,FL_foot,-0.60091704,0.19196938,0.02019743
30.020000,0,FR_foot,-0.56851113,0.68394566,0.02026512
30.020000,0,RL_foot,-0.26838917,0.27641073,0.12261937
30.020000,0,RR_foot,0.00122872,0.44808283,0.02011533
